participantId,wave,ai_group,eval_start,ai_w_SHY,ai_w_IEF,ai_w_LQD,ai_w_GLD,ai_w_VNQ,ai_w_SPY,ai_w_XLF,ai_w_XLE,ai_w_XLI,ai_w_XLP,ai_w_XLU,ai_w_AAPL,ai_w_MSFT,ai_w_AMZN,ai_w_GOOGL,ai_w_NVDA,ai_w_TSLA,ai_w_SHOP,ai_w_SNOW,ai_w_PLTR,ai_w_DKNG,ai_w_RIVN,ai_w_CRSP,ai_w_BTC,ai_w_ETH
1898,wave3,Somewhat Risk-Seeking,2026-06-09,0.0,0.0,0.0,0.0,0.0,0.0,0.0,15.0,0.0,0.0,0.0,0.0,0.0,0.0,10.0,25.0,15.0,0.0,0.0,0.0,0.0,0.0,0.0,20.0,15.0
132,wave3,Somewhat Risk-Averse,2026-06-09,25.0,15.0,0.0,15.0,0.0,15.0,0.0,0.0,0.0,20.0,0.0,0.0,0.0,0.0,0.0,10.0,0.0,0.0,0.0,0.0,0.0,0.0,0.0,0.0,0.0
1848,wave3,Default,2026-06-09,0.0,0.0,0.0,0.0,0.0,0.0,0.0,0.0,0.0,0.0,0.0,0.0,0.0,0.0,0.0,40.0,5.0,0.0,0.0,5.0,0.0,0.0,0.0,40.0,10.0
522,wave3,Extremely Risk-Averse,2026-06-09,30.0,20.0,10.0,10.0,0.0,0.0,0.0,0.0,0.0,15.0,15.0,0.0,0.0,0.0,0.0,0.0,0.0,0.0,0.0,0.0,0.0,0.0,0.0,0.0,0.0
2285,wave3,Default,2026-06-09,0.0,20.0,15.0,10.0,10.0,30.0,0.0,5.0,0.0,0.0,0.0,0.0,10.0,0.0,0.0,0.0,0.0,0.0,0.0,0.0,0.0,0.0,0.0,0.0,0.0
1910,wave3,Extremely Risk-Seeking,2026-06-09,0.0,0.0,0.0,0.0,0.0,0.0,0.0,0.0,0.0,0.0,0.0,0.0,0.0,0.0,0.0,35.0,0.0,5.0,0.0,15.0,0.0,0.0,10.0,20.0,15.0
1631,wave3,Somewhat Risk-Seeking,2026-06-09,0.0,0.0,0.0,0.0,0.0,30.0,0.0,0.0,0.0,0.0,0.0,0.0,15.0,0.0,0.0,20.0,10.0,10.0,5.0,0.0,5.0,0.0,5.0,0.0,0.0
716,wave3,Extremely Risk-Seeking,2026-06-09,0.0,0.0,0.0,0.0,0.0,0.0,0.0,0.0,0.0,0.0,0.0,0.0,0.0,0.0,0.0,25.0,15.0,10.0,0.0,10.0,0.0,0.0,5.0,20.0,15.0
1040,wave3,Somewhat Risk-Seeking,2026-06-09,0.0,0.0,0.0,0.0,0.0,20.0,0.0,0.0,0.0,0.0,0.0,0.0,0.0,0.0,0.0,25.0,15.0,10.0,0.0,0.0,0.0,0.0,0.0,20.0,10.0
1893,wave3,Default,2026-06-09,15.0,0.0,0.0,0.0,0.0,25.0,10.0,0.0,10.0,0.0,0.0,0.0,10.0,0.0,0.0,15.0,0.0,0.0,0.0,0.0,10.0,0.0,0.0,5.0,0.0
2128,wave3,Extremely Risk-Seeking,2026-06-09,0.0,0.0,0.0,0.0,0.0,0.0,0.0,0.0,0.0,0.0,0.0,0.0,0.0,0.0,0.0,35.0,20.0,10.0,10.0,0.0,10.0,15.0,0.0,0.0,0.0
1199,wave3,Extremely Risk-Averse,2026-06-09,40.0,25.0,0.0,15.0,0.0,0.0,0.0,0.0,0.0,10.0,0.0,0.0,0.0,0.0,0.0,0.0,0.0,0.0,0.0,0.0,0.0,0.0,5.0,5.0,0.0
2014,wave3,Extremely Risk-Seeking,2026-06-09,0.0,0.0,0.0,0.0,0.0,0.0,0.0,0.0,0.0,0.0,0.0,0.0,0.0,0.0,0.0,30.0,20.0,15.0,15.0,10.0,0.0,10.0,0.0,0.0,0.0
602,wave3,Extremely Risk-Averse,2026-06-09,30.0,20.0,0.0,15.0,0.0,10.0,0.0,0.0,0.0,15.0,10.0,0.0,0.0,0.0,0.0,0.0,0.0,0.0,0.0,0.0,0.0,0.0,0.0,0.0,0.0
1677,wave3,Somewhat Risk-Seeking,2026-06-09,0.0,0.0,0.0,0.0,0.0,0.0,0.0,0.0,0.0,0.0,0.0,0.0,0.0,10.0,0.0,25.0,20.0,0.0,0.0,0.0,15.0,0.0,0.0,20.0,10.0
987,wave3,Extremely Risk-Averse,2026-06-09,30.0,20.0,0.0,10.0,0.0,10.0,0.0,0.0,0.0,15.0,15.0,0.0,0.0,0.0,0.0,0.0,0.0,0.0,0.0,0.0,0.0,0.0,0.0,0.0,0.0
2225,wave3,Somewhat Risk-Seeking,2026-06-09,0.0,0.0,0.0,0.0,0.0,0.0,0.0,0.0,0.0,0.0,0.0,0.0,0.0,0.0,0.0,25.0,0.0,10.0,15.0,15.0,0.0,0.0,15.0,20.0,0.0
1117,wave3,Somewhat Risk-Averse,2026-06-09,20.0,10.0,10.0,10.0,0.0,15.0,0.0,0.0,0.0,15.0,0.0,10.0,10.0,0.0,0.0,0.0,0.0,0.0,0.0,0.0,0.0,0.0,0.0,0.0,0.0
1809,wave3,Default,2026-06-09,10.0,10.0,0.0,10.0,0.0,15.0,10.0,5.0,0.0,0.0,10.0,0.0,10.0,10.0,0.0,10.0,0.0,0.0,0.0,0.0,0.0,0.0,0.0,0.0,0.0
877,wave3,Somewhat Risk-Averse,2026-06-09,25.0,15.0,0.0,10.0,0.0,25.0,0.0,0.0,0.0,10.0,10.0,5.0,0.0,0.0,0.0,0.0,0.0,0.0,0.0,0.0,0.0,0.0,0.0,0.0,0.0
106,wave3,Risk-Neutral,2026-06-09,0.0,15.0,0.0,0.0,10.0,30.0,10.0,0.0,0.0,0.0,0.0,0.0,0.0,0.0,15.0,0.0,0.0,0.0,0.0,0.0,20.0,0.0,0.0,0.0,0.0
1537,wave3,Somewhat Risk-Averse,2026-06-09,15.0,15.0,10.0,10.0,0.0,20.0,0.0,0.0,0.0,10.0,10.0,5.0,5.0,0.0,0.0,0.0,0.0,0.0,0.0,0.0,0.0,0.0,0.0,0.0,0.0
1316,wave3,Somewhat Risk-Averse,2026-06-09,15.0,15.0,15.0,15.0,0.0,15.0,0.0,0.0,0.0,15.0,10.0,0.0,0.0,0.0,0.0,0.0,0.0,0.0,0.0,0.0,0.0,0.0,0.0,0.0,0.0
719,wave3,Extremely Risk-Seeking,2026-06-09,0.0,0.0,0.0,0.0,0.0,0.0,0.0,0.0,0.0,0.0,0.0,0.0,0.0,0.0,0.0,25.0,20.0,0.0,0.0,15.0,0.0,0.0,10.0,30.0,0.0
2228,wave3,Risk-Neutral,2026-06-09,0.0,20.0,0.0,10.0,5.0,30.0,0.0,0.0,0.0,0.0,0.0,15.0,15.0,0.0,0.0,0.0,0.0,0.0,0.0,0.0,0.0,0.0,0.0,5.0,0.0
549,wave3,Somewhat Risk-Averse,2026-06-09,23.0,20.0,0.0,10.0,0.0,22.0,0.0,0.0,0.0,15.0,0.0,10.0,0.0,0.0,0.0,0.0,0.0,0.0,0.0,0.0,0.0,0.0,0.0,0.0,0.0
2102,wave3,Default,2026-06-09,10.0,0.0,0.0,5.0,0.0,20.0,5.0,5.0,0.0,0.0,0.0,15.0,10.0,10.0,0.0,0.0,15.0,0.0,0.0,0.0,0.0,0.0,0.0,5.0,0.0
1557,wave3,Default,2026-06-09,10.0,0.0,0.0,15.0,0.0,30.0,15.0,0.0,0.0,0.0,0.0,0.0,15.0,0.0,0.0,15.0,0.0,0.0,0.0,0.0,0.0,0.0,0.0,0.0,0.0
596,wave3,Risk-Neutral,2026-06-09,0.0,20.0,15.0,10.0,0.0,30.0,0.0,0.0,0.0,0.0,0.0,0.0,0.0,0.0,0.0,15.0,0.0,0.0,0.0,0.0,0.0,0.0,0.0,10.0,0.0
866,wave3,Default,2026-06-09,0.0,15.0,0.0,10.0,0.0,25.0,10.0,0.0,0.0,10.0,0.0,0.0,15.0,0.0,0.0,15.0,0.0,0.0,0.0,0.0,0.0,0.0,0.0,0.0,0.0
367,wave3,Default,2026-06-09,0.0,15.0,0.0,10.0,10.0,25.0,0.0,0.0,0.0,0.0,0.0,10.0,10.0,0.0,0.0,0.0,10.0,0.0,0.0,0.0,0.0,0.0,0.0,10.0,0.0
870,wave3,Risk-Neutral,2026-06-09,0.0,15.0,10.0,10.0,0.0,25.0,0.0,10.0,0.0,0.0,10.0,0.0,10.0,0.0,0.0,10.0,0.0,0.0,0.0,0.0,0.0,0.0,0.0,0.0,0.0
2132,wave3,Somewhat Risk-Averse,2026-06-09,30.0,15.0,25.0,10.0,0.0,0.0,0.0,0.0,0.0,10.0,10.0,0.0,0.0,0.0,0.0,0.0,0.0,0.0,0.0,0.0,0.0,0.0,0.0,0.0,0.0
2122,wave3,Extremely Risk-Seeking,2026-06-09,0.0,0.0,0.0,0.0,0.0,0.0,0.0,0.0,0.0,0.0,0.0,0.0,0.0,0.0,0.0,25.0,15.0,0.0,0.0,15.0,0.0,0.0,0.0,30.0,15.0
212,wave3,Somewhat Risk-Averse,2026-06-09,20.0,20.0,0.0,10.0,5.0,25.0,0.0,0.0,0.0,15.0,5.0,0.0,0.0,0.0,0.0,0.0,0.0,0.0,0.0,0.0,0.0,0.0,0.0,0.0,0.0
1773,wave3,Extremely Risk-Averse,2026-06-09,30.0,20.0,10.0,15.0,0.0,5.0,0.0,0.0,0.0,10.0,10.0,0.0,0.0,0.0,0.0,0.0,0.0,0.0,0.0,0.0,0.0,0.0,0.0,0.0,0.0
1148,wave3,Somewhat Risk-Seeking,2026-06-09,0.0,0.0,0.0,0.0,0.0,10.0,0.0,0.0,0.0,0.0,0.0,0.0,0.0,0.0,0.0,30.0,10.0,0.0,0.0,15.0,0.0,0.0,0.0,20.0,15.0
1869,wave3,Somewhat Risk-Seeking,2026-06-09,0.0,0.0,0.0,10.0,0.0,0.0,0.0,0.0,0.0,0.0,0.0,0.0,0.0,0.0,0.0,20.0,15.0,0.0,0.0,15.0,0.0,0.0,0.0,25.0,15.0
548,wave3,Somewhat Risk-Averse,2026-06-09,20.0,15.0,10.0,10.0,0.0,15.0,0.0,0.0,0.0,10.0,10.0,5.0,0.0,0.0,5.0,0.0,0.0,0.0,0.0,0.0,0.0,0.0,0.0,0.0,0.0
1831,wave3,Default,2026-06-09,20.0,0.0,0.0,10.0,0.0,25.0,0.0,0.0,0.0,0.0,0.0,0.0,0.0,0.0,0.0,10.0,0.0,0.0,0.0,0.0,0.0,0.0,0.0,20.0,15.0
1363,wave3,Risk-Neutral,2026-06-09,0.0,20.0,0.0,10.0,0.0,25.0,10.0,5.0,0.0,0.0,0.0,10.0,10.0,0.0,0.0,5.0,0.0,0.0,0.0,0.0,0.0,0.0,0.0,5.0,0.0
1530,wave3,Risk-Neutral,2026-06-09,0.0,15.0,10.0,10.0,0.0,30.0,0.0,0.0,0.0,0.0,0.0,0.0,15.0,0.0,0.0,0.0,0.0,10.0,0.0,0.0,0.0,0.0,0.0,10.0,0.0
172,wave3,Risk-Neutral,2026-06-09,0.0,15.0,10.0,10.0,0.0,25.0,10.0,0.0,0.0,0.0,0.0,10.0,10.0,10.0,0.0,0.0,0.0,0.0,0.0,0.0,0.0,0.0,0.0,0.0,0.0
1473,wave3,Extremely Risk-Seeking,2026-06-09,0.0,0.0,0.0,0.0,0.0,0.0,0.0,0.0,0.0,0.0,0.0,0.0,0.0,0.0,0.0,25.0,15.0,0.0,0.0,10.0,0.0,0.0,10.0,25.0,15.0
1244,wave3,Somewhat Risk-Averse,2026-06-09,20.0,15.0,10.0,10.0,5.0,15.0,0.0,0.0,0.0,15.0,10.0,0.0,0.0,0.0,0.0,0.0,0.0,0.0,0.0,0.0,0.0,0.0,0.0,0.0,0.0
1936,wave3,Default,2026-06-09,15.0,0.0,10.0,0.0,10.0,20.0,10.0,10.0,0.0,0.0,0.0,0.0,10.0,0.0,0.0,10.0,0.0,0.0,0.0,0.0,0.0,0.0,0.0,5.0,0.0
441,wave3,Somewhat Risk-Averse,2026-06-09,25.0,20.0,0.0,15.0,0.0,10.0,0.0,0.0,0.0,10.0,10.0,5.0,5.0,0.0,0.0,0.0,0.0,0.0,0.0,0.0,0.0,0.0,0.0,0.0,0.0
533,wave3,Extremely Risk-Seeking,2026-06-09,0.0,0.0,0.0,0.0,0.0,0.0,0.0,0.0,0.0,0.0,0.0,0.0,0.0,0.0,0.0,30.0,15.0,0.0,0.0,20.0,0.0,0.0,0.0,25.0,10.0
2019,wave3,Somewhat Risk-Averse,2026-06-09,20.0,15.0,15.0,10.0,0.0,20.0,0.0,0.0,0.0,10.0,10.0,0.0,0.0,0.0,0.0,0.0,0.0,0.0,0.0,0.0,0.0,0.0,0.0,0.0,0.0
438,wave3,Risk-Neutral,2026-06-09,10.0,0.0,0.0,0.0,0.0,30.0,0.0,20.0,20.0,10.0,10.0,0.0,0.0,0.0,0.0,0.0,0.0,0.0,0.0,0.0,0.0,0.0,0.0,0.0,0.0
1312,wave3,Risk-Neutral,2026-06-09,0.0,15.0,0.0,15.0,10.0,30.0,0.0,10.0,0.0,0.0,0.0,10.0,0.0,0.0,0.0,10.0,0.0,0.0,0.0,0.0,0.0,0.0,0.0,0.0,0.0
1892,wave3,Extremely Risk-Averse,2026-06-09,30.0,20.0,15.0,10.0,0.0,0.0,0.0,0.0,0.0,10.0,0.0,15.0,0.0,0.0,0.0,0.0,0.0,0.0,0.0,0.0,0.0,0.0,0.0,0.0,0.0
2392,wave3,Extremely Risk-Averse,2026-06-09,40.0,20.0,0.0,20.0,0.0,0.0,0.0,0.0,0.0,0.0,0.0,10.0,10.0,0.0,0.0,0.0,0.0,0.0,0.0,0.0,0.0,0.0,0.0,0.0,0.0
1335,wave3,Somewhat Risk-Seeking,2026-06-09,0.0,0.0,0.0,0.0,0.0,0.0,0.0,0.0,0.0,0.0,0.0,15.0,0.0,0.0,0.0,20.0,10.0,0.0,0.0,10.0,0.0,10.0,10.0,15.0,10.0
471,wave3,Somewhat Risk-Seeking,2026-06-09,0.0,0.0,0.0,0.0,0.0,0.0,0.0,0.0,0.0,0.0,0.0,0.0,0.0,15.0,0.0,20.0,15.0,0.0,10.0,10.0,0.0,0.0,0.0,15.0,15.0
581,wave3,Risk-Neutral,2026-06-09,0.0,15.0,0.0,10.0,0.0,25.0,0.0,0.0,0.0,10.0,0.0,10.0,10.0,0.0,0.0,10.0,0.0,0.0,0.0,0.0,0.0,0.0,0.0,5.0,5.0
205,wave3,Extremely Risk-Averse,2026-06-09,40.0,20.0,10.0,10.0,0.0,0.0,0.0,0.0,0.0,10.0,10.0,0.0,0.0,0.0,0.0,0.0,0.0,0.0,0.0,0.0,0.0,0.0,0.0,0.0,0.0
1756,wave3,Extremely Risk-Seeking,2026-06-09,0.0,0.0,0.0,0.0,0.0,0.0,0.0,0.0,0.0,0.0,0.0,0.0,0.0,0.0,0.0,30.0,10.0,0.0,0.0,0.0,0.0,10.0,0.0,30.0,20.0
432,wave3,Risk-Neutral,2026-06-09,0.0,10.0,10.0,5.0,5.0,25.0,10.0,10.0,0.0,0.0,0.0,10.0,10.0,0.0,0.0,0.0,0.0,0.0,0.0,0.0,0.0,0.0,0.0,5.0,0.0
1074,wave3,Risk-Neutral,2026-06-09,0.0,15.0,0.0,10.0,0.0,25.0,10.0,10.0,0.0,0.0,0.0,0.0,15.0,0.0,0.0,10.0,0.0,0.0,0.0,0.0,0.0,0.0,0.0,5.0,0.0
1070,wave3,Default,2026-06-09,15.0,0.0,0.0,0.0,0.0,0.0,0.0,0.0,0.0,40.0,10.0,0.0,15.0,10.0,10.0,0.0,0.0,0.0,0.0,0.0,0.0,0.0,0.0,0.0,0.0
1421,wave3,Risk-Neutral,2026-06-09,0.0,15.0,0.0,10.0,5.0,30.0,5.0,0.0,0.0,0.0,0.0,5.0,10.0,0.0,0.0,0.0,15.0,0.0,0.0,0.0,0.0,0.0,0.0,5.0,0.0
1588,wave3,Extremely Risk-Seeking,2026-06-09,0.0,0.0,0.0,0.0,0.0,0.0,0.0,0.0,0.0,0.0,0.0,0.0,0.0,0.0,0.0,25.0,20.0,0.0,0.0,15.0,0.0,0.0,0.0,25.0,15.0
1503,wave3,Extremely Risk-Averse,2026-06-09,20.0,20.0,10.0,10.0,0.0,15.0,0.0,0.0,0.0,10.0,10.0,5.0,0.0,0.0,0.0,0.0,0.0,0.0,0.0,0.0,0.0,0.0,0.0,0.0,0.0
2121,wave3,Extremely Risk-Seeking,2026-06-09,0.0,0.0,0.0,0.0,0.0,0.0,0.0,0.0,0.0,0.0,0.0,0.0,0.0,0.0,0.0,25.0,15.0,0.0,0.0,10.0,0.0,0.0,10.0,25.0,15.0
1735,wave3,Extremely Risk-Averse,2026-06-09,30.0,20.0,15.0,15.0,0.0,0.0,0.0,0.0,0.0,10.0,10.0,0.0,0.0,0.0,0.0,0.0,0.0,0.0,0.0,0.0,0.0,0.0,0.0,0.0,0.0
2376,wave3,Somewhat Risk-Seeking,2026-06-09,0.0,0.0,0.0,0.0,0.0,0.0,0.0,30.0,0.0,0.0,0.0,0.0,0.0,0.0,0.0,15.0,15.0,0.0,0.0,20.0,0.0,0.0,0.0,20.0,0.0
2049,wave3,Extremely Risk-Seeking,2026-06-09,0.0,0.0,0.0,0.0,0.0,0.0,0.0,0.0,0.0,0.0,0.0,0.0,0.0,20.0,15.0,20.0,0.0,0.0,0.0,15.0,0.0,0.0,0.0,20.0,10.0
607,wave3,Extremely Risk-Averse,2026-06-09,40.0,20.0,15.0,10.0,0.0,0.0,0.0,0.0,0.0,10.0,5.0,0.0,0.0,0.0,0.0,0.0,0.0,0.0,0.0,0.0,0.0,0.0,0.0,0.0,0.0
249,wave3,Somewhat Risk-Averse,2026-06-09,20.0,20.0,10.0,0.0,0.0,10.0,0.0,5.0,0.0,15.0,15.0,0.0,5.0,0.0,0.0,0.0,0.0,0.0,0.0,0.0,0.0,0.0,0.0,0.0,0.0
372,wave3,Default,2026-06-09,15.0,15.0,0.0,10.0,0.0,30.0,10.0,0.0,0.0,0.0,0.0,0.0,10.0,0.0,0.0,10.0,0.0,0.0,0.0,0.0,0.0,0.0,0.0,0.0,0.0
2107,wave3,Extremely Risk-Averse,2026-06-09,30.0,20.0,15.0,15.0,0.0,0.0,0.0,0.0,0.0,10.0,10.0,0.0,0.0,0.0,0.0,0.0,0.0,0.0,0.0,0.0,0.0,0.0,0.0,0.0,0.0
2125,wave3,Somewhat Risk-Seeking,2026-06-09,0.0,0.0,0.0,0.0,0.0,0.0,0.0,0.0,0.0,0.0,0.0,0.0,0.0,15.0,0.0,25.0,15.0,10.0,0.0,0.0,0.0,0.0,0.0,20.0,15.0
1897,wave3,Extremely Risk-Seeking,2026-06-09,0.0,0.0,0.0,0.0,0.0,0.0,0.0,0.0,0.0,0.0,0.0,0.0,0.0,0.0,0.0,25.0,10.0,0.0,0.0,15.0,0.0,0.0,0.0,30.0,20.0
560,wave3,Default,2026-06-09,15.0,15.0,0.0,15.0,0.0,25.0,10.0,0.0,0.0,0.0,0.0,10.0,10.0,0.0,0.0,0.0,0.0,0.0,0.0,0.0,0.0,0.0,0.0,0.0,0.0
289,wave3,Default,2026-06-09,10.0,0.0,0.0,15.0,0.0,25.0,5.0,5.0,0.0,0.0,0.0,10.0,10.0,5.0,0.0,5.0,0.0,0.0,0.0,0.0,5.0,0.0,0.0,5.0,0.0
1261,wave3,Extremely Risk-Seeking,2026-06-09,0.0,0.0,0.0,0.0,0.0,0.0,0.0,0.0,0.0,0.0,0.0,0.0,0.0,0.0,0.0,25.0,15.0,0.0,10.0,10.0,0.0,0.0,0.0,25.0,15.0
25,wave3,Default,2026-06-09,0.0,15.0,0.0,15.0,0.0,25.0,5.0,0.0,0.0,0.0,0.0,10.0,15.0,10.0,0.0,0.0,5.0,0.0,0.0,0.0,0.0,0.0,0.0,0.0,0.0
1787,wave3,Risk-Neutral,2026-06-09,15.0,0.0,0.0,0.0,0.0,25.0,15.0,0.0,0.0,0.0,0.0,15.0,0.0,10.0,0.0,0.0,10.0,0.0,0.0,0.0,0.0,0.0,0.0,10.0,0.0
1012,wave3,Somewhat Risk-Averse,2026-06-09,20.5,14.0,0.0,10.5,0.0,23.0,0.0,0.0,0.0,7.0,7.0,6.0,0.0,0.0,6.0,6.0,0.0,0.0,0.0,0.0,0.0,0.0,0.0,0.0,0.0
2235,wave3,Extremely Risk-Averse,2026-06-09,25.0,20.0,10.0,10.0,0.0,5.0,0.0,0.0,0.0,20.0,10.0,0.0,0.0,0.0,0.0,0.0,0.0,0.0,0.0,0.0,0.0,0.0,0.0,0.0,0.0
1979,wave3,Somewhat Risk-Averse,2026-06-09,25.0,20.0,0.0,15.0,0.0,15.0,0.0,0.0,0.0,15.0,0.0,0.0,10.0,0.0,0.0,0.0,0.0,0.0,0.0,0.0,0.0,0.0,0.0,0.0,0.0
1540,wave3,Extremely Risk-Seeking,2026-06-09,0.0,0.0,0.0,0.0,0.0,0.0,0.0,0.0,0.0,0.0,0.0,0.0,0.0,0.0,0.0,20.0,15.0,0.0,0.0,10.0,0.0,0.0,10.0,30.0,15.0
1679,wave3,Extremely Risk-Seeking,2026-06-09,0.0,0.0,0.0,0.0,0.0,0.0,0.0,0.0,0.0,0.0,0.0,0.0,0.0,0.0,0.0,20.0,0.0,0.0,15.0,15.0,0.0,0.0,0.0,30.0,20.0
965,wave3,Risk-Neutral,2026-06-09,0.0,20.0,10.0,10.0,0.0,30.0,10.0,0.0,10.0,0.0,0.0,0.0,10.0,0.0,0.0,0.0,0.0,0.0,0.0,0.0,0.0,0.0,0.0,0.0,0.0
1407,wave3,Extremely Risk-Seeking,2026-06-09,0.0,0.0,0.0,0.0,0.0,0.0,0.0,0.0,0.0,0.0,0.0,0.0,0.0,0.0,0.0,25.0,20.0,0.0,0.0,10.0,0.0,0.0,10.0,20.0,15.0
663,wave3,Somewhat Risk-Seeking,2026-06-09,0.0,0.0,0.0,0.0,0.0,0.0,0.0,0.0,0.0,0.0,0.0,0.0,0.0,0.0,0.0,25.0,15.0,0.0,0.0,15.0,0.0,0.0,10.0,20.0,15.0
2217,wave3,Extremely Risk-Averse,2026-06-09,35.0,20.0,0.0,15.0,0.0,10.0,0.0,0.0,0.0,10.0,10.0,0.0,0.0,0.0,0.0,0.0,0.0,0.0,0.0,0.0,0.0,0.0,0.0,0.0,0.0
2239,wave3,Extremely Risk-Averse,2026-06-09,40.0,20.0,0.0,10.0,0.0,5.0,0.0,0.0,0.0,15.0,10.0,0.0,0.0,0.0,0.0,0.0,0.0,0.0,0.0,0.0,0.0,0.0,0.0,0.0,0.0
1995,wave3,Somewhat Risk-Averse,2026-06-09,20.0,15.0,15.0,10.0,0.0,10.0,0.0,0.0,0.0,10.0,10.0,5.0,5.0,0.0,0.0,0.0,0.0,0.0,0.0,0.0,0.0,0.0,0.0,0.0,0.0
1583,wave3,Somewhat Risk-Averse,2026-06-09,25.0,15.0,0.0,10.0,0.0,25.0,0.0,0.0,0.0,10.0,15.0,0.0,0.0,0.0,0.0,0.0,0.0,0.0,0.0,0.0,0.0,0.0,0.0,0.0,0.0
1707,wave3,Risk-Neutral,2026-06-09,0.0,15.0,10.0,10.0,0.0,25.0,10.0,0.0,0.0,5.0,0.0,10.0,10.0,0.0,0.0,0.0,0.0,0.0,0.0,0.0,0.0,0.0,0.0,5.0,0.0
466,wave3,Somewhat Risk-Averse,2026-06-09,15.0,15.0,10.0,10.0,0.0,20.0,0.0,0.0,0.0,10.0,10.0,10.0,0.0,0.0,0.0,0.0,0.0,0.0,0.0,0.0,0.0,0.0,0.0,0.0,0.0
2066,wave3,Somewhat Risk-Averse,2026-06-09,20.0,20.0,0.0,10.0,0.0,25.0,0.0,0.0,0.0,10.0,0.0,10.0,0.0,0.0,0.0,0.0,0.0,0.0,0.0,0.0,0.0,0.0,0.0,5.0,0.0
506,wave3,Extremely Risk-Seeking,2026-06-09,0.0,0.0,0.0,0.0,0.0,0.0,0.0,0.0,0.0,0.0,0.0,0.0,0.0,0.0,0.0,25.0,15.0,0.0,10.0,15.0,0.0,0.0,0.0,25.0,10.0
1704,wave3,Somewhat Risk-Seeking,2026-06-09,0.0,0.0,0.0,0.0,0.0,0.0,0.0,0.0,0.0,0.0,0.0,0.0,0.0,15.0,0.0,25.0,15.0,10.0,0.0,10.0,0.0,0.0,0.0,15.0,10.0
1478,wave3,Risk-Neutral,2026-06-09,0.0,20.0,0.0,10.0,10.0,30.0,0.0,0.0,0.0,0.0,0.0,10.0,0.0,0.0,0.0,15.0,0.0,0.0,0.0,0.0,0.0,0.0,0.0,5.0,0.0
924,wave3,Somewhat Risk-Seeking,2026-06-09,0.0,0.0,0.0,0.0,0.0,0.0,0.0,0.0,0.0,0.0,0.0,0.0,0.0,10.0,0.0,25.0,20.0,0.0,0.0,15.0,0.0,0.0,0.0,20.0,10.0
2369,wave3,Extremely Risk-Averse,2026-06-09,30.0,20.0,10.0,10.0,0.0,10.0,0.0,0.0,0.0,10.0,10.0,0.0,0.0,0.0,0.0,0.0,0.0,0.0,0.0,0.0,0.0,0.0,0.0,0.0,0.0
469,wave3,Extremely Risk-Averse,2026-06-09,35.0,20.0,15.0,10.0,0.0,0.0,0.0,0.0,0.0,10.0,10.0,0.0,0.0,0.0,0.0,0.0,0.0,0.0,0.0,0.0,0.0,0.0,0.0,0.0,0.0
35,wave3,Extremely Risk-Seeking,2026-06-09,0.0,0.0,0.0,0.0,0.0,0.0,0.0,30.0,0.0,0.0,0.0,0.0,30.0,15.0,0.0,0.0,0.0,0.0,10.0,15.0,0.0,0.0,0.0,0.0,0.0
2134,wave3,Default,2026-06-09,10.0,0.0,5.0,10.0,0.0,15.0,5.0,5.0,0.0,5.0,0.0,0.0,10.0,5.0,5.0,10.0,5.0,0.0,0.0,0.0,0.0,0.0,0.0,5.0,5.0
985,wave3,Default,2026-06-09,0.0,10.0,10.0,15.0,0.0,25.0,0.0,10.0,0.0,0.0,0.0,10.0,10.0,0.0,0.0,10.0,0.0,0.0,0.0,0.0,0.0,0.0,0.0,0.0,0.0
385,wave3,Somewhat Risk-Averse,2026-06-09,25.0,20.0,0.0,15.0,0.0,15.0,0.0,0.0,0.0,15.0,0.0,0.0,10.0,0.0,0.0,0.0,0.0,0.0,0.0,0.0,0.0,0.0,0.0,0.0,0.0
817,wave3,Extremely Risk-Seeking,2026-06-09,0.0,0.0,5.0,10.0,0.0,15.0,0.0,25.0,0.0,0.0,0.0,0.0,0.0,40.0,0.0,5.0,0.0,0.0,0.0,0.0,0.0,0.0,0.0,0.0,0.0
1946,wave3,Default,2026-06-09,0.0,10.0,15.0,10.0,0.0,20.0,10.0,10.0,0.0,10.0,10.0,0.0,0.0,0.0,0.0,5.0,0.0,0.0,0.0,0.0,0.0,0.0,0.0,0.0,0.0
1989,wave3,Default,2026-06-09,10.0,0.0,10.0,10.0,5.0,15.0,0.0,5.0,0.0,5.0,0.0,0.0,10.0,5.0,5.0,15.0,0.0,0.0,0.0,0.0,0.0,0.0,5.0,0.0,0.0
2196,wave3,Extremely Risk-Seeking,2026-06-09,0.0,0.0,0.0,0.0,0.0,0.0,0.0,0.0,0.0,0.0,0.0,0.0,0.0,0.0,0.0,25.0,15.0,0.0,10.0,10.0,0.0,10.0,5.0,15.0,10.0
659,wave3,Somewhat Risk-Averse,2026-06-09,15.0,15.0,10.0,10.0,0.0,15.0,5.0,5.0,0.0,15.0,10.0,0.0,0.0,0.0,0.0,0.0,0.0,0.0,0.0,0.0,0.0,0.0,0.0,0.0,0.0
1888,wave3,Risk-Neutral,2026-06-09,0.0,15.0,10.0,10.0,0.0,20.0,0.0,0.0,0.0,10.0,0.0,0.0,15.0,0.0,0.0,0.0,0.0,0.0,0.0,0.0,0.0,0.0,0.0,20.0,0.0
1414,wave3,Extremely Risk-Seeking,2026-06-09,0.0,0.0,0.0,0.0,0.0,0.0,0.0,0.0,0.0,0.0,0.0,0.0,0.0,0.0,0.0,30.0,15.0,0.0,0.0,10.0,0.0,0.0,0.0,30.0,15.0
127,wave3,Risk-Neutral,2026-06-09,0.0,20.0,0.0,10.0,0.0,30.0,0.0,10.0,0.0,0.0,0.0,0.0,15.0,10.0,0.0,0.0,0.0,0.0,0.0,0.0,0.0,0.0,0.0,5.0,0.0
1717,wave3,Default,2026-06-09,15.0,0.0,10.0,10.0,0.0,35.0,10.0,10.0,0.0,0.0,0.0,0.0,10.0,0.0,0.0,0.0,0.0,0.0,0.0,0.0,0.0,0.0,0.0,0.0,0.0
2276,wave3,Extremely Risk-Seeking,2026-06-09,0.0,0.0,0.0,0.0,0.0,0.0,0.0,0.0,0.0,0.0,0.0,0.0,0.0,0.0,0.0,30.0,20.0,0.0,0.0,10.0,0.0,0.0,0.0,25.0,15.0
514,wave3,Extremely Risk-Seeking,2026-06-09,0.0,0.0,0.0,0.0,0.0,0.0,0.0,0.0,0.0,0.0,0.0,0.0,0.0,0.0,0.0,20.0,15.0,0.0,10.0,5.0,0.0,0.0,10.0,25.0,15.0
69,wave3,Default,2026-06-09,10.0,0.0,15.0,10.0,10.0,15.0,10.0,0.0,0.0,10.0,0.0,10.0,10.0,0.0,0.0,0.0,0.0,0.0,0.0,0.0,0.0,0.0,0.0,0.0,0.0
2115,wave3,Extremely Risk-Averse,2026-06-09,30.0,20.0,0.0,15.0,0.0,10.0,0.0,0.0,0.0,15.0,10.0,0.0,0.0,0.0,0.0,0.0,0.0,0.0,0.0,0.0,0.0,0.0,0.0,0.0,0.0
2065,wave3,Extremely Risk-Averse,2026-06-09,35.0,25.0,10.0,10.0,0.0,0.0,0.0,0.0,0.0,10.0,10.0,0.0,0.0,0.0,0.0,0.0,0.0,0.0,0.0,0.0,0.0,0.0,0.0,0.0,0.0
1883,wave3,Risk-Neutral,2026-06-09,10.0,15.0,0.0,10.0,0.0,30.0,10.0,0.0,0.0,10.0,0.0,5.0,0.0,10.0,0.0,0.0,0.0,0.0,0.0,0.0,0.0,0.0,0.0,0.0,0.0
293,wave3,Default,2026-06-09,15.0,0.0,0.0,10.0,0.0,30.0,10.0,10.0,0.0,0.0,0.0,0.0,10.0,0.0,0.0,15.0,0.0,0.0,0.0,0.0,0.0,0.0,0.0,0.0,0.0
2248,wave3,Extremely Risk-Seeking,2026-06-09,0.0,0.0,0.0,0.0,0.0,0.0,0.0,0.0,0.0,0.0,0.0,0.0,0.0,0.0,0.0,30.0,15.0,0.0,10.0,10.0,0.0,0.0,0.0,20.0,15.0
1851,wave3,Extremely Risk-Seeking,2026-06-09,0.0,0.0,0.0,0.0,0.0,0.0,0.0,0.0,0.0,0.0,0.0,0.0,0.0,0.0,0.0,25.0,15.0,0.0,0.0,15.0,0.0,0.0,10.0,35.0,0.0
1800,wave3,Extremely Risk-Averse,2026-06-09,30.0,20.0,0.0,0.0,0.0,40.0,0.0,0.0,0.0,0.0,0.0,5.0,5.0,0.0,0.0,0.0,0.0,0.0,0.0,0.0,0.0,0.0,0.0,0.0,0.0
312,wave3,Default,2026-06-09,30.0,0.0,0.0,10.0,0.0,10.0,0.0,0.0,0.0,0.0,0.0,0.0,0.0,0.0,0.0,10.0,0.0,0.0,0.0,0.0,0.0,0.0,0.0,35.0,5.0
2236,wave3,Somewhat Risk-Seeking,2026-06-09,0.0,0.0,0.0,0.0,0.0,20.0,0.0,0.0,0.0,0.0,0.0,0.0,25.0,25.0,0.0,20.0,0.0,0.0,0.0,0.0,0.0,0.0,0.0,10.0,0.0
103,wave3,Somewhat Risk-Seeking,2026-06-09,0.0,0.0,0.0,0.0,0.0,0.0,0.0,0.0,0.0,0.0,0.0,0.0,0.0,15.0,0.0,25.0,15.0,0.0,0.0,0.0,15.0,0.0,0.0,15.0,15.0
1271,wave3,Extremely Risk-Seeking,2026-06-09,0.0,0.0,0.0,0.0,0.0,0.0,0.0,0.0,0.0,0.0,0.0,0.0,0.0,0.0,0.0,25.0,10.0,0.0,0.0,15.0,0.0,0.0,10.0,25.0,15.0
1672,wave3,Somewhat Risk-Seeking,2026-06-09,0.0,0.0,0.0,0.0,0.0,10.0,0.0,0.0,0.0,0.0,0.0,0.0,0.0,0.0,0.0,25.0,20.0,0.0,0.0,15.0,0.0,0.0,0.0,20.0,10.0
2112,wave3,Risk-Neutral,2026-06-09,0.0,20.0,0.0,10.0,0.0,30.0,0.0,0.0,0.0,0.0,0.0,0.0,0.0,15.0,15.0,0.0,0.0,0.0,0.0,0.0,0.0,0.0,0.0,0.0,10.0
1154,wave3,Somewhat Risk-Seeking,2026-06-09,0.0,0.0,0.0,0.0,0.0,0.0,0.0,0.0,0.0,0.0,0.0,0.0,0.0,0.0,0.0,30.0,0.0,0.0,0.0,15.0,0.0,10.0,5.0,25.0,15.0
1652,wave3,Extremely Risk-Seeking,2026-06-09,0.0,0.0,0.0,0.0,0.0,0.0,0.0,0.0,0.0,0.0,0.0,0.0,0.0,0.0,0.0,30.0,15.0,10.0,10.0,0.0,0.0,0.0,0.0,20.0,15.0
2332,wave3,Somewhat Risk-Seeking,2026-06-09,0.0,0.0,0.0,0.0,0.0,0.0,0.0,0.0,0.0,0.0,0.0,0.0,0.0,0.0,0.0,30.0,15.0,0.0,0.0,10.0,0.0,0.0,10.0,20.0,15.0
2173,wave3,Extremely Risk-Seeking,2026-06-09,0.0,0.0,0.0,0.0,0.0,0.0,0.0,0.0,0.0,0.0,0.0,0.0,0.0,5.0,0.0,15.0,10.0,10.0,5.0,10.0,10.0,5.0,5.0,15.0,10.0
888,wave3,Somewhat Risk-Averse,2026-06-09,20.0,20.0,0.0,10.0,0.0,20.0,0.0,0.0,0.0,10.0,0.0,10.0,10.0,0.0,0.0,0.0,0.0,0.0,0.0,0.0,0.0,0.0,0.0,0.0,0.0
1408,wave3,Extremely Risk-Averse,2026-06-09,30.0,20.0,0.0,15.0,0.0,10.0,0.0,0.0,0.0,15.0,10.0,0.0,0.0,0.0,0.0,0.0,0.0,0.0,0.0,0.0,0.0,0.0,0.0,0.0,0.0
1601,wave3,Somewhat Risk-Averse,2026-06-09,20.0,15.0,15.0,10.0,10.0,10.0,0.0,0.0,0.0,10.0,0.0,0.0,10.0,0.0,0.0,0.0,0.0,0.0,0.0,0.0,0.0,0.0,0.0,0.0,0.0
1453,wave3,Extremely Risk-Seeking,2026-06-09,0.0,0.0,0.0,0.0,0.0,0.0,0.0,0.0,0.0,0.0,0.0,0.0,0.0,0.0,0.0,25.0,0.0,0.0,15.0,10.0,0.0,0.0,0.0,30.0,20.0
2317,wave3,Somewhat Risk-Averse,2026-06-09,25.0,20.0,0.0,15.0,0.0,15.0,0.0,0.0,0.0,15.0,0.0,0.0,10.0,0.0,0.0,0.0,0.0,0.0,0.0,0.0,0.0,0.0,0.0,0.0,0.0
299,wave3,Risk-Neutral,2026-06-09,0.0,20.0,0.0,10.0,0.0,30.0,10.0,0.0,0.0,0.0,0.0,0.0,10.0,0.0,10.0,10.0,0.0,0.0,0.0,0.0,0.0,0.0,0.0,0.0,0.0
1835,wave3,Default,2026-06-09,15.0,10.0,0.0,10.0,10.0,15.0,0.0,0.0,0.0,10.0,0.0,10.0,10.0,0.0,0.0,10.0,0.0,0.0,0.0,0.0,0.0,0.0,0.0,0.0,0.0
165,wave3,Risk-Neutral,2026-06-09,0.0,10.0,0.0,10.0,5.0,25.0,10.0,0.0,10.0,0.0,0.0,10.0,10.0,0.0,0.0,5.0,0.0,0.0,0.0,0.0,0.0,0.0,0.0,5.0,0.0
502,wave3,Default,2026-06-09,10.0,0.0,0.0,10.0,10.0,20.0,10.0,10.0,0.0,0.0,0.0,10.0,0.0,10.0,0.0,10.0,0.0,0.0,0.0,0.0,0.0,0.0,0.0,0.0,0.0
176,wave3,Extremely Risk-Averse,2026-06-09,40.0,20.0,10.0,10.0,0.0,0.0,0.0,0.0,0.0,10.0,10.0,0.0,0.0,0.0,0.0,0.0,0.0,0.0,0.0,0.0,0.0,0.0,0.0,0.0,0.0
62,wave3,Somewhat Risk-Seeking,2026-06-09,0.0,0.0,0.0,0.0,0.0,0.0,0.0,0.0,0.0,0.0,0.0,0.0,15.0,0.0,0.0,25.0,15.0,0.0,10.0,10.0,0.0,0.0,0.0,15.0,10.0
1568,wave3,Somewhat Risk-Seeking,2026-06-09,0.0,0.0,0.0,0.0,0.0,0.0,0.0,0.0,0.0,0.0,0.0,0.0,0.0,0.0,0.0,25.0,15.0,10.0,0.0,15.0,0.0,0.0,0.0,20.0,15.0
643,wave3,Somewhat Risk-Averse,2026-06-09,20.0,15.0,0.0,10.0,0.0,25.0,0.0,0.0,0.0,15.0,10.0,0.0,5.0,0.0,0.0,0.0,0.0,0.0,0.0,0.0,0.0,0.0,0.0,0.0,0.0
2017,wave3,Default,2026-06-09,20.0,0.0,0.0,10.0,0.0,30.0,15.0,0.0,0.0,0.0,10.0,0.0,15.0,0.0,0.0,0.0,0.0,0.0,0.0,0.0,0.0,0.0,0.0,0.0,0.0
2041,wave3,Default,2026-06-09,15.0,0.0,0.0,10.0,10.0,30.0,0.0,0.0,0.0,0.0,0.0,15.0,0.0,0.0,0.0,15.0,0.0,0.0,0.0,0.0,0.0,0.0,0.0,5.0,0.0
818,wave3,Extremely Risk-Averse,2026-06-09,30.0,20.0,15.0,15.0,0.0,0.0,0.0,0.0,0.0,10.0,10.0,0.0,0.0,0.0,0.0,0.0,0.0,0.0,0.0,0.0,0.0,0.0,0.0,0.0,0.0
2277,wave3,Default,2026-06-09,10.0,0.0,0.0,10.0,0.0,25.0,10.0,10.0,0.0,0.0,10.0,10.0,10.0,5.0,0.0,0.0,0.0,0.0,0.0,0.0,0.0,0.0,0.0,0.0,0.0
1141,wave3,Somewhat Risk-Averse,2026-06-09,30.0,15.0,15.0,10.0,0.0,10.0,0.0,0.0,0.0,15.0,5.0,0.0,0.0,0.0,0.0,0.0,0.0,0.0,0.0,0.0,0.0,0.0,0.0,0.0,0.0
2367,wave3,Risk-Neutral,2026-06-09,0.0,15.0,10.0,10.0,0.0,20.0,10.0,10.0,0.0,0.0,0.0,0.0,10.0,0.0,0.0,5.0,0.0,0.0,0.0,0.0,0.0,0.0,0.0,5.0,5.0
996,wave3,Somewhat Risk-Averse,2026-06-09,25.0,20.0,10.0,15.0,0.0,10.0,0.0,0.0,0.0,10.0,10.0,0.0,0.0,0.0,0.0,0.0,0.0,0.0,0.0,0.0,0.0,0.0,0.0,0.0,0.0
1937,wave3,Extremely Risk-Averse,2026-06-09,30.0,20.0,15.0,15.0,0.0,10.0,0.0,0.0,0.0,10.0,0.0,0.0,0.0,0.0,0.0,0.0,0.0,0.0,0.0,0.0,0.0,0.0,0.0,0.0,0.0
2096,wave3,Extremely Risk-Seeking,2026-06-09,0.0,0.0,0.0,15.0,0.0,35.0,0.0,0.0,0.0,0.0,0.0,0.0,10.0,0.0,0.0,25.0,15.0,0.0,0.0,0.0,0.0,0.0,0.0,0.0,0.0
1621,wave3,Risk-Neutral,2026-06-09,0.0,10.0,10.0,10.0,5.0,25.0,10.0,10.0,0.0,0.0,0.0,10.0,0.0,5.0,5.0,0.0,0.0,0.0,0.0,0.0,0.0,0.0,0.0,0.0,0.0
789,wave3,Extremely Risk-Averse,2026-06-09,35.0,25.0,0.0,10.0,0.0,5.0,0.0,0.0,0.0,15.0,10.0,0.0,0.0,0.0,0.0,0.0,0.0,0.0,0.0,0.0,0.0,0.0,0.0,0.0,0.0
1116,wave3,Risk-Neutral,2026-06-09,0.0,20.0,0.0,10.0,0.0,30.0,0.0,0.0,0.0,10.0,0.0,0.0,0.0,10.0,0.0,15.0,0.0,0.0,0.0,0.0,0.0,0.0,0.0,5.0,0.0
104,wave3,Extremely Risk-Averse,2026-06-09,30.0,20.0,10.0,15.0,0.0,5.0,0.0,0.0,0.0,10.0,10.0,0.0,0.0,0.0,0.0,0.0,0.0,0.0,0.0,0.0,0.0,0.0,0.0,0.0,0.0
1171,wave3,Extremely Risk-Averse,2026-06-09,30.0,15.0,10.0,15.0,0.0,10.0,0.0,0.0,0.0,10.0,10.0,0.0,0.0,0.0,0.0,0.0,0.0,0.0,0.0,0.0,0.0,0.0,0.0,0.0,0.0
301,wave3,Extremely Risk-Averse,2026-06-09,35.0,25.0,15.0,0.0,0.0,5.0,0.0,0.0,0.0,10.0,10.0,0.0,0.0,0.0,0.0,0.0,0.0,0.0,0.0,0.0,0.0,0.0,0.0,0.0,0.0
812,wave3,Somewhat Risk-Averse,2026-06-09,25.0,15.0,0.0,10.0,0.0,15.0,0.0,0.0,0.0,15.0,10.0,5.0,5.0,0.0,0.0,0.0,0.0,0.0,0.0,0.0,0.0,0.0,0.0,0.0,0.0
407,wave3,Risk-Neutral,2026-06-09,15.0,10.0,10.0,10.0,0.0,25.0,10.0,0.0,0.0,0.0,0.0,10.0,0.0,0.0,0.0,10.0,0.0,0.0,0.0,0.0,0.0,0.0,0.0,0.0,0.0
1612,wave3,Extremely Risk-Seeking,2026-06-09,0.0,0.0,0.0,0.0,0.0,0.0,0.0,0.0,0.0,0.0,0.0,0.0,0.0,0.0,0.0,20.0,15.0,0.0,0.0,10.0,0.0,0.0,10.0,25.0,20.0
2328,wave3,Extremely Risk-Averse,2026-06-09,30.0,20.0,15.0,10.0,0.0,5.0,0.0,0.0,0.0,10.0,10.0,0.0,0.0,0.0,0.0,0.0,0.0,0.0,0.0,0.0,0.0,0.0,0.0,0.0,0.0
2205,wave3,Extremely Risk-Seeking,2026-06-09,0.0,0.0,0.0,0.0,0.0,0.0,0.0,0.0,0.0,0.0,0.0,0.0,0.0,0.0,0.0,35.0,15.0,0.0,0.0,10.0,0.0,0.0,0.0,25.0,15.0
1699,wave3,Somewhat Risk-Seeking,2026-06-09,0.0,0.0,0.0,0.0,0.0,10.0,0.0,0.0,0.0,0.0,0.0,0.0,10.0,0.0,0.0,20.0,20.0,0.0,0.0,15.0,0.0,0.0,0.0,15.0,10.0
1726,wave3,Risk-Neutral,2026-06-09,0.0,20.0,0.0,15.0,0.0,30.0,0.0,10.0,0.0,0.0,10.0,0.0,15.0,0.0,0.0,0.0,0.0,0.0,0.0,0.0,0.0,0.0,0.0,0.0,0.0
121,wave3,Risk-Neutral,2026-06-09,0.0,10.0,10.0,10.0,10.0,30.0,0.0,10.0,10.0,0.0,0.0,0.0,10.0,0.0,0.0,0.0,0.0,0.0,0.0,0.0,0.0,0.0,0.0,0.0,0.0
1748,wave3,Somewhat Risk-Averse,2026-06-09,20.0,10.0,15.0,35.0,0.0,0.0,0.0,0.0,0.0,10.0,10.0,0.0,0.0,0.0,0.0,0.0,0.0,0.0,0.0,0.0,0.0,0.0,0.0,0.0,0.0
1404,wave3,Somewhat Risk-Seeking,2026-06-09,0.0,0.0,0.0,0.0,0.0,0.0,0.0,0.0,0.0,0.0,0.0,0.0,0.0,0.0,0.0,30.0,15.0,0.0,0.0,5.0,0.0,0.0,0.0,40.0,10.0
1405,wave3,Somewhat Risk-Seeking,2026-06-09,0.0,0.0,0.0,0.0,0.0,10.0,0.0,0.0,0.0,0.0,0.0,0.0,0.0,0.0,0.0,30.0,10.0,15.0,15.0,20.0,0.0,0.0,0.0,0.0,0.0
2358,wave3,Default,2026-06-09,15.0,10.0,0.0,5.0,0.0,20.0,10.0,5.0,0.0,5.0,0.0,10.0,10.0,0.0,0.0,5.0,0.0,0.0,0.0,0.0,0.0,0.0,0.0,5.0,0.0
1064,wave3,Default,2026-06-09,0.0,15.0,0.0,0.0,0.0,20.0,10.0,0.0,0.0,10.0,10.0,10.0,10.0,0.0,5.0,0.0,0.0,5.0,0.0,0.0,0.0,5.0,0.0,0.0,0.0
1184,wave3,Somewhat Risk-Seeking,2026-06-09,0.0,0.0,0.0,0.0,0.0,0.0,0.0,0.0,0.0,0.0,0.0,0.0,0.0,0.0,0.0,30.0,20.0,0.0,0.0,10.0,0.0,0.0,0.0,25.0,15.0
841,wave3,Risk-Neutral,2026-06-09,0.0,20.0,0.0,10.0,0.0,30.0,0.0,10.0,0.0,0.0,0.0,0.0,0.0,10.0,10.0,0.0,0.0,0.0,0.0,0.0,10.0,0.0,0.0,0.0,0.0
1903,wave3,Risk-Neutral,2026-06-09,0.0,15.0,0.0,10.0,0.0,35.0,0.0,10.0,0.0,15.0,0.0,0.0,0.0,0.0,5.0,5.0,0.0,0.0,0.0,0.0,0.0,0.0,0.0,5.0,0.0
855,wave3,Extremely Risk-Seeking,2026-06-09,0.0,0.0,0.0,0.0,0.0,0.0,0.0,0.0,0.0,0.0,0.0,0.0,0.0,0.0,0.0,20.0,10.0,0.0,0.0,0.0,0.0,10.0,10.0,30.0,20.0
1872,wave3,Risk-Neutral,2026-06-09,0.0,20.0,0.0,10.0,10.0,30.0,0.0,0.0,0.0,0.0,0.0,0.0,10.0,10.0,0.0,10.0,0.0,0.0,0.0,0.0,0.0,0.0,0.0,0.0,0.0
2108,wave3,Extremely Risk-Seeking,2026-06-09,0.0,0.0,0.0,0.0,0.0,0.0,0.0,0.0,0.0,0.0,0.0,0.0,0.0,0.0,0.0,35.0,15.0,0.0,5.0,10.0,0.0,0.0,0.0,20.0,15.0
1099,wave3,Somewhat Risk-Averse,2026-06-09,0.0,25.0,0.0,0.0,0.0,30.0,0.0,10.0,0.0,15.0,0.0,0.0,10.0,0.0,0.0,10.0,0.0,0.0,0.0,0.0,0.0,0.0,0.0,0.0,0.0
1525,wave3,Risk-Neutral,2026-06-09,0.0,0.0,0.0,15.0,10.0,30.0,0.0,10.0,0.0,10.0,0.0,0.0,0.0,10.0,0.0,10.0,0.0,0.0,0.0,0.0,0.0,0.0,0.0,0.0,5.0
445,wave3,Risk-Neutral,2026-06-09,0.0,15.0,10.0,10.0,10.0,20.0,5.0,0.0,0.0,0.0,0.0,10.0,10.0,0.0,0.0,10.0,0.0,0.0,0.0,0.0,0.0,0.0,0.0,0.0,0.0
1535,wave3,Extremely Risk-Seeking,2026-06-09,0.0,0.0,0.0,5.0,0.0,15.0,0.0,0.0,0.0,0.0,0.0,0.0,0.0,0.0,0.0,20.0,20.0,0.0,0.0,0.0,0.0,0.0,0.0,20.0,20.0
2016,wave3,Somewhat Risk-Averse,2026-06-09,15.0,15.0,0.0,10.0,0.0,0.0,0.0,0.0,0.0,10.0,10.0,15.0,15.0,0.0,10.0,0.0,0.0,0.0,0.0,0.0,0.0,0.0,0.0,0.0,0.0
1906,wave3,Default,2026-06-09,0.0,10.0,0.0,10.0,0.0,20.0,0.0,10.0,10.0,0.0,10.0,0.0,10.0,0.0,0.0,0.0,10.0,0.0,0.0,0.0,0.0,0.0,0.0,5.0,5.0
1071,wave3,Extremely Risk-Averse,2026-06-09,20.0,20.0,0.0,10.0,0.0,30.0,0.0,0.0,0.0,0.0,0.0,10.0,10.0,0.0,0.0,0.0,0.0,0.0,0.0,0.0,0.0,0.0,0.0,0.0,0.0
1327,wave3,Extremely Risk-Seeking,2026-06-09,0.0,0.0,0.0,0.0,0.0,0.0,0.0,0.0,0.0,0.0,0.0,0.0,0.0,20.0,0.0,20.0,0.0,15.0,0.0,0.0,0.0,0.0,0.0,30.0,15.0
554,wave3,Extremely Risk-Averse,2026-06-09,35.0,25.0,0.0,15.0,0.0,0.0,0.0,0.0,0.0,15.0,10.0,0.0,0.0,0.0,0.0,0.0,0.0,0.0,0.0,0.0,0.0,0.0,0.0,0.0,0.0
75,wave3,Extremely Risk-Seeking,2026-06-09,0.0,0.0,0.0,0.0,0.0,0.0,0.0,0.0,0.0,0.0,0.0,0.0,0.0,0.0,0.0,0.0,0.0,0.0,10.0,10.0,0.0,10.0,0.0,40.0,30.0
690,wave3,Extremely Risk-Averse,2026-06-09,35.0,20.0,0.0,15.0,0.0,10.0,0.0,0.0,0.0,10.0,10.0,0.0,0.0,0.0,0.0,0.0,0.0,0.0,0.0,0.0,0.0,0.0,0.0,0.0,0.0
1539,wave3,Default,2026-06-09,0.0,10.0,0.0,10.0,0.0,35.0,10.0,5.0,0.0,5.0,0.0,10.0,0.0,0.0,5.0,10.0,0.0,0.0,0.0,0.0,0.0,0.0,0.0,0.0,0.0
2091,wave3,Somewhat Risk-Seeking,2026-06-09,0.0,0.0,0.0,0.0,0.0,0.0,0.0,0.0,0.0,0.0,0.0,0.0,0.0,0.0,10.0,25.0,0.0,15.0,0.0,15.0,0.0,0.0,0.0,20.0,15.0
2139,wave3,Extremely Risk-Averse,2026-06-09,40.0,20.0,0.0,15.0,0.0,0.0,0.0,0.0,0.0,15.0,10.0,0.0,0.0,0.0,0.0,0.0,0.0,0.0,0.0,0.0,0.0,0.0,0.0,0.0,0.0
1804,wave3,Default,2026-06-09,0.0,0.0,0.0,10.0,0.0,30.0,0.0,0.0,0.0,0.0,15.0,0.0,15.0,0.0,0.0,0.0,10.0,10.0,0.0,0.0,0.0,0.0,0.0,5.0,5.0
1332,wave3,Default,2026-06-09,20.0,0.0,0.0,0.0,0.0,30.0,0.0,10.0,0.0,0.0,0.0,15.0,15.0,10.0,0.0,0.0,0.0,0.0,0.0,0.0,0.0,0.0,0.0,0.0,0.0
2123,wave3,Somewhat Risk-Seeking,2026-06-09,0.0,0.0,0.0,0.0,0.0,0.0,0.0,0.0,0.0,0.0,0.0,0.0,0.0,0.0,0.0,20.0,20.0,0.0,0.0,0.0,0.0,10.0,10.0,40.0,0.0
1362,wave3,Extremely Risk-Averse,2026-06-09,35.0,20.0,0.0,15.0,0.0,20.0,0.0,0.0,0.0,0.0,0.0,0.0,10.0,0.0,0.0,0.0,0.0,0.0,0.0,0.0,0.0,0.0,0.0,0.0,0.0
898,wave3,Extremely Risk-Averse,2026-06-09,30.0,20.0,0.0,15.0,0.0,10.0,0.0,0.0,0.0,15.0,10.0,0.0,0.0,0.0,0.0,0.0,0.0,0.0,0.0,0.0,0.0,0.0,0.0,0.0,0.0
644,wave3,Risk-Neutral,2026-06-09,0.0,15.0,0.0,10.0,0.0,30.0,0.0,0.0,10.0,0.0,0.0,10.0,0.0,0.0,10.0,0.0,10.0,0.0,0.0,5.0,0.0,0.0,0.0,0.0,0.0
1133,wave3,Default,2026-06-09,0.0,10.0,0.0,10.0,0.0,20.0,0.0,15.0,0.0,0.0,10.0,0.0,15.0,10.0,0.0,10.0,0.0,0.0,0.0,0.0,0.0,0.0,0.0,0.0,0.0
800,wave3,Somewhat Risk-Seeking,2026-06-09,0.0,0.0,0.0,0.0,0.0,0.0,0.0,0.0,0.0,0.0,0.0,0.0,0.0,0.0,0.0,25.0,20.0,0.0,0.0,15.0,0.0,0.0,10.0,15.0,15.0
1522,wave3,Somewhat Risk-Averse,2026-06-09,20.0,15.0,10.0,10.0,0.0,15.0,0.0,0.0,0.0,10.0,10.0,5.0,5.0,0.0,0.0,0.0,0.0,0.0,0.0,0.0,0.0,0.0,0.0,0.0,0.0
738,wave3,Risk-Neutral,2026-06-09,0.0,20.0,0.0,10.0,0.0,25.0,0.0,10.0,0.0,10.0,0.0,10.0,0.0,0.0,0.0,10.0,0.0,0.0,0.0,0.0,0.0,0.0,0.0,5.0,0.0
174,wave3,Somewhat Risk-Seeking,2026-06-09,0.0,0.0,0.0,0.0,0.0,0.0,0.0,0.0,0.0,0.0,0.0,0.0,0.0,0.0,0.0,30.0,10.0,0.0,0.0,20.0,0.0,0.0,5.0,20.0,15.0
483,wave3,Risk-Neutral,2026-06-09,0.0,15.0,10.0,10.0,0.0,20.0,10.0,0.0,10.0,0.0,0.0,5.0,5.0,0.0,0.0,5.0,0.0,0.0,0.0,0.0,0.0,0.0,0.0,5.0,5.0
1920,wave3,Extremely Risk-Averse,2026-06-09,30.0,20.0,0.0,10.0,0.0,15.0,0.0,0.0,0.0,15.0,10.0,0.0,0.0,0.0,0.0,0.0,0.0,0.0,0.0,0.0,0.0,0.0,0.0,0.0,0.0
1991,wave3,Somewhat Risk-Averse,2026-06-09,25.0,20.0,0.0,10.0,0.0,20.0,0.0,0.0,0.0,15.0,0.0,0.0,10.0,0.0,0.0,0.0,0.0,0.0,0.0,0.0,0.0,0.0,0.0,0.0,0.0
1103,wave3,Extremely Risk-Seeking,2026-06-09,0.0,0.0,0.0,0.0,0.0,0.0,0.0,0.0,0.0,0.0,0.0,0.0,0.0,0.0,0.0,35.0,15.0,0.0,0.0,0.0,0.0,0.0,10.0,30.0,10.0
805,wave3,Risk-Neutral,2026-06-09,10.0,10.0,0.0,10.0,0.0,25.0,5.0,5.0,0.0,10.0,0.0,10.0,10.0,5.0,0.0,0.0,0.0,0.0,0.0,0.0,0.0,0.0,0.0,0.0,0.0
2318,wave3,Default,2026-06-09,0.0,10.0,0.0,10.0,0.0,25.0,0.0,10.0,15.0,0.0,0.0,0.0,10.0,10.0,0.0,10.0,0.0,0.0,0.0,0.0,0.0,0.0,0.0,0.0,0.0
2118,wave3,Somewhat Risk-Seeking,2026-06-09,0.0,0.0,0.0,0.0,0.0,0.0,0.0,0.0,0.0,0.0,0.0,0.0,0.0,0.0,0.0,15.0,0.0,0.0,0.0,0.0,0.0,25.0,20.0,30.0,10.0
2187,wave3,Default,2026-06-09,0.0,0.0,0.0,0.0,0.0,10.0,0.0,0.0,0.0,0.0,0.0,0.0,20.0,0.0,20.0,35.0,0.0,0.0,0.0,15.0,0.0,0.0,0.0,0.0,0.0
2307,wave3,Somewhat Risk-Seeking,2026-06-09,0.0,0.0,0.0,0.0,0.0,0.0,0.0,0.0,0.0,0.0,0.0,0.0,0.0,0.0,0.0,30.0,0.0,10.0,0.0,15.0,0.0,0.0,10.0,20.0,15.0
2331,wave3,Default,2026-06-09,5.0,0.0,10.0,5.0,10.0,25.0,5.0,5.0,0.0,0.0,0.0,0.0,15.0,10.0,0.0,10.0,0.0,0.0,0.0,0.0,0.0,0.0,0.0,0.0,0.0
396,wave3,Default,2026-06-09,15.0,0.0,0.0,10.0,0.0,30.0,0.0,0.0,0.0,0.0,0.0,15.0,15.0,0.0,0.0,15.0,0.0,0.0,0.0,0.0,0.0,0.0,0.0,0.0,0.0
1911,wave3,Default,2026-06-09,10.0,10.0,0.0,10.0,0.0,25.0,10.0,10.0,0.0,5.0,0.0,10.0,10.0,0.0,0.0,0.0,0.0,0.0,0.0,0.0,0.0,0.0,0.0,0.0,0.0
1864,wave3,Default,2026-06-09,10.0,0.0,0.0,10.0,0.0,20.0,10.0,0.0,0.0,0.0,0.0,10.0,10.0,0.0,10.0,10.0,0.0,0.0,0.0,0.0,0.0,0.0,0.0,10.0,0.0
2261,wave3,Risk-Neutral,2026-06-09,0.0,15.0,15.0,10.0,0.0,30.0,0.0,0.0,0.0,0.0,0.0,10.0,0.0,0.0,0.0,10.0,0.0,0.0,0.0,0.0,0.0,0.0,0.0,10.0,0.0
1718,wave3,Somewhat Risk-Averse,2026-06-09,20.0,15.0,10.0,10.0,0.0,15.0,0.0,0.0,0.0,10.0,10.0,5.0,5.0,0.0,0.0,0.0,0.0,0.0,0.0,0.0,0.0,0.0,0.0,0.0,0.0
1871,wave3,Somewhat Risk-Averse,2026-06-09,15.0,20.0,0.0,10.0,0.0,15.0,0.0,0.0,0.0,10.0,10.0,10.0,10.0,0.0,0.0,0.0,0.0,0.0,0.0,0.0,0.0,0.0,0.0,0.0,0.0
600,wave3,Default,2026-06-09,10.0,0.0,5.0,10.0,0.0,20.0,10.0,0.0,0.0,0.0,5.0,10.0,10.0,0.0,0.0,10.0,0.0,0.0,0.0,0.0,0.0,0.0,5.0,5.0,0.0
1318,wave3,Extremely Risk-Seeking,2026-06-09,0.0,0.0,0.0,0.0,0.0,0.0,0.0,0.0,0.0,0.0,0.0,0.0,0.0,0.0,0.0,30.0,15.0,15.0,0.0,0.0,0.0,0.0,15.0,25.0,0.0
606,wave3,Somewhat Risk-Averse,2026-06-09,0.0,25.0,15.0,10.0,0.0,25.0,0.0,0.0,0.0,10.0,0.0,0.0,0.0,0.0,10.0,0.0,0.0,0.0,0.0,0.0,0.0,0.0,0.0,5.0,0.0
411,wave3,Extremely Risk-Averse,2026-06-09,35.0,20.0,0.0,10.0,0.0,5.0,0.0,0.0,0.0,15.0,15.0,0.0,0.0,0.0,0.0,0.0,0.0,0.0,0.0,0.0,0.0,0.0,0.0,0.0,0.0
1083,wave3,Extremely Risk-Seeking,2026-06-09,0.0,0.0,0.0,0.0,0.0,0.0,0.0,0.0,0.0,0.0,0.0,0.0,0.0,0.0,0.0,25.0,15.0,0.0,0.0,15.0,0.0,0.0,10.0,20.0,15.0
1088,wave3,Risk-Neutral,2026-06-09,20.0,0.0,0.0,0.0,10.0,30.0,0.0,15.0,0.0,0.0,0.0,15.0,0.0,0.0,0.0,0.0,0.0,0.0,0.0,0.0,0.0,0.0,0.0,10.0,0.0
860,wave3,Default,2026-06-09,0.0,0.0,0.0,10.0,0.0,35.0,10.0,10.0,0.0,0.0,5.0,5.0,5.0,0.0,5.0,5.0,0.0,0.0,0.0,10.0,0.0,0.0,0.0,0.0,0.0
995,wave3,Default,2026-06-09,5.0,5.0,0.0,0.0,10.0,25.0,5.0,0.0,0.0,0.0,0.0,0.0,15.0,5.0,15.0,10.0,5.0,0.0,0.0,0.0,0.0,0.0,0.0,0.0,0.0
1491,wave3,Risk-Neutral,2026-06-09,0.0,10.0,0.0,5.0,0.0,25.0,10.0,0.0,0.0,10.0,0.0,10.0,10.0,0.0,0.0,0.0,5.0,0.0,0.0,0.0,5.0,0.0,0.0,5.0,5.0
474,wave3,Risk-Neutral,2026-06-09,5.0,15.0,10.0,10.0,5.0,15.0,10.0,0.0,0.0,10.0,0.0,0.0,10.0,10.0,0.0,0.0,0.0,0.0,0.0,0.0,0.0,0.0,0.0,0.0,0.0
1104,wave3,Somewhat Risk-Seeking,2026-06-09,0.0,0.0,0.0,0.0,0.0,0.0,0.0,0.0,0.0,0.0,0.0,0.0,0.0,15.0,0.0,25.0,20.0,0.0,0.0,15.0,0.0,0.0,0.0,15.0,10.0
2300,wave3,Somewhat Risk-Seeking,2026-06-09,0.0,0.0,0.0,0.0,0.0,0.0,0.0,0.0,0.0,0.0,0.0,0.0,0.0,10.0,0.0,20.0,15.0,0.0,0.0,15.0,0.0,0.0,0.0,25.0,15.0
415,wave3,Risk-Neutral,2026-06-09,0.0,20.0,0.0,10.0,0.0,25.0,10.0,5.0,0.0,10.0,0.0,0.0,15.0,0.0,0.0,0.0,0.0,0.0,0.0,0.0,0.0,0.0,0.0,5.0,0.0
1452,wave3,Somewhat Risk-Averse,2026-06-09,30.0,15.0,0.0,10.0,0.0,25.0,0.0,0.0,0.0,10.0,10.0,0.0,0.0,0.0,0.0,0.0,0.0,0.0,0.0,0.0,0.0,0.0,0.0,0.0,0.0
2072,wave3,Extremely Risk-Seeking,2026-06-09,0.0,0.0,0.0,0.0,0.0,0.0,0.0,0.0,0.0,0.0,0.0,0.0,0.0,0.0,0.0,25.0,20.0,0.0,0.0,10.0,0.0,0.0,10.0,20.0,15.0
2170,wave3,Risk-Neutral,2026-06-09,5.0,15.0,0.0,10.0,0.0,25.0,10.0,10.0,0.0,0.0,0.0,0.0,10.0,10.0,0.0,0.0,0.0,0.0,0.0,0.0,0.0,0.0,0.0,5.0,0.0
742,wave3,Somewhat Risk-Seeking,2026-06-09,0.0,0.0,0.0,0.0,0.0,0.0,0.0,0.0,0.0,0.0,0.0,0.0,15.0,15.0,0.0,20.0,10.0,0.0,0.0,10.0,0.0,0.0,5.0,15.0,10.0
2264,wave3,Extremely Risk-Averse,2026-06-09,30.0,25.0,0.0,15.0,0.0,10.0,0.0,0.0,0.0,10.0,10.0,0.0,0.0,0.0,0.0,0.0,0.0,0.0,0.0,0.0,0.0,0.0,0.0,0.0,0.0
703,wave3,Somewhat Risk-Seeking,2026-06-09,0.0,0.0,0.0,0.0,0.0,20.0,0.0,0.0,0.0,0.0,0.0,0.0,0.0,10.0,0.0,25.0,10.0,0.0,0.0,10.0,0.0,0.0,0.0,15.0,10.0
188,wave3,Default,2026-06-09,0.0,0.0,10.0,10.0,10.0,20.0,15.0,0.0,0.0,15.0,0.0,0.0,0.0,0.0,10.0,10.0,0.0,0.0,0.0,0.0,0.0,0.0,0.0,0.0,0.0
759,wave3,Extremely Risk-Averse,2026-06-09,35.0,20.0,0.0,15.0,0.0,10.0,0.0,0.0,0.0,10.0,10.0,0.0,0.0,0.0,0.0,0.0,0.0,0.0,0.0,0.0,0.0,0.0,0.0,0.0,0.0
764,wave3,Somewhat Risk-Averse,2026-06-09,30.0,10.0,10.0,10.0,0.0,0.0,0.0,15.0,0.0,15.0,10.0,0.0,0.0,0.0,0.0,0.0,0.0,0.0,0.0,0.0,0.0,0.0,0.0,0.0,0.0
1967,wave3,Extremely Risk-Seeking,2026-06-09,0.0,0.0,0.0,0.0,0.0,0.0,0.0,0.0,0.0,0.0,0.0,0.0,0.0,0.0,0.0,25.0,15.0,0.0,0.0,10.0,0.0,0.0,10.0,25.0,15.0
70,wave3,Somewhat Risk-Averse,2026-06-09,25.0,20.0,15.0,10.0,0.0,15.0,0.0,0.0,0.0,10.0,0.0,0.0,0.0,0.0,0.0,5.0,0.0,0.0,0.0,0.0,0.0,0.0,0.0,0.0,0.0
18,wave3,Risk-Neutral,2026-06-09,0.0,20.0,5.0,10.0,0.0,30.0,10.0,0.0,0.0,0.0,0.0,10.0,10.0,0.0,0.0,0.0,0.0,0.0,0.0,0.0,0.0,0.0,0.0,5.0,0.0
1089,wave3,Extremely Risk-Averse,2026-06-09,25.0,20.0,10.0,15.0,0.0,10.0,0.0,0.0,0.0,10.0,10.0,0.0,0.0,0.0,0.0,0.0,0.0,0.0,0.0,0.0,0.0,0.0,0.0,0.0,0.0
2401,wave3,Extremely Risk-Seeking,2026-06-09,0.0,0.0,15.0,0.0,0.0,0.0,0.0,0.0,0.0,0.0,0.0,0.0,0.0,0.0,0.0,10.0,10.0,20.0,0.0,10.0,0.0,10.0,20.0,5.0,0.0
1434,wave3,Default,2026-06-09,10.0,0.0,0.0,10.0,10.0,20.0,10.0,15.0,0.0,0.0,0.0,0.0,10.0,0.0,10.0,0.0,0.0,0.0,0.0,5.0,0.0,0.0,0.0,0.0,0.0
1608,wave3,Extremely Risk-Seeking,2026-06-09,0.0,0.0,0.0,0.0,0.0,0.0,0.0,0.0,0.0,0.0,0.0,0.0,0.0,0.0,0.0,0.0,10.0,0.0,0.0,0.0,0.0,15.0,15.0,40.0,20.0
2214,wave3,Risk-Neutral,2026-06-09,0.0,15.0,0.0,10.0,0.0,20.0,10.0,10.0,0.0,10.0,0.0,0.0,10.0,0.0,0.0,10.0,0.0,0.0,0.0,0.0,0.0,0.0,0.0,5.0,0.0
1283,wave3,Extremely Risk-Averse,2026-06-09,40.0,35.0,0.0,15.0,0.0,0.0,0.0,0.0,0.0,5.0,5.0,0.0,0.0,0.0,0.0,0.0,0.0,0.0,0.0,0.0,0.0,0.0,0.0,0.0,0.0
1002,wave3,Somewhat Risk-Averse,2026-06-09,30.0,0.0,20.0,10.0,0.0,0.0,0.0,0.0,0.0,15.0,15.0,10.0,0.0,0.0,0.0,0.0,0.0,0.0,0.0,0.0,0.0,0.0,0.0,0.0,0.0
1614,wave3,Somewhat Risk-Seeking,2026-06-09,0.0,0.0,0.0,0.0,0.0,0.0,0.0,0.0,0.0,0.0,0.0,0.0,10.0,0.0,0.0,25.0,20.0,0.0,0.0,10.0,0.0,0.0,0.0,20.0,15.0
592,wave3,Somewhat Risk-Seeking,2026-06-09,0.0,0.0,0.0,0.0,0.0,0.0,0.0,0.0,0.0,0.0,0.0,0.0,0.0,10.0,0.0,25.0,20.0,0.0,0.0,10.0,0.0,0.0,0.0,20.0,15.0
890,wave3,Somewhat Risk-Averse,2026-06-08,20.0,20.0,0.0,10.0,0.0,15.0,0.0,0.0,0.0,15.0,10.0,5.0,5.0,0.0,0.0,0.0,0.0,0.0,0.0,0.0,0.0,0.0,0.0,0.0,0.0
896,wave3,Risk-Neutral,2026-06-08,0.0,20.0,0.0,10.0,0.0,30.0,15.0,0.0,0.0,0.0,0.0,5.0,0.0,15.0,0.0,0.0,0.0,0.0,0.0,0.0,0.0,0.0,5.0,0.0,0.0
2135,wave3,Extremely Risk-Seeking,2026-06-08,0.0,0.0,0.0,0.0,0.0,0.0,0.0,0.0,0.0,0.0,0.0,0.0,0.0,0.0,0.0,25.0,15.0,10.0,0.0,15.0,0.0,0.0,0.0,20.0,15.0
1383,wave3,Risk-Neutral,2026-06-08,0.0,15.0,0.0,10.0,0.0,25.0,10.0,0.0,0.0,0.0,0.0,0.0,15.0,0.0,0.0,15.0,0.0,0.0,0.0,0.0,0.0,0.0,0.0,10.0,0.0
1257,wave3,Risk-Neutral,2026-06-08,0.0,0.0,0.0,0.0,0.0,30.0,15.0,0.0,15.0,0.0,0.0,0.0,15.0,15.0,10.0,0.0,0.0,0.0,0.0,0.0,0.0,0.0,0.0,0.0,0.0
2342,wave3,Somewhat Risk-Seeking,2026-06-08,0.0,0.0,0.0,0.0,0.0,20.0,0.0,0.0,0.0,0.0,0.0,0.0,0.0,0.0,0.0,25.0,15.0,0.0,0.0,15.0,0.0,0.0,0.0,15.0,10.0
921,wave3,Somewhat Risk-Seeking,2026-06-08,0.0,0.0,0.0,0.0,0.0,0.0,0.0,0.0,0.0,0.0,0.0,0.0,0.0,0.0,0.0,20.0,15.0,10.0,0.0,15.0,0.0,0.0,0.0,25.0,15.0
2403,wave3,Somewhat Risk-Seeking,2026-06-08,0.0,0.0,0.0,0.0,0.0,0.0,0.0,0.0,0.0,0.0,0.0,0.0,0.0,10.0,0.0,25.0,15.0,0.0,0.0,15.0,0.0,0.0,0.0,20.0,15.0
1774,wave3,Somewhat Risk-Averse,2026-06-08,20.0,15.0,10.0,10.0,0.0,15.0,0.0,0.0,0.0,10.0,10.0,0.0,10.0,0.0,0.0,0.0,0.0,0.0,0.0,0.0,0.0,0.0,0.0,0.0,0.0
2338,wave3,Default,2026-06-08,0.0,10.0,0.0,10.0,5.0,20.0,10.0,10.0,0.0,0.0,0.0,0.0,10.0,0.0,0.0,10.0,0.0,0.0,0.0,0.0,0.0,0.0,0.0,10.0,5.0
1346,wave3,Default,2026-06-08,0.0,15.0,0.0,10.0,0.0,20.0,15.0,10.0,0.0,0.0,0.0,0.0,15.0,0.0,0.0,15.0,0.0,0.0,0.0,0.0,0.0,0.0,0.0,0.0,0.0
246,wave3,Risk-Neutral,2026-06-08,0.0,15.0,10.0,5.0,0.0,25.0,10.0,0.0,0.0,10.0,0.0,10.0,0.0,0.0,0.0,10.0,0.0,0.0,0.0,0.0,0.0,0.0,0.0,5.0,0.0
1949,wave3,Risk-Neutral,2026-06-08,0.0,20.0,0.0,10.0,0.0,25.0,15.0,0.0,0.0,0.0,0.0,10.0,0.0,10.0,0.0,10.0,0.0,0.0,0.0,0.0,0.0,0.0,0.0,0.0,0.0
2109,wave3,Somewhat Risk-Seeking,2026-06-08,0.0,0.0,0.0,0.0,0.0,0.0,0.0,0.0,0.0,0.0,0.0,0.0,0.0,0.0,0.0,30.0,10.0,0.0,0.0,20.0,0.0,0.0,0.0,25.0,15.0
89,wave3,Extremely Risk-Seeking,2026-06-08,0.0,0.0,0.0,0.0,0.0,0.0,0.0,0.0,0.0,0.0,0.0,0.0,0.0,0.0,0.0,30.0,0.0,15.0,0.0,20.0,10.0,15.0,10.0,0.0,0.0
1616,wave3,Extremely Risk-Seeking,2026-06-08,0.0,0.0,0.0,0.0,0.0,0.0,0.0,0.0,0.0,0.0,0.0,0.0,0.0,0.0,0.0,35.0,15.0,0.0,0.0,10.0,0.0,0.0,5.0,20.0,15.0
1307,wave3,Extremely Risk-Averse,2026-06-08,35.0,25.0,15.0,5.0,0.0,0.0,0.0,0.0,0.0,10.0,10.0,0.0,0.0,0.0,0.0,0.0,0.0,0.0,0.0,0.0,0.0,0.0,0.0,0.0,0.0
1619,wave3,Extremely Risk-Seeking,2026-06-08,0.0,0.0,0.0,0.0,0.0,0.0,0.0,0.0,0.0,0.0,0.0,0.0,0.0,0.0,0.0,20.0,15.0,0.0,0.0,15.0,0.0,0.0,10.0,25.0,15.0
2333,wave3,Default,2026-06-08,20.0,10.0,0.0,10.0,0.0,40.0,10.0,0.0,0.0,10.0,0.0,0.0,0.0,0.0,0.0,0.0,0.0,0.0,0.0,0.0,0.0,0.0,0.0,0.0,0.0
394,wave3,Risk-Neutral,2026-06-08,0.0,15.0,0.0,10.0,0.0,25.0,10.0,10.0,0.0,0.0,0.0,10.0,0.0,5.0,0.0,10.0,0.0,0.0,0.0,0.0,0.0,0.0,0.0,5.0,0.0
130,wave3,Somewhat Risk-Seeking,2026-06-08,0.0,0.0,0.0,0.0,0.0,15.0,0.0,0.0,0.0,0.0,0.0,0.0,0.0,0.0,0.0,25.0,0.0,10.0,0.0,15.0,0.0,0.0,0.0,20.0,15.0
2378,wave3,Default,2026-06-08,10.0,0.0,0.0,15.0,5.0,20.0,10.0,10.0,0.0,0.0,0.0,15.0,0.0,5.0,0.0,5.0,0.0,0.0,0.0,0.0,0.0,0.0,5.0,0.0,0.0
1227,wave3,Somewhat Risk-Averse,2026-06-08,25.0,20.0,0.0,15.0,0.0,10.0,0.0,0.0,0.0,15.0,15.0,0.0,0.0,0.0,0.0,0.0,0.0,0.0,0.0,0.0,0.0,0.0,0.0,0.0,0.0
476,wave3,Default,2026-06-08,0.0,20.0,0.0,10.0,0.0,30.0,0.0,0.0,0.0,10.0,0.0,10.0,10.0,0.0,0.0,10.0,0.0,0.0,0.0,0.0,0.0,0.0,0.0,0.0,0.0
1204,wave3,Risk-Neutral,2026-06-08,0.0,15.0,10.0,10.0,0.0,20.0,10.0,0.0,10.0,0.0,0.0,5.0,10.0,0.0,0.0,0.0,0.0,0.0,0.0,0.0,0.0,0.0,0.0,10.0,0.0
436,wave3,Somewhat Risk-Seeking,2026-06-08,0.0,0.0,0.0,0.0,0.0,0.0,0.0,0.0,0.0,0.0,0.0,0.0,0.0,0.0,0.0,25.0,15.0,15.0,0.0,10.0,0.0,0.0,0.0,20.0,15.0
575,wave3,Extremely Risk-Seeking,2026-06-08,0.0,0.0,0.0,0.0,0.0,0.0,0.0,0.0,0.0,0.0,0.0,0.0,0.0,0.0,0.0,25.0,20.0,0.0,0.0,10.0,0.0,0.0,0.0,30.0,15.0
1364,wave3,Extremely Risk-Seeking,2026-06-08,0.0,0.0,0.0,0.0,0.0,0.0,0.0,0.0,0.0,0.0,0.0,0.0,0.0,0.0,0.0,20.0,10.0,0.0,0.0,15.0,0.0,0.0,15.0,35.0,5.0
1236,wave3,Default,2026-06-08,20.0,0.0,0.0,10.0,0.0,20.0,10.0,10.0,0.0,0.0,0.0,0.0,10.0,0.0,0.0,10.0,10.0,0.0,0.0,0.0,0.0,0.0,0.0,0.0,0.0
2293,wave3,Somewhat Risk-Seeking,2026-06-08,0.0,0.0,0.0,0.0,0.0,25.0,0.0,0.0,0.0,0.0,0.0,0.0,0.0,15.0,10.0,25.0,0.0,0.0,0.0,0.0,0.0,0.0,0.0,15.0,10.0
797,wave3,Extremely Risk-Seeking,2026-06-08,0.0,0.0,0.0,0.0,0.0,0.0,0.0,0.0,0.0,0.0,0.0,0.0,0.0,0.0,0.0,20.0,15.0,0.0,0.0,0.0,0.0,0.0,15.0,25.0,25.0
547,wave3,Risk-Neutral,2026-06-08,15.0,20.0,0.0,10.0,0.0,25.0,0.0,10.0,0.0,10.0,0.0,0.0,0.0,0.0,0.0,10.0,0.0,0.0,0.0,0.0,0.0,0.0,0.0,0.0,0.0
2185,wave3,Default,2026-06-08,5.0,0.0,0.0,10.0,0.0,15.0,0.0,5.0,5.0,5.0,5.0,10.0,10.0,10.0,10.0,0.0,10.0,0.0,0.0,0.0,0.0,0.0,0.0,0.0,0.0
1914,wave3,Default,2026-06-08,0.0,15.0,0.0,10.0,10.0,25.0,10.0,10.0,0.0,0.0,10.0,0.0,10.0,0.0,0.0,0.0,0.0,0.0,0.0,0.0,0.0,0.0,0.0,0.0,0.0
535,wave3,Extremely Risk-Averse,2026-06-08,30.0,20.0,0.0,10.0,0.0,0.0,0.0,0.0,0.0,10.0,0.0,15.0,15.0,0.0,0.0,0.0,0.0,0.0,0.0,0.0,0.0,0.0,0.0,0.0,0.0
1017,wave3,Default,2026-06-08,0.0,0.0,0.0,0.0,10.0,30.0,0.0,0.0,0.0,0.0,10.0,15.0,0.0,0.0,0.0,15.0,0.0,0.0,0.0,0.0,0.0,10.0,10.0,0.0,0.0
1933,wave3,Default,2026-06-08,0.0,0.0,20.0,20.0,0.0,20.0,0.0,0.0,0.0,0.0,0.0,0.0,0.0,0.0,0.0,15.0,25.0,0.0,0.0,0.0,0.0,0.0,0.0,0.0,0.0
360,wave3,Extremely Risk-Averse,2026-06-08,35.0,25.0,0.0,15.0,0.0,5.0,0.0,0.0,0.0,10.0,10.0,0.0,0.0,0.0,0.0,0.0,0.0,0.0,0.0,0.0,0.0,0.0,0.0,0.0,0.0
2222,wave3,Somewhat Risk-Seeking,2026-06-08,0.0,0.0,0.0,0.0,0.0,0.0,0.0,0.0,0.0,0.0,0.0,0.0,0.0,10.0,0.0,25.0,20.0,0.0,0.0,15.0,0.0,0.0,0.0,20.0,10.0
867,wave3,Somewhat Risk-Seeking,2026-06-08,0.0,0.0,0.0,0.0,0.0,20.0,0.0,0.0,0.0,0.0,0.0,0.0,0.0,0.0,0.0,25.0,15.0,0.0,0.0,15.0,0.0,0.0,0.0,15.0,10.0
321,wave3,Somewhat Risk-Averse,2026-06-08,0.0,0.0,0.0,15.0,0.0,30.0,0.0,0.0,0.0,25.0,20.0,5.0,5.0,0.0,0.0,0.0,0.0,0.0,0.0,0.0,0.0,0.0,0.0,0.0,0.0
640,wave3,Extremely Risk-Seeking,2026-06-08,0.0,0.0,0.0,0.0,0.0,0.0,0.0,0.0,0.0,0.0,0.0,0.0,0.0,0.0,0.0,20.0,15.0,0.0,10.0,0.0,0.0,0.0,10.0,25.0,20.0
479,wave3,Extremely Risk-Seeking,2026-06-08,0.0,0.0,0.0,0.0,0.0,0.0,0.0,0.0,0.0,0.0,0.0,0.0,0.0,0.0,0.0,25.0,20.0,0.0,0.0,15.0,0.0,0.0,15.0,25.0,0.0
2400,wave3,Somewhat Risk-Averse,2026-06-08,20.0,20.0,0.0,10.0,0.0,20.0,0.0,0.0,0.0,15.0,15.0,0.0,0.0,0.0,0.0,0.0,0.0,0.0,0.0,0.0,0.0,0.0,0.0,0.0,0.0
1932,wave3,Extremely Risk-Averse,2026-06-08,25.0,20.0,15.0,10.0,0.0,10.0,0.0,0.0,0.0,10.0,10.0,0.0,0.0,0.0,0.0,0.0,0.0,0.0,0.0,0.0,0.0,0.0,0.0,0.0,0.0
1254,wave3,Risk-Neutral,2026-06-08,0.0,15.0,0.0,10.0,0.0,15.0,10.0,5.0,5.0,5.0,0.0,10.0,0.0,5.0,0.0,10.0,5.0,0.0,0.0,0.0,0.0,0.0,0.0,5.0,0.0
813,wave3,Extremely Risk-Seeking,2026-06-08,0.0,0.0,0.0,0.0,0.0,0.0,0.0,0.0,0.0,0.0,0.0,0.0,0.0,0.0,0.0,30.0,15.0,0.0,0.0,10.0,0.0,0.0,10.0,20.0,15.0
543,wave3,Default,2026-06-08,10.0,0.0,5.0,5.0,0.0,35.0,5.0,0.0,5.0,0.0,5.0,0.0,5.0,5.0,5.0,5.0,5.0,0.0,0.0,0.0,0.0,0.0,0.0,5.0,0.0
2316,wave3,Somewhat Risk-Seeking,2026-06-08,0.0,30.0,20.0,0.0,0.0,0.0,0.0,10.0,0.0,5.0,0.0,0.0,0.0,0.0,0.0,15.0,0.0,0.0,0.0,0.0,0.0,0.0,0.0,20.0,0.0
2380,wave3,Default,2026-06-08,15.0,0.0,0.0,15.0,10.0,25.0,0.0,10.0,0.0,0.0,0.0,0.0,0.0,0.0,0.0,15.0,0.0,0.0,0.0,5.0,0.0,0.0,0.0,5.0,0.0
120,wave3,Default,2026-06-08,0.0,0.0,10.0,0.0,0.0,25.0,10.0,10.0,10.0,0.0,0.0,10.0,0.0,0.0,0.0,10.0,0.0,0.0,0.0,5.0,5.0,0.0,0.0,0.0,5.0
266,wave3,Risk-Neutral,2026-06-08,0.0,15.0,0.0,10.0,0.0,25.0,0.0,10.0,0.0,0.0,10.0,0.0,15.0,10.0,0.0,0.0,0.0,0.0,0.0,0.0,0.0,0.0,0.0,5.0,0.0
19,wave3,Extremely Risk-Seeking,2026-06-08,0.0,0.0,0.0,0.0,0.0,20.0,0.0,0.0,0.0,0.0,0.0,15.0,15.0,0.0,0.0,20.0,0.0,0.0,0.0,0.0,0.0,0.0,0.0,15.0,15.0
794,wave3,Risk-Neutral,2026-06-08,10.0,10.0,0.0,10.0,0.0,30.0,10.0,10.0,0.0,10.0,0.0,0.0,10.0,0.0,0.0,0.0,0.0,0.0,0.0,0.0,0.0,0.0,0.0,0.0,0.0
1358,wave3,Extremely Risk-Seeking,2026-06-08,0.0,0.0,0.0,0.0,0.0,0.0,0.0,0.0,0.0,0.0,0.0,0.0,0.0,0.0,0.0,20.0,0.0,0.0,0.0,10.0,0.0,10.0,10.0,25.0,25.0
1121,wave3,Extremely Risk-Seeking,2026-06-08,0.0,0.0,0.0,0.0,0.0,0.0,0.0,0.0,0.0,0.0,0.0,0.0,0.0,0.0,0.0,25.0,15.0,0.0,0.0,10.0,0.0,10.0,0.0,25.0,15.0
422,wave3,Risk-Neutral,2026-06-08,0.0,0.0,0.0,10.0,0.0,20.0,10.0,10.0,0.0,5.0,0.0,15.0,15.0,0.0,0.0,0.0,0.0,5.0,0.0,0.0,0.0,0.0,0.0,5.0,5.0
1918,wave3,Extremely Risk-Seeking,2026-06-08,0.0,0.0,0.0,0.0,0.0,0.0,0.0,0.0,0.0,0.0,0.0,0.0,0.0,0.0,0.0,20.0,20.0,0.0,10.0,0.0,0.0,0.0,10.0,25.0,15.0
67,wave3,Somewhat Risk-Averse,2026-06-08,30.0,15.0,0.0,10.0,0.0,20.0,0.0,0.0,0.0,0.0,0.0,0.0,0.0,10.0,0.0,10.0,0.0,0.0,0.0,0.0,0.0,0.0,0.0,5.0,0.0
1945,wave3,Somewhat Risk-Averse,2026-06-08,0.0,20.0,0.0,10.0,0.0,30.0,0.0,0.0,0.0,0.0,0.0,0.0,10.0,0.0,15.0,15.0,0.0,0.0,0.0,0.0,0.0,0.0,0.0,0.0,0.0
2407,wave3,Default,2026-06-08,0.0,15.0,0.0,10.0,0.0,15.0,10.0,5.0,0.0,0.0,10.0,0.0,10.0,10.0,5.0,10.0,0.0,0.0,0.0,0.0,0.0,0.0,0.0,0.0,0.0
93,wave3,Extremely Risk-Averse,2026-06-08,40.0,20.0,15.0,20.0,0.0,0.0,0.0,0.0,0.0,5.0,0.0,0.0,0.0,0.0,0.0,0.0,0.0,0.0,0.0,0.0,0.0,0.0,0.0,0.0,0.0
883,wave3,Somewhat Risk-Averse,2026-06-08,25.0,0.0,0.0,20.0,0.0,25.0,0.0,5.0,0.0,0.0,0.0,0.0,0.0,0.0,0.0,25.0,0.0,0.0,0.0,0.0,0.0,0.0,0.0,0.0,0.0
624,wave3,Default,2026-06-08,0.0,10.0,0.0,5.0,0.0,15.0,10.0,5.0,0.0,0.0,10.0,0.0,10.0,10.0,0.0,10.0,5.0,0.0,0.0,0.0,5.0,0.0,0.0,5.0,0.0
974,wave3,Extremely Risk-Averse,2026-06-08,30.0,20.0,15.0,15.0,0.0,0.0,0.0,0.0,0.0,10.0,10.0,0.0,0.0,0.0,0.0,0.0,0.0,0.0,0.0,0.0,0.0,0.0,0.0,0.0,0.0
665,wave3,Extremely Risk-Seeking,2026-06-08,0.0,0.0,0.0,0.0,0.0,0.0,0.0,0.0,0.0,0.0,0.0,0.0,0.0,0.0,0.0,20.0,15.0,0.0,0.0,15.0,0.0,0.0,10.0,25.0,15.0
994,wave3,Extremely Risk-Averse,2026-06-08,30.0,20.0,0.0,10.0,0.0,5.0,0.0,0.0,0.0,20.0,15.0,0.0,0.0,0.0,0.0,0.0,0.0,0.0,0.0,0.0,0.0,0.0,0.0,0.0,0.0
454,wave3,Risk-Neutral,2026-06-08,0.0,20.0,0.0,10.0,0.0,30.0,15.0,0.0,0.0,0.0,0.0,15.0,0.0,0.0,0.0,10.0,0.0,0.0,0.0,0.0,0.0,0.0,0.0,0.0,0.0
1178,wave3,Extremely Risk-Averse,2026-06-08,30.0,20.0,0.0,10.0,0.0,10.0,0.0,0.0,0.0,15.0,15.0,0.0,0.0,0.0,0.0,0.0,0.0,0.0,0.0,0.0,0.0,0.0,0.0,0.0,0.0
9,wave3,Default,2026-06-08,0.0,10.0,0.0,10.0,0.0,20.0,10.0,0.0,0.0,0.0,0.0,10.0,10.0,10.0,0.0,10.0,0.0,0.0,0.0,0.0,0.0,0.0,0.0,10.0,0.0
2001,wave3,Default,2026-06-08,20.0,0.0,0.0,10.0,0.0,30.0,10.0,0.0,0.0,0.0,0.0,0.0,15.0,10.0,0.0,5.0,0.0,0.0,0.0,0.0,0.0,0.0,0.0,0.0,0.0
1494,wave3,Somewhat Risk-Averse,2026-06-08,30.0,20.0,10.0,15.0,0.0,10.0,0.0,0.0,0.0,15.0,0.0,0.0,0.0,0.0,0.0,0.0,0.0,0.0,0.0,0.0,0.0,0.0,0.0,0.0,0.0
1009,wave3,Somewhat Risk-Averse,2026-06-08,20.0,15.0,10.0,10.0,0.0,10.0,0.0,0.0,0.0,10.0,10.0,5.0,5.0,0.0,5.0,0.0,0.0,0.0,0.0,0.0,0.0,0.0,0.0,0.0,0.0
1763,wave3,Somewhat Risk-Seeking,2026-06-08,0.0,0.0,0.0,0.0,0.0,0.0,0.0,0.0,0.0,0.0,0.0,0.0,0.0,0.0,0.0,25.0,0.0,10.0,15.0,15.0,10.0,10.0,15.0,0.0,0.0
1251,wave3,Somewhat Risk-Seeking,2026-06-08,0.0,0.0,0.0,0.0,0.0,30.0,0.0,0.0,0.0,0.0,0.0,20.0,20.0,0.0,0.0,15.0,0.0,0.0,0.0,0.0,0.0,0.0,0.0,15.0,0.0
185,wave3,Somewhat Risk-Averse,2026-06-08,40.0,20.0,0.0,10.0,0.0,10.0,0.0,0.0,0.0,20.0,0.0,0.0,0.0,0.0,0.0,0.0,0.0,0.0,0.0,0.0,0.0,0.0,0.0,0.0,0.0
1620,wave3,Extremely Risk-Averse,2026-06-08,35.0,25.0,10.0,10.0,0.0,0.0,0.0,0.0,0.0,10.0,10.0,0.0,0.0,0.0,0.0,0.0,0.0,0.0,0.0,0.0,0.0,0.0,0.0,0.0,0.0
991,wave3,Default,2026-06-08,0.0,10.0,0.0,10.0,0.0,25.0,10.0,10.0,0.0,0.0,0.0,10.0,10.0,0.0,0.0,10.0,0.0,0.0,0.0,0.0,0.0,0.0,0.0,5.0,0.0
737,wave3,Extremely Risk-Seeking,2026-06-08,0.0,0.0,0.0,0.0,0.0,0.0,0.0,0.0,0.0,0.0,0.0,0.0,0.0,0.0,0.0,30.0,20.0,0.0,0.0,10.0,0.0,0.0,0.0,25.0,15.0
763,wave3,Risk-Neutral,2026-06-08,0.0,20.0,0.0,10.0,0.0,25.0,0.0,10.0,0.0,0.0,0.0,10.0,0.0,15.0,0.0,0.0,0.0,0.0,0.0,10.0,0.0,0.0,0.0,0.0,0.0
820,wave3,Default,2026-06-08,10.0,0.0,10.0,15.0,0.0,15.0,10.0,0.0,0.0,0.0,0.0,10.0,0.0,0.0,0.0,20.0,0.0,0.0,0.0,0.0,0.0,0.0,0.0,10.0,0.0
393,wave3,Risk-Neutral,2026-06-08,0.0,25.0,15.0,10.0,0.0,35.0,5.0,0.0,0.0,0.0,0.0,0.0,10.0,0.0,0.0,0.0,0.0,0.0,0.0,0.0,0.0,0.0,0.0,0.0,0.0
1091,wave3,Extremely Risk-Averse,2026-06-08,30.0,20.0,0.0,15.0,0.0,10.0,0.0,0.0,0.0,15.0,10.0,0.0,0.0,0.0,0.0,0.0,0.0,0.0,0.0,0.0,0.0,0.0,0.0,0.0,0.0
2035,wave3,Extremely Risk-Averse,2026-06-08,35.0,20.0,15.0,10.0,0.0,0.0,0.0,0.0,0.0,10.0,10.0,0.0,0.0,0.0,0.0,0.0,0.0,0.0,0.0,0.0,0.0,0.0,0.0,0.0,0.0
175,wave3,Somewhat Risk-Averse,2026-06-08,20.0,15.0,0.0,10.0,0.0,25.0,0.0,0.0,0.0,10.0,10.0,0.0,0.0,0.0,10.0,0.0,0.0,0.0,0.0,0.0,0.0,0.0,0.0,0.0,0.0
2166,wave3,Somewhat Risk-Averse,2026-06-08,15.0,15.0,0.0,10.0,0.0,25.0,10.0,5.0,0.0,10.0,10.0,0.0,0.0,0.0,0.0,0.0,0.0,0.0,0.0,0.0,0.0,0.0,0.0,0.0,0.0
1032,wave3,Risk-Neutral,2026-06-08,20.0,20.0,0.0,10.0,0.0,25.0,0.0,0.0,0.0,0.0,0.0,0.0,0.0,0.0,0.0,10.0,10.0,0.0,0.0,0.0,0.0,0.0,0.0,5.0,0.0
1691,wave3,Extremely Risk-Seeking,2026-06-08,0.0,0.0,0.0,0.0,0.0,0.0,0.0,0.0,0.0,0.0,0.0,0.0,0.0,0.0,0.0,20.0,15.0,10.0,0.0,0.0,0.0,0.0,10.0,25.0,20.0
2303,wave3,Extremely Risk-Seeking,2026-06-08,0.0,0.0,0.0,0.0,0.0,0.0,0.0,0.0,0.0,0.0,0.0,0.0,0.0,0.0,0.0,20.0,15.0,0.0,0.0,10.0,0.0,0.0,10.0,25.0,20.0
1837,wave3,Somewhat Risk-Averse,2026-06-08,25.0,25.0,0.0,10.0,0.0,20.0,0.0,0.0,0.0,0.0,0.0,5.0,5.0,0.0,0.0,0.0,0.0,5.0,0.0,5.0,0.0,0.0,0.0,0.0,0.0
648,wave3,Somewhat Risk-Seeking,2026-06-08,0.0,0.0,0.0,0.0,0.0,15.0,0.0,0.0,0.0,0.0,0.0,0.0,10.0,0.0,0.0,20.0,10.0,10.0,0.0,10.0,0.0,0.0,0.0,15.0,10.0
871,wave2,Somewhat Risk-Averse,2026-05-24,25.0,15.0,0.0,10.0,0.0,20.0,0.0,0.0,0.0,15.0,0.0,5.0,10.0,0.0,0.0,0.0,0.0,0.0,0.0,0.0,0.0,0.0,0.0,0.0,0.0
2157,wave2,Risk-Neutral,2026-05-24,0.0,15.0,0.0,10.0,0.0,30.0,10.0,0.0,0.0,0.0,0.0,0.0,0.0,10.0,0.0,15.0,0.0,0.0,0.0,5.0,0.0,0.0,0.0,5.0,0.0
16,wave2,Somewhat Risk-Seeking,2026-05-24,0.0,0.0,0.0,0.0,0.0,30.0,0.0,0.0,0.0,0.0,0.0,0.0,15.0,15.0,10.0,15.0,0.0,0.0,0.0,0.0,0.0,0.0,0.0,15.0,0.0
1109,wave2,Somewhat Risk-Seeking,2026-05-24,0.0,0.0,0.0,0.0,0.0,0.0,0.0,0.0,0.0,0.0,0.0,0.0,0.0,0.0,0.0,25.0,15.0,0.0,0.0,15.0,0.0,0.0,10.0,20.0,15.0
352,wave2,Risk-Neutral,2026-05-24,0.0,20.0,0.0,10.0,0.0,30.0,10.0,10.0,0.0,0.0,0.0,0.0,15.0,0.0,0.0,0.0,0.0,0.0,0.0,0.0,0.0,0.0,0.0,5.0,0.0
60,wave2,Risk-Neutral,2026-05-24,0.0,0.0,0.0,10.0,0.0,30.0,0.0,0.0,0.0,10.0,0.0,10.0,10.0,0.0,0.0,20.0,0.0,0.0,0.0,0.0,0.0,0.0,0.0,10.0,0.0
791,wave2,Extremely Risk-Averse,2026-05-24,25.0,20.0,15.0,10.0,0.0,10.0,0.0,0.0,0.0,10.0,10.0,0.0,0.0,0.0,0.0,0.0,0.0,0.0,0.0,0.0,0.0,0.0,0.0,0.0,0.0
2349,wave2,Somewhat Risk-Averse,2026-05-24,30.0,20.0,0.0,10.0,0.0,20.0,0.0,0.0,0.0,10.0,0.0,0.0,10.0,0.0,0.0,0.0,0.0,0.0,0.0,0.0,0.0,0.0,0.0,0.0,0.0
929,wave2,Extremely Risk-Averse,2026-05-24,0.0,0.0,35.0,30.0,0.0,10.0,0.0,0.0,0.0,15.0,10.0,0.0,0.0,0.0,0.0,0.0,0.0,0.0,0.0,0.0,0.0,0.0,0.0,0.0,0.0
214,wave2,Somewhat Risk-Averse,2026-05-24,20.0,15.0,10.0,10.0,0.0,25.0,0.0,0.0,0.0,10.0,10.0,0.0,0.0,0.0,0.0,0.0,0.0,0.0,0.0,0.0,0.0,0.0,0.0,0.0,0.0
1124,wave2,Extremely Risk-Averse,2026-05-24,35.0,0.0,0.0,15.0,0.0,10.0,0.0,0.0,0.0,10.0,0.0,0.0,0.0,0.0,0.0,15.0,0.0,0.0,0.0,0.0,0.0,0.0,0.0,15.0,0.0
2036,wave2,Somewhat Risk-Averse,2026-05-24,25.0,15.0,0.0,10.0,0.0,20.0,0.0,0.0,0.0,15.0,15.0,0.0,0.0,0.0,0.0,0.0,0.0,0.0,0.0,0.0,0.0,0.0,0.0,0.0,0.0
1349,wave2,Risk-Neutral,2026-05-24,0.0,0.0,10.0,10.0,0.0,25.0,15.0,0.0,0.0,0.0,0.0,20.0,0.0,0.0,0.0,0.0,0.0,0.0,0.0,0.0,20.0,0.0,0.0,0.0,0.0
1315,wave2,Somewhat Risk-Averse,2026-05-24,15.0,15.0,0.0,20.0,0.0,10.0,0.0,0.0,0.0,15.0,15.0,0.0,10.0,0.0,0.0,0.0,0.0,0.0,0.0,0.0,0.0,0.0,0.0,0.0,0.0
1156,wave2,Default,2026-05-24,0.0,0.0,10.0,0.0,20.0,0.0,0.0,15.0,0.0,0.0,15.0,0.0,0.0,0.0,0.0,0.0,15.0,0.0,15.0,0.0,0.0,10.0,0.0,0.0,0.0
2372,wave2,Risk-Neutral,2026-05-24,0.0,20.0,0.0,10.0,0.0,30.0,15.0,0.0,0.0,0.0,0.0,0.0,15.0,5.0,0.0,0.0,0.0,0.0,0.0,0.0,0.0,0.0,0.0,5.0,0.0
2272,wave2,Risk-Neutral,2026-05-24,0.0,15.0,10.0,10.0,0.0,20.0,10.0,10.0,0.0,0.0,0.0,10.0,10.0,0.0,0.0,0.0,0.0,0.0,0.0,0.0,0.0,0.0,0.0,5.0,0.0
36,wave2,Extremely Risk-Averse,2026-05-24,25.0,20.0,15.0,10.0,0.0,0.0,0.0,0.0,0.0,15.0,0.0,5.0,5.0,5.0,0.0,0.0,0.0,0.0,0.0,0.0,0.0,0.0,0.0,0.0,0.0
1309,wave2,Extremely Risk-Averse,2026-05-24,35.0,25.0,15.0,10.0,0.0,0.0,0.0,0.0,0.0,10.0,5.0,0.0,0.0,0.0,0.0,0.0,0.0,0.0,0.0,0.0,0.0,0.0,0.0,0.0,0.0
1090,wave2,Extremely Risk-Seeking,2026-05-24,0.0,0.0,0.0,0.0,0.0,0.0,0.0,0.0,0.0,0.0,0.0,0.0,0.0,0.0,0.0,25.0,15.0,0.0,0.0,15.0,0.0,0.0,0.0,25.0,20.0
1768,wave2,Somewhat Risk-Seeking,2026-05-24,0.0,0.0,0.0,0.0,0.0,0.0,0.0,0.0,0.0,0.0,0.0,0.0,0.0,0.0,0.0,25.0,15.0,0.0,0.0,15.0,0.0,0.0,10.0,20.0,15.0
545,wave2,Extremely Risk-Averse,2026-05-24,30.0,20.0,0.0,15.0,0.0,10.0,0.0,0.0,0.0,15.0,10.0,0.0,0.0,0.0,0.0,0.0,0.0,0.0,0.0,0.0,0.0,0.0,0.0,0.0,0.0
2073,wave2,Extremely Risk-Averse,2026-05-24,30.0,0.0,20.0,10.0,0.0,20.0,10.0,0.0,10.0,0.0,0.0,0.0,0.0,0.0,0.0,0.0,0.0,0.0,0.0,0.0,0.0,0.0,0.0,0.0,0.0
1465,wave2,Extremely Risk-Seeking,2026-05-24,0.0,0.0,0.0,0.0,0.0,0.0,0.0,0.0,0.0,0.0,0.0,0.0,0.0,0.0,0.0,35.0,20.0,0.0,0.0,0.0,0.0,0.0,5.0,25.0,15.0
97,wave2,Risk-Neutral,2026-05-24,0.0,15.0,0.0,10.0,0.0,25.0,10.0,0.0,0.0,10.0,0.0,0.0,10.0,10.0,0.0,0.0,0.0,0.0,0.0,0.0,0.0,0.0,0.0,10.0,0.0
847,wave2,Extremely Risk-Averse,2026-05-24,30.0,20.0,15.0,10.0,0.0,15.0,0.0,0.0,0.0,10.0,0.0,0.0,0.0,0.0,0.0,0.0,0.0,0.0,0.0,0.0,0.0,0.0,0.0,0.0,0.0
561,wave2,Extremely Risk-Averse,2026-05-24,30.0,20.0,0.0,10.0,0.0,10.0,0.0,0.0,0.0,15.0,15.0,0.0,0.0,0.0,0.0,0.0,0.0,0.0,0.0,0.0,0.0,0.0,0.0,0.0,0.0
1686,wave2,Somewhat Risk-Seeking,2026-05-24,0.0,0.0,0.0,0.0,0.0,10.0,0.0,0.0,0.0,0.0,0.0,0.0,0.0,0.0,15.0,25.0,15.0,5.0,0.0,0.0,0.0,0.0,0.0,20.0,10.0
1165,wave2,Somewhat Risk-Seeking,2026-05-24,0.0,0.0,0.0,0.0,0.0,15.0,0.0,0.0,10.0,0.0,0.0,15.0,0.0,0.0,0.0,15.0,10.0,0.0,10.0,0.0,0.0,0.0,0.0,15.0,10.0
122,wave2,Extremely Risk-Seeking,2026-05-24,0.0,0.0,0.0,0.0,0.0,0.0,0.0,0.0,0.0,0.0,0.0,0.0,0.0,0.0,0.0,25.0,15.0,0.0,0.0,15.0,0.0,0.0,0.0,25.0,20.0
636,wave2,Somewhat Risk-Seeking,2026-05-24,0.0,0.0,0.0,0.0,0.0,0.0,0.0,0.0,0.0,0.0,0.0,0.0,0.0,0.0,0.0,20.0,0.0,15.0,15.0,0.0,0.0,15.0,0.0,20.0,15.0
704,wave2,Somewhat Risk-Seeking,2026-05-24,0.0,0.0,0.0,0.0,0.0,0.0,0.0,0.0,0.0,0.0,0.0,0.0,0.0,0.0,0.0,20.0,15.0,15.0,0.0,15.0,0.0,0.0,0.0,20.0,15.0
942,wave2,Extremely Risk-Seeking,2026-05-24,0.0,0.0,0.0,0.0,0.0,0.0,0.0,0.0,0.0,0.0,0.0,0.0,0.0,0.0,0.0,25.0,20.0,0.0,0.0,10.0,0.0,0.0,5.0,25.0,15.0
2030,wave2,Extremely Risk-Averse,2026-05-24,40.0,20.0,0.0,10.0,0.0,10.0,0.0,0.0,0.0,10.0,10.0,0.0,0.0,0.0,0.0,0.0,0.0,0.0,0.0,0.0,0.0,0.0,0.0,0.0,0.0
189,wave2,Risk-Neutral,2026-05-24,0.0,20.0,0.0,15.0,0.0,30.0,0.0,10.0,0.0,0.0,0.0,0.0,15.0,0.0,0.0,0.0,0.0,0.0,0.0,0.0,0.0,0.0,0.0,10.0,0.0
2050,wave2,Somewhat Risk-Seeking,2026-05-24,0.0,0.0,0.0,0.0,20.0,0.0,0.0,0.0,0.0,0.0,0.0,0.0,0.0,30.0,0.0,0.0,20.0,15.0,0.0,0.0,0.0,15.0,0.0,0.0,0.0
1873,wave2,Somewhat Risk-Averse,2026-05-24,20.0,10.0,10.0,15.0,0.0,25.0,0.0,0.0,0.0,10.0,10.0,0.0,0.0,0.0,0.0,0.0,0.0,0.0,0.0,0.0,0.0,0.0,0.0,0.0,0.0
2169,wave2,Risk-Neutral,2026-05-24,0.0,10.0,10.0,5.0,5.0,30.0,5.0,0.0,10.0,0.0,0.0,0.0,10.0,5.0,0.0,0.0,0.0,0.0,0.0,0.0,5.0,0.0,0.0,5.0,0.0
1172,wave2,Extremely Risk-Seeking,2026-05-24,0.0,0.0,0.0,0.0,0.0,0.0,0.0,0.0,0.0,0.0,0.0,0.0,0.0,0.0,0.0,25.0,15.0,0.0,0.0,10.0,0.0,0.0,10.0,25.0,15.0
1558,wave2,Somewhat Risk-Seeking,2026-05-24,0.0,0.0,0.0,0.0,0.0,0.0,0.0,0.0,0.0,0.0,0.0,0.0,0.0,5.0,0.0,20.0,20.0,10.0,0.0,10.0,0.0,0.0,0.0,20.0,15.0
1417,wave2,Default,2026-05-24,0.0,15.0,0.0,15.0,10.0,25.0,0.0,5.0,0.0,0.0,0.0,0.0,0.0,10.0,0.0,10.0,0.0,0.0,0.0,0.0,5.0,0.0,0.0,5.0,0.0
350,wave2,Default,2026-05-24,0.0,0.0,0.0,0.0,0.0,0.0,0.0,0.0,0.0,0.0,0.0,0.0,0.0,0.0,0.0,30.0,15.0,0.0,0.0,15.0,0.0,0.0,0.0,25.0,15.0
1904,wave2,Risk-Neutral,2026-05-24,0.0,15.0,10.0,10.0,5.0,20.0,5.0,5.0,0.0,5.0,0.0,5.0,5.0,0.0,5.0,5.0,0.0,0.0,0.0,0.0,0.0,0.0,0.0,5.0,0.0
721,wave2,Risk-Neutral,2026-05-24,0.0,15.0,0.0,10.0,0.0,25.0,0.0,0.0,10.0,10.0,0.0,5.0,5.0,10.0,0.0,10.0,0.0,0.0,0.0,0.0,0.0,0.0,0.0,0.0,0.0
2255,wave2,Extremely Risk-Averse,2026-05-24,25.0,20.0,15.0,10.0,0.0,10.0,0.0,0.0,0.0,10.0,10.0,0.0,0.0,0.0,0.0,0.0,0.0,0.0,0.0,0.0,0.0,0.0,0.0,0.0,0.0
2405,wave2,Extremely Risk-Seeking,2026-05-24,0.0,0.0,0.0,0.0,0.0,0.0,0.0,0.0,0.0,0.0,0.0,0.0,0.0,0.0,0.0,20.0,20.0,0.0,15.0,0.0,0.0,0.0,0.0,25.0,20.0
355,wave2,Default,2026-05-24,15.0,0.0,0.0,10.0,0.0,30.0,0.0,0.0,0.0,0.0,0.0,15.0,15.0,0.0,0.0,0.0,5.0,0.0,0.0,0.0,0.0,0.0,0.0,10.0,0.0
116,wave2,Risk-Neutral,2026-05-24,0.0,15.0,10.0,10.0,0.0,25.0,10.0,0.0,0.0,5.0,0.0,0.0,10.0,0.0,0.0,10.0,0.0,0.0,0.0,0.0,0.0,0.0,0.0,5.0,0.0
694,wave2,Extremely Risk-Seeking,2026-05-24,0.0,20.0,15.0,0.0,0.0,15.0,0.0,0.0,0.0,5.0,5.0,0.0,0.0,0.0,0.0,20.0,0.0,0.0,0.0,0.0,0.0,0.0,0.0,20.0,0.0
814,wave2,Extremely Risk-Averse,2026-05-24,35.0,25.0,0.0,15.0,0.0,0.0,0.0,0.0,0.0,15.0,10.0,0.0,0.0,0.0,0.0,0.0,0.0,0.0,0.0,0.0,0.0,0.0,0.0,0.0,0.0
1929,wave2,Extremely Risk-Averse,2026-05-24,30.0,20.0,5.0,15.0,0.0,10.0,0.0,0.0,0.0,10.0,10.0,0.0,0.0,0.0,0.0,0.0,0.0,0.0,0.0,0.0,0.0,0.0,0.0,0.0,0.0
618,wave2,Somewhat Risk-Seeking,2026-05-24,0.0,0.0,0.0,0.0,0.0,0.0,0.0,0.0,0.0,0.0,0.0,0.0,0.0,10.0,0.0,25.0,15.0,0.0,0.0,15.0,0.0,0.0,0.0,20.0,15.0
2099,wave2,Somewhat Risk-Seeking,2026-05-24,0.0,0.0,0.0,0.0,0.0,0.0,0.0,0.0,0.0,5.0,5.0,0.0,0.0,20.0,0.0,25.0,15.0,10.0,0.0,0.0,0.0,0.0,0.0,20.0,0.0
1523,wave2,Somewhat Risk-Seeking,2026-05-24,0.0,0.0,0.0,0.0,0.0,0.0,0.0,0.0,0.0,0.0,0.0,0.0,0.0,0.0,0.0,25.0,15.0,10.0,0.0,0.0,0.0,0.0,10.0,20.0,20.0
1048,wave2,Extremely Risk-Averse,2026-05-24,30.0,20.0,15.0,10.0,0.0,5.0,0.0,0.0,0.0,10.0,10.0,0.0,0.0,0.0,0.0,0.0,0.0,0.0,0.0,0.0,0.0,0.0,0.0,0.0,0.0
1931,wave2,Default,2026-05-24,0.0,0.0,0.0,10.0,10.0,25.0,0.0,0.0,0.0,15.0,0.0,0.0,0.0,0.0,10.0,0.0,0.0,0.0,0.0,20.0,0.0,0.0,0.0,10.0,0.0
689,wave2,Default,2026-05-24,15.0,0.0,0.0,10.0,0.0,30.0,15.0,0.0,0.0,0.0,10.0,10.0,10.0,0.0,0.0,0.0,0.0,0.0,0.0,0.0,0.0,0.0,0.0,0.0,0.0
633,wave2,Extremely Risk-Averse,2026-05-24,30.0,20.0,0.0,15.0,0.0,10.0,0.0,0.0,0.0,15.0,10.0,0.0,0.0,0.0,0.0,0.0,0.0,0.0,0.0,0.0,0.0,0.0,0.0,0.0,0.0
2,wave2,Somewhat Risk-Seeking,2026-05-24,0.0,0.0,0.0,0.0,0.0,0.0,0.0,0.0,0.0,0.0,0.0,0.0,0.0,20.0,0.0,0.0,0.0,20.0,15.0,0.0,15.0,0.0,15.0,0.0,15.0
1100,wave2,Extremely Risk-Averse,2026-05-24,30.0,25.0,15.0,10.0,0.0,0.0,0.0,0.0,0.0,10.0,10.0,0.0,0.0,0.0,0.0,0.0,0.0,0.0,0.0,0.0,0.0,0.0,0.0,0.0,0.0
1825,wave2,Somewhat Risk-Seeking,2026-05-24,0.0,0.0,0.0,0.0,0.0,40.0,10.0,10.0,10.0,0.0,0.0,15.0,0.0,0.0,0.0,15.0,0.0,0.0,0.0,0.0,0.0,0.0,0.0,0.0,0.0
78,wave2,Somewhat Risk-Averse,2026-05-24,20.0,10.0,0.0,10.0,0.0,30.0,0.0,0.0,0.0,0.0,0.0,0.0,15.0,0.0,0.0,10.0,0.0,0.0,0.0,0.0,0.0,0.0,0.0,5.0,0.0
917,wave2,Default,2026-05-24,10.0,0.0,0.0,10.0,0.0,20.0,10.0,10.0,0.0,0.0,0.0,0.0,10.0,10.0,0.0,10.0,0.0,0.0,0.0,0.0,0.0,0.0,0.0,10.0,0.0
437,wave2,Default,2026-05-24,0.0,0.0,0.0,0.0,0.0,40.0,0.0,0.0,0.0,0.0,0.0,0.0,0.0,0.0,0.0,20.0,10.0,0.0,0.0,10.0,0.0,0.0,0.0,10.0,10.0
1567,wave2,Extremely Risk-Seeking,2026-05-24,0.0,0.0,0.0,0.0,0.0,0.0,0.0,0.0,0.0,0.0,0.0,0.0,0.0,0.0,0.0,30.0,0.0,10.0,0.0,0.0,0.0,10.0,0.0,30.0,20.0
2104,wave2,Extremely Risk-Seeking,2026-05-24,0.0,0.0,0.0,0.0,0.0,0.0,0.0,0.0,0.0,0.0,0.0,0.0,0.0,0.0,0.0,30.0,10.0,0.0,0.0,5.0,0.0,0.0,15.0,25.0,15.0
38,wave2,Risk-Neutral,2026-05-24,0.0,20.0,5.0,10.0,0.0,30.0,10.0,0.0,0.0,0.0,0.0,10.0,10.0,0.0,0.0,0.0,0.0,0.0,0.0,0.0,0.0,0.0,0.0,5.0,0.0
1531,wave2,Extremely Risk-Seeking,2026-05-24,0.0,0.0,0.0,0.0,0.0,0.0,0.0,0.0,0.0,0.0,0.0,0.0,0.0,0.0,0.0,25.0,20.0,0.0,0.0,10.0,0.0,0.0,10.0,20.0,15.0
2279,wave2,Extremely Risk-Seeking,2026-05-24,0.0,0.0,0.0,0.0,0.0,0.0,0.0,0.0,0.0,0.0,0.0,0.0,0.0,0.0,0.0,25.0,15.0,0.0,0.0,15.0,0.0,0.0,0.0,25.0,20.0
576,wave2,Somewhat Risk-Averse,2026-05-24,30.0,20.0,0.0,10.0,0.0,20.0,0.0,0.0,0.0,10.0,10.0,0.0,0.0,0.0,0.0,0.0,0.0,0.0,0.0,0.0,0.0,0.0,0.0,0.0,0.0
1464,wave2,Risk-Neutral,2026-05-24,10.0,10.0,5.0,10.0,0.0,20.0,10.0,0.0,0.0,0.0,0.0,10.0,10.0,0.0,0.0,0.0,5.0,0.0,0.0,0.0,0.0,0.0,0.0,10.0,0.0
1386,wave2,Extremely Risk-Seeking,2026-05-24,0.0,0.0,0.0,0.0,0.0,0.0,0.0,0.0,0.0,0.0,0.0,0.0,0.0,0.0,0.0,20.0,15.0,0.0,0.0,10.0,0.0,0.0,10.0,25.0,20.0
1730,wave2,Somewhat Risk-Averse,2026-05-24,0.0,20.0,0.0,10.0,0.0,25.0,0.0,0.0,0.0,15.0,0.0,0.0,0.0,0.0,15.0,10.0,0.0,0.0,0.0,0.0,0.0,0.0,0.0,5.0,0.0
325,wave2,Somewhat Risk-Averse,2026-05-24,15.0,20.0,0.0,15.0,15.0,0.0,0.0,0.0,0.0,20.0,15.0,0.0,0.0,0.0,0.0,0.0,0.0,0.0,0.0,0.0,0.0,0.0,0.0,0.0,0.0
1045,wave2,Extremely Risk-Averse,2026-05-24,20.0,20.0,15.0,10.0,0.0,15.0,0.0,0.0,0.0,10.0,10.0,0.0,0.0,0.0,0.0,0.0,0.0,0.0,0.0,0.0,0.0,0.0,0.0,0.0,0.0
426,wave2,Extremely Risk-Seeking,2026-05-24,0.0,0.0,0.0,0.0,0.0,0.0,0.0,0.0,0.0,0.0,0.0,0.0,0.0,0.0,0.0,0.0,10.0,10.0,0.0,0.0,0.0,25.0,20.0,0.0,35.0
1610,wave2,Somewhat Risk-Seeking,2026-05-24,0.0,0.0,0.0,15.0,0.0,10.0,0.0,30.0,0.0,0.0,0.0,0.0,0.0,0.0,0.0,10.0,0.0,0.0,0.0,20.0,0.0,0.0,0.0,15.0,0.0
236,wave2,Risk-Neutral,2026-05-24,0.0,15.0,10.0,10.0,0.0,35.0,0.0,0.0,10.0,0.0,0.0,20.0,0.0,0.0,0.0,0.0,0.0,0.0,0.0,0.0,0.0,0.0,0.0,0.0,0.0
1484,wave2,Somewhat Risk-Seeking,2026-05-24,0.0,0.0,0.0,0.0,0.0,0.0,0.0,0.0,0.0,0.0,0.0,0.0,0.0,0.0,0.0,20.0,15.0,10.0,0.0,10.0,10.0,0.0,0.0,20.0,15.0
1220,wave2,Extremely Risk-Seeking,2026-05-24,0.0,0.0,0.0,0.0,0.0,0.0,0.0,0.0,0.0,0.0,0.0,0.0,0.0,0.0,0.0,25.0,20.0,0.0,0.0,10.0,0.0,0.0,10.0,20.0,15.0
247,wave2,Somewhat Risk-Averse,2026-05-24,20.0,15.0,0.0,15.0,0.0,20.0,0.0,0.0,0.0,0.0,0.0,10.0,10.0,0.0,0.0,10.0,0.0,0.0,0.0,0.0,0.0,0.0,0.0,0.0,0.0
1439,wave2,Extremely Risk-Seeking,2026-05-24,0.0,0.0,0.0,0.0,0.0,0.0,0.0,0.0,0.0,0.0,0.0,0.0,0.0,0.0,0.0,40.0,20.0,15.0,0.0,0.0,10.0,0.0,15.0,0.0,0.0
1890,wave2,Somewhat Risk-Averse,2026-05-24,20.0,15.0,10.0,15.0,0.0,15.0,0.0,0.0,0.0,10.0,10.0,5.0,0.0,0.0,0.0,0.0,0.0,0.0,0.0,0.0,0.0,0.0,0.0,0.0,0.0
1565,wave2,Extremely Risk-Seeking,2026-05-24,0.0,0.0,0.0,0.0,0.0,0.0,0.0,0.0,0.0,0.0,0.0,0.0,0.0,0.0,0.0,25.0,10.0,0.0,0.0,15.0,0.0,0.0,10.0,25.0,15.0
397,wave2,Somewhat Risk-Averse,2026-05-24,25.0,15.0,10.0,10.0,0.0,15.0,0.0,0.0,0.0,10.0,10.0,5.0,0.0,0.0,0.0,0.0,0.0,0.0,0.0,0.0,0.0,0.0,0.0,0.0,0.0
730,wave2,Risk-Neutral,2026-05-24,0.0,15.0,0.0,15.0,0.0,25.0,15.0,0.0,0.0,0.0,0.0,10.0,10.0,10.0,0.0,0.0,0.0,0.0,0.0,0.0,0.0,0.0,0.0,0.0,0.0
1337,wave2,Somewhat Risk-Seeking,2026-05-24,0.0,0.0,0.0,0.0,0.0,20.0,0.0,0.0,0.0,0.0,0.0,0.0,0.0,0.0,0.0,20.0,15.0,10.0,0.0,0.0,0.0,0.0,10.0,15.0,10.0
627,wave2,Risk-Neutral,2026-05-24,10.0,10.0,10.0,5.0,0.0,30.0,10.0,0.0,0.0,0.0,0.0,5.0,5.0,5.0,0.0,10.0,0.0,0.0,0.0,0.0,0.0,0.0,0.0,0.0,0.0
345,wave2,Extremely Risk-Seeking,2026-05-24,0.0,0.0,0.0,0.0,0.0,0.0,0.0,0.0,0.0,0.0,0.0,0.0,0.0,0.0,0.0,25.0,15.0,0.0,10.0,10.0,0.0,0.0,0.0,25.0,15.0
1901,wave2,Somewhat Risk-Averse,2026-05-24,20.0,20.0,0.0,15.0,0.0,20.0,0.0,0.0,0.0,10.0,0.0,0.0,0.0,0.0,5.0,5.0,0.0,0.0,0.0,0.0,0.0,0.0,0.0,5.0,0.0
1122,wave2,Somewhat Risk-Averse,2026-05-24,25.0,15.0,0.0,10.0,40.0,0.0,0.0,0.0,0.0,10.0,0.0,0.0,0.0,0.0,0.0,0.0,0.0,0.0,0.0,0.0,0.0,0.0,0.0,0.0,0.0
1964,wave2,Extremely Risk-Seeking,2026-05-24,0.0,0.0,0.0,0.0,0.0,0.0,0.0,0.0,0.0,0.0,0.0,40.0,0.0,0.0,0.0,40.0,0.0,0.0,0.0,0.0,0.0,5.0,5.0,10.0,0.0
1384,wave2,Somewhat Risk-Averse,2026-05-24,20.0,15.0,10.0,15.0,5.0,10.0,0.0,0.0,0.0,15.0,0.0,5.0,5.0,0.0,0.0,0.0,0.0,0.0,0.0,0.0,0.0,0.0,0.0,0.0,0.0
882,wave2,Extremely Risk-Seeking,2026-05-24,0.0,0.0,0.0,0.0,0.0,0.0,0.0,0.0,0.0,0.0,0.0,0.0,0.0,0.0,0.0,20.0,0.0,15.0,0.0,0.0,10.0,0.0,15.0,25.0,15.0
1977,wave2,Extremely Risk-Seeking,2026-05-24,0.0,0.0,0.0,0.0,0.0,0.0,0.0,0.0,0.0,0.0,0.0,0.0,0.0,0.0,0.0,20.0,0.0,20.0,0.0,0.0,0.0,0.0,20.0,25.0,15.0
126,wave2,Extremely Risk-Averse,2026-05-24,0.0,0.0,40.0,30.0,0.0,10.0,5.0,0.0,0.0,0.0,0.0,5.0,5.0,0.0,0.0,0.0,0.0,0.0,0.0,0.0,0.0,0.0,0.0,5.0,0.0
1585,wave2,Extremely Risk-Seeking,2026-05-24,0.0,0.0,0.0,0.0,0.0,0.0,0.0,0.0,0.0,0.0,0.0,0.0,0.0,0.0,0.0,30.0,0.0,0.0,10.0,0.0,0.0,15.0,10.0,20.0,15.0
1348,wave2,Risk-Neutral,2026-05-24,0.0,10.0,5.0,10.0,0.0,25.0,5.0,5.0,0.0,10.0,0.0,5.0,10.0,0.0,0.0,5.0,0.0,0.0,0.0,0.0,0.0,0.0,0.0,5.0,5.0
2237,wave2,Extremely Risk-Averse,2026-05-24,40.0,30.0,10.0,0.0,0.0,0.0,0.0,10.0,0.0,0.0,0.0,0.0,0.0,0.0,0.0,0.0,0.0,0.0,0.0,0.0,10.0,0.0,0.0,0.0,0.0
880,wave2,Somewhat Risk-Seeking,2026-05-24,0.0,0.0,0.0,0.0,0.0,0.0,0.0,0.0,0.0,0.0,0.0,0.0,0.0,0.0,0.0,30.0,20.0,10.0,0.0,20.0,10.0,0.0,10.0,0.0,0.0
2224,wave2,Somewhat Risk-Seeking,2026-05-24,0.0,0.0,0.0,0.0,0.0,0.0,0.0,0.0,10.0,0.0,0.0,0.0,0.0,0.0,0.0,15.0,0.0,0.0,0.0,35.0,0.0,0.0,0.0,25.0,15.0
1256,wave2,Risk-Neutral,2026-05-24,15.0,10.0,0.0,5.0,0.0,20.0,10.0,10.0,0.0,0.0,0.0,0.0,0.0,0.0,10.0,15.0,0.0,0.0,0.0,0.0,0.0,0.0,0.0,5.0,0.0
128,wave2,Default,2026-05-24,0.0,10.0,0.0,5.0,10.0,20.0,0.0,10.0,0.0,5.0,0.0,0.0,0.0,5.0,10.0,10.0,0.0,0.0,0.0,0.0,0.0,5.0,0.0,5.0,5.0
603,wave2,Risk-Neutral,2026-05-24,0.0,15.0,10.0,10.0,0.0,25.0,10.0,0.0,0.0,0.0,0.0,0.0,10.0,0.0,0.0,10.0,0.0,0.0,0.0,0.0,0.0,0.0,0.0,10.0,0.0
1049,wave2,Risk-Neutral,2026-05-23,0.0,15.0,10.0,0.0,5.0,25.0,0.0,10.0,10.0,0.0,0.0,5.0,10.0,0.0,10.0,0.0,0.0,0.0,0.0,0.0,0.0,0.0,0.0,0.0,0.0
20,wave2,Extremely Risk-Seeking,2026-05-23,0.0,0.0,0.0,0.0,0.0,0.0,0.0,0.0,0.0,0.0,0.0,0.0,0.0,0.0,0.0,15.0,0.0,0.0,0.0,15.0,0.0,10.0,10.0,30.0,20.0
1504,wave2,Extremely Risk-Averse,2026-05-23,40.0,20.0,0.0,15.0,0.0,5.0,0.0,0.0,0.0,10.0,10.0,0.0,0.0,0.0,0.0,0.0,0.0,0.0,0.0,0.0,0.0,0.0,0.0,0.0,0.0
1930,wave2,Extremely Risk-Seeking,2026-05-23,0.0,0.0,0.0,0.0,0.0,0.0,0.0,0.0,0.0,0.0,0.0,0.0,0.0,0.0,0.0,20.0,15.0,0.0,15.0,0.0,0.0,0.0,10.0,25.0,15.0
1078,wave2,Somewhat Risk-Averse,2026-05-23,20.0,20.0,10.0,15.0,0.0,0.0,0.0,0.0,0.0,15.0,10.0,0.0,10.0,0.0,0.0,0.0,0.0,0.0,0.0,0.0,0.0,0.0,0.0,0.0,0.0
793,wave2,Extremely Risk-Seeking,2026-05-23,0.0,0.0,0.0,0.0,0.0,0.0,0.0,20.0,0.0,0.0,0.0,0.0,0.0,0.0,0.0,20.0,10.0,0.0,0.0,10.0,0.0,0.0,0.0,25.0,15.0
1336,wave2,Extremely Risk-Averse,2026-05-23,40.0,20.0,10.0,10.0,0.0,0.0,0.0,0.0,0.0,10.0,10.0,0.0,0.0,0.0,0.0,0.0,0.0,0.0,0.0,0.0,0.0,0.0,0.0,0.0,0.0
724,wave2,Default,2026-05-23,0.0,20.0,10.0,15.0,0.0,25.0,10.0,0.0,0.0,0.0,0.0,0.0,10.0,10.0,0.0,0.0,0.0,0.0,0.0,0.0,0.0,0.0,0.0,0.0,0.0
1829,wave2,Extremely Risk-Seeking,2026-05-23,0.0,0.0,0.0,10.0,0.0,0.0,0.0,0.0,0.0,0.0,0.0,0.0,0.0,0.0,0.0,40.0,15.0,0.0,0.0,0.0,0.0,0.0,0.0,25.0,10.0
951,wave2,Extremely Risk-Averse,2026-05-23,40.0,20.0,0.0,10.0,0.0,10.0,0.0,0.0,0.0,10.0,10.0,0.0,0.0,0.0,0.0,0.0,0.0,0.0,0.0,0.0,0.0,0.0,0.0,0.0,0.0
1622,wave2,Somewhat Risk-Seeking,2026-05-23,0.0,0.0,0.0,0.0,0.0,0.0,0.0,0.0,0.0,0.0,0.0,0.0,0.0,0.0,0.0,20.0,15.0,10.0,10.0,15.0,0.0,0.0,0.0,20.0,10.0
642,wave2,Extremely Risk-Seeking,2026-05-23,0.0,0.0,0.0,0.0,0.0,0.0,0.0,0.0,0.0,0.0,0.0,0.0,0.0,0.0,0.0,20.0,15.0,0.0,0.0,10.0,0.0,10.0,10.0,20.0,15.0
803,wave2,Default,2026-05-23,0.0,15.0,0.0,20.0,0.0,25.0,10.0,0.0,0.0,10.0,0.0,0.0,10.0,0.0,0.0,0.0,0.0,0.0,0.0,0.0,0.0,0.0,0.0,10.0,0.0
1658,wave2,Extremely Risk-Averse,2026-05-23,35.0,20.0,10.0,10.0,0.0,10.0,0.0,0.0,0.0,10.0,0.0,0.0,5.0,0.0,0.0,0.0,0.0,0.0,0.0,0.0,0.0,0.0,0.0,0.0,0.0
1177,wave2,Somewhat Risk-Seeking,2026-05-23,0.0,0.0,0.0,0.0,0.0,0.0,0.0,0.0,0.0,0.0,0.0,0.0,0.0,15.0,15.0,25.0,15.0,15.0,0.0,15.0,0.0,0.0,0.0,0.0,0.0
1479,wave2,Somewhat Risk-Averse,2026-05-23,20.0,15.0,0.0,10.0,0.0,15.0,5.0,0.0,0.0,15.0,10.0,0.0,5.0,0.0,0.0,5.0,0.0,0.0,0.0,0.0,0.0,0.0,0.0,0.0,0.0
1714,wave2,Extremely Risk-Averse,2026-05-23,40.0,20.0,0.0,10.0,0.0,10.0,0.0,0.0,0.0,10.0,10.0,0.0,0.0,0.0,0.0,0.0,0.0,0.0,0.0,0.0,0.0,0.0,0.0,0.0,0.0
972,wave2,Extremely Risk-Averse,2026-05-23,40.0,20.0,0.0,15.0,0.0,0.0,0.0,0.0,0.0,15.0,10.0,0.0,0.0,0.0,0.0,0.0,0.0,0.0,0.0,0.0,0.0,0.0,0.0,0.0,0.0
1766,wave2,Somewhat Risk-Averse,2026-05-23,40.0,30.0,0.0,15.0,0.0,0.0,0.0,0.0,0.0,5.0,10.0,0.0,0.0,0.0,0.0,0.0,0.0,0.0,0.0,0.0,0.0,0.0,0.0,0.0,0.0
65,wave2,Extremely Risk-Seeking,2026-05-23,0.0,0.0,0.0,0.0,0.0,0.0,0.0,0.0,0.0,0.0,0.0,0.0,0.0,0.0,0.0,25.0,15.0,0.0,0.0,10.0,0.0,10.0,0.0,25.0,15.0
424,wave2,Risk-Neutral,2026-05-23,0.0,15.0,0.0,10.0,0.0,25.0,10.0,0.0,0.0,10.0,0.0,10.0,10.0,0.0,0.0,0.0,0.0,0.0,0.0,0.0,0.0,0.0,0.0,10.0,0.0
1354,wave2,Default,2026-05-23,20.0,0.0,10.0,10.0,0.0,25.0,10.0,0.0,0.0,0.0,0.0,0.0,15.0,0.0,0.0,10.0,0.0,0.0,0.0,0.0,0.0,0.0,0.0,0.0,0.0
1607,wave2,Risk-Neutral,2026-05-23,10.0,15.0,0.0,5.0,0.0,30.0,5.0,10.0,0.0,0.0,0.0,0.0,0.0,10.0,10.0,0.0,0.0,0.0,0.0,0.0,0.0,0.0,0.0,0.0,5.0
1118,wave2,Extremely Risk-Averse,2026-05-23,25.0,15.0,10.0,10.0,0.0,15.0,0.0,0.0,0.0,15.0,10.0,0.0,0.0,0.0,0.0,0.0,0.0,0.0,0.0,0.0,0.0,0.0,0.0,0.0,0.0
1952,wave2,Default,2026-05-23,20.0,0.0,0.0,10.0,0.0,35.0,10.0,0.0,0.0,0.0,0.0,0.0,15.0,0.0,0.0,10.0,0.0,0.0,0.0,0.0,0.0,0.0,0.0,0.0,0.0
1746,wave2,Somewhat Risk-Averse,2026-05-23,15.0,15.0,10.0,10.0,0.0,20.0,0.0,0.0,0.0,10.0,10.0,0.0,5.0,0.0,0.0,0.0,0.0,0.0,0.0,0.0,0.0,0.0,0.0,5.0,0.0
1308,wave2,Extremely Risk-Averse,2026-05-23,30.0,20.0,0.0,15.0,0.0,15.0,0.0,0.0,0.0,10.0,10.0,0.0,0.0,0.0,0.0,0.0,0.0,0.0,0.0,0.0,0.0,0.0,0.0,0.0,0.0
29,wave2,Risk-Neutral,2026-05-23,0.0,15.0,5.0,10.0,0.0,25.0,10.0,10.0,0.0,0.0,0.0,10.0,10.0,0.0,0.0,0.0,0.0,0.0,0.0,0.0,0.0,0.0,0.0,5.0,0.0
204,wave2,Somewhat Risk-Seeking,2026-05-23,0.0,0.0,0.0,0.0,0.0,0.0,0.0,0.0,0.0,0.0,0.0,0.0,0.0,0.0,0.0,30.0,20.0,0.0,10.0,15.0,0.0,0.0,0.0,15.0,10.0
1791,wave2,Extremely Risk-Averse,2026-05-23,0.0,20.0,15.0,10.0,0.0,40.0,0.0,0.0,0.0,0.0,0.0,0.0,15.0,0.0,0.0,0.0,0.0,0.0,0.0,0.0,0.0,0.0,0.0,0.0,0.0
1670,wave2,Extremely Risk-Seeking,2026-05-23,0.0,0.0,0.0,0.0,0.0,0.0,0.0,20.0,0.0,0.0,0.0,0.0,0.0,0.0,0.0,10.0,0.0,0.0,0.0,25.0,0.0,0.0,0.0,30.0,15.0
1108,wave2,Somewhat Risk-Averse,2026-05-23,15.0,0.0,0.0,15.0,0.0,25.0,0.0,0.0,0.0,15.0,0.0,15.0,15.0,0.0,0.0,0.0,0.0,0.0,0.0,0.0,0.0,0.0,0.0,0.0,0.0
802,wave2,Extremely Risk-Seeking,2026-05-23,0.0,0.0,0.0,0.0,0.0,0.0,0.0,0.0,0.0,0.0,0.0,0.0,0.0,0.0,0.0,30.0,15.0,0.0,0.0,10.0,0.0,10.0,0.0,20.0,15.0
1624,wave2,Risk-Neutral,2026-05-23,0.0,25.0,15.0,10.0,0.0,30.0,0.0,0.0,0.0,0.0,0.0,0.0,0.0,0.0,0.0,10.0,0.0,0.0,0.0,0.0,0.0,0.0,0.0,10.0,0.0
388,wave2,Extremely Risk-Averse,2026-05-23,35.0,20.0,15.0,10.0,0.0,0.0,0.0,0.0,0.0,10.0,10.0,0.0,0.0,0.0,0.0,0.0,0.0,0.0,0.0,0.0,0.0,0.0,0.0,0.0,0.0
399,wave2,Risk-Neutral,2026-05-23,10.0,10.0,5.0,5.0,5.0,20.0,0.0,5.0,0.0,5.0,0.0,10.0,10.0,0.0,0.0,5.0,0.0,0.0,0.0,0.0,0.0,0.0,0.0,5.0,5.0
1817,wave2,Extremely Risk-Seeking,2026-05-23,0.0,0.0,0.0,0.0,0.0,0.0,0.0,0.0,0.0,0.0,0.0,0.0,0.0,0.0,0.0,30.0,20.0,0.0,0.0,10.0,0.0,0.0,0.0,25.0,15.0
735,wave2,Extremely Risk-Averse,2026-05-23,30.0,20.0,0.0,10.0,0.0,10.0,0.0,0.0,0.0,15.0,15.0,0.0,0.0,0.0,0.0,0.0,0.0,0.0,0.0,0.0,0.0,0.0,0.0,0.0,0.0
213,wave2,Somewhat Risk-Seeking,2026-05-23,0.0,0.0,0.0,0.0,0.0,10.0,0.0,0.0,0.0,0.0,0.0,0.0,0.0,0.0,0.0,25.0,15.0,0.0,0.0,15.0,0.0,0.0,0.0,20.0,15.0
477,wave2,Somewhat Risk-Averse,2026-05-23,20.0,15.0,0.0,10.0,0.0,25.0,0.0,0.0,0.0,10.0,10.0,0.0,5.0,0.0,0.0,5.0,0.0,0.0,0.0,0.0,0.0,0.0,0.0,0.0,0.0
902,wave2,Extremely Risk-Averse,2026-05-23,35.0,20.0,15.0,10.0,0.0,0.0,0.0,0.0,0.0,10.0,10.0,0.0,0.0,0.0,0.0,0.0,0.0,0.0,0.0,0.0,0.0,0.0,0.0,0.0,0.0
973,wave2,Somewhat Risk-Seeking,2026-05-23,0.0,0.0,0.0,10.0,0.0,10.0,0.0,10.0,0.0,0.0,0.0,0.0,0.0,0.0,0.0,20.0,15.0,0.0,0.0,10.0,0.0,0.0,0.0,15.0,10.0
1955,wave2,Extremely Risk-Averse,2026-05-23,40.0,20.0,5.0,15.0,0.0,0.0,0.0,0.0,0.0,10.0,10.0,0.0,0.0,0.0,0.0,0.0,0.0,0.0,0.0,0.0,0.0,0.0,0.0,0.0,0.0
218,wave2,Default,2026-05-23,20.0,0.0,0.0,0.0,0.0,30.0,15.0,15.0,0.0,10.0,0.0,0.0,0.0,0.0,0.0,10.0,0.0,0.0,0.0,0.0,0.0,0.0,0.0,0.0,0.0
317,wave2,Somewhat Risk-Averse,2026-05-23,20.0,20.0,0.0,15.0,0.0,15.0,0.0,0.0,0.0,15.0,10.0,0.0,5.0,0.0,0.0,0.0,0.0,0.0,0.0,0.0,0.0,0.0,0.0,0.0,0.0
894,wave2,Extremely Risk-Averse,2026-05-23,30.0,30.0,0.0,15.0,0.0,0.0,0.0,10.0,0.0,15.0,0.0,0.0,0.0,0.0,0.0,0.0,0.0,0.0,0.0,0.0,0.0,0.0,0.0,0.0,0.0
830,wave2,Default,2026-05-23,0.0,10.0,0.0,10.0,0.0,25.0,10.0,0.0,0.0,5.0,0.0,0.0,10.0,10.0,10.0,10.0,0.0,0.0,0.0,0.0,0.0,0.0,0.0,0.0,0.0
2282,wave2,Somewhat Risk-Averse,2026-05-23,20.0,15.0,0.0,10.0,0.0,20.0,0.0,0.0,0.0,10.0,10.0,10.0,5.0,0.0,0.0,0.0,0.0,0.0,0.0,0.0,0.0,0.0,0.0,0.0,0.0
1781,wave2,Extremely Risk-Averse,2026-05-23,30.0,20.0,10.0,15.0,0.0,5.0,0.0,0.0,0.0,10.0,10.0,0.0,0.0,0.0,0.0,0.0,0.0,0.0,0.0,0.0,0.0,0.0,0.0,0.0,0.0
944,wave2,Somewhat Risk-Seeking,2026-05-23,0.0,0.0,0.0,0.0,0.0,10.0,0.0,0.0,0.0,0.0,0.0,0.0,0.0,0.0,0.0,25.0,15.0,0.0,0.0,15.0,0.0,0.0,0.0,20.0,15.0
2103,wave2,Extremely Risk-Seeking,2026-05-23,0.0,0.0,0.0,0.0,0.0,0.0,0.0,0.0,0.0,0.0,0.0,0.0,0.0,0.0,0.0,0.0,0.0,0.0,10.0,0.0,10.0,40.0,15.0,0.0,25.0
7,wave2,Extremely Risk-Averse,2026-05-23,30.0,25.0,15.0,10.0,0.0,0.0,0.0,0.0,0.0,15.0,5.0,0.0,0.0,0.0,0.0,0.0,0.0,0.0,0.0,0.0,0.0,0.0,0.0,0.0,0.0
1123,wave2,Extremely Risk-Averse,2026-05-23,30.0,20.0,15.0,10.0,0.0,5.0,0.0,0.0,0.0,10.0,10.0,0.0,0.0,0.0,0.0,0.0,0.0,0.0,0.0,0.0,0.0,0.0,0.0,0.0,0.0
578,wave2,Default,2026-05-23,20.0,0.0,0.0,15.0,0.0,25.0,10.0,0.0,0.0,10.0,0.0,0.0,15.0,5.0,0.0,0.0,0.0,0.0,0.0,0.0,0.0,0.0,0.0,0.0,0.0
2223,wave2,Risk-Neutral,2026-05-23,0.0,0.0,0.0,0.0,5.0,25.0,5.0,5.0,5.0,10.0,5.0,5.0,10.0,5.0,5.0,10.0,5.0,0.0,0.0,0.0,0.0,0.0,0.0,0.0,0.0
1623,wave2,Somewhat Risk-Seeking,2026-05-23,0.0,0.0,0.0,0.0,0.0,0.0,0.0,0.0,0.0,0.0,0.0,0.0,0.0,0.0,0.0,25.0,10.0,0.0,0.0,20.0,0.0,0.0,0.0,25.0,20.0
1456,wave2,Somewhat Risk-Seeking,2026-05-23,0.0,0.0,0.0,0.0,0.0,0.0,0.0,0.0,0.0,0.0,0.0,0.0,0.0,0.0,0.0,20.0,15.0,10.0,0.0,15.0,0.0,0.0,10.0,20.0,10.0
1462,wave2,Somewhat Risk-Seeking,2026-05-23,0.0,0.0,0.0,0.0,0.0,0.0,0.0,0.0,0.0,0.0,0.0,0.0,0.0,10.0,0.0,20.0,20.0,0.0,10.0,0.0,10.0,0.0,0.0,10.0,20.0
1351,wave2,Somewhat Risk-Averse,2026-05-23,30.0,20.0,0.0,15.0,0.0,20.0,0.0,0.0,0.0,0.0,0.0,5.0,0.0,10.0,0.0,0.0,0.0,0.0,0.0,0.0,0.0,0.0,0.0,0.0,0.0
1841,wave2,Extremely Risk-Seeking,2026-05-23,0.0,0.0,0.0,0.0,0.0,0.0,0.0,0.0,0.0,0.0,0.0,0.0,0.0,0.0,0.0,25.0,15.0,0.0,0.0,10.0,0.0,0.0,10.0,25.0,15.0
979,wave2,Default,2026-05-23,10.0,0.0,0.0,15.0,0.0,25.0,0.0,0.0,0.0,10.0,0.0,10.0,0.0,0.0,15.0,0.0,0.0,0.0,0.0,10.0,0.0,0.0,0.0,5.0,0.0
1111,wave2,Default,2026-05-23,10.0,0.0,0.0,10.0,0.0,15.0,10.0,5.0,0.0,10.0,0.0,10.0,0.0,10.0,10.0,10.0,0.0,0.0,0.0,0.0,0.0,0.0,0.0,0.0,0.0
1238,wave2,Risk-Neutral,2026-05-23,15.0,0.0,0.0,10.0,0.0,20.0,0.0,10.0,0.0,0.0,0.0,10.0,10.0,10.0,0.0,5.0,0.0,0.0,0.0,0.0,0.0,0.0,0.0,5.0,5.0
280,wave2,Somewhat Risk-Averse,2026-05-23,20.0,15.0,0.0,15.0,0.0,20.0,0.0,0.0,0.0,10.0,0.0,0.0,0.0,0.0,10.0,5.0,0.0,0.0,0.0,0.0,0.0,0.0,0.0,5.0,0.0
1732,wave2,Default,2026-05-23,0.0,0.0,0.0,0.0,0.0,0.0,0.0,0.0,0.0,0.0,0.0,0.0,0.0,0.0,0.0,30.0,10.0,0.0,0.0,0.0,0.0,0.0,10.0,30.0,20.0
1447,wave2,Risk-Neutral,2026-05-23,0.0,15.0,0.0,10.0,5.0,30.0,0.0,0.0,0.0,0.0,0.0,10.0,10.0,0.0,0.0,10.0,10.0,0.0,0.0,0.0,0.0,0.0,0.0,0.0,0.0
1096,wave2,Extremely Risk-Seeking,2026-05-23,0.0,0.0,0.0,0.0,0.0,0.0,0.0,0.0,0.0,0.0,0.0,0.0,0.0,0.0,0.0,25.0,10.0,0.0,0.0,10.0,0.0,0.0,0.0,35.0,20.0
2090,wave2,Risk-Neutral,2026-05-23,0.0,20.0,0.0,10.0,0.0,30.0,0.0,10.0,0.0,0.0,0.0,10.0,10.0,10.0,0.0,0.0,0.0,0.0,0.0,0.0,0.0,0.0,0.0,0.0,0.0
1767,wave2,Extremely Risk-Seeking,2026-05-23,0.0,0.0,0.0,0.0,0.0,0.0,0.0,0.0,0.0,0.0,0.0,0.0,15.0,0.0,15.0,30.0,10.0,0.0,0.0,0.0,0.0,0.0,0.0,20.0,10.0
1782,wave2,Default,2026-05-23,40.0,0.0,0.0,10.0,0.0,0.0,15.0,0.0,0.0,20.0,15.0,0.0,0.0,0.0,0.0,0.0,0.0,0.0,0.0,0.0,0.0,0.0,0.0,0.0,0.0
300,wave2,Somewhat Risk-Averse,2026-05-23,30.0,10.0,10.0,10.0,0.0,15.0,0.0,5.0,0.0,10.0,10.0,0.0,0.0,0.0,0.0,0.0,0.0,0.0,0.0,0.0,0.0,0.0,0.0,0.0,0.0
741,wave2,Risk-Neutral,2026-05-23,0.0,15.0,10.0,10.0,0.0,20.0,10.0,10.0,0.0,0.0,0.0,0.0,10.0,10.0,0.0,0.0,0.0,0.0,0.0,0.0,0.0,0.0,0.0,5.0,0.0
509,wave2,Extremely Risk-Seeking,2026-05-23,0.0,0.0,0.0,0.0,0.0,0.0,0.0,0.0,0.0,0.0,0.0,0.0,0.0,0.0,0.0,25.0,15.0,0.0,0.0,10.0,0.0,0.0,10.0,25.0,15.0
1594,wave2,Default,2026-05-23,0.0,10.0,0.0,15.0,0.0,30.0,10.0,0.0,0.0,0.0,0.0,0.0,0.0,0.0,15.0,15.0,0.0,0.0,0.0,0.0,0.0,0.0,0.0,0.0,5.0
135,wave2,Extremely Risk-Averse,2026-05-23,40.0,15.0,0.0,15.0,0.0,15.0,0.0,0.0,0.0,15.0,0.0,0.0,0.0,0.0,0.0,0.0,0.0,0.0,0.0,0.0,0.0,0.0,0.0,0.0,0.0
279,wave2,Default,2026-05-23,0.0,0.0,0.0,10.0,0.0,20.0,0.0,10.0,0.0,0.0,0.0,15.0,15.0,0.0,0.0,15.0,5.0,0.0,0.0,0.0,0.0,0.0,0.0,10.0,0.0
273,wave2,Risk-Neutral,2026-05-23,0.0,20.0,0.0,10.0,0.0,25.0,0.0,10.0,0.0,10.0,0.0,10.0,5.0,0.0,0.0,10.0,0.0,0.0,0.0,0.0,0.0,0.0,0.0,0.0,0.0
2386,wave2,Somewhat Risk-Averse,2026-05-23,20.0,20.0,0.0,10.0,0.0,15.0,0.0,0.0,0.0,10.0,10.0,10.0,0.0,0.0,0.0,5.0,0.0,0.0,0.0,0.0,0.0,0.0,0.0,0.0,0.0
1461,wave2,Extremely Risk-Seeking,2026-05-23,0.0,0.0,0.0,0.0,0.0,0.0,0.0,0.0,0.0,0.0,0.0,0.0,0.0,0.0,0.0,25.0,10.0,0.0,0.0,10.0,0.0,0.0,0.0,35.0,20.0
495,wave2,Extremely Risk-Averse,2026-05-23,40.0,20.0,15.0,0.0,0.0,0.0,0.0,10.0,0.0,5.0,0.0,0.0,0.0,10.0,0.0,0.0,0.0,0.0,0.0,0.0,0.0,0.0,0.0,0.0,0.0
356,wave2,Risk-Neutral,2026-05-23,0.0,15.0,0.0,10.0,0.0,30.0,10.0,10.0,0.0,0.0,0.0,0.0,10.0,0.0,0.0,10.0,0.0,0.0,0.0,0.0,0.0,0.0,0.0,5.0,0.0
673,wave2,Somewhat Risk-Seeking,2026-05-23,0.0,0.0,0.0,0.0,0.0,15.0,0.0,0.0,0.0,0.0,0.0,0.0,0.0,15.0,0.0,20.0,15.0,0.0,0.0,10.0,0.0,0.0,0.0,15.0,10.0
2310,wave2,Risk-Neutral,2026-05-23,0.0,15.0,0.0,10.0,10.0,25.0,10.0,0.0,0.0,10.0,0.0,10.0,0.0,0.0,0.0,0.0,0.0,0.0,0.0,0.0,0.0,0.0,0.0,10.0,0.0
1789,wave2,Extremely Risk-Seeking,2026-05-23,0.0,0.0,0.0,0.0,0.0,0.0,0.0,0.0,0.0,0.0,0.0,0.0,0.0,0.0,0.0,20.0,15.0,0.0,0.0,5.0,0.0,0.0,10.0,30.0,20.0
335,wave2,Extremely Risk-Averse,2026-05-23,35.0,20.0,15.0,10.0,0.0,0.0,0.0,0.0,0.0,10.0,10.0,0.0,0.0,0.0,0.0,0.0,0.0,0.0,0.0,0.0,0.0,0.0,0.0,0.0,0.0
357,wave2,Extremely Risk-Seeking,2026-05-23,0.0,0.0,0.0,0.0,0.0,0.0,35.0,40.0,0.0,0.0,0.0,0.0,0.0,0.0,0.0,5.0,10.0,0.0,0.0,0.0,5.0,0.0,0.0,5.0,0.0
1209,wave2,Somewhat Risk-Seeking,2026-05-23,0.0,0.0,0.0,0.0,0.0,0.0,0.0,0.0,0.0,0.0,0.0,0.0,0.0,10.0,0.0,25.0,15.0,0.0,0.0,15.0,0.0,0.0,10.0,15.0,10.0
2258,wave2,Extremely Risk-Averse,2026-05-23,30.0,20.0,0.0,15.0,0.0,10.0,0.0,0.0,0.0,15.0,10.0,0.0,0.0,0.0,0.0,0.0,0.0,0.0,0.0,0.0,0.0,0.0,0.0,0.0,0.0
854,wave2,Risk-Neutral,2026-05-23,0.0,20.0,0.0,10.0,0.0,25.0,0.0,0.0,0.0,10.0,0.0,0.0,10.0,0.0,0.0,10.0,0.0,0.0,0.0,0.0,0.0,0.0,0.0,15.0,0.0
1469,wave2,Extremely Risk-Averse,2026-05-23,35.0,20.0,0.0,15.0,0.0,5.0,0.0,0.0,0.0,15.0,10.0,0.0,0.0,0.0,0.0,0.0,0.0,0.0,0.0,0.0,0.0,0.0,0.0,0.0,0.0
1467,wave2,Default,2026-05-23,10.0,0.0,0.0,10.0,0.0,25.0,10.0,0.0,0.0,5.0,0.0,0.0,10.0,10.0,0.0,10.0,0.0,0.0,0.0,0.0,0.0,0.0,0.0,5.0,5.0
248,wave2,Extremely Risk-Seeking,2026-05-23,0.0,0.0,0.0,0.0,0.0,0.0,0.0,0.0,0.0,0.0,0.0,0.0,0.0,0.0,0.0,40.0,0.0,0.0,10.0,10.0,0.0,15.0,0.0,15.0,10.0
107,wave2,Extremely Risk-Averse,2026-05-23,35.0,20.0,15.0,10.0,0.0,0.0,0.0,0.0,0.0,10.0,10.0,0.0,0.0,0.0,0.0,0.0,0.0,0.0,0.0,0.0,0.0,0.0,0.0,0.0,0.0
1940,wave2,Risk-Neutral,2026-05-23,0.0,15.0,0.0,10.0,0.0,20.0,10.0,0.0,0.0,10.0,0.0,0.0,10.0,10.0,0.0,10.0,0.0,0.0,0.0,0.0,0.0,0.0,0.0,5.0,0.0
147,wave2,Extremely Risk-Averse,2026-05-23,35.0,20.0,0.0,15.0,0.0,0.0,0.0,0.0,0.0,10.0,10.0,0.0,10.0,0.0,0.0,0.0,0.0,0.0,0.0,0.0,0.0,0.0,0.0,0.0,0.0
244,wave2,Somewhat Risk-Averse,2026-05-23,25.0,20.0,15.0,10.0,0.0,10.0,0.0,0.0,0.0,10.0,10.0,0.0,0.0,0.0,0.0,0.0,0.0,0.0,0.0,0.0,0.0,0.0,0.0,0.0,0.0
2126,wave2,Extremely Risk-Seeking,2026-05-23,0.0,0.0,0.0,0.0,0.0,0.0,0.0,0.0,0.0,0.0,0.0,0.0,0.0,0.0,0.0,15.0,10.0,0.0,0.0,10.0,0.0,10.0,0.0,30.0,25.0
403,wave2,Risk-Neutral,2026-05-23,0.0,10.0,10.0,5.0,0.0,30.0,10.0,5.0,0.0,0.0,0.0,5.0,10.0,0.0,0.0,10.0,0.0,0.0,0.0,0.0,0.0,0.0,0.0,5.0,0.0
1544,wave2,Extremely Risk-Averse,2026-05-23,40.0,10.0,10.0,30.0,0.0,0.0,0.0,0.0,0.0,10.0,0.0,0.0,0.0,0.0,0.0,0.0,0.0,0.0,0.0,0.0,0.0,0.0,0.0,0.0,0.0
2252,wave2,Extremely Risk-Averse,2026-05-23,30.0,25.0,0.0,15.0,0.0,20.0,0.0,0.0,0.0,10.0,0.0,0.0,0.0,0.0,0.0,0.0,0.0,0.0,0.0,0.0,0.0,0.0,0.0,0.0,0.0
392,wave2,Somewhat Risk-Seeking,2026-05-23,0.0,0.0,0.0,0.0,0.0,0.0,0.0,0.0,0.0,0.0,0.0,0.0,0.0,15.0,0.0,25.0,10.0,0.0,0.0,15.0,0.0,0.0,0.0,20.0,15.0
1660,wave2,Default,2026-05-23,5.0,5.0,10.0,5.0,0.0,15.0,5.0,0.0,5.0,5.0,5.0,5.0,5.0,5.0,10.0,10.0,5.0,0.0,0.0,0.0,0.0,0.0,0.0,0.0,0.0
3,wave2,Extremely Risk-Seeking,2026-05-23,0.0,0.0,0.0,0.0,0.0,0.0,0.0,0.0,0.0,0.0,0.0,0.0,0.0,0.0,0.0,20.0,15.0,0.0,0.0,10.0,0.0,0.0,10.0,25.0,20.0
1005,wave2,Extremely Risk-Averse,2026-05-23,30.0,20.0,0.0,15.0,0.0,10.0,0.0,0.0,0.0,15.0,10.0,0.0,0.0,0.0,0.0,0.0,0.0,0.0,0.0,0.0,0.0,0.0,0.0,0.0,0.0
395,wave2,Somewhat Risk-Averse,2026-05-23,25.0,25.0,0.0,10.0,0.0,20.0,0.0,0.0,0.0,10.0,0.0,10.0,0.0,0.0,0.0,0.0,0.0,0.0,0.0,0.0,0.0,0.0,0.0,0.0,0.0
1517,wave2,Somewhat Risk-Averse,2026-05-23,0.0,0.0,0.0,0.0,0.0,30.0,10.0,0.0,0.0,20.0,15.0,0.0,15.0,0.0,10.0,0.0,0.0,0.0,0.0,0.0,0.0,0.0,0.0,0.0,0.0
1919,wave2,Risk-Neutral,2026-05-23,15.0,15.0,0.0,10.0,0.0,30.0,10.0,0.0,10.0,0.0,0.0,0.0,0.0,0.0,0.0,0.0,0.0,0.0,0.0,0.0,0.0,0.0,0.0,10.0,0.0
570,wave2,Extremely Risk-Averse,2026-05-23,30.0,15.0,10.0,15.0,0.0,15.0,0.0,0.0,0.0,10.0,5.0,0.0,0.0,0.0,0.0,0.0,0.0,0.0,0.0,0.0,0.0,0.0,0.0,0.0,0.0
220,wave2,Somewhat Risk-Seeking,2026-05-23,0.0,0.0,0.0,0.0,0.0,0.0,0.0,0.0,0.0,0.0,0.0,0.0,0.0,10.0,0.0,25.0,10.0,10.0,0.0,15.0,0.0,0.0,5.0,15.0,10.0
2330,wave2,Somewhat Risk-Averse,2026-05-23,25.0,20.0,0.0,15.0,0.0,15.0,0.0,0.0,0.0,15.0,0.0,0.0,10.0,0.0,0.0,0.0,0.0,0.0,0.0,0.0,0.0,0.0,0.0,0.0,0.0
2395,wave2,Somewhat Risk-Averse,2026-05-23,25.0,20.0,0.0,15.0,0.0,15.0,0.0,0.0,0.0,15.0,0.0,0.0,10.0,0.0,0.0,0.0,0.0,0.0,0.0,0.0,0.0,0.0,0.0,0.0,0.0
913,wave2,Risk-Neutral,2026-05-23,0.0,0.0,0.0,0.0,0.0,40.0,0.0,15.0,10.0,10.0,15.0,0.0,0.0,10.0,0.0,0.0,0.0,0.0,0.0,0.0,0.0,0.0,0.0,0.0,0.0
1550,wave2,Somewhat Risk-Averse,2026-05-23,15.0,15.0,10.0,10.0,0.0,20.0,0.0,0.0,0.0,10.0,10.0,5.0,5.0,0.0,0.0,0.0,0.0,0.0,0.0,0.0,0.0,0.0,0.0,0.0,0.0
1506,wave2,Default,2026-05-23,10.0,0.0,0.0,10.0,5.0,20.0,0.0,15.0,0.0,15.0,0.0,0.0,0.0,0.0,0.0,15.0,0.0,0.0,0.0,0.0,5.0,0.0,0.0,0.0,5.0
773,wave2,Extremely Risk-Averse,2026-05-23,40.0,15.0,15.0,15.0,0.0,5.0,0.0,0.0,0.0,5.0,5.0,0.0,0.0,0.0,0.0,0.0,0.0,0.0,0.0,0.0,0.0,0.0,0.0,0.0,0.0
743,wave2,Somewhat Risk-Averse,2026-05-23,25.0,20.0,0.0,10.0,0.0,15.0,0.0,10.0,0.0,10.0,10.0,0.0,0.0,0.0,0.0,0.0,0.0,0.0,0.0,0.0,0.0,0.0,0.0,0.0,0.0
2032,wave2,Extremely Risk-Averse,2026-05-23,30.0,20.0,0.0,15.0,0.0,10.0,0.0,0.0,0.0,15.0,10.0,0.0,0.0,0.0,0.0,0.0,0.0,0.0,0.0,0.0,0.0,0.0,0.0,0.0,0.0
538,wave2,Extremely Risk-Seeking,2026-05-23,0.0,0.0,0.0,0.0,0.0,0.0,0.0,0.0,0.0,0.0,0.0,0.0,0.0,0.0,0.0,25.0,15.0,0.0,0.0,10.0,0.0,10.0,0.0,25.0,15.0
926,wave2,Extremely Risk-Averse,2026-05-23,40.0,20.0,10.0,10.0,0.0,0.0,0.0,0.0,0.0,10.0,10.0,0.0,0.0,0.0,0.0,0.0,0.0,0.0,0.0,0.0,0.0,0.0,0.0,0.0,0.0
2253,wave2,Risk-Neutral,2026-05-23,10.0,10.0,0.0,10.0,0.0,20.0,10.0,0.0,0.0,0.0,0.0,10.0,10.0,0.0,10.0,10.0,0.0,0.0,0.0,0.0,0.0,0.0,0.0,0.0,0.0
895,wave2,Risk-Neutral,2026-05-23,0.0,20.0,0.0,10.0,0.0,30.0,0.0,10.0,0.0,0.0,0.0,0.0,15.0,0.0,0.0,10.0,0.0,0.0,0.0,0.0,0.0,0.0,0.0,5.0,0.0
1551,wave2,Somewhat Risk-Seeking,2026-05-23,0.0,0.0,0.0,0.0,0.0,30.0,0.0,0.0,0.0,0.0,0.0,10.0,15.0,0.0,0.0,15.0,0.0,0.0,0.0,0.0,0.0,0.0,10.0,10.0,10.0
861,wave2,Extremely Risk-Averse,2026-05-23,35.0,20.0,0.0,15.0,0.0,10.0,0.0,0.0,0.0,10.0,10.0,0.0,0.0,0.0,0.0,0.0,0.0,0.0,0.0,0.0,0.0,0.0,0.0,0.0,0.0
1170,wave2,Extremely Risk-Seeking,2026-05-23,0.0,0.0,0.0,0.0,0.0,0.0,0.0,0.0,0.0,0.0,0.0,0.0,0.0,0.0,0.0,20.0,0.0,0.0,0.0,0.0,0.0,15.0,15.0,30.0,20.0
779,wave2,Extremely Risk-Averse,2026-05-23,0.0,0.0,0.0,35.0,10.0,10.0,0.0,0.0,0.0,0.0,35.0,0.0,0.0,0.0,0.0,0.0,0.0,5.0,0.0,0.0,0.0,0.0,5.0,0.0,0.0
1229,wave2,Somewhat Risk-Seeking,2026-05-23,0.0,0.0,0.0,0.0,0.0,0.0,0.0,0.0,0.0,0.0,0.0,0.0,0.0,10.0,0.0,30.0,0.0,15.0,15.0,10.0,10.0,0.0,10.0,0.0,0.0
161,wave2,Default,2026-05-23,0.0,10.0,10.0,10.0,0.0,15.0,0.0,0.0,0.0,0.0,10.0,0.0,10.0,0.0,0.0,10.0,0.0,10.0,0.0,10.0,0.0,0.0,0.0,5.0,0.0
599,wave2,Somewhat Risk-Averse,2026-05-23,25.0,20.0,0.0,15.0,0.0,15.0,0.0,0.0,0.0,15.0,0.0,0.0,10.0,0.0,0.0,0.0,0.0,0.0,0.0,0.0,0.0,0.0,0.0,0.0,0.0
906,wave2,Risk-Neutral,2026-05-23,10.0,15.0,0.0,10.0,0.0,20.0,10.0,0.0,0.0,0.0,0.0,10.0,10.0,0.0,0.0,10.0,0.0,0.0,0.0,0.0,0.0,0.0,0.0,5.0,0.0
2094,wave2,Extremely Risk-Averse,2026-05-23,20.0,15.0,10.0,5.0,0.0,20.0,0.0,0.0,0.0,10.0,0.0,10.0,10.0,0.0,0.0,0.0,0.0,0.0,0.0,0.0,0.0,0.0,0.0,0.0,0.0
1885,wave2,Extremely Risk-Averse,2026-05-23,25.0,20.0,10.0,10.0,0.0,5.0,0.0,0.0,0.0,10.0,0.0,10.0,10.0,0.0,0.0,0.0,0.0,0.0,0.0,0.0,0.0,0.0,0.0,0.0,0.0
2362,wave2,Extremely Risk-Seeking,2026-05-23,0.0,0.0,0.0,0.0,0.0,0.0,0.0,0.0,0.0,0.0,0.0,0.0,0.0,10.0,0.0,30.0,0.0,20.0,0.0,20.0,0.0,0.0,0.0,20.0,0.0
732,wave2,Somewhat Risk-Averse,2026-05-23,15.0,15.0,10.0,10.0,0.0,25.0,0.0,0.0,0.0,10.0,10.0,5.0,0.0,0.0,0.0,0.0,0.0,0.0,0.0,0.0,0.0,0.0,0.0,0.0,0.0
1917,wave2,Risk-Neutral,2026-05-23,0.0,20.0,15.0,10.0,0.0,25.0,0.0,10.0,0.0,0.0,0.0,10.0,0.0,0.0,0.0,10.0,0.0,0.0,0.0,0.0,0.0,0.0,0.0,0.0,0.0
993,wave2,Risk-Neutral,2026-05-23,0.0,20.0,0.0,10.0,0.0,30.0,0.0,15.0,0.0,10.0,0.0,0.0,15.0,0.0,0.0,0.0,0.0,0.0,0.0,0.0,0.0,0.0,0.0,0.0,0.0
2053,wave2,Risk-Neutral,2026-05-23,10.0,10.0,10.0,10.0,0.0,20.0,5.0,0.0,0.0,5.0,0.0,0.0,10.0,0.0,10.0,10.0,0.0,0.0,0.0,0.0,0.0,0.0,0.0,0.0,0.0
197,wave2,Somewhat Risk-Averse,2026-05-23,0.0,0.0,0.0,20.0,10.0,15.0,10.0,0.0,0.0,20.0,20.0,5.0,0.0,0.0,0.0,0.0,0.0,0.0,0.0,0.0,0.0,0.0,0.0,0.0,0.0
210,wave2,Extremely Risk-Seeking,2026-05-23,0.0,0.0,0.0,0.0,0.0,20.0,0.0,0.0,0.0,0.0,0.0,0.0,0.0,15.0,0.0,25.0,0.0,0.0,0.0,10.0,0.0,0.0,0.0,15.0,15.0
1001,wave2,Extremely Risk-Seeking,2026-05-23,0.0,0.0,0.0,0.0,0.0,0.0,0.0,0.0,0.0,0.0,0.0,0.0,0.0,0.0,0.0,20.0,10.0,0.0,10.0,0.0,0.0,0.0,10.0,30.0,20.0
589,wave2,Risk-Neutral,2026-05-23,0.0,0.0,10.0,10.0,10.0,30.0,5.0,5.0,0.0,0.0,0.0,10.0,10.0,0.0,0.0,0.0,0.0,0.0,0.0,0.0,0.0,0.0,0.0,10.0,0.0
1913,wave2,Somewhat Risk-Averse,2026-05-23,30.0,20.0,0.0,15.0,0.0,5.0,0.0,0.0,0.0,10.0,10.0,0.0,0.0,0.0,0.0,0.0,0.0,0.0,0.0,0.0,0.0,5.0,0.0,5.0,0.0
398,wave2,Extremely Risk-Averse,2026-05-23,30.0,25.0,0.0,10.0,0.0,5.0,0.0,0.0,0.0,15.0,15.0,0.0,0.0,0.0,0.0,0.0,0.0,0.0,0.0,0.0,0.0,0.0,0.0,0.0,0.0
43,wave2,Risk-Neutral,2026-05-23,15.0,15.0,0.0,10.0,0.0,0.0,0.0,0.0,0.0,0.0,0.0,15.0,15.0,0.0,15.0,5.0,0.0,0.0,0.0,0.0,0.0,5.0,5.0,0.0,0.0
1634,wave2,Extremely Risk-Averse,2026-05-23,40.0,30.0,0.0,10.0,0.0,0.0,0.0,0.0,0.0,10.0,0.0,0.0,0.0,0.0,0.0,5.0,0.0,0.0,0.0,0.0,0.0,0.0,5.0,0.0,0.0
2271,wave2,Extremely Risk-Seeking,2026-05-23,0.0,0.0,0.0,0.0,0.0,0.0,0.0,0.0,0.0,0.0,0.0,0.0,0.0,0.0,0.0,30.0,20.0,0.0,0.0,10.0,0.0,0.0,0.0,30.0,10.0
2275,wave2,Extremely Risk-Averse,2026-05-23,40.0,20.0,0.0,20.0,0.0,0.0,0.0,0.0,0.0,10.0,10.0,0.0,0.0,0.0,0.0,0.0,0.0,0.0,0.0,0.0,0.0,0.0,0.0,0.0,0.0
2389,wave2,Extremely Risk-Seeking,2026-05-23,0.0,0.0,0.0,0.0,0.0,0.0,0.0,0.0,0.0,0.0,0.0,0.0,0.0,0.0,0.0,25.0,15.0,0.0,15.0,0.0,0.0,0.0,0.0,30.0,15.0
1502,wave2,Default,2026-05-23,10.0,0.0,10.0,10.0,5.0,25.0,10.0,10.0,0.0,0.0,0.0,0.0,10.0,0.0,0.0,10.0,0.0,0.0,0.0,0.0,0.0,0.0,0.0,0.0,0.0
2130,wave2,Extremely Risk-Seeking,2026-05-23,0.0,0.0,0.0,0.0,0.0,0.0,0.0,0.0,0.0,0.0,0.0,0.0,0.0,0.0,0.0,25.0,25.0,0.0,15.0,10.0,15.0,0.0,10.0,0.0,0.0
940,wave2,Extremely Risk-Seeking,2026-05-23,0.0,0.0,0.0,0.0,0.0,0.0,0.0,0.0,0.0,0.0,0.0,0.0,0.0,0.0,0.0,30.0,15.0,0.0,0.0,10.0,0.0,0.0,0.0,35.0,10.0
295,wave2,Somewhat Risk-Seeking,2026-05-23,0.0,0.0,0.0,0.0,0.0,25.0,0.0,15.0,0.0,0.0,0.0,0.0,0.0,15.0,0.0,15.0,0.0,10.0,10.0,0.0,0.0,0.0,10.0,0.0,0.0
1234,wave2,Default,2026-05-23,0.0,0.0,0.0,10.0,0.0,30.0,15.0,0.0,0.0,10.0,10.0,0.0,0.0,0.0,0.0,15.0,0.0,0.0,0.0,0.0,0.0,0.0,0.0,10.0,0.0
2124,wave2,Somewhat Risk-Averse,2026-05-23,25.0,15.0,0.0,10.0,0.0,25.0,0.0,15.0,0.0,10.0,0.0,0.0,0.0,0.0,0.0,0.0,0.0,0.0,0.0,0.0,0.0,0.0,0.0,0.0,0.0
1200,wave2,Default,2026-05-23,0.0,0.0,0.0,0.0,0.0,25.0,15.0,0.0,0.0,0.0,0.0,0.0,0.0,20.0,0.0,15.0,0.0,15.0,0.0,0.0,0.0,0.0,0.0,10.0,0.0
938,wave2,Somewhat Risk-Seeking,2026-05-23,0.0,0.0,0.0,0.0,0.0,0.0,0.0,0.0,0.0,0.0,0.0,0.0,0.0,10.0,0.0,20.0,15.0,10.0,0.0,10.0,0.0,0.0,10.0,15.0,10.0
1584,wave2,Somewhat Risk-Averse,2026-05-23,20.0,15.0,0.0,10.0,0.0,20.0,0.0,0.0,0.0,15.0,10.0,0.0,10.0,0.0,0.0,0.0,0.0,0.0,0.0,0.0,0.0,0.0,0.0,0.0,0.0
1058,wave2,Extremely Risk-Averse,2026-05-23,40.0,15.0,10.0,10.0,0.0,15.0,0.0,0.0,0.0,10.0,0.0,0.0,0.0,0.0,0.0,0.0,0.0,0.0,0.0,0.0,0.0,0.0,0.0,0.0,0.0
1273,wave2,Extremely Risk-Averse,2026-05-23,30.0,20.0,0.0,10.0,0.0,10.0,0.0,0.0,0.0,15.0,15.0,0.0,0.0,0.0,0.0,0.0,0.0,0.0,0.0,0.0,0.0,0.0,0.0,0.0,0.0
1724,wave2,Extremely Risk-Averse,2026-05-23,25.0,20.0,10.0,10.0,0.0,10.0,0.0,0.0,0.0,10.0,10.0,5.0,0.0,0.0,0.0,0.0,0.0,0.0,0.0,0.0,0.0,0.0,0.0,0.0,0.0
919,wave2,Default,2026-05-23,5.0,5.0,5.0,5.0,5.0,20.0,5.0,0.0,5.0,0.0,5.0,5.0,5.0,0.0,10.0,5.0,0.0,0.0,5.0,0.0,0.0,0.0,5.0,5.0,0.0
281,wave2,Somewhat Risk-Averse,2026-05-23,20.0,20.0,10.0,0.0,0.0,15.0,0.0,0.0,0.0,15.0,10.0,5.0,5.0,0.0,0.0,0.0,0.0,0.0,0.0,0.0,0.0,0.0,0.0,0.0,0.0
1470,wave2,Somewhat Risk-Averse,2026-05-23,25.0,15.0,10.0,10.0,0.0,15.0,0.0,0.0,0.0,10.0,10.0,5.0,0.0,0.0,0.0,0.0,0.0,0.0,0.0,0.0,0.0,0.0,0.0,0.0,0.0
1548,wave2,Somewhat Risk-Seeking,2026-05-23,0.0,0.0,0.0,0.0,0.0,10.0,0.0,0.0,0.0,0.0,0.0,0.0,0.0,10.0,0.0,25.0,10.0,10.0,0.0,10.0,0.0,0.0,0.0,15.0,10.0
933,wave2,Somewhat Risk-Seeking,2026-05-23,0.0,0.0,0.0,0.0,0.0,0.0,0.0,0.0,0.0,0.0,0.0,0.0,0.0,15.0,0.0,20.0,15.0,0.0,0.0,10.0,10.0,0.0,0.0,20.0,10.0
1581,wave2,Default,2026-05-23,10.0,0.0,0.0,10.0,10.0,15.0,10.0,15.0,0.0,0.0,0.0,10.0,10.0,0.0,0.0,0.0,0.0,0.0,0.0,0.0,0.0,0.0,0.0,5.0,5.0
505,wave2,Extremely Risk-Seeking,2026-05-23,0.0,0.0,0.0,0.0,0.0,0.0,0.0,0.0,0.0,0.0,0.0,0.0,0.0,0.0,0.0,30.0,25.0,0.0,10.0,25.0,0.0,0.0,10.0,0.0,0.0
2005,wave2,Extremely Risk-Seeking,2026-05-23,0.0,0.0,0.0,0.0,0.0,0.0,0.0,0.0,0.0,0.0,0.0,0.0,0.0,0.0,0.0,30.0,20.0,0.0,0.0,10.0,0.0,0.0,10.0,15.0,15.0
1458,wave2,Somewhat Risk-Seeking,2026-05-23,0.0,0.0,0.0,0.0,0.0,0.0,0.0,0.0,0.0,0.0,0.0,0.0,0.0,0.0,0.0,0.0,0.0,0.0,0.0,10.0,0.0,20.0,20.0,40.0,10.0
364,wave2,Extremely Risk-Averse,2026-05-23,35.0,20.0,10.0,10.0,0.0,5.0,0.0,0.0,0.0,10.0,10.0,0.0,0.0,0.0,0.0,0.0,0.0,0.0,0.0,0.0,0.0,0.0,0.0,0.0,0.0
1923,wave2,Somewhat Risk-Seeking,2026-05-23,0.0,0.0,0.0,0.0,0.0,0.0,0.0,0.0,0.0,0.0,0.0,0.0,0.0,15.0,15.0,20.0,15.0,0.0,0.0,10.0,0.0,0.0,0.0,15.0,10.0
2069,wave2,Extremely Risk-Seeking,2026-05-23,0.0,0.0,0.0,0.0,0.0,0.0,0.0,0.0,0.0,0.0,0.0,0.0,0.0,0.0,0.0,25.0,25.0,0.0,0.0,10.0,0.0,10.0,0.0,15.0,15.0
1033,wave2,Extremely Risk-Seeking,2026-05-23,0.0,0.0,0.0,0.0,0.0,0.0,0.0,0.0,0.0,0.0,0.0,0.0,0.0,0.0,0.0,25.0,15.0,10.0,0.0,0.0,0.0,0.0,15.0,25.0,10.0
1438,wave2,Default,2026-05-23,0.0,0.0,15.0,15.0,0.0,25.0,0.0,15.0,0.0,0.0,0.0,15.0,0.0,0.0,0.0,15.0,0.0,0.0,0.0,0.0,0.0,0.0,0.0,0.0,0.0
90,wave2,Extremely Risk-Averse,2026-05-23,35.0,0.0,15.0,10.0,0.0,20.0,0.0,0.0,0.0,10.0,0.0,10.0,0.0,0.0,0.0,0.0,0.0,0.0,0.0,0.0,0.0,0.0,0.0,0.0,0.0
2153,wave2,Extremely Risk-Averse,2026-05-23,35.0,20.0,0.0,10.0,0.0,15.0,0.0,0.0,0.0,10.0,10.0,0.0,0.0,0.0,0.0,0.0,0.0,0.0,0.0,0.0,0.0,0.0,0.0,0.0,0.0
8,wave2,Extremely Risk-Averse,2026-05-23,35.0,20.0,0.0,0.0,0.0,15.0,0.0,0.0,0.0,15.0,15.0,0.0,0.0,0.0,0.0,0.0,0.0,0.0,0.0,0.0,0.0,0.0,0.0,0.0,0.0
2097,wave2,Default,2026-05-23,0.0,15.0,0.0,15.0,10.0,25.0,0.0,10.0,0.0,0.0,0.0,0.0,15.0,0.0,0.0,0.0,0.0,0.0,0.0,0.0,0.0,0.0,0.0,10.0,0.0
645,wave2,Default,2026-05-23,15.0,0.0,0.0,15.0,0.0,25.0,0.0,0.0,10.0,0.0,0.0,0.0,15.0,0.0,0.0,0.0,0.0,10.0,0.0,0.0,0.0,0.0,0.0,10.0,0.0
613,wave2,Somewhat Risk-Seeking,2026-05-23,0.0,0.0,0.0,0.0,0.0,0.0,0.0,0.0,0.0,0.0,0.0,0.0,0.0,0.0,0.0,20.0,15.0,10.0,0.0,10.0,0.0,0.0,10.0,20.0,15.0
2179,wave2,Extremely Risk-Seeking,2026-05-23,0.0,0.0,0.0,0.0,0.0,0.0,0.0,0.0,0.0,0.0,0.0,0.0,0.0,0.0,0.0,25.0,0.0,0.0,15.0,15.0,0.0,0.0,10.0,20.0,15.0
2175,wave2,Extremely Risk-Seeking,2026-05-23,0.0,0.0,0.0,0.0,0.0,0.0,0.0,0.0,0.0,0.0,0.0,0.0,0.0,0.0,0.0,15.0,0.0,0.0,0.0,10.0,0.0,5.0,0.0,40.0,30.0
215,wave2,Risk-Neutral,2026-05-23,0.0,15.0,0.0,10.0,0.0,30.0,10.0,0.0,0.0,0.0,10.0,0.0,10.0,5.0,0.0,10.0,0.0,0.0,0.0,0.0,0.0,0.0,0.0,0.0,0.0
2020,wave2,Extremely Risk-Seeking,2026-05-23,0.0,0.0,0.0,0.0,0.0,20.0,0.0,0.0,0.0,0.0,0.0,0.0,0.0,0.0,0.0,25.0,0.0,20.0,15.0,0.0,0.0,10.0,10.0,0.0,0.0
2183,wave2,Extremely Risk-Seeking,2026-05-23,0.0,0.0,15.0,20.0,0.0,0.0,0.0,0.0,0.0,15.0,0.0,0.0,0.0,0.0,0.0,15.0,0.0,0.0,0.0,0.0,0.0,0.0,15.0,20.0,0.0
953,wave2,Somewhat Risk-Seeking,2026-05-23,0.0,0.0,0.0,0.0,0.0,0.0,0.0,0.0,0.0,0.0,0.0,0.0,0.0,0.0,0.0,20.0,20.0,15.0,0.0,15.0,0.0,0.0,10.0,10.0,10.0
315,wave2,Default,2026-05-23,10.0,0.0,0.0,5.0,0.0,30.0,10.0,0.0,10.0,0.0,0.0,0.0,15.0,0.0,0.0,10.0,0.0,0.0,0.0,0.0,0.0,0.0,0.0,0.0,10.0
1857,wave2,Default,2026-05-23,10.0,10.0,0.0,0.0,15.0,25.0,10.0,10.0,0.0,0.0,0.0,0.0,0.0,0.0,10.0,10.0,0.0,0.0,0.0,0.0,0.0,0.0,0.0,0.0,0.0
1132,wave2,Default,2026-05-23,15.0,0.0,0.0,10.0,0.0,25.0,10.0,0.0,0.0,0.0,0.0,0.0,0.0,0.0,0.0,10.0,0.0,0.0,0.0,0.0,0.0,0.0,0.0,15.0,15.0
1341,wave2,Extremely Risk-Averse,2026-05-23,35.0,20.0,15.0,10.0,0.0,10.0,0.0,0.0,0.0,10.0,0.0,0.0,0.0,0.0,0.0,0.0,0.0,0.0,0.0,0.0,0.0,0.0,0.0,0.0,0.0
2274,wave2,Extremely Risk-Seeking,2026-05-23,0.0,0.0,0.0,0.0,0.0,0.0,0.0,0.0,0.0,0.0,0.0,0.0,0.0,0.0,0.0,25.0,15.0,0.0,0.0,0.0,0.0,0.0,10.0,30.0,20.0
1786,wave2,Risk-Neutral,2026-05-23,0.0,15.0,0.0,10.0,5.0,25.0,0.0,0.0,0.0,0.0,0.0,15.0,10.0,10.0,0.0,0.0,0.0,0.0,0.0,0.0,0.0,0.0,0.0,10.0,0.0
1505,wave2,Default,2026-05-23,0.0,10.0,10.0,15.0,0.0,25.0,0.0,0.0,10.0,10.0,0.0,10.0,10.0,0.0,0.0,0.0,0.0,0.0,0.0,0.0,0.0,0.0,0.0,0.0,0.0
1433,wave2,Somewhat Risk-Averse,2026-05-23,15.0,15.0,10.0,10.0,0.0,10.0,0.0,5.0,0.0,10.0,10.0,0.0,10.0,0.0,5.0,0.0,0.0,0.0,0.0,0.0,0.0,0.0,0.0,0.0,0.0
1030,wave2,Risk-Neutral,2026-05-23,0.0,20.0,0.0,10.0,0.0,25.0,0.0,0.0,10.0,10.0,0.0,0.0,10.0,0.0,0.0,10.0,0.0,0.0,0.0,0.0,0.0,0.0,0.0,5.0,0.0
1119,wave2,Extremely Risk-Averse,2026-05-23,30.0,20.0,15.0,10.0,0.0,5.0,0.0,0.0,0.0,10.0,10.0,0.0,0.0,0.0,0.0,0.0,0.0,0.0,0.0,0.0,0.0,0.0,0.0,0.0,0.0
376,wave2,Extremely Risk-Seeking,2026-05-23,0.0,0.0,0.0,0.0,0.0,0.0,0.0,0.0,0.0,0.0,0.0,0.0,0.0,0.0,0.0,15.0,10.0,0.0,0.0,15.0,0.0,0.0,0.0,35.0,25.0
2325,wave2,Default,2026-05-23,0.0,10.0,0.0,15.0,0.0,10.0,10.0,15.0,0.0,0.0,10.0,0.0,0.0,10.0,10.0,10.0,0.0,0.0,0.0,0.0,0.0,0.0,0.0,0.0,0.0
1587,wave2,Somewhat Risk-Seeking,2026-05-23,0.0,0.0,0.0,5.0,0.0,10.0,0.0,0.0,0.0,0.0,0.0,5.0,0.0,0.0,0.0,15.0,10.0,0.0,0.0,10.0,0.0,0.0,10.0,20.0,15.0
826,wave2,Extremely Risk-Seeking,2026-05-23,0.0,0.0,0.0,0.0,0.0,0.0,0.0,20.0,0.0,0.0,0.0,0.0,0.0,0.0,0.0,25.0,0.0,0.0,0.0,10.0,0.0,0.0,0.0,25.0,20.0
662,wave2,Somewhat Risk-Seeking,2026-05-23,0.0,0.0,0.0,0.0,0.0,25.0,0.0,0.0,0.0,0.0,0.0,0.0,0.0,0.0,0.0,20.0,15.0,0.0,0.0,10.0,0.0,0.0,0.0,15.0,15.0
2078,wave2,Somewhat Risk-Averse,2026-05-23,25.0,20.0,0.0,15.0,0.0,15.0,0.0,0.0,0.0,15.0,0.0,10.0,0.0,0.0,0.0,0.0,0.0,0.0,0.0,0.0,0.0,0.0,0.0,0.0,0.0
1778,wave2,Somewhat Risk-Averse,2026-05-23,25.0,15.0,10.0,5.0,0.0,20.0,0.0,0.0,0.0,15.0,10.0,0.0,0.0,0.0,0.0,0.0,0.0,0.0,0.0,0.0,0.0,0.0,0.0,0.0,0.0
2208,wave2,Default,2026-05-23,10.0,0.0,0.0,15.0,0.0,25.0,20.0,0.0,0.0,0.0,0.0,10.0,15.0,0.0,0.0,0.0,5.0,0.0,0.0,0.0,0.0,0.0,0.0,0.0,0.0
162,wave2,Default,2026-05-23,35.0,20.0,10.0,20.0,0.0,15.0,0.0,0.0,0.0,0.0,0.0,0.0,0.0,0.0,0.0,0.0,0.0,0.0,0.0,0.0,0.0,0.0,0.0,0.0,0.0
846,wave2,Somewhat Risk-Seeking,2026-05-23,0.0,0.0,0.0,0.0,0.0,0.0,0.0,0.0,0.0,0.0,0.0,0.0,0.0,5.0,0.0,30.0,15.0,0.0,0.0,10.0,0.0,0.0,0.0,25.0,15.0
531,wave2,Risk-Neutral,2026-05-23,0.0,10.0,15.0,10.0,0.0,30.0,0.0,10.0,0.0,0.0,0.0,0.0,15.0,0.0,0.0,10.0,0.0,0.0,0.0,0.0,0.0,0.0,0.0,0.0,0.0
223,wave2,Extremely Risk-Averse,2026-05-23,40.0,0.0,20.0,10.0,0.0,20.0,0.0,0.0,0.0,0.0,0.0,0.0,10.0,0.0,0.0,0.0,0.0,0.0,0.0,0.0,0.0,0.0,0.0,0.0,0.0
585,wave2,Risk-Neutral,2026-05-23,0.0,0.0,0.0,15.0,0.0,20.0,0.0,0.0,0.0,15.0,10.0,15.0,10.0,0.0,15.0,0.0,0.0,0.0,0.0,0.0,0.0,0.0,0.0,0.0,0.0
80,wave2,Extremely Risk-Seeking,2026-05-23,0.0,0.0,0.0,0.0,0.0,0.0,0.0,0.0,0.0,0.0,0.0,0.0,0.0,0.0,0.0,20.0,0.0,20.0,0.0,10.0,0.0,0.0,0.0,40.0,10.0
1532,wave2,Somewhat Risk-Seeking,2026-05-23,0.0,0.0,0.0,0.0,0.0,15.0,0.0,0.0,0.0,0.0,0.0,0.0,0.0,10.0,0.0,20.0,10.0,10.0,0.0,10.0,0.0,0.0,0.0,15.0,10.0
250,wave2,Extremely Risk-Averse,2026-05-23,40.0,20.0,15.0,10.0,0.0,0.0,0.0,0.0,0.0,10.0,5.0,0.0,0.0,0.0,0.0,0.0,0.0,0.0,0.0,0.0,0.0,0.0,0.0,0.0,0.0
1050,wave2,Extremely Risk-Averse,2026-05-23,25.0,15.0,0.0,10.0,0.0,10.0,0.0,0.0,0.0,15.0,15.0,0.0,10.0,0.0,0.0,0.0,0.0,0.0,0.0,0.0,0.0,0.0,0.0,0.0,0.0
490,wave2,Risk-Neutral,2026-05-23,0.0,20.0,0.0,15.0,15.0,30.0,0.0,0.0,0.0,0.0,0.0,10.0,0.0,0.0,0.0,10.0,0.0,0.0,0.0,0.0,0.0,0.0,0.0,0.0,0.0
1137,wave2,Default,2026-05-23,0.0,15.0,0.0,10.0,0.0,30.0,0.0,0.0,0.0,0.0,0.0,0.0,10.0,10.0,0.0,10.0,0.0,0.0,0.0,0.0,0.0,5.0,0.0,10.0,0.0
1135,wave2,Extremely Risk-Seeking,2026-05-23,0.0,0.0,0.0,0.0,0.0,0.0,0.0,0.0,0.0,0.0,0.0,0.0,0.0,0.0,0.0,25.0,15.0,0.0,0.0,10.0,0.0,0.0,0.0,30.0,20.0
439,wave2,Somewhat Risk-Seeking,2026-05-23,0.0,0.0,0.0,0.0,0.0,0.0,0.0,0.0,0.0,0.0,0.0,0.0,0.0,5.0,0.0,30.0,15.0,0.0,0.0,15.0,0.0,0.0,10.0,15.0,10.0
1738,wave2,Extremely Risk-Averse,2026-05-23,30.0,25.0,15.0,10.0,0.0,0.0,0.0,0.0,0.0,10.0,10.0,0.0,0.0,0.0,0.0,0.0,0.0,0.0,0.0,0.0,0.0,0.0,0.0,0.0,0.0
232,wave2,Somewhat Risk-Averse,2026-05-23,20.0,15.0,0.0,15.0,0.0,10.0,0.0,5.0,0.0,15.0,10.0,5.0,5.0,0.0,0.0,0.0,0.0,0.0,0.0,0.0,0.0,0.0,0.0,0.0,0.0
334,wave2,Extremely Risk-Averse,2026-05-23,25.0,20.0,10.0,10.0,0.0,25.0,0.0,0.0,0.0,0.0,0.0,0.0,10.0,0.0,0.0,0.0,0.0,0.0,0.0,0.0,0.0,0.0,0.0,0.0,0.0
1689,wave2,Extremely Risk-Seeking,2026-05-23,0.0,0.0,0.0,0.0,0.0,0.0,0.0,0.0,0.0,0.0,0.0,0.0,0.0,0.0,0.0,25.0,20.0,0.0,0.0,10.0,0.0,5.0,0.0,25.0,15.0
457,wave2,Extremely Risk-Averse,2026-05-23,35.0,25.0,0.0,10.0,0.0,0.0,0.0,0.0,0.0,15.0,15.0,0.0,0.0,0.0,0.0,0.0,0.0,0.0,0.0,0.0,0.0,0.0,0.0,0.0,0.0
1887,wave2,Extremely Risk-Averse,2026-05-23,40.0,20.0,0.0,15.0,0.0,0.0,0.0,0.0,0.0,15.0,10.0,0.0,0.0,0.0,0.0,0.0,0.0,0.0,0.0,0.0,0.0,0.0,0.0,0.0,0.0
157,wave2,Risk-Neutral,2026-05-23,0.0,15.0,0.0,0.0,0.0,40.0,10.0,10.0,10.0,0.0,0.0,10.0,0.0,5.0,0.0,0.0,0.0,0.0,0.0,0.0,0.0,0.0,0.0,0.0,0.0
781,wave2,Extremely Risk-Averse,2026-05-23,35.0,20.0,15.0,10.0,0.0,0.0,0.0,0.0,0.0,10.0,10.0,0.0,0.0,0.0,0.0,0.0,0.0,0.0,0.0,0.0,0.0,0.0,0.0,0.0,0.0
2402,wave2,Somewhat Risk-Seeking,2026-05-23,0.0,0.0,0.0,0.0,0.0,0.0,0.0,0.0,0.0,0.0,0.0,0.0,0.0,0.0,0.0,25.0,15.0,15.0,0.0,10.0,0.0,0.0,0.0,20.0,15.0
331,wave2,Somewhat Risk-Averse,2026-05-23,25.0,15.0,10.0,15.0,0.0,25.0,0.0,0.0,0.0,10.0,0.0,0.0,0.0,0.0,0.0,0.0,0.0,0.0,0.0,0.0,0.0,0.0,0.0,0.0,0.0
131,wave2,Risk-Neutral,2026-05-23,0.0,20.0,0.0,10.0,0.0,30.0,10.0,0.0,10.0,0.0,0.0,0.0,10.0,0.0,10.0,0.0,0.0,0.0,0.0,0.0,0.0,0.0,0.0,0.0,0.0
1733,wave2,Extremely Risk-Seeking,2026-05-23,0.0,0.0,0.0,0.0,0.0,0.0,0.0,0.0,0.0,0.0,0.0,0.0,0.0,0.0,0.0,20.0,15.0,0.0,0.0,0.0,0.0,0.0,15.0,25.0,25.0
1870,wave2,Default,2026-05-23,0.0,0.0,0.0,10.0,0.0,40.0,10.0,0.0,0.0,0.0,0.0,0.0,10.0,10.0,0.0,10.0,0.0,0.0,0.0,10.0,0.0,0.0,0.0,0.0,0.0
2322,wave2,Somewhat Risk-Averse,2026-05-23,20.0,15.0,10.0,10.0,0.0,15.0,0.0,0.0,0.0,10.0,10.0,5.0,5.0,0.0,0.0,0.0,0.0,0.0,0.0,0.0,0.0,0.0,0.0,0.0,0.0
1160,wave2,Somewhat Risk-Averse,2026-05-23,15.0,15.0,0.0,10.0,0.0,25.0,5.0,0.0,0.0,10.0,10.0,0.0,5.0,0.0,5.0,0.0,0.0,0.0,0.0,0.0,0.0,0.0,0.0,0.0,0.0
117,wave2,Risk-Neutral,2026-05-23,0.0,15.0,0.0,10.0,0.0,25.0,10.0,10.0,0.0,0.0,0.0,10.0,10.0,0.0,0.0,0.0,0.0,0.0,0.0,0.0,0.0,0.0,0.0,10.0,0.0
1105,wave2,Risk-Neutral,2026-05-23,10.0,20.0,0.0,10.0,0.0,30.0,0.0,0.0,0.0,0.0,0.0,10.0,0.0,0.0,0.0,10.0,0.0,0.0,0.0,0.0,0.0,0.0,0.0,10.0,0.0
1223,wave2,Extremely Risk-Seeking,2026-05-23,0.0,0.0,0.0,0.0,0.0,0.0,0.0,0.0,0.0,0.0,0.0,0.0,0.0,0.0,0.0,20.0,15.0,0.0,0.0,10.0,0.0,0.0,0.0,35.0,20.0
2231,wave2,Risk-Neutral,2026-05-23,0.0,15.0,0.0,10.0,0.0,30.0,10.0,0.0,0.0,10.0,0.0,15.0,0.0,0.0,0.0,10.0,0.0,0.0,0.0,0.0,0.0,0.0,0.0,0.0,0.0
416,wave2,Somewhat Risk-Seeking,2026-05-23,0.0,0.0,0.0,0.0,0.0,0.0,0.0,0.0,0.0,0.0,0.0,0.0,0.0,15.0,0.0,30.0,0.0,0.0,0.0,20.0,0.0,0.0,0.0,20.0,15.0
639,wave2,Somewhat Risk-Averse,2026-05-23,25.0,15.0,10.0,10.0,0.0,15.0,0.0,0.0,0.0,10.0,10.0,5.0,0.0,0.0,0.0,0.0,0.0,0.0,0.0,0.0,0.0,0.0,0.0,0.0,0.0
1441,wave2,Extremely Risk-Averse,2026-05-23,30.0,20.0,10.0,10.0,0.0,10.0,0.0,0.0,0.0,10.0,10.0,0.0,0.0,0.0,0.0,0.0,0.0,0.0,0.0,0.0,0.0,0.0,0.0,0.0,0.0
1179,wave2,Extremely Risk-Averse,2026-05-23,25.0,15.0,0.0,10.0,0.0,20.0,0.0,0.0,0.0,10.0,0.0,10.0,10.0,0.0,0.0,0.0,0.0,0.0,0.0,0.0,0.0,0.0,0.0,0.0,0.0
2348,wave2,Extremely Risk-Averse,2026-05-23,40.0,20.0,0.0,15.0,0.0,5.0,0.0,0.0,0.0,10.0,10.0,0.0,0.0,0.0,0.0,0.0,0.0,0.0,0.0,0.0,0.0,0.0,0.0,0.0,0.0
275,wave2,Somewhat Risk-Averse,2026-05-23,25.0,20.0,0.0,15.0,0.0,15.0,0.0,0.0,0.0,15.0,0.0,10.0,0.0,0.0,0.0,0.0,0.0,0.0,0.0,0.0,0.0,0.0,0.0,0.0,0.0
1302,wave2,Somewhat Risk-Seeking,2026-05-23,0.0,0.0,0.0,0.0,0.0,0.0,0.0,0.0,0.0,0.0,0.0,0.0,0.0,0.0,0.0,30.0,10.0,0.0,10.0,15.0,0.0,0.0,0.0,20.0,15.0
380,wave2,Default,2026-05-23,5.0,5.0,0.0,5.0,0.0,15.0,10.0,5.0,0.0,5.0,0.0,10.0,10.0,10.0,10.0,10.0,0.0,0.0,0.0,0.0,0.0,0.0,0.0,0.0,0.0
1942,wave2,Somewhat Risk-Seeking,2026-05-23,0.0,0.0,0.0,0.0,0.0,0.0,0.0,0.0,0.0,0.0,0.0,0.0,0.0,0.0,0.0,25.0,15.0,0.0,0.0,15.0,0.0,0.0,10.0,20.0,15.0
976,wave2,Somewhat Risk-Seeking,2026-05-23,0.0,0.0,0.0,0.0,0.0,0.0,0.0,0.0,0.0,0.0,0.0,0.0,0.0,0.0,0.0,20.0,15.0,5.0,0.0,10.0,0.0,0.0,10.0,25.0,15.0
1059,wave2,Somewhat Risk-Averse,2026-05-23,25.0,20.0,0.0,15.0,0.0,15.0,0.0,0.0,0.0,15.0,0.0,0.0,0.0,0.0,0.0,5.0,0.0,0.0,0.0,0.0,0.0,0.0,0.0,5.0,0.0
1849,wave2,Extremely Risk-Averse,2026-05-23,25.0,25.0,15.0,15.0,0.0,10.0,0.0,0.0,0.0,10.0,0.0,0.0,0.0,0.0,0.0,0.0,0.0,0.0,0.0,0.0,0.0,0.0,0.0,0.0,0.0
709,wave2,Risk-Neutral,2026-05-23,10.0,10.0,0.0,10.0,5.0,25.0,5.0,5.0,0.0,5.0,0.0,10.0,10.0,0.0,0.0,0.0,0.0,0.0,0.0,0.0,0.0,0.0,0.0,5.0,0.0
2388,wave2,Somewhat Risk-Seeking,2026-05-23,0.0,0.0,0.0,0.0,0.0,0.0,0.0,0.0,0.0,0.0,0.0,0.0,0.0,0.0,0.0,30.0,15.0,0.0,0.0,10.0,0.0,0.0,10.0,20.0,15.0
967,wave2,Somewhat Risk-Seeking,2026-05-23,0.0,0.0,0.0,0.0,0.0,20.0,0.0,0.0,0.0,0.0,0.0,0.0,25.0,0.0,0.0,20.0,20.0,0.0,0.0,0.0,0.0,0.0,0.0,0.0,15.0
2188,wave2,Default,2026-05-23,15.0,10.0,0.0,10.0,0.0,20.0,10.0,0.0,0.0,0.0,0.0,0.0,0.0,10.0,0.0,10.0,10.0,0.0,0.0,0.0,0.0,0.0,0.0,5.0,0.0
692,wave2,Risk-Neutral,2026-05-23,0.0,15.0,10.0,5.0,5.0,30.0,10.0,10.0,10.0,0.0,0.0,0.0,0.0,0.0,0.0,0.0,0.0,0.0,0.0,0.0,0.0,0.0,0.0,5.0,0.0
129,wave2,Somewhat Risk-Seeking,2026-05-23,0.0,0.0,0.0,0.0,0.0,0.0,0.0,0.0,0.0,0.0,0.0,0.0,0.0,0.0,0.0,20.0,15.0,0.0,0.0,15.0,10.0,0.0,0.0,25.0,15.0
1394,wave1,Somewhat Risk-Averse,2026-05-13,20.0,15.0,10.0,10.0,0.0,20.0,0.0,0.0,0.0,10.0,5.0,5.0,5.0,0.0,0.0,0.0,0.0,0.0,0.0,0.0,0.0,0.0,0.0,0.0,0.0
696,wave1,Extremely Risk-Averse,2026-05-13,40.0,20.0,10.0,10.0,0.0,0.0,0.0,0.0,0.0,10.0,10.0,0.0,0.0,0.0,0.0,0.0,0.0,0.0,0.0,0.0,0.0,0.0,0.0,0.0,0.0
1559,wave1,Extremely Risk-Seeking,2026-05-13,0.0,0.0,0.0,0.0,0.0,0.0,10.0,20.0,0.0,0.0,0.0,15.0,0.0,0.0,0.0,25.0,10.0,0.0,0.0,0.0,0.0,0.0,0.0,20.0,0.0
58,wave1,Risk-Neutral,2026-05-13,0.0,20.0,0.0,10.0,0.0,30.0,10.0,0.0,0.0,0.0,0.0,10.0,0.0,0.0,0.0,10.0,0.0,0.0,0.0,0.0,0.0,0.0,0.0,0.0,10.0
1784,wave1,Somewhat Risk-Averse,2026-05-13,20.0,15.0,10.0,15.0,0.0,10.0,0.0,0.0,0.0,10.0,10.0,5.0,5.0,0.0,0.0,0.0,0.0,0.0,0.0,0.0,0.0,0.0,0.0,0.0,0.0
2075,wave1,Extremely Risk-Seeking,2026-05-13,0.0,0.0,0.0,0.0,0.0,0.0,0.0,0.0,0.0,0.0,0.0,0.0,0.0,0.0,0.0,20.0,15.0,0.0,0.0,10.0,0.0,0.0,10.0,30.0,15.0
452,wave1,Somewhat Risk-Seeking,2026-05-13,0.0,0.0,0.0,0.0,0.0,0.0,0.0,0.0,0.0,0.0,0.0,0.0,0.0,15.0,0.0,25.0,15.0,0.0,0.0,10.0,0.0,0.0,0.0,20.0,15.0
1419,wave1,Somewhat Risk-Seeking,2026-05-13,0.0,0.0,0.0,0.0,0.0,10.0,0.0,0.0,0.0,0.0,0.0,0.0,0.0,0.0,0.0,25.0,0.0,10.0,5.0,15.0,10.0,15.0,10.0,0.0,0.0
2241,wave1,Somewhat Risk-Averse,2026-05-13,15.0,15.0,5.0,5.0,5.0,30.0,5.0,5.0,5.0,5.0,0.0,0.0,0.0,0.0,0.0,0.0,0.0,0.0,0.0,5.0,0.0,0.0,0.0,0.0,0.0
513,wave1,Somewhat Risk-Seeking,2026-05-13,0.0,0.0,0.0,0.0,0.0,0.0,0.0,0.0,0.0,0.0,0.0,15.0,0.0,15.0,0.0,20.0,15.0,5.0,0.0,0.0,0.0,0.0,0.0,20.0,10.0
1294,wave1,Somewhat Risk-Averse,2026-05-12,15.0,15.0,0.0,10.0,0.0,20.0,0.0,0.0,0.0,15.0,15.0,10.0,0.0,0.0,0.0,0.0,0.0,0.0,0.0,0.0,0.0,0.0,0.0,0.0,0.0
40,wave1,Extremely Risk-Averse,2026-05-12,30.0,20.0,15.0,15.0,0.0,0.0,0.0,0.0,0.0,10.0,10.0,0.0,0.0,0.0,0.0,0.0,0.0,0.0,0.0,0.0,0.0,0.0,0.0,0.0,0.0
2256,wave1,Default,2026-05-12,0.0,15.0,0.0,10.0,0.0,25.0,15.0,15.0,0.0,0.0,0.0,0.0,10.0,0.0,0.0,0.0,0.0,0.0,0.0,0.0,0.0,0.0,0.0,10.0,0.0
140,wave1,Somewhat Risk-Seeking,2026-05-12,0.0,0.0,0.0,0.0,0.0,0.0,0.0,0.0,0.0,0.0,0.0,0.0,0.0,10.0,0.0,20.0,15.0,5.0,0.0,10.0,0.0,0.0,5.0,20.0,10.0
2249,wave1,Somewhat Risk-Seeking,2026-05-12,0.0,0.0,0.0,0.0,0.0,0.0,0.0,0.0,0.0,0.0,0.0,0.0,0.0,0.0,10.0,20.0,15.0,5.0,0.0,10.0,0.0,0.0,0.0,25.0,15.0
153,wave1,Default,2026-05-12,15.0,0.0,0.0,10.0,5.0,20.0,10.0,5.0,10.0,0.0,0.0,10.0,0.0,0.0,0.0,10.0,0.0,0.0,0.0,0.0,0.0,0.0,0.0,5.0,0.0
519,wave1,Somewhat Risk-Seeking,2026-05-12,0.0,0.0,0.0,10.0,0.0,40.0,0.0,0.0,0.0,0.0,0.0,0.0,0.0,10.0,10.0,20.0,0.0,10.0,0.0,0.0,0.0,0.0,0.0,0.0,0.0
101,wave1,Somewhat Risk-Averse,2026-05-12,25.0,15.0,0.0,0.0,0.0,15.0,0.0,15.0,0.0,10.0,0.0,5.0,0.0,5.0,0.0,5.0,0.0,0.0,0.0,5.0,0.0,0.0,0.0,0.0,0.0
1450,wave1,Extremely Risk-Averse,2026-05-12,35.0,20.0,0.0,15.0,0.0,0.0,0.0,0.0,0.0,15.0,15.0,0.0,0.0,0.0,0.0,0.0,0.0,0.0,0.0,0.0,0.0,0.0,0.0,0.0,0.0
343,wave1,Risk-Neutral,2026-05-12,0.0,15.0,10.0,10.0,0.0,25.0,0.0,5.0,0.0,10.0,0.0,10.0,5.0,0.0,0.0,10.0,0.0,0.0,0.0,0.0,0.0,0.0,0.0,0.0,0.0
668,wave1,Extremely Risk-Averse,2026-05-12,35.0,20.0,0.0,15.0,0.0,10.0,0.0,0.0,0.0,10.0,10.0,0.0,0.0,0.0,0.0,0.0,0.0,0.0,0.0,0.0,0.0,0.0,0.0,0.0,0.0
2406,wave1,Extremely Risk-Averse,2026-05-12,30.0,20.0,0.0,15.0,0.0,15.0,0.0,0.0,0.0,15.0,0.0,0.0,0.0,0.0,0.0,0.0,0.0,0.0,0.0,0.0,0.0,0.0,0.0,5.0,0.0
1021,wave1,Risk-Neutral,2026-05-12,0.0,10.0,5.0,10.0,5.0,20.0,10.0,10.0,0.0,10.0,0.0,5.0,5.0,5.0,0.0,0.0,0.0,0.0,0.0,0.0,0.0,0.0,0.0,5.0,0.0
1727,wave1,Risk-Neutral,2026-05-12,10.0,15.0,0.0,10.0,5.0,30.0,0.0,10.0,0.0,0.0,0.0,10.0,0.0,0.0,10.0,0.0,0.0,0.0,0.0,0.0,0.0,0.0,0.0,0.0,0.0
1846,wave1,Risk-Neutral,2026-05-12,0.0,0.0,0.0,15.0,0.0,25.0,15.0,0.0,0.0,10.0,0.0,20.0,0.0,0.0,0.0,15.0,0.0,0.0,0.0,0.0,0.0,0.0,0.0,0.0,0.0
498,wave1,Extremely Risk-Seeking,2026-05-12,0.0,0.0,0.0,0.0,0.0,0.0,0.0,0.0,0.0,0.0,0.0,0.0,0.0,0.0,0.0,25.0,15.0,0.0,0.0,0.0,0.0,10.0,10.0,25.0,15.0
461,wave1,Default,2026-05-12,20.0,0.0,0.0,10.0,0.0,0.0,0.0,0.0,0.0,0.0,0.0,20.0,0.0,0.0,0.0,20.0,20.0,0.0,0.0,0.0,0.0,10.0,0.0,0.0,0.0
1191,wave1,Somewhat Risk-Averse,2026-05-12,0.0,0.0,25.0,15.0,0.0,35.0,15.0,0.0,0.0,0.0,0.0,0.0,10.0,0.0,0.0,0.0,0.0,0.0,0.0,0.0,0.0,0.0,0.0,0.0,0.0
2408,wave1,Somewhat Risk-Averse,2026-05-12,30.0,20.0,0.0,15.0,0.0,15.0,0.0,0.0,0.0,20.0,0.0,0.0,0.0,0.0,0.0,0.0,0.0,0.0,0.0,0.0,0.0,0.0,0.0,0.0,0.0
1711,wave1,Extremely Risk-Averse,2026-05-12,30.0,20.0,0.0,15.0,0.0,15.0,0.0,0.0,0.0,10.0,10.0,0.0,0.0,0.0,0.0,0.0,0.0,0.0,0.0,0.0,0.0,0.0,0.0,0.0,0.0
915,wave1,Extremely Risk-Seeking,2026-05-12,0.0,0.0,0.0,0.0,0.0,0.0,0.0,0.0,0.0,0.0,0.0,0.0,0.0,0.0,0.0,20.0,15.0,5.0,0.0,10.0,0.0,0.0,10.0,25.0,15.0
1987,wave1,Risk-Neutral,2026-05-12,0.0,0.0,15.0,0.0,0.0,20.0,0.0,15.0,0.0,10.0,0.0,0.0,15.0,15.0,0.0,0.0,0.0,0.0,0.0,0.0,0.0,0.0,0.0,0.0,10.0
2057,wave1,Risk-Neutral,2026-05-12,35.0,15.0,0.0,10.0,0.0,25.0,0.0,0.0,0.0,15.0,0.0,0.0,0.0,0.0,0.0,0.0,0.0,0.0,0.0,0.0,0.0,0.0,0.0,0.0,0.0
2337,wave1,Default,2026-05-12,10.0,0.0,0.0,5.0,0.0,15.0,5.0,10.0,0.0,10.0,0.0,10.0,10.0,0.0,5.0,10.0,0.0,0.0,0.0,0.0,5.0,0.0,0.0,5.0,0.0
2361,wave1,Somewhat Risk-Averse,2026-05-12,15.0,15.0,10.0,10.0,0.0,15.0,0.0,0.0,0.0,10.0,10.0,5.0,10.0,0.0,0.0,0.0,0.0,0.0,0.0,0.0,0.0,0.0,0.0,0.0,0.0
1645,wave1,Risk-Neutral,2026-05-12,0.0,15.0,0.0,10.0,0.0,30.0,10.0,0.0,0.0,0.0,0.0,10.0,10.0,0.0,0.0,15.0,0.0,0.0,0.0,0.0,0.0,0.0,0.0,0.0,0.0
2116,wave1,Default,2026-05-12,0.0,10.0,0.0,10.0,0.0,20.0,10.0,0.0,0.0,10.0,0.0,10.0,10.0,10.0,0.0,0.0,0.0,0.0,0.0,0.0,5.0,0.0,0.0,5.0,0.0
1569,wave1,Default,2026-05-12,15.0,0.0,5.0,10.0,0.0,25.0,10.0,0.0,0.0,0.0,0.0,0.0,15.0,0.0,0.0,0.0,0.0,0.0,0.0,10.0,0.0,0.0,0.0,10.0,0.0
2088,wave1,Risk-Neutral,2026-05-12,0.0,20.0,0.0,0.0,0.0,20.0,10.0,10.0,0.0,0.0,10.0,0.0,10.0,10.0,0.0,0.0,0.0,0.0,0.0,0.0,10.0,0.0,0.0,0.0,0.0
1440,wave1,Somewhat Risk-Averse,2026-05-12,20.0,20.0,0.0,10.0,10.0,15.0,0.0,0.0,0.0,15.0,10.0,0.0,0.0,0.0,0.0,0.0,0.0,0.0,0.0,0.0,0.0,0.0,0.0,0.0,0.0
782,wave1,Somewhat Risk-Averse,2026-05-12,20.0,15.0,0.0,0.0,0.0,25.0,0.0,0.0,0.0,10.0,10.0,10.0,10.0,0.0,0.0,0.0,0.0,0.0,0.0,0.0,0.0,0.0,0.0,0.0,0.0
1080,wave1,Extremely Risk-Seeking,2026-05-12,0.0,0.0,0.0,0.0,0.0,0.0,0.0,0.0,0.0,0.0,0.0,0.0,0.0,0.0,0.0,20.0,0.0,0.0,10.0,15.0,0.0,10.0,0.0,25.0,20.0
1721,wave1,Extremely Risk-Averse,2026-05-12,35.0,20.0,10.0,20.0,0.0,0.0,0.0,0.0,0.0,10.0,0.0,0.0,0.0,0.0,0.0,0.0,0.0,0.0,0.0,5.0,0.0,0.0,0.0,0.0,0.0
311,wave1,Risk-Neutral,2026-05-12,0.0,25.0,0.0,20.0,0.0,30.0,0.0,0.0,0.0,0.0,0.0,0.0,0.0,0.0,0.0,15.0,0.0,0.0,0.0,0.0,0.0,0.0,0.0,0.0,10.0
1498,wave1,Risk-Neutral,2026-05-12,10.0,15.0,0.0,10.0,0.0,15.0,10.0,0.0,0.0,10.0,0.0,5.0,0.0,0.0,5.0,10.0,0.0,0.0,0.0,10.0,0.0,0.0,0.0,0.0,0.0
1779,wave1,Default,2026-05-12,0.0,15.0,0.0,10.0,0.0,25.0,10.0,10.0,0.0,10.0,0.0,0.0,10.0,0.0,0.0,10.0,0.0,0.0,0.0,0.0,0.0,0.0,0.0,0.0,0.0
1676,wave1,Default,2026-05-12,10.0,0.0,0.0,0.0,0.0,10.0,0.0,0.0,0.0,0.0,0.0,0.0,0.0,0.0,0.0,15.0,0.0,0.0,0.0,0.0,0.0,0.0,0.0,35.0,30.0
2262,wave1,Somewhat Risk-Averse,2026-05-12,25.0,15.0,0.0,10.0,0.0,20.0,0.0,5.0,0.0,15.0,0.0,0.0,0.0,0.0,0.0,10.0,0.0,0.0,0.0,0.0,0.0,0.0,0.0,0.0,0.0
949,wave1,Default,2026-05-12,5.0,5.0,0.0,5.0,0.0,20.0,10.0,10.0,0.0,10.0,0.0,10.0,10.0,0.0,0.0,0.0,0.0,5.0,0.0,0.0,5.0,0.0,5.0,0.0,0.0
327,wave1,Somewhat Risk-Seeking,2026-05-12,0.0,0.0,0.0,0.0,0.0,20.0,0.0,0.0,0.0,0.0,0.0,0.0,20.0,20.0,0.0,25.0,0.0,0.0,0.0,0.0,0.0,0.0,0.0,15.0,0.0
1576,wave1,Default,2026-05-12,0.0,15.0,0.0,10.0,0.0,30.0,15.0,0.0,0.0,0.0,0.0,0.0,0.0,0.0,0.0,20.0,0.0,0.0,0.0,0.0,0.0,0.0,0.0,10.0,0.0
278,wave1,Risk-Neutral,2026-05-12,5.0,10.0,0.0,10.0,0.0,30.0,10.0,10.0,0.0,0.0,0.0,10.0,10.0,0.0,0.0,0.0,0.0,0.0,0.0,0.0,0.0,0.0,0.0,5.0,0.0
903,wave1,Somewhat Risk-Averse,2026-05-12,20.0,15.0,10.0,10.0,0.0,10.0,0.0,0.0,0.0,15.0,10.0,5.0,5.0,0.0,0.0,0.0,0.0,0.0,0.0,0.0,0.0,0.0,0.0,0.0,0.0
684,wave1,Extremely Risk-Seeking,2026-05-11,0.0,0.0,0.0,0.0,0.0,0.0,0.0,0.0,0.0,0.0,0.0,0.0,0.0,0.0,0.0,30.0,20.0,0.0,0.0,10.0,0.0,0.0,0.0,25.0,15.0
206,wave1,Extremely Risk-Seeking,2026-05-11,0.0,0.0,0.0,0.0,0.0,0.0,0.0,0.0,0.0,0.0,0.0,0.0,0.0,0.0,0.0,30.0,15.0,0.0,10.0,10.0,0.0,0.0,0.0,20.0,15.0
863,wave1,Extremely Risk-Seeking,2026-05-11,0.0,0.0,0.0,0.0,0.0,0.0,0.0,0.0,0.0,0.0,0.0,0.0,0.0,40.0,10.0,40.0,0.0,0.0,0.0,0.0,5.0,0.0,0.0,5.0,0.0
559,wave1,Default,2026-05-11,0.0,10.0,0.0,10.0,10.0,20.0,10.0,0.0,0.0,0.0,0.0,10.0,0.0,10.0,0.0,15.0,0.0,0.0,0.0,0.0,0.0,0.0,0.0,5.0,0.0
87,wave1,Extremely Risk-Seeking,2026-05-11,0.0,0.0,0.0,0.0,0.0,0.0,0.0,0.0,0.0,0.0,0.0,0.0,0.0,0.0,0.0,20.0,15.0,0.0,0.0,15.0,0.0,0.0,15.0,20.0,15.0
2060,wave1,Default,2026-05-11,0.0,0.0,0.0,15.0,10.0,20.0,0.0,10.0,0.0,0.0,10.0,0.0,10.0,10.0,0.0,15.0,0.0,0.0,0.0,0.0,0.0,0.0,0.0,0.0,0.0
2008,wave1,Extremely Risk-Seeking,2026-05-11,0.0,0.0,0.0,0.0,0.0,0.0,0.0,0.0,0.0,0.0,0.0,0.0,0.0,0.0,0.0,20.0,15.0,0.0,0.0,10.0,0.0,0.0,10.0,25.0,20.0
1986,wave1,Somewhat Risk-Seeking,2026-05-11,0.0,0.0,0.0,0.0,0.0,0.0,0.0,0.0,0.0,0.0,0.0,0.0,0.0,0.0,0.0,35.0,15.0,0.0,0.0,10.0,0.0,0.0,0.0,25.0,15.0
947,wave1,Somewhat Risk-Averse,2026-05-11,30.0,20.0,0.0,15.0,0.0,0.0,0.0,0.0,0.0,15.0,0.0,0.0,10.0,0.0,0.0,10.0,0.0,0.0,0.0,0.0,0.0,0.0,0.0,0.0,0.0
324,wave1,Somewhat Risk-Seeking,2026-05-11,0.0,0.0,0.0,0.0,0.0,0.0,0.0,0.0,0.0,0.0,0.0,0.0,0.0,10.0,0.0,25.0,20.0,10.0,10.0,15.0,0.0,10.0,0.0,0.0,0.0
2006,wave1,Somewhat Risk-Seeking,2026-05-11,0.0,0.0,0.0,0.0,0.0,0.0,0.0,0.0,0.0,0.0,0.0,0.0,0.0,10.0,0.0,20.0,15.0,10.0,0.0,10.0,0.0,0.0,0.0,20.0,15.0
579,wave1,Default,2026-05-11,0.0,10.0,0.0,10.0,0.0,20.0,10.0,5.0,0.0,0.0,0.0,10.0,10.0,10.0,0.0,10.0,0.0,0.0,0.0,0.0,0.0,0.0,0.0,0.0,5.0
1397,wave1,Default,2026-05-11,0.0,15.0,0.0,15.0,0.0,20.0,0.0,0.0,0.0,0.0,10.0,15.0,10.0,15.0,0.0,0.0,0.0,0.0,0.0,0.0,0.0,0.0,0.0,0.0,0.0
736,wave1,Extremely Risk-Seeking,2026-05-11,0.0,0.0,0.0,0.0,0.0,0.0,0.0,0.0,0.0,0.0,0.0,0.0,0.0,0.0,0.0,25.0,15.0,0.0,10.0,5.0,0.0,0.0,0.0,25.0,20.0
1102,wave1,Somewhat Risk-Seeking,2026-05-11,0.0,0.0,0.0,0.0,0.0,0.0,0.0,0.0,0.0,0.0,0.0,0.0,0.0,0.0,20.0,25.0,0.0,15.0,0.0,10.0,0.0,0.0,0.0,20.0,10.0
1526,wave1,Risk-Neutral,2026-05-11,0.0,10.0,0.0,10.0,0.0,30.0,10.0,10.0,0.0,0.0,0.0,10.0,0.0,0.0,0.0,10.0,0.0,0.0,0.0,0.0,0.0,0.0,0.0,10.0,0.0
1902,wave1,Default,2026-05-11,10.0,0.0,0.0,20.0,10.0,40.0,0.0,0.0,0.0,0.0,0.0,0.0,10.0,0.0,0.0,10.0,0.0,0.0,0.0,0.0,0.0,0.0,0.0,0.0,0.0
314,wave1,Risk-Neutral,2026-05-11,0.0,20.0,0.0,10.0,0.0,40.0,0.0,0.0,0.0,0.0,0.0,0.0,0.0,0.0,0.0,20.0,0.0,0.0,0.0,0.0,0.0,10.0,0.0,0.0,0.0
1000,wave1,Default,2026-05-11,5.0,0.0,10.0,5.0,10.0,15.0,10.0,15.0,10.0,10.0,0.0,5.0,5.0,0.0,0.0,0.0,0.0,0.0,0.0,0.0,0.0,0.0,0.0,0.0,0.0
13,wave1,Risk-Neutral,2026-05-11,0.0,20.0,0.0,10.0,0.0,25.0,10.0,10.0,0.0,0.0,0.0,10.0,10.0,0.0,0.0,0.0,0.0,0.0,0.0,0.0,0.0,0.0,0.0,5.0,0.0
1128,wave1,Somewhat Risk-Averse,2026-05-11,30.0,20.0,15.0,15.0,0.0,0.0,0.0,0.0,0.0,10.0,10.0,0.0,0.0,0.0,0.0,0.0,0.0,0.0,0.0,0.0,0.0,0.0,0.0,0.0,0.0
2314,wave1,Somewhat Risk-Averse,2026-05-11,15.0,15.0,0.0,10.0,0.0,15.0,10.0,10.0,0.0,15.0,10.0,0.0,0.0,0.0,0.0,0.0,0.0,0.0,0.0,0.0,0.0,0.0,0.0,0.0,0.0
2301,wave1,Default,2026-05-11,15.0,0.0,0.0,20.0,0.0,30.0,0.0,0.0,0.0,0.0,0.0,10.0,0.0,0.0,0.0,15.0,0.0,0.0,0.0,0.0,0.0,0.0,0.0,0.0,10.0
195,wave1,Risk-Neutral,2026-05-11,10.0,10.0,10.0,10.0,0.0,30.0,10.0,0.0,0.0,0.0,0.0,10.0,0.0,0.0,0.0,0.0,0.0,0.0,0.0,0.0,0.0,0.0,0.0,10.0,0.0
1572,wave1,Extremely Risk-Averse,2026-05-11,40.0,25.0,0.0,15.0,0.0,10.0,0.0,0.0,0.0,10.0,0.0,0.0,0.0,0.0,0.0,0.0,0.0,0.0,0.0,0.0,0.0,0.0,0.0,0.0,0.0
964,wave1,Somewhat Risk-Averse,2026-05-11,20.0,20.0,10.0,15.0,0.0,15.0,0.0,0.0,0.0,10.0,10.0,0.0,0.0,0.0,0.0,0.0,0.0,0.0,0.0,0.0,0.0,0.0,0.0,0.0,0.0
307,wave1,Risk-Neutral,2026-05-11,0.0,15.0,5.0,10.0,0.0,30.0,5.0,0.0,0.0,0.0,5.0,10.0,10.0,0.0,5.0,0.0,0.0,0.0,0.0,0.0,0.0,0.0,0.0,5.0,0.0
269,wave1,Extremely Risk-Seeking,2026-05-11,0.0,0.0,0.0,0.0,0.0,0.0,0.0,0.0,0.0,0.0,0.0,0.0,20.0,20.0,0.0,25.0,15.0,0.0,0.0,0.0,0.0,0.0,0.0,20.0,0.0
1599,wave1,Default,2026-05-11,20.0,0.0,0.0,10.0,0.0,20.0,5.0,5.0,0.0,0.0,0.0,5.0,10.0,0.0,5.0,10.0,5.0,0.0,0.0,0.0,0.0,0.0,0.0,0.0,5.0
2291,wave1,Extremely Risk-Seeking,2026-05-11,0.0,0.0,0.0,0.0,0.0,0.0,0.0,0.0,0.0,0.0,0.0,0.0,0.0,0.0,0.0,20.0,20.0,0.0,0.0,15.0,0.0,0.0,0.0,25.0,20.0
191,wave1,Extremely Risk-Averse,2026-05-11,40.0,20.0,5.0,15.0,0.0,0.0,0.0,0.0,0.0,10.0,10.0,0.0,0.0,0.0,0.0,0.0,0.0,0.0,0.0,0.0,0.0,0.0,0.0,0.0,0.0
815,wave1,Extremely Risk-Seeking,2026-05-11,0.0,0.0,0.0,0.0,0.0,0.0,0.0,0.0,0.0,0.0,0.0,0.0,0.0,0.0,0.0,25.0,20.0,0.0,0.0,10.0,0.0,0.0,0.0,30.0,15.0
1019,wave1,Default,2026-05-11,10.0,0.0,0.0,10.0,0.0,20.0,10.0,10.0,0.0,0.0,0.0,10.0,10.0,0.0,0.0,10.0,0.0,0.0,0.0,0.0,0.0,0.0,0.0,10.0,0.0
1678,wave1,Extremely Risk-Seeking,2026-05-11,0.0,0.0,0.0,0.0,0.0,0.0,0.0,0.0,0.0,0.0,0.0,0.0,0.0,0.0,0.0,30.0,15.0,0.0,0.0,10.0,0.0,0.0,5.0,25.0,15.0
2063,wave1,Default,2026-05-11,0.0,15.0,0.0,10.0,10.0,30.0,0.0,0.0,0.0,0.0,0.0,15.0,0.0,15.0,0.0,0.0,0.0,0.0,0.0,0.0,0.0,0.0,0.0,5.0,0.0
835,wave1,Extremely Risk-Averse,2026-05-11,35.0,30.0,0.0,0.0,0.0,15.0,0.0,0.0,0.0,0.0,0.0,10.0,10.0,0.0,0.0,0.0,0.0,0.0,0.0,0.0,0.0,0.0,0.0,0.0,0.0
448,wave1,Extremely Risk-Seeking,2026-05-11,0.0,0.0,0.0,0.0,0.0,0.0,0.0,0.0,0.0,0.0,0.0,0.0,0.0,0.0,0.0,20.0,15.0,0.0,15.0,0.0,0.0,0.0,0.0,30.0,20.0
785,wave1,Default,2026-05-11,20.0,0.0,0.0,15.0,0.0,25.0,10.0,0.0,0.0,0.0,0.0,10.0,0.0,10.0,0.0,0.0,0.0,0.0,0.0,0.0,0.0,0.0,0.0,10.0,0.0
1876,wave1,Default,2026-05-11,5.0,5.0,0.0,5.0,0.0,25.0,0.0,0.0,0.0,5.0,0.0,0.0,10.0,0.0,0.0,20.0,0.0,0.0,0.0,10.0,0.0,0.0,0.0,10.0,5.0
1321,wave1,Default,2026-05-11,0.0,10.0,0.0,10.0,0.0,15.0,10.0,5.0,0.0,5.0,0.0,5.0,10.0,5.0,0.0,10.0,0.0,5.0,0.0,5.0,0.0,0.0,0.0,5.0,0.0
1173,wave1,Extremely Risk-Averse,2026-05-11,25.0,20.0,15.0,10.0,0.0,10.0,0.0,0.0,0.0,10.0,10.0,0.0,0.0,0.0,0.0,0.0,0.0,0.0,0.0,0.0,0.0,0.0,0.0,0.0,0.0
1198,wave1,Somewhat Risk-Averse,2026-05-11,20.0,15.0,15.0,10.0,0.0,15.0,0.0,0.0,0.0,10.0,10.0,0.0,0.0,0.0,5.0,0.0,0.0,0.0,0.0,0.0,0.0,0.0,0.0,0.0,0.0
657,wave1,Somewhat Risk-Averse,2026-05-11,25.0,15.0,0.0,15.0,0.0,15.0,0.0,0.0,0.0,10.0,10.0,0.0,10.0,0.0,0.0,0.0,0.0,0.0,0.0,0.0,0.0,0.0,0.0,0.0,0.0
1591,wave1,Somewhat Risk-Averse,2026-05-11,0.0,15.0,10.0,10.0,0.0,20.0,10.0,0.0,0.0,0.0,10.0,10.0,10.0,0.0,0.0,5.0,0.0,0.0,0.0,0.0,0.0,0.0,0.0,0.0,0.0
720,wave1,Somewhat Risk-Averse,2026-05-11,20.0,15.0,0.0,10.0,0.0,20.0,0.0,5.0,0.0,10.0,10.0,5.0,5.0,0.0,0.0,0.0,0.0,0.0,0.0,0.0,0.0,0.0,0.0,0.0,0.0
804,wave1,Somewhat Risk-Seeking,2026-05-11,0.0,0.0,0.0,0.0,0.0,0.0,0.0,0.0,0.0,0.0,0.0,0.0,0.0,0.0,10.0,25.0,15.0,0.0,0.0,10.0,0.0,0.0,5.0,20.0,15.0
151,wave1,Risk-Neutral,2026-05-11,15.0,10.0,0.0,10.0,0.0,25.0,5.0,0.0,5.0,0.0,0.0,10.0,10.0,0.0,0.0,5.0,0.0,0.0,0.0,0.0,0.0,0.0,0.0,5.0,0.0
2106,wave1,Default,2026-05-11,15.0,0.0,0.0,10.0,0.0,25.0,0.0,10.0,10.0,0.0,0.0,0.0,15.0,0.0,0.0,15.0,0.0,0.0,0.0,0.0,0.0,0.0,0.0,0.0,0.0
1905,wave1,Extremely Risk-Averse,2026-05-11,30.0,20.0,15.0,15.0,0.0,0.0,0.0,0.0,0.0,15.0,0.0,0.0,0.0,0.0,0.0,5.0,0.0,0.0,0.0,0.0,0.0,0.0,0.0,0.0,0.0
1488,wave1,Extremely Risk-Seeking,2026-05-11,0.0,0.0,0.0,0.0,0.0,0.0,0.0,0.0,0.0,0.0,0.0,0.0,0.0,0.0,0.0,25.0,20.0,0.0,0.0,10.0,0.0,0.0,0.0,30.0,15.0
539,wave1,Extremely Risk-Seeking,2026-05-11,0.0,0.0,0.0,0.0,0.0,0.0,0.0,0.0,0.0,0.0,0.0,0.0,0.0,0.0,0.0,35.0,20.0,0.0,10.0,0.0,0.0,0.0,0.0,25.0,10.0
2288,wave1,Default,2026-05-11,0.0,10.0,5.0,10.0,0.0,15.0,5.0,5.0,5.0,15.0,5.0,5.0,0.0,0.0,5.0,10.0,0.0,0.0,0.0,0.0,0.0,0.0,0.0,5.0,0.0
1743,wave1,Somewhat Risk-Averse,2026-05-11,25.0,15.0,0.0,10.0,0.0,15.0,5.0,0.0,0.0,10.0,10.0,5.0,5.0,0.0,0.0,0.0,0.0,0.0,0.0,0.0,0.0,0.0,0.0,0.0,0.0
1571,wave1,Extremely Risk-Seeking,2026-05-11,0.0,0.0,0.0,0.0,0.0,0.0,0.0,0.0,0.0,0.0,0.0,0.0,0.0,0.0,0.0,25.0,20.0,0.0,10.0,10.0,0.0,0.0,0.0,20.0,15.0
265,wave1,Somewhat Risk-Seeking,2026-05-11,0.0,0.0,0.0,0.0,0.0,0.0,0.0,0.0,0.0,0.0,0.0,0.0,0.0,0.0,0.0,20.0,15.0,15.0,0.0,15.0,0.0,0.0,0.0,20.0,15.0
2374,wave1,Somewhat Risk-Averse,2026-05-11,30.0,20.0,0.0,15.0,0.0,10.0,0.0,0.0,0.0,15.0,10.0,0.0,0.0,0.0,0.0,0.0,0.0,0.0,0.0,0.0,0.0,0.0,0.0,0.0,0.0
1632,wave1,Default,2026-05-11,10.0,0.0,0.0,10.0,0.0,20.0,15.0,0.0,15.0,0.0,0.0,10.0,0.0,5.0,10.0,0.0,0.0,0.0,0.0,0.0,0.0,0.0,5.0,0.0,0.0
1374,wave1,Extremely Risk-Averse,2026-05-11,25.0,15.0,0.0,10.0,0.0,10.0,0.0,0.0,0.0,10.0,10.0,10.0,10.0,0.0,0.0,0.0,0.0,0.0,0.0,0.0,0.0,0.0,0.0,0.0,0.0
1641,wave1,Extremely Risk-Averse,2026-05-11,35.0,20.0,0.0,15.0,0.0,10.0,0.0,0.0,0.0,10.0,10.0,0.0,0.0,0.0,0.0,0.0,0.0,0.0,0.0,0.0,0.0,0.0,0.0,0.0,0.0
1966,wave1,Extremely Risk-Seeking,2026-05-11,0.0,0.0,0.0,0.0,0.0,0.0,0.0,0.0,0.0,0.0,0.0,0.0,0.0,0.0,0.0,25.0,10.0,0.0,0.0,15.0,0.0,0.0,0.0,35.0,15.0
358,wave1,Extremely Risk-Seeking,2026-05-11,0.0,0.0,0.0,0.0,0.0,0.0,0.0,0.0,0.0,0.0,0.0,0.0,0.0,0.0,0.0,25.0,20.0,0.0,0.0,15.0,0.0,0.0,0.0,25.0,15.0
1480,wave1,Extremely Risk-Averse,2026-05-10,30.0,20.0,15.0,10.0,0.0,5.0,0.0,0.0,0.0,10.0,10.0,0.0,0.0,0.0,0.0,0.0,0.0,0.0,0.0,0.0,0.0,0.0,0.0,0.0,0.0
1322,wave1,Somewhat Risk-Averse,2026-05-10,10.0,10.0,0.0,10.0,0.0,30.0,0.0,0.0,0.0,15.0,15.0,0.0,10.0,0.0,0.0,0.0,0.0,0.0,0.0,0.0,0.0,0.0,0.0,0.0,0.0
1392,wave1,Risk-Neutral,2026-05-10,0.0,15.0,0.0,10.0,10.0,25.0,10.0,0.0,0.0,0.0,0.0,15.0,0.0,10.0,0.0,5.0,0.0,0.0,0.0,0.0,0.0,0.0,0.0,0.0,0.0
555,wave1,Default,2026-05-10,0.0,10.0,0.0,5.0,5.0,20.0,5.0,10.0,10.0,0.0,0.0,0.0,5.0,5.0,10.0,10.0,0.0,5.0,0.0,0.0,0.0,0.0,0.0,0.0,0.0
1203,wave1,Extremely Risk-Seeking,2026-05-10,0.0,0.0,0.0,0.0,0.0,0.0,0.0,0.0,0.0,0.0,0.0,0.0,0.0,0.0,0.0,30.0,20.0,0.0,0.0,15.0,0.0,0.0,0.0,25.0,10.0
139,wave1,Extremely Risk-Seeking,2026-05-10,0.0,0.0,0.0,0.0,0.0,20.0,0.0,0.0,0.0,0.0,0.0,0.0,20.0,20.0,0.0,20.0,0.0,0.0,0.0,0.0,0.0,0.0,0.0,20.0,0.0
1843,wave1,Somewhat Risk-Seeking,2026-05-10,0.0,0.0,0.0,0.0,0.0,0.0,0.0,0.0,0.0,0.0,0.0,0.0,0.0,0.0,0.0,25.0,10.0,10.0,0.0,10.0,0.0,0.0,0.0,25.0,20.0
833,wave1,Extremely Risk-Averse,2026-05-10,30.0,20.0,15.0,15.0,0.0,0.0,0.0,0.0,0.0,10.0,10.0,0.0,0.0,0.0,0.0,0.0,0.0,0.0,0.0,0.0,0.0,0.0,0.0,0.0,0.0
557,wave1,Extremely Risk-Averse,2026-05-10,30.0,20.0,0.0,10.0,0.0,15.0,0.0,0.0,0.0,10.0,0.0,5.0,10.0,0.0,0.0,0.0,0.0,0.0,0.0,0.0,0.0,0.0,0.0,0.0,0.0
2182,wave1,Extremely Risk-Seeking,2026-05-10,0.0,0.0,0.0,0.0,0.0,0.0,0.0,0.0,0.0,0.0,0.0,0.0,0.0,0.0,0.0,20.0,15.0,0.0,0.0,10.0,0.0,10.0,10.0,20.0,15.0
971,wave1,Risk-Neutral,2026-05-10,15.0,0.0,0.0,10.0,0.0,25.0,15.0,0.0,0.0,0.0,0.0,10.0,0.0,10.0,0.0,10.0,0.0,0.0,0.0,0.0,0.0,0.0,0.0,5.0,0.0
744,wave1,Default,2026-05-10,15.0,0.0,10.0,10.0,5.0,25.0,10.0,10.0,0.0,0.0,5.0,0.0,10.0,0.0,0.0,0.0,0.0,0.0,0.0,0.0,0.0,0.0,0.0,0.0,0.0
1613,wave1,Somewhat Risk-Seeking,2026-05-10,0.0,0.0,0.0,0.0,0.0,0.0,0.0,0.0,0.0,0.0,15.0,0.0,0.0,20.0,10.0,35.0,20.0,0.0,0.0,0.0,0.0,0.0,0.0,0.0,0.0
1150,wave1,Extremely Risk-Seeking,2026-05-10,0.0,0.0,0.0,0.0,0.0,0.0,0.0,0.0,0.0,0.0,0.0,0.0,0.0,0.0,0.0,25.0,15.0,0.0,0.0,15.0,0.0,0.0,0.0,30.0,15.0
53,wave1,Default,2026-05-10,0.0,15.0,0.0,15.0,0.0,30.0,0.0,0.0,0.0,0.0,0.0,0.0,0.0,15.0,0.0,0.0,10.0,0.0,0.0,0.0,0.0,0.0,0.0,10.0,5.0
1972,wave1,Risk-Neutral,2026-05-10,0.0,10.0,0.0,10.0,0.0,30.0,0.0,10.0,0.0,0.0,10.0,0.0,10.0,0.0,0.0,10.0,0.0,0.0,0.0,0.0,0.0,0.0,0.0,10.0,0.0
282,wave1,Extremely Risk-Averse,2026-05-10,35.0,20.0,0.0,15.0,0.0,0.0,0.0,0.0,0.0,15.0,15.0,0.0,0.0,0.0,0.0,0.0,0.0,0.0,0.0,0.0,0.0,0.0,0.0,0.0,0.0
1667,wave1,Somewhat Risk-Seeking,2026-05-10,0.0,0.0,0.0,10.0,0.0,15.0,0.0,0.0,0.0,0.0,0.0,0.0,0.0,0.0,20.0,25.0,15.0,0.0,0.0,15.0,0.0,0.0,0.0,0.0,0.0
2383,wave1,Extremely Risk-Seeking,2026-05-10,0.0,0.0,0.0,0.0,0.0,0.0,0.0,0.0,0.0,0.0,0.0,0.0,0.0,0.0,0.0,20.0,20.0,0.0,0.0,20.0,0.0,0.0,0.0,20.0,20.0
811,wave1,Default,2026-05-10,0.0,15.0,0.0,10.0,10.0,25.0,0.0,10.0,0.0,0.0,0.0,10.0,0.0,10.0,0.0,10.0,0.0,0.0,0.0,0.0,0.0,0.0,0.0,0.0,0.0
1547,wave1,Default,2026-05-10,0.0,0.0,15.0,10.0,0.0,20.0,0.0,10.0,0.0,10.0,0.0,0.0,0.0,0.0,0.0,10.0,0.0,10.0,10.0,0.0,0.0,0.0,5.0,0.0,0.0
2133,wave1,Risk-Neutral,2026-05-10,20.0,0.0,10.0,10.0,0.0,30.0,10.0,0.0,0.0,0.0,0.0,0.0,15.0,0.0,0.0,0.0,0.0,0.0,0.0,0.0,0.0,0.0,0.0,5.0,0.0
342,wave1,Somewhat Risk-Averse,2026-05-10,0.0,15.0,10.0,10.0,0.0,25.0,0.0,0.0,0.0,15.0,0.0,10.0,15.0,0.0,0.0,0.0,0.0,0.0,0.0,0.0,0.0,0.0,0.0,0.0,0.0
717,wave1,Extremely Risk-Seeking,2026-05-10,0.0,0.0,0.0,0.0,0.0,0.0,0.0,0.0,0.0,0.0,0.0,0.0,0.0,0.0,0.0,20.0,15.0,0.0,0.0,0.0,0.0,0.0,10.0,30.0,25.0
1959,wave1,Extremely Risk-Averse,2026-05-10,30.0,20.0,0.0,15.0,0.0,5.0,0.0,0.0,0.0,20.0,10.0,0.0,0.0,0.0,0.0,0.0,0.0,0.0,0.0,0.0,0.0,0.0,0.0,0.0,0.0
2064,wave1,Extremely Risk-Seeking,2026-05-10,0.0,0.0,0.0,0.0,0.0,0.0,0.0,0.0,0.0,0.0,0.0,0.0,0.0,0.0,0.0,20.0,15.0,0.0,0.0,0.0,0.0,0.0,15.0,25.0,25.0
1649,wave1,Somewhat Risk-Averse,2026-05-10,15.0,15.0,10.0,10.0,0.0,10.0,0.0,0.0,0.0,0.0,0.0,0.0,10.0,0.0,10.0,5.0,0.0,0.0,0.0,0.0,0.0,0.0,0.0,10.0,5.0
2244,wave1,Default,2026-05-10,10.0,20.0,0.0,10.0,0.0,25.0,0.0,0.0,15.0,0.0,0.0,0.0,0.0,0.0,0.0,10.0,0.0,10.0,0.0,0.0,0.0,0.0,0.0,0.0,0.0
1731,wave1,Extremely Risk-Seeking,2026-05-10,0.0,0.0,0.0,0.0,0.0,0.0,0.0,0.0,0.0,0.0,0.0,0.0,0.0,0.0,0.0,30.0,10.0,0.0,0.0,30.0,0.0,0.0,10.0,0.0,20.0
1776,wave1,Somewhat Risk-Seeking,2026-05-10,0.0,0.0,0.0,0.0,0.0,0.0,0.0,0.0,0.0,0.0,0.0,0.0,0.0,0.0,0.0,25.0,10.0,10.0,0.0,15.0,0.0,0.0,10.0,15.0,15.0
264,wave1,Somewhat Risk-Seeking,2026-05-10,0.0,0.0,0.0,0.0,0.0,20.0,0.0,0.0,0.0,0.0,0.0,0.0,0.0,0.0,0.0,25.0,15.0,15.0,0.0,15.0,0.0,0.0,10.0,0.0,0.0
170,wave1,Extremely Risk-Averse,2026-05-10,40.0,20.0,15.0,10.0,0.0,0.0,0.0,0.0,0.0,10.0,5.0,0.0,0.0,0.0,0.0,0.0,0.0,0.0,0.0,0.0,0.0,0.0,0.0,0.0,0.0
238,wave1,Extremely Risk-Seeking,2026-05-10,0.0,0.0,0.0,0.0,0.0,0.0,0.0,20.0,0.0,0.0,0.0,0.0,0.0,0.0,0.0,35.0,0.0,20.0,15.0,0.0,0.0,0.0,0.0,10.0,0.0
180,wave1,Default,2026-05-10,20.0,0.0,0.0,15.0,0.0,30.0,10.0,0.0,0.0,0.0,0.0,15.0,0.0,0.0,0.0,10.0,0.0,0.0,0.0,0.0,0.0,0.0,0.0,0.0,0.0
2220,wave1,Somewhat Risk-Seeking,2026-05-10,0.0,0.0,0.0,0.0,0.0,0.0,0.0,0.0,0.0,0.0,0.0,0.0,0.0,0.0,0.0,25.0,15.0,0.0,10.0,10.0,0.0,0.0,0.0,30.0,10.0
1886,wave1,Somewhat Risk-Averse,2026-05-10,25.0,15.0,15.0,0.0,0.0,15.0,0.0,0.0,0.0,10.0,10.0,5.0,5.0,0.0,0.0,0.0,0.0,0.0,0.0,0.0,0.0,0.0,0.0,0.0,0.0
628,wave1,Somewhat Risk-Seeking,2026-05-10,0.0,0.0,0.0,0.0,0.0,0.0,0.0,0.0,0.0,0.0,0.0,0.0,0.0,0.0,0.0,25.0,15.0,10.0,0.0,15.0,0.0,0.0,0.0,20.0,15.0
1680,wave1,Extremely Risk-Averse,2026-05-10,20.0,15.0,10.0,10.0,0.0,15.0,0.0,0.0,0.0,10.0,10.0,10.0,0.0,0.0,0.0,0.0,0.0,0.0,0.0,0.0,0.0,0.0,0.0,0.0,0.0
1320,wave1,Extremely Risk-Averse,2026-05-10,30.0,15.0,10.0,15.0,0.0,10.0,0.0,0.0,0.0,10.0,10.0,0.0,0.0,0.0,0.0,0.0,0.0,0.0,0.0,0.0,0.0,0.0,0.0,0.0,0.0
2336,wave1,Risk-Neutral,2026-05-10,0.0,20.0,0.0,15.0,5.0,30.0,0.0,0.0,0.0,0.0,0.0,10.0,0.0,10.0,0.0,0.0,0.0,0.0,0.0,0.0,0.0,0.0,0.0,10.0,0.0
1239,wave1,Extremely Risk-Seeking,2026-05-10,0.0,0.0,0.0,0.0,0.0,0.0,0.0,0.0,0.0,0.0,0.0,0.0,0.0,0.0,0.0,30.0,25.0,10.0,0.0,0.0,10.0,0.0,15.0,10.0,0.0
2305,wave1,Extremely Risk-Seeking,2026-05-10,0.0,0.0,0.0,0.0,0.0,0.0,0.0,0.0,0.0,0.0,0.0,0.0,0.0,0.0,0.0,25.0,15.0,0.0,0.0,10.0,0.0,0.0,5.0,30.0,15.0
316,wave1,Somewhat Risk-Averse,2026-05-09,0.0,20.0,15.0,5.0,10.0,35.0,0.0,0.0,0.0,10.0,0.0,0.0,5.0,0.0,0.0,0.0,0.0,0.0,0.0,0.0,0.0,0.0,0.0,0.0,0.0
98,wave1,Extremely Risk-Averse,2026-05-09,35.0,15.0,10.0,10.0,0.0,10.0,0.0,0.0,0.0,10.0,10.0,0.0,0.0,0.0,0.0,0.0,0.0,0.0,0.0,0.0,0.0,0.0,0.0,0.0,0.0
1176,wave1,Extremely Risk-Seeking,2026-05-09,0.0,0.0,0.0,0.0,0.0,0.0,0.0,0.0,0.0,0.0,0.0,0.0,0.0,0.0,0.0,25.0,15.0,0.0,0.0,10.0,0.0,0.0,15.0,20.0,15.0
23,wave1,Extremely Risk-Averse,2026-05-09,30.0,20.0,10.0,15.0,0.0,0.0,0.0,0.0,0.0,15.0,10.0,0.0,0.0,0.0,0.0,0.0,0.0,0.0,0.0,0.0,0.0,0.0,0.0,0.0,0.0
1472,wave1,Somewhat Risk-Averse,2026-05-09,15.0,15.0,0.0,15.0,0.0,20.0,0.0,0.0,0.0,10.0,10.0,10.0,5.0,0.0,0.0,0.0,0.0,0.0,0.0,0.0,0.0,0.0,0.0,0.0,0.0
927,wave1,Risk-Neutral,2026-05-09,0.0,10.0,20.0,10.0,0.0,20.0,10.0,0.0,0.0,0.0,0.0,10.0,10.0,0.0,0.0,10.0,0.0,0.0,0.0,0.0,0.0,0.0,0.0,0.0,0.0
1060,wave1,Risk-Neutral,2026-05-09,0.0,15.0,0.0,10.0,0.0,20.0,10.0,10.0,0.0,0.0,10.0,0.0,10.0,0.0,0.0,10.0,0.0,0.0,0.0,0.0,0.0,0.0,0.0,5.0,0.0
453,wave1,Default,2026-05-09,0.0,10.0,0.0,15.0,0.0,25.0,10.0,0.0,0.0,0.0,0.0,10.0,10.0,0.0,0.0,10.0,0.0,0.0,0.0,0.0,10.0,0.0,0.0,0.0,0.0
583,wave1,Extremely Risk-Seeking,2026-05-09,0.0,0.0,0.0,0.0,0.0,0.0,0.0,0.0,0.0,0.0,0.0,0.0,0.0,0.0,0.0,25.0,0.0,0.0,0.0,15.0,0.0,10.0,10.0,0.0,40.0
1024,wave1,Risk-Neutral,2026-05-09,0.0,15.0,0.0,10.0,0.0,30.0,10.0,10.0,0.0,0.0,0.0,0.0,15.0,0.0,0.0,0.0,0.0,0.0,0.0,5.0,0.0,0.0,0.0,5.0,0.0
1174,wave1,Extremely Risk-Seeking,2026-05-09,0.0,0.0,0.0,0.0,0.0,15.0,0.0,0.0,0.0,0.0,0.0,0.0,0.0,15.0,0.0,35.0,15.0,0.0,0.0,0.0,0.0,0.0,0.0,20.0,0.0
984,wave1,Default,2026-05-09,0.0,15.0,0.0,10.0,0.0,25.0,10.0,0.0,0.0,0.0,0.0,0.0,10.0,0.0,0.0,15.0,0.0,0.0,0.0,0.0,0.0,0.0,0.0,15.0,0.0
179,wave1,Somewhat Risk-Averse,2026-05-09,20.0,15.0,0.0,10.0,0.0,25.0,0.0,0.0,0.0,15.0,0.0,0.0,5.0,0.0,0.0,10.0,0.0,0.0,0.0,0.0,0.0,0.0,0.0,0.0,0.0
1023,wave1,Default,2026-05-09,5.0,5.0,5.0,5.0,0.0,15.0,10.0,0.0,0.0,10.0,0.0,10.0,10.0,5.0,0.0,5.0,5.0,0.0,0.0,0.0,0.0,0.0,0.0,5.0,5.0
740,wave1,Extremely Risk-Seeking,2026-05-09,0.0,0.0,0.0,0.0,0.0,0.0,0.0,0.0,0.0,0.0,0.0,0.0,0.0,0.0,0.0,30.0,0.0,0.0,25.0,10.0,0.0,0.0,0.0,20.0,15.0
959,wave1,Somewhat Risk-Seeking,2026-05-09,0.0,0.0,0.0,0.0,0.0,0.0,0.0,0.0,0.0,0.0,0.0,0.0,0.0,0.0,0.0,30.0,10.0,0.0,0.0,15.0,0.0,0.0,0.0,30.0,15.0
705,wave1,Default,2026-05-09,15.0,0.0,0.0,10.0,0.0,30.0,10.0,5.0,0.0,10.0,0.0,10.0,10.0,0.0,0.0,0.0,0.0,0.0,0.0,0.0,0.0,0.0,0.0,0.0,0.0
746,wave1,Default,2026-05-09,0.0,0.0,20.0,15.0,0.0,30.0,10.0,0.0,0.0,0.0,0.0,0.0,0.0,0.0,0.0,15.0,0.0,0.0,0.0,0.0,0.0,0.0,0.0,10.0,0.0
2022,wave1,Default,2026-05-09,5.0,0.0,0.0,5.0,0.0,15.0,0.0,10.0,5.0,0.0,10.0,10.0,5.0,5.0,5.0,15.0,0.0,0.0,0.0,10.0,0.0,0.0,0.0,0.0,0.0
671,wave1,Extremely Risk-Averse,2026-05-09,40.0,20.0,0.0,15.0,0.0,5.0,0.0,0.0,0.0,10.0,10.0,0.0,0.0,0.0,0.0,0.0,0.0,0.0,0.0,0.0,0.0,0.0,0.0,0.0,0.0
2100,wave1,Somewhat Risk-Averse,2026-05-09,20.0,15.0,10.0,10.0,0.0,25.0,0.0,0.0,0.0,10.0,10.0,0.0,0.0,0.0,0.0,0.0,0.0,0.0,0.0,0.0,0.0,0.0,0.0,0.0,0.0
1232,wave1,Somewhat Risk-Averse,2026-05-09,15.0,15.0,10.0,10.0,0.0,20.0,0.0,0.0,0.0,10.0,10.0,5.0,5.0,0.0,0.0,0.0,0.0,0.0,0.0,0.0,0.0,0.0,0.0,0.0,0.0
988,wave1,Extremely Risk-Averse,2026-05-09,35.0,20.0,0.0,10.0,0.0,5.0,0.0,0.0,0.0,15.0,15.0,0.0,0.0,0.0,0.0,0.0,0.0,0.0,0.0,0.0,0.0,0.0,0.0,0.0,0.0
141,wave1,Extremely Risk-Averse,2026-05-09,35.0,20.0,0.0,15.0,0.0,0.0,0.0,0.0,0.0,15.0,15.0,0.0,0.0,0.0,0.0,0.0,0.0,0.0,0.0,0.0,0.0,0.0,0.0,0.0,0.0
2245,wave1,Somewhat Risk-Averse,2026-05-09,20.0,15.0,10.0,10.0,0.0,25.0,0.0,0.0,0.0,10.0,10.0,0.0,0.0,0.0,0.0,0.0,0.0,0.0,0.0,0.0,0.0,0.0,0.0,0.0,0.0
79,wave1,Default,2026-05-09,0.0,20.0,0.0,15.0,0.0,15.0,20.0,15.0,15.0,0.0,0.0,0.0,0.0,0.0,0.0,0.0,0.0,0.0,0.0,0.0,0.0,0.0,0.0,0.0,0.0
1457,wave1,Somewhat Risk-Averse,2026-05-09,15.0,15.0,10.0,10.0,0.0,10.0,0.0,0.0,0.0,10.0,10.0,5.0,0.0,5.0,10.0,0.0,0.0,0.0,0.0,0.0,0.0,0.0,0.0,0.0,0.0
1416,wave1,Default,2026-05-09,10.0,0.0,5.0,15.0,5.0,15.0,0.0,5.0,0.0,0.0,0.0,0.0,10.0,5.0,0.0,10.0,0.0,0.0,0.0,5.0,5.0,0.0,0.0,10.0,0.0
2068,wave1,Extremely Risk-Averse,2026-05-09,35.0,15.0,10.0,15.0,0.0,10.0,0.0,0.0,0.0,5.0,0.0,0.0,10.0,0.0,0.0,0.0,0.0,0.0,0.0,0.0,0.0,0.0,0.0,0.0,0.0
353,wave1,Default,2026-05-09,0.0,0.0,0.0,20.0,0.0,0.0,0.0,25.0,10.0,0.0,0.0,0.0,0.0,0.0,0.0,0.0,0.0,0.0,0.0,35.0,0.0,0.0,0.0,10.0,0.0
651,wave1,Extremely Risk-Averse,2026-05-09,30.0,20.0,15.0,15.0,0.0,0.0,0.0,0.0,0.0,10.0,10.0,0.0,0.0,0.0,0.0,0.0,0.0,0.0,0.0,0.0,0.0,0.0,0.0,0.0,0.0
1192,wave1,Extremely Risk-Averse,2026-05-09,30.0,20.0,0.0,15.0,0.0,10.0,0.0,0.0,0.0,15.0,10.0,0.0,0.0,0.0,0.0,0.0,0.0,0.0,0.0,0.0,0.0,0.0,0.0,0.0,0.0
2347,wave1,Extremely Risk-Averse,2026-05-09,30.0,20.0,15.0,15.0,0.0,10.0,0.0,0.0,0.0,10.0,0.0,0.0,0.0,0.0,0.0,0.0,0.0,0.0,0.0,0.0,0.0,0.0,0.0,0.0,0.0
435,wave1,Default,2026-05-09,10.0,5.0,0.0,0.0,0.0,25.0,0.0,10.0,0.0,10.0,0.0,0.0,10.0,10.0,10.0,0.0,5.0,0.0,0.0,5.0,0.0,0.0,0.0,0.0,0.0
1895,wave1,Default,2026-05-09,0.0,0.0,0.0,0.0,0.0,0.0,0.0,0.0,0.0,0.0,0.0,0.0,0.0,15.0,0.0,30.0,0.0,0.0,0.0,20.0,0.0,0.0,0.0,20.0,15.0
168,wave1,Somewhat Risk-Seeking,2026-05-09,0.0,0.0,0.0,0.0,0.0,15.0,0.0,0.0,0.0,0.0,0.0,0.0,0.0,0.0,0.0,0.0,0.0,0.0,0.0,0.0,15.0,15.0,15.0,25.0,15.0
778,wave1,Default,2026-05-09,10.0,0.0,0.0,25.0,0.0,25.0,0.0,0.0,10.0,0.0,0.0,0.0,0.0,15.0,0.0,0.0,15.0,0.0,0.0,0.0,0.0,0.0,0.0,0.0,0.0
729,wave1,Extremely Risk-Averse,2026-05-09,35.0,20.0,15.0,10.0,0.0,0.0,0.0,0.0,0.0,10.0,10.0,0.0,0.0,0.0,0.0,0.0,0.0,0.0,0.0,0.0,0.0,0.0,0.0,0.0,0.0
349,wave1,Extremely Risk-Averse,2026-05-09,30.0,25.0,10.0,15.0,0.0,0.0,0.0,0.0,0.0,15.0,0.0,0.0,0.0,0.0,0.0,0.0,5.0,0.0,0.0,0.0,0.0,0.0,0.0,0.0,0.0
1463,wave1,Risk-Neutral,2026-05-09,0.0,15.0,0.0,10.0,0.0,30.0,15.0,10.0,0.0,0.0,0.0,10.0,0.0,0.0,10.0,0.0,0.0,0.0,0.0,0.0,0.0,0.0,0.0,0.0,0.0
1579,wave1,Extremely Risk-Seeking,2026-05-09,0.0,0.0,0.0,0.0,0.0,0.0,0.0,0.0,0.0,0.0,0.0,0.0,0.0,0.0,0.0,30.0,10.0,15.0,0.0,0.0,0.0,20.0,15.0,10.0,0.0
1093,wave1,Risk-Neutral,2026-05-09,0.0,15.0,0.0,0.0,0.0,30.0,0.0,15.0,15.0,0.0,0.0,0.0,0.0,0.0,0.0,15.0,0.0,0.0,0.0,0.0,0.0,0.0,0.0,10.0,0.0
386,wave1,Default,2026-05-09,0.0,10.0,0.0,10.0,10.0,25.0,15.0,0.0,0.0,0.0,0.0,0.0,0.0,15.0,0.0,15.0,0.0,0.0,0.0,0.0,0.0,0.0,0.0,0.0,0.0
1329,wave1,Risk-Neutral,2026-05-09,0.0,15.0,10.0,10.0,0.0,20.0,0.0,0.0,10.0,10.0,0.0,0.0,10.0,0.0,0.0,10.0,0.0,5.0,0.0,0.0,0.0,0.0,0.0,0.0,0.0
1891,wave1,Risk-Neutral,2026-05-09,0.0,20.0,0.0,10.0,0.0,30.0,10.0,10.0,0.0,0.0,0.0,0.0,10.0,0.0,0.0,0.0,0.0,0.0,0.0,10.0,0.0,0.0,0.0,0.0,0.0
155,wave1,Somewhat Risk-Averse,2026-05-09,25.0,0.0,20.0,10.0,0.0,10.0,0.0,0.0,0.0,15.0,15.0,5.0,0.0,0.0,0.0,0.0,0.0,0.0,0.0,0.0,0.0,0.0,0.0,0.0,0.0
889,wave1,Extremely Risk-Averse,2026-05-09,35.0,25.0,0.0,10.0,0.0,0.0,0.0,0.0,0.0,15.0,15.0,0.0,0.0,0.0,0.0,0.0,0.0,0.0,0.0,0.0,0.0,0.0,0.0,0.0,0.0
1838,wave1,Somewhat Risk-Seeking,2026-05-09,0.0,0.0,0.0,0.0,0.0,0.0,0.0,0.0,0.0,0.0,0.0,0.0,0.0,0.0,0.0,25.0,15.0,10.0,0.0,15.0,0.0,0.0,0.0,20.0,15.0
1983,wave1,Extremely Risk-Seeking,2026-05-09,0.0,0.0,0.0,0.0,0.0,0.0,0.0,0.0,0.0,0.0,0.0,0.0,0.0,0.0,0.0,25.0,20.0,5.0,0.0,10.0,0.0,0.0,0.0,25.0,15.0
807,wave1,Extremely Risk-Averse,2026-05-09,35.0,20.0,15.0,10.0,0.0,0.0,0.0,0.0,0.0,10.0,10.0,0.0,0.0,0.0,0.0,0.0,0.0,0.0,0.0,0.0,0.0,0.0,0.0,0.0,0.0
1127,wave1,Extremely Risk-Averse,2026-05-09,35.0,20.0,0.0,15.0,0.0,10.0,0.0,0.0,0.0,10.0,0.0,0.0,10.0,0.0,0.0,0.0,0.0,0.0,0.0,0.0,0.0,0.0,0.0,0.0,0.0
856,wave1,Extremely Risk-Seeking,2026-05-09,0.0,0.0,0.0,0.0,0.0,0.0,0.0,0.0,0.0,0.0,0.0,0.0,0.0,0.0,0.0,20.0,15.0,5.0,0.0,10.0,0.0,0.0,10.0,25.0,15.0
1087,wave1,Extremely Risk-Averse,2026-05-09,30.0,20.0,15.0,10.0,0.0,5.0,0.0,0.0,0.0,10.0,10.0,0.0,0.0,0.0,0.0,0.0,0.0,0.0,0.0,0.0,0.0,0.0,0.0,0.0,0.0
1553,wave1,Default,2026-05-09,10.0,0.0,0.0,10.0,0.0,25.0,10.0,10.0,0.0,0.0,0.0,0.0,15.0,15.0,0.0,0.0,0.0,0.0,0.0,0.0,0.0,0.0,0.0,0.0,5.0
516,wave1,Risk-Neutral,2026-05-09,0.0,15.0,10.0,15.0,0.0,20.0,10.0,0.0,0.0,0.0,0.0,10.0,10.0,0.0,0.0,0.0,0.0,0.0,0.0,0.0,0.0,0.0,0.0,10.0,0.0
125,wave1,Somewhat Risk-Seeking,2026-05-09,0.0,0.0,0.0,0.0,0.0,0.0,0.0,0.0,0.0,0.0,0.0,0.0,0.0,20.0,0.0,25.0,15.0,0.0,0.0,10.0,0.0,0.0,0.0,15.0,15.0
1510,wave1,Risk-Neutral,2026-05-09,0.0,15.0,10.0,10.0,0.0,20.0,10.0,0.0,0.0,0.0,0.0,10.0,10.0,5.0,5.0,0.0,0.0,0.0,0.0,0.0,0.0,0.0,0.0,5.0,0.0
1396,wave1,Risk-Neutral,2026-05-09,0.0,10.0,10.0,5.0,0.0,25.0,10.0,0.0,0.0,10.0,0.0,10.0,10.0,0.0,0.0,5.0,0.0,0.0,0.0,0.0,0.0,0.0,0.0,5.0,0.0
240,wave1,Somewhat Risk-Averse,2026-05-09,15.0,15.0,10.0,10.0,0.0,30.0,0.0,0.0,0.0,10.0,10.0,0.0,0.0,0.0,0.0,0.0,0.0,0.0,0.0,0.0,0.0,0.0,0.0,0.0,0.0
105,wave1,Risk-Neutral,2026-05-09,0.0,20.0,0.0,10.0,0.0,25.0,0.0,10.0,0.0,0.0,0.0,0.0,0.0,0.0,0.0,15.0,0.0,0.0,0.0,0.0,0.0,0.0,0.0,20.0,0.0
568,wave1,Default,2026-05-09,10.0,0.0,0.0,10.0,10.0,20.0,10.0,0.0,0.0,0.0,5.0,10.0,10.0,10.0,0.0,0.0,0.0,0.0,0.0,0.0,0.0,0.0,0.0,5.0,0.0
552,wave1,Extremely Risk-Seeking,2026-05-09,0.0,0.0,0.0,0.0,0.0,0.0,0.0,0.0,0.0,0.0,0.0,0.0,0.0,0.0,0.0,25.0,10.0,0.0,0.0,0.0,0.0,0.0,10.0,35.0,20.0
1344,wave1,Default,2026-05-09,0.0,0.0,0.0,0.0,0.0,0.0,0.0,0.0,0.0,0.0,0.0,0.0,0.0,0.0,0.0,40.0,15.0,15.0,10.0,20.0,0.0,0.0,0.0,0.0,0.0
629,wave1,Extremely Risk-Seeking,2026-05-09,0.0,0.0,0.0,0.0,0.0,0.0,0.0,0.0,0.0,0.0,0.0,0.0,0.0,0.0,0.0,25.0,20.0,0.0,0.0,15.0,0.0,0.0,0.0,25.0,15.0
725,wave1,Somewhat Risk-Seeking,2026-05-09,0.0,0.0,0.0,0.0,0.0,0.0,0.0,0.0,0.0,0.0,0.0,0.0,0.0,0.0,0.0,25.0,15.0,0.0,0.0,15.0,0.0,0.0,10.0,20.0,15.0
1609,wave1,Somewhat Risk-Averse,2026-05-09,20.0,15.0,0.0,10.0,0.0,25.0,0.0,0.0,0.0,10.0,10.0,5.0,5.0,0.0,0.0,0.0,0.0,0.0,0.0,0.0,0.0,0.0,0.0,0.0,0.0
1993,wave1,Extremely Risk-Seeking,2026-05-09,0.0,0.0,0.0,0.0,0.0,0.0,0.0,0.0,0.0,0.0,0.0,0.0,0.0,15.0,0.0,25.0,20.0,0.0,0.0,0.0,0.0,0.0,0.0,30.0,10.0
1164,wave1,Risk-Neutral,2026-05-09,0.0,10.0,0.0,15.0,0.0,35.0,10.0,20.0,0.0,10.0,0.0,0.0,0.0,0.0,0.0,0.0,0.0,0.0,0.0,0.0,0.0,0.0,0.0,0.0,0.0
224,wave1,Risk-Neutral,2026-05-09,0.0,15.0,0.0,10.0,0.0,25.0,10.0,10.0,0.0,5.0,0.0,0.0,10.0,0.0,0.0,10.0,0.0,0.0,0.0,0.0,0.0,0.0,0.0,5.0,0.0
1175,wave1,Somewhat Risk-Averse,2026-05-09,15.0,15.0,10.0,10.0,5.0,15.0,0.0,0.0,0.0,10.0,10.0,5.0,5.0,0.0,0.0,0.0,0.0,0.0,0.0,0.0,0.0,0.0,0.0,0.0,0.0
1196,wave1,Somewhat Risk-Averse,2026-05-09,20.0,20.0,0.0,15.0,0.0,25.0,0.0,0.0,0.0,0.0,0.0,10.0,10.0,0.0,0.0,0.0,0.0,0.0,0.0,0.0,0.0,0.0,0.0,0.0,0.0
2312,wave1,Extremely Risk-Averse,2026-05-09,35.0,20.0,10.0,10.0,0.0,5.0,0.0,0.0,0.0,10.0,10.0,0.0,0.0,0.0,0.0,0.0,0.0,0.0,0.0,0.0,0.0,0.0,0.0,0.0,0.0
524,wave1,Somewhat Risk-Averse,2026-05-09,15.0,15.0,10.0,10.0,0.0,15.0,5.0,0.0,0.0,10.0,10.0,5.0,5.0,0.0,0.0,0.0,0.0,0.0,0.0,0.0,0.0,0.0,0.0,0.0,0.0
626,wave1,Risk-Neutral,2026-05-09,0.0,15.0,10.0,10.0,0.0,25.0,10.0,10.0,0.0,0.0,0.0,10.0,10.0,0.0,0.0,0.0,0.0,0.0,0.0,0.0,0.0,0.0,0.0,0.0,0.0
573,wave1,Default,2026-05-09,0.0,0.0,15.0,10.0,10.0,30.0,0.0,15.0,0.0,0.0,0.0,0.0,15.0,0.0,0.0,0.0,0.0,0.0,0.0,0.0,5.0,0.0,0.0,0.0,0.0
605,wave1,Extremely Risk-Averse,2026-05-09,30.0,20.0,0.0,15.0,0.0,10.0,0.0,0.0,0.0,15.0,10.0,0.0,0.0,0.0,0.0,0.0,0.0,0.0,0.0,0.0,0.0,0.0,0.0,0.0,0.0
1477,wave1,Risk-Neutral,2026-05-09,10.0,10.0,5.0,10.0,0.0,20.0,10.0,0.0,0.0,5.0,0.0,10.0,10.0,5.0,0.0,0.0,0.0,0.0,0.0,0.0,0.0,0.0,0.0,5.0,0.0
1146,wave1,Extremely Risk-Seeking,2026-05-09,0.0,0.0,0.0,0.0,0.0,0.0,0.0,0.0,0.0,0.0,0.0,0.0,0.0,0.0,0.0,20.0,15.0,0.0,0.0,10.0,0.0,0.0,10.0,25.0,20.0
1696,wave1,Extremely Risk-Averse,2026-05-09,40.0,25.0,10.0,0.0,0.0,0.0,0.0,0.0,0.0,15.0,0.0,0.0,0.0,0.0,0.0,5.0,0.0,0.0,0.0,5.0,0.0,0.0,0.0,0.0,0.0
1853,wave1,Risk-Neutral,2026-05-09,10.0,20.0,0.0,10.0,0.0,30.0,0.0,0.0,0.0,10.0,0.0,0.0,0.0,0.0,10.0,10.0,0.0,0.0,0.0,0.0,0.0,0.0,0.0,0.0,0.0
1136,wave1,Risk-Neutral,2026-05-09,15.0,10.0,0.0,10.0,0.0,25.0,0.0,0.0,0.0,0.0,10.0,0.0,10.0,0.0,0.0,10.0,0.0,0.0,0.0,0.0,0.0,0.0,0.0,10.0,0.0
914,wave1,Somewhat Risk-Seeking,2026-05-09,0.0,0.0,0.0,0.0,0.0,0.0,0.0,0.0,0.0,0.0,0.0,0.0,0.0,35.0,0.0,0.0,0.0,0.0,15.0,0.0,15.0,0.0,20.0,15.0,0.0
133,wave1,Risk-Neutral,2026-05-09,0.0,0.0,15.0,10.0,0.0,20.0,0.0,0.0,10.0,0.0,10.0,0.0,10.0,0.0,0.0,15.0,0.0,0.0,0.0,0.0,0.0,0.0,0.0,0.0,10.0
2281,wave1,Default,2026-05-09,10.0,0.0,0.0,10.0,0.0,30.0,0.0,15.0,0.0,10.0,0.0,15.0,0.0,10.0,0.0,0.0,0.0,0.0,0.0,0.0,0.0,0.0,0.0,0.0,0.0
2071,wave1,Somewhat Risk-Averse,2026-05-09,15.0,15.0,10.0,10.0,0.0,15.0,0.0,0.0,0.0,15.0,10.0,5.0,5.0,0.0,0.0,0.0,0.0,0.0,0.0,0.0,0.0,0.0,0.0,0.0,0.0
2140,wave1,Risk-Neutral,2026-05-09,15.0,0.0,0.0,15.0,0.0,30.0,0.0,0.0,0.0,0.0,0.0,10.0,10.0,0.0,0.0,0.0,0.0,0.0,0.0,0.0,0.0,0.0,0.0,20.0,0.0
728,wave1,Extremely Risk-Averse,2026-05-09,30.0,20.0,10.0,10.0,0.0,0.0,0.0,0.0,0.0,15.0,15.0,0.0,0.0,0.0,0.0,0.0,0.0,0.0,0.0,0.0,0.0,0.0,0.0,0.0,0.0
2145,wave1,Extremely Risk-Seeking,2026-05-09,0.0,0.0,0.0,0.0,0.0,0.0,0.0,0.0,0.0,0.0,0.0,0.0,0.0,0.0,0.0,20.0,15.0,0.0,0.0,0.0,0.0,0.0,15.0,40.0,10.0
2052,wave1,Extremely Risk-Seeking,2026-05-09,5.0,5.0,0.0,0.0,0.0,0.0,0.0,0.0,0.0,0.0,0.0,0.0,0.0,20.0,0.0,20.0,0.0,20.0,0.0,15.0,0.0,15.0,0.0,0.0,0.0
243,wave1,Default,2026-05-08,15.0,0.0,0.0,10.0,0.0,25.0,0.0,5.0,0.0,0.0,0.0,10.0,10.0,0.0,0.0,0.0,5.0,0.0,0.0,0.0,0.0,0.0,0.0,15.0,5.0
27,wave1,Risk-Neutral,2026-05-08,10.0,15.0,0.0,10.0,0.0,25.0,10.0,0.0,0.0,10.0,0.0,0.0,10.0,0.0,0.0,10.0,0.0,0.0,0.0,0.0,0.0,0.0,0.0,0.0,0.0
715,wave1,Extremely Risk-Averse,2026-05-08,40.0,0.0,25.0,10.0,0.0,0.0,0.0,0.0,0.0,15.0,10.0,0.0,0.0,0.0,0.0,0.0,0.0,0.0,0.0,0.0,0.0,0.0,0.0,0.0,0.0
907,wave1,Somewhat Risk-Averse,2026-05-08,0.0,15.0,10.0,10.0,0.0,30.0,0.0,0.0,0.0,15.0,0.0,10.0,10.0,0.0,0.0,0.0,0.0,0.0,0.0,0.0,0.0,0.0,0.0,0.0,0.0
1359,wave1,Somewhat Risk-Seeking,2026-05-08,0.0,0.0,0.0,0.0,0.0,0.0,0.0,0.0,0.0,0.0,0.0,0.0,0.0,0.0,0.0,25.0,15.0,0.0,0.0,15.0,10.0,0.0,0.0,20.0,15.0
1808,wave1,Extremely Risk-Seeking,2026-05-08,0.0,0.0,0.0,0.0,0.0,0.0,0.0,0.0,0.0,0.0,0.0,0.0,0.0,0.0,0.0,25.0,20.0,0.0,0.0,10.0,0.0,0.0,0.0,30.0,15.0
1028,wave1,Risk-Neutral,2026-05-08,0.0,15.0,10.0,10.0,10.0,25.0,10.0,0.0,0.0,0.0,0.0,0.0,10.0,10.0,0.0,0.0,0.0,0.0,0.0,0.0,0.0,0.0,0.0,0.0,0.0
1403,wave1,Somewhat Risk-Averse,2026-05-08,30.0,20.0,0.0,15.0,0.0,15.0,0.0,0.0,0.0,10.0,10.0,0.0,0.0,0.0,0.0,0.0,0.0,0.0,0.0,0.0,0.0,0.0,0.0,0.0,0.0
391,wave1,Somewhat Risk-Seeking,2026-05-08,0.0,0.0,0.0,0.0,0.0,0.0,0.0,0.0,0.0,0.0,0.0,0.0,0.0,0.0,15.0,25.0,5.0,10.0,0.0,20.0,0.0,0.0,0.0,15.0,10.0
1527,wave1,Default,2026-05-08,15.0,0.0,0.0,10.0,0.0,30.0,10.0,10.0,0.0,0.0,0.0,0.0,10.0,0.0,0.0,15.0,0.0,0.0,0.0,0.0,0.0,0.0,0.0,0.0,0.0
1215,wave1,Extremely Risk-Averse,2026-05-08,30.0,20.0,15.0,10.0,0.0,0.0,0.0,0.0,0.0,15.0,10.0,0.0,0.0,0.0,0.0,0.0,0.0,0.0,0.0,0.0,0.0,0.0,0.0,0.0,0.0
591,wave1,Extremely Risk-Averse,2026-05-08,40.0,20.0,15.0,15.0,0.0,0.0,0.0,0.0,0.0,0.0,10.0,0.0,0.0,0.0,0.0,0.0,0.0,0.0,0.0,0.0,0.0,0.0,0.0,0.0,0.0
2149,wave1,Default,2026-05-08,15.0,0.0,0.0,10.0,0.0,25.0,0.0,15.0,0.0,0.0,0.0,0.0,15.0,0.0,0.0,0.0,0.0,10.0,10.0,0.0,0.0,0.0,0.0,0.0,0.0
697,wave1,Default,2026-05-08,0.0,0.0,0.0,0.0,0.0,0.0,0.0,0.0,0.0,0.0,0.0,0.0,0.0,0.0,0.0,30.0,10.0,0.0,0.0,0.0,0.0,10.0,0.0,30.0,20.0
2344,wave1,Somewhat Risk-Averse,2026-05-08,30.0,20.0,10.0,10.0,0.0,15.0,0.0,0.0,0.0,15.0,0.0,0.0,0.0,0.0,0.0,0.0,0.0,0.0,0.0,0.0,0.0,0.0,0.0,0.0,0.0
49,wave1,Somewhat Risk-Seeking,2026-05-08,0.0,0.0,0.0,0.0,0.0,0.0,0.0,0.0,0.0,0.0,0.0,0.0,0.0,15.0,0.0,25.0,0.0,20.0,0.0,20.0,0.0,0.0,0.0,20.0,0.0
2233,wave1,Somewhat Risk-Averse,2026-05-08,20.0,15.0,15.0,15.0,0.0,10.0,0.0,0.0,0.0,15.0,10.0,0.0,0.0,0.0,0.0,0.0,0.0,0.0,0.0,0.0,0.0,0.0,0.0,0.0,0.0
1376,wave1,Somewhat Risk-Seeking,2026-05-08,0.0,0.0,0.0,0.0,0.0,10.0,0.0,0.0,0.0,0.0,0.0,0.0,0.0,0.0,0.0,25.0,15.0,0.0,0.0,10.0,0.0,0.0,5.0,20.0,15.0
881,wave1,Somewhat Risk-Seeking,2026-05-08,0.0,0.0,0.0,0.0,0.0,0.0,0.0,0.0,0.0,0.0,0.0,0.0,0.0,15.0,0.0,25.0,10.0,0.0,0.0,15.0,0.0,0.0,0.0,20.0,15.0
1371,wave1,Extremely Risk-Seeking,2026-05-08,0.0,0.0,0.0,0.0,0.0,0.0,0.0,0.0,0.0,0.0,0.0,0.0,0.0,0.0,0.0,30.0,15.0,0.0,0.0,10.0,0.0,0.0,0.0,30.0,15.0
874,wave1,Extremely Risk-Seeking,2026-05-08,0.0,0.0,0.0,0.0,0.0,0.0,0.0,0.0,0.0,0.0,0.0,0.0,0.0,0.0,0.0,40.0,25.0,0.0,0.0,15.0,0.0,10.0,10.0,0.0,0.0
2040,wave1,Somewhat Risk-Seeking,2026-05-08,0.0,0.0,0.0,0.0,0.0,0.0,0.0,0.0,0.0,0.0,0.0,0.0,0.0,10.0,0.0,25.0,15.0,0.0,0.0,15.0,0.0,0.0,0.0,20.0,15.0
2093,wave1,Extremely Risk-Averse,2026-05-08,30.0,20.0,10.0,15.0,0.0,5.0,0.0,0.0,0.0,10.0,10.0,0.0,0.0,0.0,0.0,0.0,0.0,0.0,0.0,0.0,0.0,0.0,0.0,0.0,0.0
465,wave1,Risk-Neutral,2026-05-08,0.0,15.0,0.0,10.0,0.0,20.0,10.0,10.0,0.0,5.0,0.0,10.0,0.0,10.0,0.0,10.0,0.0,0.0,0.0,0.0,0.0,0.0,0.0,0.0,0.0
497,wave1,Default,2026-05-08,15.0,0.0,0.0,10.0,0.0,30.0,0.0,0.0,0.0,0.0,0.0,0.0,0.0,10.0,0.0,10.0,0.0,0.0,0.0,0.0,0.0,0.0,0.0,15.0,10.0
2023,wave1,Somewhat Risk-Seeking,2026-05-08,0.0,0.0,0.0,0.0,0.0,15.0,0.0,0.0,0.0,0.0,0.0,0.0,0.0,0.0,0.0,25.0,15.0,0.0,0.0,15.0,0.0,0.0,0.0,20.0,10.0
1432,wave1,Somewhat Risk-Seeking,2026-05-08,0.0,0.0,0.0,0.0,0.0,15.0,0.0,0.0,0.0,0.0,0.0,0.0,0.0,10.0,0.0,25.0,15.0,0.0,0.0,0.0,0.0,0.0,0.0,20.0,15.0
884,wave1,Extremely Risk-Averse,2026-05-08,35.0,25.0,0.0,10.0,0.0,0.0,0.0,0.0,0.0,15.0,15.0,0.0,0.0,0.0,0.0,0.0,0.0,0.0,0.0,0.0,0.0,0.0,0.0,0.0,0.0
329,wave1,Somewhat Risk-Seeking,2026-05-08,0.0,0.0,0.0,0.0,0.0,0.0,0.0,0.0,0.0,0.0,0.0,0.0,0.0,0.0,0.0,20.0,15.0,0.0,10.0,10.0,0.0,0.0,10.0,20.0,15.0
1662,wave1,Somewhat Risk-Averse,2026-05-08,20.0,20.0,10.0,0.0,0.0,10.0,0.0,0.0,0.0,10.0,10.0,0.0,0.0,5.0,5.0,5.0,0.0,0.0,0.0,0.0,0.0,0.0,0.0,5.0,0.0
421,wave1,Risk-Neutral,2026-05-08,0.0,15.0,0.0,10.0,0.0,20.0,10.0,5.0,5.0,0.0,0.0,10.0,10.0,5.0,0.0,5.0,0.0,0.0,0.0,0.0,0.0,0.0,0.0,0.0,5.0
1431,wave1,Somewhat Risk-Averse,2026-05-08,20.0,15.0,0.0,15.0,0.0,20.0,0.0,0.0,0.0,10.0,0.0,0.0,0.0,0.0,0.0,15.0,0.0,0.0,0.0,0.0,0.0,0.0,0.0,5.0,0.0
664,wave1,Somewhat Risk-Averse,2026-05-08,20.0,15.0,10.0,10.0,0.0,15.0,0.0,0.0,0.0,10.0,10.0,5.0,5.0,0.0,0.0,0.0,0.0,0.0,0.0,0.0,0.0,0.0,0.0,0.0,0.0
1311,wave1,Risk-Neutral,2026-05-08,0.0,20.0,0.0,10.0,0.0,30.0,0.0,0.0,0.0,15.0,0.0,0.0,0.0,0.0,0.0,15.0,0.0,0.0,0.0,0.0,0.0,0.0,0.0,10.0,0.0
1411,wave1,Somewhat Risk-Averse,2026-05-08,25.0,20.0,0.0,10.0,0.0,10.0,0.0,0.0,0.0,15.0,15.0,0.0,0.0,0.0,5.0,0.0,0.0,0.0,0.0,0.0,0.0,0.0,0.0,0.0,0.0
68,wave1,Somewhat Risk-Seeking,2026-05-08,0.0,0.0,0.0,0.0,0.0,0.0,0.0,0.0,0.0,0.0,0.0,0.0,0.0,0.0,0.0,30.0,0.0,15.0,15.0,0.0,0.0,0.0,0.0,25.0,15.0
1125,wave1,Extremely Risk-Seeking,2026-05-08,0.0,0.0,0.0,0.0,0.0,0.0,0.0,0.0,0.0,0.0,0.0,0.0,0.0,0.0,0.0,20.0,15.0,0.0,0.0,10.0,0.0,0.0,10.0,25.0,20.0
1533,wave1,Somewhat Risk-Averse,2026-05-08,10.0,10.0,0.0,15.0,0.0,15.0,0.0,0.0,0.0,10.0,0.0,10.0,10.0,10.0,0.0,0.0,0.0,0.0,0.0,0.0,0.0,0.0,0.0,10.0,0.0
1101,wave1,Extremely Risk-Averse,2026-05-08,40.0,20.0,0.0,10.0,0.0,10.0,0.0,0.0,0.0,10.0,10.0,0.0,0.0,0.0,0.0,0.0,0.0,0.0,0.0,0.0,0.0,0.0,0.0,0.0,0.0
46,wave1,Extremely Risk-Averse,2026-05-08,30.0,20.0,15.0,10.0,0.0,5.0,0.0,0.0,0.0,10.0,10.0,0.0,0.0,0.0,0.0,0.0,0.0,0.0,0.0,0.0,0.0,0.0,0.0,0.0,0.0
989,wave1,Default,2026-05-08,0.0,10.0,10.0,10.0,0.0,20.0,10.0,10.0,0.0,0.0,0.0,10.0,0.0,0.0,0.0,10.0,0.0,0.0,0.0,0.0,0.0,0.0,0.0,10.0,0.0
2171,wave1,Extremely Risk-Averse,2026-05-08,40.0,20.0,10.0,10.0,0.0,0.0,0.0,0.0,0.0,10.0,10.0,0.0,0.0,0.0,0.0,0.0,0.0,0.0,0.0,0.0,0.0,0.0,0.0,0.0,0.0
1722,wave1,Somewhat Risk-Seeking,2026-05-08,0.0,0.0,0.0,0.0,0.0,0.0,0.0,0.0,0.0,0.0,0.0,0.0,0.0,0.0,0.0,25.0,15.0,0.0,0.0,15.0,10.0,0.0,0.0,20.0,15.0
962,wave1,Default,2026-05-08,15.0,0.0,0.0,10.0,0.0,15.0,10.0,10.0,0.0,5.0,0.0,10.0,10.0,10.0,0.0,0.0,0.0,0.0,0.0,0.0,0.0,0.0,0.0,5.0,0.0
145,wave1,Extremely Risk-Averse,2026-05-08,40.0,25.0,15.0,10.0,0.0,0.0,0.0,0.0,0.0,10.0,0.0,0.0,0.0,0.0,0.0,0.0,0.0,0.0,0.0,0.0,0.0,0.0,0.0,0.0,0.0
2189,wave1,Somewhat Risk-Averse,2026-05-08,25.0,15.0,0.0,15.0,0.0,20.0,0.0,0.0,0.0,15.0,0.0,0.0,10.0,0.0,0.0,0.0,0.0,0.0,0.0,0.0,0.0,0.0,0.0,0.0,0.0
2254,wave1,Risk-Neutral,2026-05-08,0.0,15.0,10.0,10.0,0.0,30.0,10.0,0.0,0.0,0.0,0.0,0.0,10.0,0.0,0.0,0.0,0.0,5.0,0.0,10.0,0.0,0.0,0.0,0.0,0.0
1138,wave1,Default,2026-05-08,10.0,0.0,0.0,20.0,0.0,20.0,0.0,10.0,0.0,0.0,0.0,10.0,10.0,10.0,0.0,5.0,0.0,0.0,0.0,0.0,0.0,0.0,0.0,5.0,0.0
1338,wave1,Somewhat Risk-Averse,2026-05-08,25.0,20.0,0.0,15.0,0.0,15.0,0.0,0.0,0.0,15.0,0.0,10.0,0.0,0.0,0.0,0.0,0.0,0.0,0.0,0.0,0.0,0.0,0.0,0.0,0.0
1385,wave1,Extremely Risk-Seeking,2026-05-08,0.0,0.0,0.0,0.0,0.0,0.0,0.0,0.0,0.0,0.0,0.0,0.0,0.0,0.0,0.0,20.0,15.0,0.0,10.0,0.0,0.0,0.0,15.0,40.0,0.0
556,wave1,Somewhat Risk-Seeking,2026-05-08,0.0,0.0,0.0,0.0,0.0,0.0,0.0,0.0,0.0,0.0,0.0,0.0,0.0,15.0,0.0,25.0,0.0,0.0,0.0,15.0,0.0,15.0,0.0,20.0,10.0
1664,wave1,Default,2026-05-08,0.0,10.0,0.0,15.0,0.0,30.0,0.0,10.0,0.0,0.0,10.0,0.0,0.0,0.0,0.0,15.0,0.0,0.0,0.0,0.0,0.0,0.0,0.0,10.0,0.0
1582,wave1,Somewhat Risk-Seeking,2026-05-08,0.0,0.0,0.0,0.0,0.0,0.0,0.0,0.0,0.0,0.0,0.0,0.0,0.0,0.0,0.0,30.0,15.0,10.0,0.0,10.0,0.0,0.0,0.0,25.0,10.0
431,wave1,Risk-Neutral,2026-05-08,0.0,15.0,0.0,10.0,0.0,25.0,15.0,0.0,0.0,10.0,0.0,0.0,15.0,0.0,0.0,10.0,0.0,0.0,0.0,0.0,0.0,0.0,0.0,0.0,0.0
2047,wave1,Risk-Neutral,2026-05-08,0.0,20.0,0.0,10.0,0.0,30.0,10.0,10.0,0.0,10.0,0.0,0.0,10.0,0.0,0.0,0.0,0.0,0.0,0.0,0.0,0.0,0.0,0.0,0.0,0.0
1228,wave1,Extremely Risk-Seeking,2026-05-08,0.0,0.0,0.0,0.0,0.0,0.0,0.0,0.0,0.0,0.0,0.0,0.0,0.0,0.0,0.0,30.0,20.0,0.0,0.0,10.0,0.0,0.0,0.0,25.0,15.0
2204,wave1,Extremely Risk-Averse,2026-05-08,35.0,20.0,10.0,10.0,0.0,5.0,0.0,0.0,0.0,10.0,10.0,0.0,0.0,0.0,0.0,0.0,0.0,0.0,0.0,0.0,0.0,0.0,0.0,0.0,0.0
1963,wave1,Default,2026-05-08,0.0,20.0,0.0,0.0,10.0,30.0,0.0,0.0,0.0,0.0,0.0,0.0,0.0,15.0,0.0,15.0,0.0,0.0,0.0,10.0,0.0,0.0,0.0,0.0,0.0
2226,wave1,Default,2026-05-08,10.0,0.0,0.0,15.0,0.0,15.0,0.0,0.0,0.0,0.0,0.0,10.0,10.0,10.0,10.0,10.0,10.0,0.0,0.0,0.0,0.0,0.0,0.0,0.0,0.0
2042,wave1,Somewhat Risk-Averse,2026-05-08,20.0,15.0,0.0,10.0,0.0,15.0,0.0,0.0,0.0,15.0,10.0,0.0,10.0,0.0,0.0,5.0,0.0,0.0,0.0,0.0,0.0,0.0,0.0,0.0,0.0
541,wave1,Risk-Neutral,2026-05-08,0.0,15.0,0.0,10.0,0.0,25.0,15.0,15.0,0.0,0.0,0.0,0.0,10.0,10.0,0.0,0.0,0.0,0.0,0.0,0.0,0.0,0.0,0.0,0.0,0.0
1592,wave1,Somewhat Risk-Seeking,2026-05-08,0.0,0.0,0.0,0.0,0.0,0.0,0.0,0.0,0.0,0.0,0.0,0.0,0.0,0.0,0.0,20.0,10.0,0.0,0.0,0.0,0.0,10.0,0.0,40.0,20.0
1443,wave1,Somewhat Risk-Seeking,2026-05-08,0.0,0.0,0.0,0.0,0.0,0.0,0.0,0.0,0.0,0.0,0.0,0.0,0.0,0.0,0.0,20.0,20.0,0.0,0.0,15.0,0.0,0.0,10.0,20.0,15.0
2213,wave1,Extremely Risk-Averse,2026-05-08,40.0,0.0,10.0,15.0,0.0,20.0,0.0,0.0,0.0,15.0,0.0,0.0,0.0,0.0,0.0,0.0,0.0,0.0,0.0,0.0,0.0,0.0,0.0,0.0,0.0
941,wave1,Default,2026-05-08,10.0,10.0,0.0,10.0,0.0,30.0,10.0,0.0,0.0,0.0,10.0,0.0,10.0,0.0,0.0,10.0,0.0,0.0,0.0,0.0,0.0,0.0,0.0,0.0,0.0
1079,wave1,Extremely Risk-Averse,2026-05-08,40.0,20.0,15.0,15.0,0.0,0.0,0.0,0.0,0.0,0.0,10.0,0.0,0.0,0.0,0.0,0.0,0.0,0.0,0.0,0.0,0.0,0.0,0.0,0.0,0.0
1801,wave1,Somewhat Risk-Seeking,2026-05-08,0.0,0.0,0.0,0.0,0.0,5.0,0.0,0.0,0.0,0.0,0.0,0.0,0.0,10.0,0.0,20.0,15.0,0.0,0.0,15.0,0.0,0.0,0.0,20.0,15.0
1142,wave1,Somewhat Risk-Seeking,2026-05-08,0.0,0.0,0.0,0.0,0.0,5.0,0.0,0.0,0.0,0.0,0.0,0.0,0.0,0.0,0.0,25.0,15.0,0.0,0.0,10.0,0.0,10.0,0.0,20.0,15.0
225,wave1,Risk-Neutral,2026-05-08,0.0,15.0,0.0,10.0,0.0,30.0,10.0,10.0,0.0,0.0,0.0,10.0,10.0,0.0,5.0,0.0,0.0,0.0,0.0,0.0,0.0,0.0,0.0,0.0,0.0
792,wave1,Somewhat Risk-Seeking,2026-05-08,0.0,0.0,0.0,0.0,0.0,0.0,0.0,0.0,0.0,0.0,0.0,0.0,0.0,15.0,0.0,25.0,15.0,15.0,0.0,15.0,0.0,0.0,15.0,0.0,0.0
1924,wave1,Somewhat Risk-Averse,2026-05-08,25.0,15.0,10.0,10.0,0.0,20.0,0.0,0.0,0.0,10.0,10.0,0.0,0.0,0.0,0.0,0.0,0.0,0.0,0.0,0.0,0.0,0.0,0.0,0.0,0.0
699,wave1,Risk-Neutral,2026-05-08,0.0,15.0,15.0,10.0,0.0,20.0,10.0,10.0,0.0,0.0,0.0,10.0,0.0,10.0,0.0,0.0,0.0,0.0,0.0,0.0,0.0,0.0,0.0,0.0,0.0
1365,wave1,Default,2026-05-08,10.0,0.0,15.0,15.0,0.0,25.0,10.0,10.0,0.0,0.0,0.0,0.0,0.0,0.0,0.0,15.0,0.0,0.0,0.0,0.0,0.0,0.0,0.0,0.0,0.0
767,wave1,Risk-Neutral,2026-05-08,0.0,20.0,0.0,10.0,0.0,30.0,0.0,0.0,10.0,10.0,0.0,15.0,0.0,0.0,0.0,0.0,0.0,0.0,0.0,0.0,0.0,0.0,0.0,5.0,0.0
1752,wave1,Default,2026-05-08,0.0,10.0,10.0,10.0,0.0,25.0,0.0,0.0,0.0,0.0,0.0,0.0,15.0,0.0,0.0,0.0,0.0,10.0,0.0,10.0,0.0,0.0,0.0,10.0,0.0
1274,wave1,Default,2026-05-08,10.0,10.0,0.0,10.0,10.0,25.0,10.0,0.0,0.0,0.0,0.0,0.0,10.0,10.0,0.0,0.0,5.0,0.0,0.0,0.0,0.0,0.0,0.0,0.0,0.0
1629,wave1,Somewhat Risk-Seeking,2026-05-08,0.0,0.0,0.0,0.0,0.0,15.0,0.0,0.0,0.0,0.0,0.0,0.0,0.0,20.0,0.0,20.0,15.0,0.0,0.0,10.0,0.0,0.0,0.0,20.0,0.0
1061,wave3,Somewhat Risk-Averse,2026-06-09,20.0,20.0,10.0,10.0,0.0,15.0,0.0,0.0,0.0,15.0,10.0,0.0,0.0,0.0,0.0,0.0,0.0,0.0,0.0,0.0,0.0,0.0,0.0,0.0,0.0
24,wave3,Somewhat Risk-Averse,2026-06-09,25.0,20.0,5.0,10.0,0.0,20.0,0.0,0.0,0.0,10.0,10.0,0.0,0.0,0.0,0.0,0.0,0.0,0.0,0.0,0.0,0.0,0.0,0.0,0.0,0.0
693,wave3,Extremely Risk-Averse,2026-05-24,40.0,20.0,0.0,15.0,0.0,5.0,0.0,0.0,0.0,10.0,10.0,0.0,0.0,0.0,0.0,0.0,0.0,0.0,0.0,0.0,0.0,0.0,0.0,0.0,0.0
484,wave1,Extremely Risk-Averse,2026-05-12,40.0,20.0,0.0,15.0,0.0,0.0,0.0,0.0,0.0,15.0,10.0,0.0,0.0,0.0,0.0,0.0,0.0,0.0,0.0,0.0,0.0,0.0,0.0,0.0,0.0
