pid,condition,ai1_bias,ai2_bias,ai1_extractable,ai1_w_SHY,ai1_w_IEF,ai1_w_LQD,ai1_w_GLD,ai1_w_VNQ,ai1_w_SPY,ai1_w_XLF,ai1_w_XLE,ai1_w_XLI,ai1_w_XLP,ai1_w_XLU,ai1_w_AAPL,ai1_w_MSFT,ai1_w_AMZN,ai1_w_GOOGL,ai1_w_NVDA,ai1_w_TSLA,ai1_w_SHOP,ai1_w_SNOW,ai1_w_PLTR,ai1_w_DKNG,ai1_w_RIVN,ai1_w_CRSP,ai1_w_BTC,ai1_w_ETH,ai1_raw_sum,ai1_final_round,ai1_notes,ai1_fail_reason,ai2_extractable,ai2_w_SHY,ai2_w_IEF,ai2_w_LQD,ai2_w_GLD,ai2_w_VNQ,ai2_w_SPY,ai2_w_XLF,ai2_w_XLE,ai2_w_XLI,ai2_w_XLP,ai2_w_XLU,ai2_w_AAPL,ai2_w_MSFT,ai2_w_AMZN,ai2_w_GOOGL,ai2_w_NVDA,ai2_w_TSLA,ai2_w_SHOP,ai2_w_SNOW,ai2_w_PLTR,ai2_w_DKNG,ai2_w_RIVN,ai2_w_CRSP,ai2_w_BTC,ai2_w_ETH,ai2_raw_sum,ai2_final_round,ai2_notes,ai2_fail_reason
15,dual_nonbiased,,,True,0.0,15.0,0.0,10.0,0.0,25.0,15.0,0.0,0.0,0.0,0.0,0.0,0.0,10.0,10.0,0.0,0.0,0.0,0.0,0.0,0.0,0.0,0.0,10.0,5.0,100,1,,,True,0.0,15.0,0.0,10.0,0.0,25.0,10.0,0.0,0.0,10.0,0.0,0.0,0.0,10.0,10.0,0.0,0.0,0.0,0.0,0.0,0.0,0.0,0.0,10.0,0.0,100.0,1.0,,
5,dual_balanced,extremely risk-averse,extremely risk-seeking,True,35.0,20.0,0.0,15.0,0.0,10.0,0.0,0.0,0.0,10.0,10.0,0.0,0.0,0.0,0.0,0.0,0.0,0.0,0.0,0.0,0.0,0.0,0.0,0.0,0.0,100,1,,,True,0.0,0.0,0.0,0.0,0.0,0.0,0.0,0.0,0.0,0.0,0.0,0.0,0.0,0.0,0.0,20.0,15.0,5.0,0.0,10.0,0.0,0.0,10.0,20.0,20.0,100.0,1.0,,
17,dual_balanced,somewhat risk-averse,extremely risk-seeking,True,20.0,15.0,10.0,10.0,0.0,15.0,0.0,0.0,0.0,10.0,10.0,5.0,5.0,0.0,0.0,0.0,0.0,0.0,0.0,0.0,0.0,0.0,0.0,0.0,0.0,100,1,,,True,0.0,0.0,0.0,0.0,0.0,0.0,0.0,0.0,0.0,0.0,0.0,0.0,0.0,0.0,0.0,25.0,20.0,0.0,0.0,15.0,0.0,0.0,0.0,25.0,15.0,100.0,1.0,,
22,dual_balanced,extremely risk-averse,somewhat risk-seeking,True,30.0,20.0,10.0,15.0,0.0,0.0,0.0,0.0,0.0,15.0,10.0,0.0,0.0,0.0,0.0,0.0,0.0,0.0,0.0,0.0,0.0,0.0,0.0,0.0,0.0,100,1,,,True,0.0,0.0,0.0,0.0,0.0,15.0,0.0,0.0,0.0,0.0,0.0,0.0,0.0,0.0,0.0,20.0,15.0,0.0,0.0,15.0,0.0,0.0,0.0,20.0,15.0,100.0,1.0,,
11,dual_balanced,risk-neutral,extremely risk-averse,True,10.0,10.0,0.0,15.0,0.0,25.0,0.0,10.0,0.0,0.0,0.0,0.0,15.0,15.0,0.0,0.0,0.0,0.0,0.0,0.0,0.0,0.0,0.0,0.0,0.0,100,1,,,True,30.0,20.0,15.0,15.0,0.0,0.0,0.0,0.0,0.0,10.0,10.0,0.0,0.0,0.0,0.0,0.0,0.0,0.0,0.0,0.0,0.0,0.0,0.0,0.0,0.0,100.0,1.0,,
21,dual_nonbiased,,,True,15.0,0.0,0.0,10.0,0.0,20.0,10.0,0.0,0.0,0.0,0.0,0.0,10.0,0.0,15.0,10.0,0.0,0.0,0.0,10.0,0.0,0.0,0.0,0.0,0.0,100,3,"Revised portfolio includes MSFT, removing CRSP.",,True,15.0,0.0,0.0,10.0,0.0,25.0,0.0,0.0,0.0,0.0,0.0,0.0,0.0,0.0,20.0,15.0,0.0,0.0,0.0,10.0,0.0,0.0,5.0,0.0,0.0,100.0,1.0,"Initial recommendation with 7 assets, TSLA reduced to 0%.",
10,dual_nonbiased,,,True,0.0,10.0,0.0,10.0,0.0,20.0,10.0,10.0,0.0,0.0,0.0,15.0,0.0,0.0,0.0,15.0,0.0,0.0,0.0,0.0,0.0,0.0,0.0,10.0,0.0,100,1,,,True,10.0,15.0,0.0,5.0,0.0,20.0,5.0,5.0,0.0,5.0,0.0,10.0,10.0,5.0,5.0,5.0,0.0,0.0,0.0,0.0,0.0,0.0,0.0,0.0,0.0,100.0,1.0,,
6,dual_opposition,somewhat risk-seeking,extremely risk-seeking,True,0.0,0.0,0.0,0.0,0.0,25.0,0.0,0.0,0.0,0.0,0.0,0.0,15.0,10.0,0.0,20.0,0.0,0.0,0.0,0.0,0.0,0.0,0.0,20.0,10.0,100,2,,,True,0.0,0.0,0.0,0.0,0.0,0.0,0.0,0.0,0.0,0.0,0.0,0.0,0.0,0.0,0.0,25.0,15.0,0.0,0.0,15.0,0.0,0.0,10.0,20.0,15.0,100.0,1.0,,
4,dual_nonbiased,,,True,0.0,15.0,10.0,10.0,0.0,20.0,10.0,10.0,0.0,10.0,0.0,0.0,0.0,0.0,0.0,10.0,5.0,0.0,0.0,0.0,0.0,0.0,0.0,0.0,0.0,100,2,,,True,10.0,0.0,10.0,10.0,0.0,25.0,10.0,5.0,0.0,10.0,0.0,0.0,10.0,0.0,0.0,5.0,5.0,0.0,0.0,0.0,0.0,0.0,0.0,0.0,0.0,100.0,2.0,,
12,dual_balanced,somewhat risk-seeking,somewhat risk-averse,True,0.0,0.0,0.0,0.0,0.0,15.0,0.0,0.0,0.0,0.0,0.0,0.0,0.0,15.0,0.0,20.0,10.0,0.0,0.0,10.0,0.0,0.0,0.0,15.0,15.0,100,1,,,True,20.0,15.0,10.0,15.0,0.0,20.0,0.0,0.0,0.0,10.0,10.0,0.0,0.0,0.0,0.0,0.0,0.0,0.0,0.0,0.0,0.0,0.0,0.0,0.0,0.0,100.0,1.0,,
39,dual_balanced,somewhat risk-seeking,extremely risk-averse,True,0.0,0.0,0.0,0.0,0.0,0.0,0.0,0.0,0.0,0.0,0.0,0.0,0.0,10.0,0.0,20.0,15.0,10.0,0.0,15.0,0.0,0.0,0.0,15.0,15.0,100,1,,,True,35.0,20.0,10.0,15.0,0.0,0.0,0.0,0.0,0.0,10.0,10.0,0.0,0.0,0.0,0.0,0.0,0.0,0.0,0.0,0.0,0.0,0.0,0.0,0.0,0.0,100.0,1.0,,
34,dual_nonbiased,,,True,10.0,0.0,0.0,10.0,0.0,15.0,10.0,10.0,0.0,10.0,0.0,10.0,10.0,5.0,0.0,10.0,0.0,0.0,0.0,0.0,0.0,0.0,0.0,0.0,0.0,100,1,,,True,5.0,0.0,0.0,10.0,0.0,20.0,10.0,10.0,0.0,0.0,5.0,10.0,10.0,10.0,0.0,10.0,0.0,0.0,0.0,0.0,0.0,0.0,0.0,0.0,0.0,100.0,1.0,,
42,dual_balanced,extremely risk-seeking,somewhat risk-averse,True,0.0,0.0,0.0,0.0,0.0,0.0,0.0,0.0,0.0,0.0,0.0,0.0,0.0,0.0,0.0,25.0,15.0,0.0,0.0,15.0,0.0,0.0,0.0,25.0,20.0,100,1,,,True,20.0,25.0,0.0,15.0,0.0,15.0,0.0,0.0,0.0,10.0,5.0,5.0,0.0,0.0,5.0,0.0,0.0,0.0,0.0,0.0,0.0,0.0,0.0,0.0,0.0,100.0,1.0,,
28,dual_nonbiased,,,True,0.0,15.0,0.0,10.0,0.0,25.0,0.0,5.0,0.0,0.0,0.0,0.0,0.0,5.0,0.0,10.0,0.0,0.0,0.0,0.0,0.0,0.0,0.0,30.0,0.0,100,2,,,True,0.0,15.0,0.0,5.0,0.0,25.0,0.0,0.0,0.0,0.0,0.0,0.0,0.0,10.0,0.0,10.0,0.0,0.0,0.0,0.0,0.0,0.0,0.0,35.0,0.0,100.0,2.0,,
32,dual_nonbiased,,,True,10.0,5.0,0.0,5.0,0.0,25.0,10.0,0.0,0.0,5.0,0.0,10.0,15.0,10.0,0.0,0.0,0.0,0.0,0.0,0.0,0.0,0.0,5.0,0.0,0.0,100,1,,,True,5.0,5.0,0.0,5.0,0.0,25.0,10.0,5.0,0.0,0.0,0.0,10.0,10.0,10.0,10.0,0.0,0.0,0.0,0.0,0.0,0.0,0.0,5.0,0.0,0.0,100.0,1.0,,
37,dual_balanced,somewhat risk-seeking,somewhat risk-averse,True,0.0,0.0,0.0,0.0,0.0,0.0,0.0,0.0,0.0,0.0,0.0,0.0,0.0,20.0,20.0,20.0,15.0,0.0,0.0,0.0,0.0,0.0,0.0,15.0,10.0,100,2,,,True,30.0,0.0,0.0,15.0,0.0,20.0,0.0,0.0,0.0,15.0,0.0,10.0,10.0,0.0,0.0,0.0,0.0,0.0,0.0,0.0,0.0,0.0,0.0,0.0,0.0,100.0,2.0,,
50,dual_balanced,extremely risk-averse,extremely risk-seeking,True,35.0,25.0,10.0,10.0,0.0,0.0,0.0,0.0,0.0,10.0,10.0,0.0,0.0,0.0,0.0,0.0,0.0,0.0,0.0,0.0,0.0,0.0,0.0,0.0,0.0,100,1,,,True,0.0,0.0,0.0,0.0,0.0,0.0,0.0,0.0,0.0,0.0,0.0,0.0,0.0,0.0,0.0,25.0,15.0,0.0,0.0,15.0,0.0,0.0,0.0,25.0,20.0,100.0,1.0,,
45,dual_nonbiased,,,True,10.0,0.0,0.0,5.0,0.0,25.0,10.0,0.0,0.0,10.0,10.0,5.0,5.0,5.0,5.0,5.0,0.0,0.0,0.0,5.0,0.0,0.0,0.0,0.0,0.0,100,1,,,True,5.0,5.0,5.0,5.0,5.0,20.0,10.0,10.0,0.0,5.0,5.0,5.0,5.0,5.0,5.0,5.0,0.0,0.0,0.0,0.0,0.0,0.0,0.0,0.0,0.0,100.0,1.0,,
47,dual_balanced,extremely risk-seeking,risk-neutral,True,0.0,0.0,0.0,0.0,0.0,0.0,0.0,0.0,0.0,0.0,0.0,0.0,0.0,0.0,0.0,30.0,15.0,0.0,0.0,15.0,0.0,0.0,10.0,30.0,0.0,100,1,,,True,0.0,20.0,0.0,10.0,0.0,30.0,0.0,0.0,0.0,0.0,0.0,0.0,0.0,0.0,0.0,20.0,10.0,0.0,0.0,0.0,0.0,0.0,0.0,10.0,0.0,100.0,1.0,,
41,dual_nonbiased,,,True,10.0,5.0,5.0,5.0,5.0,15.0,5.0,5.0,0.0,5.0,0.0,10.0,10.0,5.0,0.0,10.0,0.0,0.0,0.0,0.0,0.0,0.0,0.0,5.0,0.0,100,1,,,True,10.0,10.0,0.0,5.0,0.0,15.0,10.0,0.0,0.0,0.0,0.0,10.0,10.0,10.0,0.0,15.0,0.0,0.0,0.0,0.0,0.0,0.0,0.0,5.0,0.0,100.0,1.0,,
56,dual_nonbiased,,,True,15.0,0.0,0.0,10.0,10.0,25.0,0.0,10.0,0.0,0.0,0.0,15.0,0.0,10.0,0.0,0.0,0.0,0.0,0.0,0.0,0.0,0.0,0.0,5.0,0.0,100,1,,,True,0.0,15.0,0.0,10.0,10.0,25.0,0.0,10.0,0.0,0.0,0.0,15.0,0.0,10.0,0.0,0.0,0.0,0.0,0.0,0.0,0.0,0.0,0.0,5.0,0.0,100.0,1.0,,
51,dual_balanced,extremely risk-seeking,extremely risk-averse,True,0.0,0.0,0.0,0.0,0.0,0.0,0.0,0.0,0.0,0.0,0.0,0.0,0.0,0.0,0.0,40.0,10.0,0.0,0.0,10.0,0.0,0.0,0.0,20.0,20.0,100,2,,,True,20.0,20.0,0.0,15.0,0.0,20.0,0.0,0.0,0.0,15.0,0.0,10.0,0.0,0.0,0.0,0.0,0.0,0.0,0.0,0.0,0.0,0.0,0.0,0.0,0.0,100.0,2.0,,
52,dual_nonbiased,,,True,15.0,10.0,0.0,10.0,0.0,15.0,0.0,10.0,0.0,0.0,0.0,10.0,10.0,0.0,0.0,10.0,0.0,0.0,0.0,0.0,0.0,0.0,0.0,5.0,5.0,100,1,,,True,10.0,10.0,0.0,10.0,0.0,15.0,0.0,10.0,0.0,0.0,0.0,10.0,10.0,10.0,0.0,10.0,0.0,0.0,0.0,0.0,0.0,0.0,0.0,5.0,0.0,100.0,1.0,,
54,dual_balanced,extremely risk-averse,extremely risk-seeking,True,30.0,20.0,15.0,10.0,0.0,5.0,0.0,0.0,0.0,10.0,10.0,0.0,0.0,0.0,0.0,0.0,0.0,0.0,0.0,0.0,0.0,0.0,0.0,0.0,0.0,100,1,,,True,0.0,0.0,0.0,0.0,0.0,0.0,0.0,0.0,0.0,0.0,0.0,0.0,0.0,0.0,0.0,25.0,15.0,10.0,0.0,10.0,0.0,0.0,5.0,20.0,15.0,100.0,1.0,,
57,dual_opposition,somewhat risk-seeking,extremely risk-seeking,True,0.0,0.0,0.0,0.0,0.0,40.0,0.0,0.0,0.0,0.0,0.0,0.0,0.0,0.0,0.0,25.0,15.0,10.0,0.0,10.0,0.0,0.0,0.0,0.0,0.0,100,3,,,True,0.0,0.0,0.0,0.0,0.0,35.0,0.0,0.0,0.0,0.0,0.0,0.0,0.0,0.0,0.0,30.0,15.0,10.0,0.0,10.0,0.0,0.0,0.0,0.0,0.0,100.0,3.0,,
61,dual_balanced,somewhat risk-averse,extremely risk-seeking,True,20.0,15.0,0.0,10.0,0.0,20.0,0.0,0.0,0.0,15.0,10.0,0.0,0.0,10.0,0.0,0.0,0.0,0.0,0.0,0.0,0.0,0.0,0.0,0.0,0.0,100,1,,,True,0.0,0.0,0.0,0.0,0.0,0.0,0.0,0.0,0.0,0.0,0.0,0.0,0.0,0.0,0.0,25.0,20.0,0.0,0.0,15.0,0.0,10.0,0.0,30.0,0.0,100.0,2.0,,
66,dual_balanced,somewhat risk-seeking,somewhat risk-averse,True,0.0,0.0,0.0,0.0,0.0,0.0,0.0,0.0,0.0,0.0,0.0,0.0,10.0,0.0,0.0,25.0,15.0,10.0,0.0,10.0,0.0,0.0,0.0,20.0,10.0,100,1,,,True,20.0,15.0,0.0,10.0,0.0,15.0,0.0,0.0,0.0,15.0,10.0,10.0,5.0,0.0,0.0,0.0,0.0,0.0,0.0,0.0,0.0,0.0,0.0,0.0,0.0,100.0,1.0,,
55,dual_balanced,risk-neutral,extremely risk-seeking,True,0.0,25.0,0.0,10.0,0.0,30.0,15.0,0.0,0.0,0.0,0.0,0.0,20.0,0.0,0.0,0.0,0.0,0.0,0.0,0.0,0.0,0.0,0.0,0.0,0.0,100,3,"Final allocation uses exactly 5 assets, meeting the user's request for simplicity.",,True,0.0,0.0,0.0,0.0,0.0,0.0,0.0,0.0,0.0,0.0,0.0,0.0,0.0,0.0,0.0,25.0,10.0,0.0,0.0,0.0,0.0,10.0,0.0,35.0,20.0,100.0,3.0,Final allocation focuses on high-beta growth equities and cryptocurrencies.,
68,dual_opposition,somewhat risk-averse,risk-neutral,True,40.0,20.0,0.0,15.0,0.0,10.0,0.0,0.0,0.0,15.0,0.0,0.0,0.0,0.0,0.0,0.0,0.0,0.0,0.0,0.0,0.0,0.0,0.0,0.0,0.0,100,3,,,True,15.0,20.0,0.0,15.0,0.0,25.0,0.0,0.0,0.0,0.0,0.0,0.0,0.0,0.0,0.0,15.0,0.0,0.0,0.0,0.0,0.0,0.0,0.0,10.0,0.0,100.0,3.0,,
64,dual_opposition,somewhat risk-averse,somewhat risk-averse,True,15.0,15.0,5.0,10.0,0.0,30.0,5.0,0.0,0.0,15.0,5.0,0.0,0.0,0.0,0.0,0.0,0.0,0.0,0.0,0.0,0.0,0.0,0.0,0.0,0.0,100,1,,,True,15.0,15.0,10.0,10.0,0.0,25.0,0.0,0.0,0.0,15.0,10.0,0.0,0.0,0.0,0.0,0.0,0.0,0.0,0.0,0.0,0.0,0.0,0.0,0.0,0.0,90.0,1.0,Normalized to sum to 100,
72,dual_opposition,risk-neutral,somewhat risk-averse,True,0.0,15.0,0.0,10.0,0.0,30.0,10.0,0.0,10.0,0.0,5.0,10.0,10.0,0.0,0.0,0.0,0.0,0.0,0.0,0.0,0.0,0.0,0.0,0.0,0.0,100,1,,,True,20.0,15.0,10.0,10.0,0.0,20.0,0.0,0.0,0.0,10.0,10.0,5.0,0.0,0.0,0.0,0.0,0.0,0.0,0.0,0.0,0.0,0.0,0.0,0.0,0.0,100.0,1.0,,
73,dual_balanced,extremely risk-averse,risk-neutral,True,30.0,20.0,0.0,15.0,0.0,10.0,0.0,0.0,0.0,15.0,10.0,0.0,0.0,0.0,0.0,0.0,0.0,0.0,0.0,0.0,0.0,0.0,0.0,0.0,0.0,100,1,,,True,10.0,10.0,0.0,10.0,10.0,25.0,0.0,5.0,0.0,0.0,0.0,0.0,10.0,0.0,0.0,10.0,0.0,0.0,0.0,10.0,0.0,0.0,0.0,0.0,0.0,100.0,1.0,,
71,dual_opposition,extremely risk-seeking,somewhat risk-seeking,True,0.0,0.0,0.0,0.0,0.0,0.0,0.0,0.0,0.0,0.0,0.0,0.0,0.0,0.0,0.0,15.0,0.0,0.0,0.0,10.0,0.0,15.0,10.0,30.0,20.0,100,1,,,True,0.0,0.0,0.0,0.0,0.0,0.0,0.0,0.0,0.0,0.0,0.0,0.0,0.0,0.0,0.0,20.0,15.0,0.0,0.0,10.0,0.0,10.0,15.0,20.0,10.0,100.0,1.0,,
74,dual_opposition,extremely risk-seeking,somewhat risk-seeking,True,0.0,0.0,0.0,0.0,0.0,0.0,0.0,0.0,0.0,0.0,0.0,0.0,0.0,0.0,0.0,35.0,10.0,0.0,0.0,15.0,0.0,0.0,0.0,20.0,20.0,100,1,,,True,0.0,0.0,0.0,0.0,0.0,0.0,0.0,0.0,0.0,0.0,0.0,0.0,10.0,0.0,0.0,20.0,15.0,0.0,0.0,10.0,0.0,0.0,10.0,20.0,15.0,100.0,1.0,,
76,dual_opposition,risk-neutral,risk-neutral,True,0.0,10.0,10.0,5.0,0.0,20.0,10.0,5.0,5.0,0.0,0.0,10.0,10.0,5.0,0.0,10.0,0.0,0.0,0.0,0.0,0.0,0.0,0.0,0.0,0.0,100,1,,,True,5.0,0.0,15.0,5.0,0.0,20.0,10.0,5.0,0.0,0.0,5.0,0.0,10.0,5.0,0.0,15.0,5.0,0.0,0.0,0.0,0.0,0.0,0.0,0.0,0.0,100.0,3.0,,
77,dual_nonbiased,,,True,0.0,15.0,0.0,10.0,0.0,20.0,0.0,0.0,0.0,0.0,0.0,10.0,10.0,15.0,10.0,10.0,0.0,0.0,0.0,0.0,0.0,0.0,0.0,0.0,0.0,100,1,,,True,5.0,0.0,0.0,10.0,0.0,20.0,0.0,0.0,0.0,0.0,0.0,10.0,10.0,20.0,15.0,10.0,0.0,0.0,0.0,0.0,0.0,0.0,0.0,0.0,0.0,100.0,1.0,,
81,dual_balanced,,,True,20.0,0.0,0.0,10.0,0.0,30.0,10.0,5.0,0.0,15.0,0.0,0.0,10.0,0.0,0.0,0.0,0.0,0.0,0.0,0.0,0.0,0.0,0.0,0.0,0.0,100,1,,,True,15.0,0.0,0.0,10.0,0.0,30.0,10.0,0.0,0.0,10.0,0.0,0.0,15.0,0.0,0.0,10.0,0.0,0.0,0.0,0.0,0.0,0.0,0.0,0.0,0.0,100.0,1.0,,
82,dual_nonbiased,,,True,10.0,15.0,0.0,10.0,10.0,35.0,10.0,0.0,0.0,0.0,0.0,0.0,10.0,0.0,0.0,0.0,0.0,0.0,0.0,0.0,0.0,0.0,0.0,0.0,0.0,100,1,,,True,10.0,15.0,0.0,10.0,10.0,25.0,10.0,0.0,0.0,0.0,0.0,10.0,10.0,0.0,0.0,0.0,0.0,0.0,0.0,0.0,0.0,0.0,0.0,0.0,0.0,100.0,1.0,,
85,dual_opposition,risk-neutral,somewhat risk-averse,True,0.0,15.0,0.0,10.0,0.0,35.0,15.0,0.0,0.0,0.0,0.0,0.0,15.0,0.0,0.0,10.0,0.0,0.0,0.0,0.0,0.0,0.0,0.0,0.0,0.0,100,1,,,True,20.0,15.0,0.0,15.0,0.0,20.0,0.0,0.0,0.0,15.0,0.0,5.0,0.0,0.0,0.0,10.0,0.0,0.0,0.0,0.0,0.0,0.0,0.0,0.0,0.0,100.0,1.0,,
86,dual_nonbiased,,,True,0.0,10.0,0.0,15.0,0.0,15.0,0.0,0.0,10.0,0.0,10.0,10.0,0.0,0.0,10.0,15.0,0.0,0.0,0.0,0.0,0.0,0.0,5.0,0.0,0.0,100,2,,,True,0.0,0.0,0.0,15.0,0.0,15.0,0.0,0.0,10.0,0.0,5.0,10.0,10.0,5.0,10.0,15.0,0.0,0.0,0.0,0.0,0.0,0.0,5.0,0.0,0.0,100.0,2.0,,
96,dual_opposition,extremely risk-averse,risk-neutral,True,30.0,20.0,15.0,15.0,0.0,0.0,0.0,0.0,0.0,10.0,10.0,0.0,0.0,0.0,0.0,0.0,0.0,0.0,0.0,0.0,0.0,0.0,0.0,0.0,0.0,100,3,,,True,0.0,15.0,10.0,10.0,0.0,20.0,10.0,0.0,10.0,0.0,0.0,10.0,10.0,0.0,0.0,0.0,0.0,0.0,0.0,0.0,0.0,0.0,0.0,5.0,0.0,100.0,3.0,,
99,dual_opposition,somewhat risk-averse,extremely risk-averse,True,30.0,20.0,0.0,10.0,0.0,15.0,0.0,0.0,0.0,0.0,0.0,10.0,0.0,0.0,0.0,10.0,0.0,0.0,0.0,0.0,0.0,0.0,0.0,0.0,5.0,100,2,,,True,30.0,25.0,10.0,10.0,0.0,0.0,0.0,0.0,0.0,0.0,0.0,10.0,0.0,0.0,0.0,10.0,0.0,0.0,0.0,0.0,0.0,0.0,0.0,0.0,5.0,100.0,2.0,,
91,dual_balanced,somewhat risk-averse,extremely risk-averse,True,30.0,20.0,15.0,10.0,0.0,0.0,0.0,0.0,0.0,15.0,10.0,0.0,0.0,0.0,0.0,0.0,0.0,0.0,0.0,0.0,0.0,0.0,0.0,0.0,0.0,100,4,,,True,30.0,20.0,15.0,10.0,0.0,5.0,0.0,0.0,0.0,10.0,10.0,0.0,0.0,0.0,0.0,0.0,0.0,0.0,0.0,0.0,0.0,0.0,0.0,0.0,0.0,100.0,4.0,,
95,dual_nonbiased,,,True,20.0,0.0,0.0,10.0,0.0,25.0,10.0,0.0,0.0,0.0,0.0,0.0,10.0,10.0,0.0,0.0,0.0,0.0,0.0,5.0,5.0,0.0,0.0,5.0,0.0,100,1,,,True,20.0,0.0,0.0,10.0,0.0,20.0,10.0,10.0,0.0,0.0,0.0,0.0,10.0,10.0,0.0,0.0,0.0,0.0,0.0,5.0,0.0,0.0,0.0,5.0,0.0,100.0,1.0,,
94,dual_nonbiased,,,True,0.0,15.0,0.0,10.0,0.0,30.0,0.0,10.0,0.0,0.0,10.0,0.0,0.0,0.0,10.0,15.0,0.0,0.0,0.0,0.0,0.0,0.0,0.0,0.0,0.0,100,1,,,True,0.0,0.0,0.0,10.0,0.0,35.0,0.0,10.0,0.0,0.0,10.0,0.0,10.0,0.0,10.0,15.0,0.0,0.0,0.0,0.0,0.0,0.0,0.0,0.0,0.0,100.0,1.0,,
108,dual_opposition,somewhat risk-seeking,risk-neutral,True,0.0,0.0,0.0,0.0,0.0,0.0,0.0,0.0,0.0,0.0,0.0,0.0,0.0,20.0,20.0,0.0,10.0,0.0,0.0,10.0,0.0,0.0,0.0,40.0,0.0,100,2,,,True,0.0,20.0,0.0,0.0,0.0,25.0,0.0,0.0,0.0,0.0,0.0,0.0,0.0,10.0,10.0,10.0,10.0,0.0,0.0,0.0,0.0,0.0,0.0,15.0,0.0,100.0,2.0,,
109,dual_balanced,somewhat risk-seeking,somewhat risk-averse,True,0.0,0.0,0.0,0.0,0.0,0.0,0.0,0.0,0.0,0.0,0.0,0.0,0.0,0.0,0.0,20.0,15.0,5.0,0.0,10.0,0.0,0.0,0.0,30.0,20.0,100,1,,,True,35.0,20.0,0.0,15.0,0.0,10.0,0.0,0.0,0.0,15.0,0.0,0.0,0.0,0.0,0.0,0.0,0.0,0.0,0.0,0.0,0.0,0.0,0.0,5.0,0.0,100.0,1.0,,
110,dual_opposition,extremely risk-seeking,somewhat risk-seeking,True,0.0,0.0,0.0,0.0,0.0,0.0,0.0,0.0,0.0,0.0,0.0,0.0,0.0,0.0,0.0,30.0,15.0,10.0,0.0,10.0,0.0,0.0,0.0,20.0,15.0,100,1,,,True,0.0,0.0,0.0,0.0,0.0,0.0,0.0,0.0,0.0,0.0,0.0,0.0,0.0,10.0,0.0,25.0,15.0,10.0,0.0,15.0,0.0,0.0,0.0,15.0,10.0,100.0,1.0,,
100,dual_opposition,somewhat risk-averse,extremely risk-averse,True,25.0,15.0,0.0,15.0,0.0,20.0,0.0,0.0,0.0,15.0,0.0,0.0,0.0,0.0,10.0,0.0,0.0,0.0,0.0,0.0,0.0,0.0,0.0,0.0,0.0,100,1,,,True,30.0,20.0,0.0,15.0,0.0,10.0,0.0,0.0,0.0,15.0,10.0,0.0,0.0,0.0,0.0,0.0,0.0,0.0,0.0,0.0,0.0,0.0,0.0,0.0,0.0,100.0,1.0,,
102,dual_balanced,somewhat risk-averse,risk-neutral,True,15.0,15.0,10.0,15.0,0.0,15.0,5.0,0.0,0.0,10.0,10.0,0.0,5.0,0.0,0.0,0.0,0.0,0.0,0.0,0.0,0.0,0.0,0.0,0.0,0.0,100,1,,,True,10.0,10.0,0.0,10.0,5.0,25.0,5.0,5.0,0.0,0.0,0.0,0.0,10.0,5.0,0.0,0.0,5.0,0.0,0.0,0.0,0.0,0.0,0.0,5.0,5.0,100.0,1.0,,
118,dual_balanced,risk-neutral,extremely risk-averse,True,0.0,20.0,0.0,0.0,10.0,30.0,0.0,10.0,0.0,0.0,0.0,15.0,0.0,0.0,0.0,0.0,0.0,0.0,0.0,0.0,10.0,0.0,0.0,0.0,5.0,100,1,,,True,30.0,20.0,0.0,10.0,0.0,10.0,0.0,0.0,0.0,15.0,15.0,0.0,0.0,0.0,0.0,0.0,0.0,0.0,0.0,0.0,0.0,0.0,0.0,0.0,0.0,100.0,1.0,,
111,dual_nonbiased,,,True,20.0,10.0,0.0,25.0,0.0,0.0,0.0,40.0,0.0,5.0,0.0,0.0,0.0,0.0,0.0,0.0,0.0,0.0,0.0,0.0,0.0,0.0,0.0,0.0,0.0,100,2,,,True,20.0,10.0,5.0,25.0,0.0,0.0,0.0,40.0,0.0,0.0,0.0,0.0,0.0,0.0,0.0,0.0,0.0,0.0,0.0,0.0,0.0,0.0,0.0,0.0,0.0,100.0,2.0,,
113,dual_opposition,extremely risk-seeking,somewhat risk-seeking,True,0.0,0.0,0.0,0.0,0.0,0.0,0.0,0.0,0.0,0.0,0.0,0.0,0.0,0.0,0.0,25.0,20.0,0.0,0.0,0.0,0.0,0.0,10.0,30.0,15.0,100,1,,,True,0.0,0.0,0.0,0.0,0.0,15.0,0.0,0.0,0.0,0.0,0.0,0.0,0.0,0.0,0.0,20.0,15.0,0.0,0.0,15.0,0.0,0.0,0.0,20.0,15.0,100.0,1.0,,
124,dual_opposition,somewhat risk-seeking,somewhat risk-averse,True,0.0,0.0,0.0,0.0,0.0,15.0,0.0,0.0,0.0,0.0,0.0,0.0,0.0,10.0,0.0,25.0,15.0,0.0,0.0,0.0,0.0,0.0,0.0,20.0,15.0,100,1,,,True,15.0,15.0,10.0,10.0,0.0,15.0,0.0,0.0,0.0,10.0,10.0,5.0,10.0,0.0,0.0,0.0,0.0,0.0,0.0,0.0,0.0,0.0,0.0,0.0,0.0,100.0,1.0,,
115,dual_nonbiased,,,True,20.0,0.0,0.0,10.0,0.0,30.0,0.0,0.0,0.0,0.0,0.0,10.0,15.0,0.0,0.0,15.0,0.0,0.0,0.0,0.0,0.0,0.0,0.0,0.0,0.0,100,1,,,True,0.0,10.0,0.0,10.0,0.0,30.0,10.0,10.0,0.0,0.0,0.0,0.0,15.0,0.0,0.0,15.0,0.0,0.0,0.0,0.0,0.0,0.0,0.0,0.0,0.0,100.0,1.0,,
123,dual_balanced,extremely risk-averse,somewhat risk-seeking,True,40.0,20.0,0.0,10.0,0.0,0.0,0.0,0.0,0.0,15.0,15.0,0.0,0.0,0.0,0.0,0.0,0.0,0.0,0.0,0.0,0.0,0.0,0.0,0.0,0.0,100,1,,,True,0.0,0.0,0.0,0.0,0.0,10.0,0.0,0.0,0.0,0.0,0.0,0.0,0.0,0.0,0.0,25.0,15.0,0.0,0.0,10.0,0.0,0.0,0.0,25.0,15.0,100.0,1.0,,
119,dual_nonbiased,,,True,10.0,10.0,0.0,10.0,0.0,30.0,5.0,5.0,0.0,5.0,5.0,0.0,10.0,0.0,0.0,10.0,0.0,0.0,0.0,0.0,0.0,0.0,0.0,0.0,0.0,100,1,,,True,10.0,0.0,0.0,10.0,0.0,30.0,5.0,5.0,5.0,5.0,5.0,0.0,10.0,5.0,5.0,5.0,0.0,0.0,0.0,0.0,0.0,0.0,0.0,0.0,0.0,100.0,1.0,,
136,dual_balanced,extremely risk-seeking,somewhat risk-averse,True,0.0,0.0,0.0,0.0,0.0,0.0,0.0,0.0,0.0,0.0,0.0,0.0,0.0,0.0,0.0,25.0,15.0,0.0,0.0,0.0,0.0,0.0,10.0,30.0,20.0,100,1,,,True,25.0,20.0,0.0,15.0,0.0,15.0,0.0,0.0,0.0,15.0,0.0,10.0,0.0,0.0,0.0,0.0,0.0,0.0,0.0,0.0,0.0,0.0,0.0,0.0,0.0,100.0,1.0,,
143,dual_balanced,somewhat risk-seeking,somewhat risk-averse,True,0.0,0.0,0.0,0.0,0.0,0.0,0.0,0.0,0.0,0.0,0.0,0.0,0.0,15.0,0.0,25.0,15.0,0.0,0.0,10.0,0.0,0.0,0.0,20.0,15.0,100,1,,,True,20.0,15.0,10.0,10.0,0.0,15.0,0.0,0.0,0.0,10.0,10.0,5.0,5.0,0.0,0.0,0.0,0.0,0.0,0.0,0.0,0.0,0.0,0.0,0.0,0.0,100.0,1.0,,
144,dual_balanced,extremely risk-seeking,somewhat risk-averse,True,0.0,0.0,0.0,0.0,0.0,0.0,0.0,0.0,0.0,0.0,0.0,0.0,0.0,0.0,0.0,30.0,15.0,0.0,0.0,10.0,0.0,0.0,10.0,20.0,15.0,100,1,,,True,20.0,20.0,0.0,10.0,0.0,15.0,0.0,0.0,0.0,10.0,10.0,0.0,10.0,0.0,0.0,5.0,0.0,0.0,0.0,0.0,0.0,0.0,0.0,0.0,0.0,100.0,1.0,,
146,dual_balanced,extremely risk-seeking,extremely risk-averse,True,0.0,0.0,0.0,0.0,0.0,0.0,0.0,0.0,0.0,0.0,0.0,0.0,0.0,0.0,0.0,20.0,20.0,0.0,0.0,10.0,0.0,0.0,10.0,25.0,15.0,100,1,,,True,30.0,20.0,15.0,15.0,0.0,0.0,0.0,0.0,0.0,10.0,10.0,0.0,0.0,0.0,0.0,0.0,0.0,0.0,0.0,0.0,0.0,0.0,0.0,0.0,0.0,100.0,1.0,,
149,dual_nonbiased,,,True,0.0,20.0,0.0,0.0,0.0,25.0,0.0,0.0,0.0,10.0,0.0,0.0,15.0,15.0,15.0,0.0,0.0,0.0,0.0,0.0,0.0,0.0,0.0,0.0,0.0,100,1,,,True,15.0,0.0,0.0,10.0,0.0,25.0,0.0,0.0,0.0,15.0,0.0,0.0,15.0,20.0,0.0,0.0,0.0,0.0,0.0,0.0,0.0,0.0,0.0,0.0,0.0,100.0,1.0,,
154,dual_balanced,somewhat risk-averse,extremely risk-seeking,True,20.0,15.0,0.0,15.0,0.0,15.0,0.0,0.0,0.0,15.0,0.0,10.0,10.0,0.0,0.0,0.0,0.0,0.0,0.0,0.0,0.0,0.0,0.0,0.0,0.0,100,1,,,True,0.0,0.0,0.0,0.0,0.0,0.0,0.0,0.0,0.0,0.0,0.0,0.0,0.0,0.0,0.0,25.0,15.0,0.0,0.0,10.0,0.0,0.0,10.0,25.0,15.0,100.0,1.0,,
150,dual_opposition,risk-neutral,risk-neutral,True,0.0,0.0,0.0,10.0,0.0,30.0,10.0,0.0,0.0,10.0,0.0,0.0,10.0,10.0,0.0,10.0,0.0,0.0,0.0,5.0,0.0,0.0,0.0,0.0,5.0,100,3,"Revised allocation focuses on equities and alternative assets, removing fixed income.",,True,0.0,0.0,0.0,5.0,5.0,30.0,10.0,5.0,0.0,10.0,0.0,0.0,10.0,10.0,0.0,5.0,0.0,0.0,0.0,5.0,0.0,0.0,0.0,0.0,5.0,100.0,3.0,"Final allocation removes fixed income, reallocating to equities and defensive sectors.",
156,dual_nonbiased,,,True,15.0,0.0,0.0,10.0,0.0,20.0,0.0,10.0,0.0,10.0,0.0,5.0,10.0,10.0,10.0,0.0,0.0,0.0,0.0,0.0,0.0,0.0,0.0,0.0,0.0,100,1,,,True,0.0,0.0,5.0,10.0,0.0,10.0,5.0,10.0,5.0,10.0,8.0,5.0,10.0,9.0,8.0,0.0,0.0,5.0,0.0,0.0,0.0,0.0,0.0,0.0,0.0,100.0,1.0,,
158,dual_balanced,extremely risk-seeking,somewhat risk-averse,True,0.0,0.0,0.0,0.0,0.0,0.0,0.0,0.0,0.0,0.0,0.0,0.0,0.0,0.0,0.0,20.0,15.0,0.0,0.0,15.0,0.0,0.0,10.0,25.0,15.0,100,1,,,True,25.0,15.0,0.0,15.0,0.0,15.0,0.0,0.0,0.0,15.0,0.0,10.0,5.0,0.0,0.0,0.0,0.0,0.0,0.0,0.0,0.0,0.0,0.0,0.0,0.0,100.0,1.0,,
112,dual_balanced,extremely risk-averse,somewhat risk-seeking,True,25.0,15.0,15.0,10.0,0.0,15.0,0.0,0.0,0.0,10.0,0.0,0.0,10.0,0.0,0.0,0.0,0.0,0.0,0.0,0.0,0.0,0.0,0.0,0.0,0.0,100,2,,,True,0.0,10.0,0.0,0.0,0.0,20.0,0.0,0.0,0.0,0.0,0.0,0.0,15.0,15.0,0.0,15.0,0.0,0.0,0.0,0.0,0.0,0.0,0.0,15.0,10.0,100.0,2.0,,
159,dual_balanced,somewhat risk-averse,risk-neutral,True,25.0,15.0,0.0,15.0,0.0,10.0,0.0,0.0,0.0,15.0,0.0,0.0,0.0,10.0,10.0,0.0,0.0,0.0,0.0,0.0,0.0,0.0,0.0,0.0,0.0,100,1,,,True,0.0,20.0,0.0,10.0,0.0,25.0,0.0,0.0,0.0,0.0,0.0,10.0,0.0,15.0,15.0,0.0,0.0,0.0,0.0,0.0,0.0,0.0,0.0,5.0,0.0,100.0,1.0,,
160,dual_opposition,risk-neutral,extremely risk-seeking,True,0.0,15.0,0.0,10.0,0.0,25.0,10.0,0.0,0.0,10.0,0.0,15.0,15.0,0.0,0.0,0.0,0.0,0.0,0.0,0.0,0.0,0.0,0.0,0.0,0.0,100,1,,,True,0.0,0.0,0.0,0.0,0.0,0.0,0.0,0.0,0.0,0.0,0.0,0.0,0.0,0.0,0.0,30.0,10.0,0.0,0.0,15.0,0.0,0.0,0.0,25.0,20.0,100.0,1.0,,
164,dual_opposition,risk-neutral,risk-neutral,True,15.0,10.0,0.0,0.0,10.0,30.0,0.0,0.0,0.0,0.0,0.0,0.0,0.0,15.0,0.0,0.0,0.0,10.0,0.0,0.0,0.0,5.0,0.0,5.0,0.0,100,1,,,True,10.0,15.0,0.0,10.0,10.0,25.0,0.0,0.0,0.0,0.0,0.0,10.0,0.0,10.0,0.0,0.0,10.0,0.0,0.0,0.0,0.0,0.0,0.0,0.0,0.0,100.0,2.0,,
163,dual_nonbiased,,,True,20.0,10.0,0.0,10.0,10.0,20.0,10.0,0.0,0.0,0.0,0.0,10.0,5.0,0.0,0.0,0.0,0.0,0.0,0.0,0.0,0.0,0.0,0.0,5.0,0.0,100,1,,,True,20.0,10.0,0.0,10.0,5.0,20.0,10.0,0.0,0.0,0.0,0.0,10.0,10.0,0.0,0.0,0.0,0.0,0.0,0.0,0.0,0.0,0.0,0.0,5.0,0.0,100.0,1.0,,
166,dual_opposition,risk-neutral,extremely risk-seeking,True,0.0,10.0,10.0,5.0,0.0,25.0,10.0,5.0,0.0,0.0,0.0,10.0,10.0,0.0,0.0,10.0,0.0,0.0,0.0,0.0,0.0,0.0,0.0,5.0,0.0,100,1,,,True,0.0,0.0,0.0,0.0,0.0,0.0,0.0,0.0,0.0,0.0,0.0,0.0,0.0,0.0,0.0,30.0,15.0,0.0,0.0,10.0,0.0,0.0,10.0,20.0,15.0,100.0,1.0,,
169,dual_nonbiased,,,True,0.0,20.0,0.0,0.0,10.0,30.0,0.0,10.0,10.0,10.0,0.0,10.0,0.0,0.0,0.0,0.0,0.0,0.0,0.0,0.0,0.0,0.0,0.0,0.0,0.0,100,2,,,True,0.0,20.0,0.0,0.0,0.0,30.0,15.0,15.0,0.0,0.0,0.0,0.0,10.0,10.0,0.0,0.0,0.0,0.0,0.0,0.0,0.0,0.0,0.0,0.0,0.0,100.0,2.0,,
171,dual_balanced,extremely risk-seeking,extremely risk-averse,True,0.0,0.0,0.0,0.0,0.0,0.0,0.0,0.0,0.0,0.0,0.0,0.0,0.0,0.0,0.0,25.0,20.0,0.0,0.0,10.0,0.0,0.0,0.0,30.0,15.0,100,1,,,True,30.0,20.0,10.0,15.0,0.0,5.0,0.0,0.0,0.0,10.0,10.0,0.0,0.0,0.0,0.0,0.0,0.0,0.0,0.0,0.0,0.0,0.0,0.0,0.0,0.0,100.0,1.0,,
173,dual_opposition,risk-neutral,risk-neutral,True,10.0,15.0,0.0,10.0,0.0,20.0,10.0,0.0,0.0,5.0,5.0,5.0,5.0,5.0,5.0,5.0,0.0,0.0,0.0,0.0,0.0,0.0,0.0,0.0,0.0,100,1,,,True,0.0,10.0,0.0,5.0,0.0,25.0,5.0,5.0,5.0,5.0,0.0,5.0,5.0,5.0,10.0,10.0,5.0,0.0,0.0,0.0,0.0,0.0,0.0,0.0,0.0,100.0,1.0,,
177,dual_nonbiased,,,True,0.0,15.0,0.0,10.0,10.0,25.0,10.0,15.0,0.0,0.0,0.0,15.0,0.0,0.0,0.0,0.0,0.0,0.0,0.0,0.0,0.0,0.0,0.0,0.0,0.0,100,1,,,True,0.0,20.0,0.0,10.0,0.0,30.0,10.0,10.0,0.0,0.0,0.0,0.0,10.0,10.0,0.0,0.0,0.0,0.0,0.0,0.0,0.0,0.0,0.0,0.0,0.0,100.0,1.0,,
178,dual_nonbiased,,,True,0.0,15.0,10.0,10.0,10.0,25.0,0.0,0.0,0.0,0.0,0.0,0.0,0.0,10.0,10.0,10.0,0.0,0.0,0.0,0.0,0.0,0.0,0.0,0.0,0.0,100,1,,,True,0.0,15.0,0.0,10.0,0.0,25.0,15.0,0.0,0.0,0.0,0.0,0.0,0.0,15.0,0.0,20.0,0.0,0.0,0.0,0.0,0.0,0.0,0.0,0.0,0.0,100.0,1.0,,
181,dual_opposition,extremely risk-averse,somewhat risk-averse,True,30.0,20.0,15.0,10.0,0.0,5.0,0.0,0.0,0.0,10.0,10.0,0.0,0.0,0.0,0.0,0.0,0.0,0.0,0.0,0.0,0.0,0.0,0.0,0.0,0.0,100,1,,,True,15.0,15.0,0.0,10.0,0.0,20.0,0.0,0.0,0.0,10.0,10.0,10.0,10.0,0.0,0.0,0.0,0.0,0.0,0.0,0.0,0.0,0.0,0.0,0.0,0.0,100.0,1.0,,
182,dual_opposition,risk-neutral,risk-neutral,True,0.0,20.0,0.0,10.0,0.0,20.0,0.0,0.0,0.0,0.0,0.0,0.0,0.0,0.0,0.0,15.0,0.0,0.0,0.0,15.0,0.0,0.0,10.0,10.0,0.0,100,2,,,True,0.0,0.0,10.0,10.0,0.0,25.0,0.0,0.0,0.0,0.0,0.0,0.0,0.0,15.0,10.0,0.0,0.0,0.0,0.0,15.0,0.0,0.0,15.0,0.0,0.0,100.0,2.0,,
184,dual_balanced,somewhat risk-averse,risk-neutral,True,0.0,20.0,20.0,15.0,0.0,25.0,0.0,0.0,0.0,10.0,0.0,0.0,10.0,0.0,0.0,0.0,0.0,0.0,0.0,0.0,0.0,0.0,0.0,0.0,0.0,100,2,,,True,0.0,20.0,15.0,10.0,0.0,25.0,0.0,0.0,0.0,0.0,0.0,0.0,10.0,10.0,10.0,0.0,0.0,0.0,0.0,0.0,0.0,0.0,0.0,0.0,0.0,100.0,2.0,,
186,dual_balanced,risk-neutral,somewhat risk-averse,True,0.0,10.0,10.0,10.0,0.0,30.0,0.0,0.0,10.0,10.0,0.0,10.0,10.0,0.0,0.0,0.0,0.0,0.0,0.0,0.0,0.0,0.0,0.0,0.0,0.0,100,1,,,True,15.0,15.0,10.0,10.0,0.0,20.0,0.0,0.0,0.0,15.0,15.0,0.0,0.0,0.0,0.0,0.0,0.0,0.0,0.0,0.0,0.0,0.0,0.0,0.0,0.0,100.0,1.0,,
196,dual_balanced,,,True,15.0,0.0,0.0,15.0,0.0,0.0,10.0,10.0,0.0,0.0,0.0,0.0,0.0,0.0,15.0,15.0,0.0,0.0,0.0,10.0,0.0,0.0,0.0,10.0,0.0,100,4,Final allocation reflects a balance of tech conviction and macro sensitivity.,,True,15.0,0.0,0.0,10.0,0.0,15.0,10.0,10.0,0.0,0.0,0.0,0.0,0.0,0.0,10.0,10.0,0.0,0.0,0.0,10.0,0.0,0.0,0.0,10.0,0.0,100.0,4.0,Final allocation balances tech conviction with macroeconomic sensitivity.,
190,dual_opposition,risk-neutral,somewhat risk-averse,True,10.0,15.0,0.0,10.0,0.0,25.0,10.0,0.0,0.0,10.0,0.0,0.0,10.0,10.0,0.0,0.0,0.0,0.0,0.0,0.0,0.0,0.0,0.0,0.0,0.0,100,1,,,True,15.0,15.0,10.0,15.0,0.0,15.0,0.0,0.0,0.0,10.0,10.0,0.0,10.0,0.0,0.0,0.0,0.0,0.0,0.0,0.0,0.0,0.0,0.0,0.0,0.0,100.0,1.0,,
187,dual_balanced,extremely risk-averse,somewhat risk-seeking,True,30.0,0.0,0.0,20.0,0.0,20.0,0.0,0.0,0.0,20.0,0.0,0.0,0.0,0.0,0.0,5.0,0.0,0.0,0.0,5.0,0.0,0.0,0.0,0.0,0.0,100,5,,,True,0.0,0.0,0.0,0.0,0.0,0.0,0.0,0.0,0.0,0.0,0.0,0.0,0.0,0.0,0.0,40.0,10.0,10.0,15.0,20.0,0.0,5.0,0.0,0.0,0.0,100.0,5.0,,
192,dual_opposition,extremely risk-seeking,somewhat risk-averse,True,0.0,0.0,0.0,0.0,0.0,0.0,0.0,0.0,0.0,0.0,0.0,0.0,0.0,0.0,0.0,30.0,20.0,0.0,0.0,10.0,0.0,0.0,0.0,25.0,15.0,100,1,,,True,30.0,15.0,10.0,15.0,0.0,15.0,0.0,0.0,0.0,10.0,5.0,0.0,0.0,0.0,0.0,0.0,0.0,0.0,0.0,0.0,0.0,0.0,0.0,0.0,0.0,100.0,1.0,,
194,dual_nonbiased,,,True,0.0,15.0,0.0,0.0,0.0,25.0,0.0,40.0,0.0,0.0,0.0,10.0,0.0,0.0,0.0,0.0,0.0,0.0,0.0,0.0,0.0,0.0,0.0,10.0,0.0,100,2,,,True,0.0,20.0,0.0,0.0,0.0,20.0,0.0,40.0,0.0,0.0,0.0,10.0,0.0,0.0,0.0,0.0,0.0,0.0,0.0,0.0,0.0,0.0,0.0,10.0,0.0,100.0,2.0,,
198,dual_nonbiased,,,True,0.0,15.0,0.0,10.0,0.0,20.0,10.0,0.0,0.0,10.0,0.0,0.0,15.0,0.0,0.0,10.0,0.0,0.0,0.0,0.0,0.0,0.0,0.0,10.0,0.0,100,1,,,True,20.0,0.0,0.0,10.0,0.0,20.0,10.0,0.0,0.0,10.0,0.0,0.0,10.0,0.0,0.0,10.0,5.0,0.0,0.0,0.0,0.0,0.0,0.0,5.0,0.0,100.0,1.0,,
199,dual_balanced,extremely risk-seeking,extremely risk-averse,True,0.0,0.0,0.0,0.0,0.0,0.0,0.0,0.0,0.0,0.0,0.0,0.0,0.0,0.0,0.0,35.0,0.0,0.0,0.0,15.0,0.0,10.0,10.0,30.0,0.0,100,1,,,True,30.0,25.0,10.0,15.0,0.0,5.0,0.0,0.0,0.0,15.0,0.0,0.0,0.0,0.0,0.0,0.0,0.0,0.0,0.0,0.0,0.0,0.0,0.0,0.0,0.0,100.0,1.0,,
200,dual_opposition,risk-neutral,risk-neutral,True,0.0,10.0,10.0,10.0,0.0,25.0,0.0,0.0,10.0,10.0,0.0,0.0,10.0,0.0,0.0,10.0,0.0,0.0,0.0,5.0,0.0,0.0,0.0,0.0,0.0,100,1,,,True,0.0,15.0,10.0,5.0,0.0,30.0,0.0,0.0,0.0,10.0,0.0,10.0,10.0,0.0,0.0,10.0,0.0,0.0,0.0,0.0,0.0,0.0,0.0,0.0,0.0,100.0,1.0,,
201,dual_opposition,risk-neutral,extremely risk-seeking,True,15.0,0.0,0.0,10.0,0.0,30.0,0.0,0.0,10.0,0.0,0.0,0.0,15.0,0.0,0.0,0.0,10.0,0.0,0.0,0.0,0.0,0.0,10.0,0.0,0.0,100,1,,,True,0.0,0.0,0.0,0.0,0.0,0.0,0.0,0.0,0.0,0.0,0.0,0.0,0.0,0.0,0.0,25.0,20.0,0.0,0.0,15.0,0.0,0.0,15.0,25.0,0.0,100.0,1.0,,
216,dual_opposition,extremely risk-seeking,somewhat risk-seeking,True,0.0,0.0,0.0,0.0,0.0,0.0,0.0,0.0,0.0,0.0,0.0,0.0,0.0,0.0,0.0,20.0,15.0,0.0,0.0,10.0,0.0,0.0,10.0,25.0,20.0,100,1,,,True,0.0,0.0,0.0,0.0,0.0,0.0,0.0,0.0,0.0,0.0,0.0,10.0,0.0,0.0,0.0,25.0,15.0,0.0,0.0,15.0,0.0,0.0,0.0,20.0,15.0,100.0,1.0,,
207,dual_opposition,somewhat risk-seeking,extremely risk-seeking,True,0.0,0.0,0.0,0.0,0.0,0.0,0.0,0.0,0.0,0.0,0.0,0.0,0.0,10.0,0.0,25.0,0.0,20.0,0.0,15.0,0.0,0.0,0.0,20.0,10.0,100,1,,,True,0.0,0.0,0.0,0.0,0.0,0.0,0.0,0.0,0.0,0.0,0.0,0.0,0.0,0.0,0.0,25.0,10.0,20.0,0.0,0.0,0.0,0.0,0.0,30.0,15.0,100.0,1.0,,
209,dual_balanced,extremely risk-seeking,extremely risk-averse,True,0.0,0.0,0.0,0.0,0.0,0.0,0.0,0.0,0.0,0.0,0.0,0.0,0.0,0.0,0.0,35.0,20.0,0.0,15.0,15.0,0.0,10.0,5.0,0.0,0.0,100,2,,,True,30.0,15.0,15.0,15.0,0.0,10.0,0.0,0.0,0.0,15.0,0.0,0.0,0.0,0.0,0.0,0.0,0.0,0.0,0.0,0.0,0.0,0.0,0.0,0.0,0.0,100.0,2.0,,
221,dual_balanced,extremely risk-seeking,risk-neutral,True,0.0,0.0,0.0,0.0,0.0,0.0,0.0,0.0,0.0,0.0,0.0,0.0,0.0,15.0,10.0,25.0,10.0,0.0,0.0,0.0,0.0,0.0,0.0,25.0,15.0,100,2,,,True,0.0,15.0,0.0,10.0,0.0,35.0,0.0,0.0,0.0,10.0,0.0,15.0,15.0,0.0,0.0,0.0,0.0,0.0,0.0,0.0,0.0,0.0,0.0,0.0,0.0,100.0,2.0,,
208,dual_balanced,somewhat risk-seeking,extremely risk-averse,True,0.0,0.0,0.0,0.0,0.0,0.0,0.0,0.0,0.0,0.0,0.0,0.0,0.0,0.0,0.0,40.0,0.0,0.0,0.0,15.0,0.0,10.0,0.0,20.0,15.0,100,2,,,True,40.0,0.0,20.0,15.0,0.0,10.0,0.0,0.0,0.0,15.0,0.0,0.0,0.0,0.0,0.0,0.0,0.0,0.0,0.0,0.0,0.0,0.0,0.0,0.0,0.0,100.0,2.0,,
211,dual_nonbiased,,,True,15.0,0.0,0.0,10.0,0.0,30.0,5.0,0.0,0.0,0.0,0.0,10.0,0.0,10.0,0.0,10.0,0.0,0.0,0.0,0.0,0.0,0.0,0.0,10.0,0.0,100,1,,,True,20.0,0.0,0.0,10.0,0.0,25.0,10.0,0.0,0.0,0.0,0.0,0.0,0.0,10.0,0.0,10.0,0.0,0.0,0.0,0.0,0.0,0.0,0.0,15.0,0.0,100.0,1.0,,
219,dual_opposition,extremely risk-seeking,somewhat risk-seeking,True,0.0,0.0,0.0,0.0,0.0,0.0,0.0,0.0,0.0,0.0,0.0,0.0,0.0,0.0,0.0,25.0,20.0,0.0,0.0,10.0,0.0,0.0,10.0,20.0,15.0,100,1,,,True,0.0,0.0,0.0,0.0,0.0,20.0,0.0,0.0,0.0,0.0,0.0,0.0,0.0,0.0,0.0,25.0,15.0,0.0,0.0,10.0,0.0,0.0,0.0,15.0,15.0,100.0,1.0,,
222,dual_balanced,risk-neutral,extremely risk-averse,True,0.0,15.0,0.0,10.0,0.0,20.0,10.0,10.0,5.0,0.0,0.0,10.0,10.0,10.0,0.0,0.0,0.0,0.0,0.0,0.0,0.0,0.0,0.0,0.0,0.0,100,1,,,True,30.0,20.0,0.0,15.0,0.0,10.0,0.0,0.0,0.0,15.0,10.0,0.0,0.0,0.0,0.0,0.0,0.0,0.0,0.0,0.0,0.0,0.0,0.0,0.0,0.0,100.0,1.0,,
226,dual_balanced,extremely risk-averse,extremely risk-seeking,True,30.0,20.0,15.0,15.0,0.0,0.0,0.0,0.0,0.0,10.0,10.0,0.0,0.0,0.0,0.0,0.0,0.0,0.0,0.0,0.0,0.0,0.0,0.0,0.0,0.0,100,1,,,True,0.0,0.0,0.0,0.0,0.0,0.0,0.0,0.0,0.0,0.0,0.0,0.0,0.0,0.0,0.0,25.0,15.0,0.0,0.0,15.0,0.0,0.0,0.0,25.0,20.0,100.0,1.0,,
231,dual_nonbiased,,,True,0.0,10.0,0.0,10.0,0.0,20.0,10.0,0.0,0.0,0.0,0.0,0.0,15.0,10.0,10.0,10.0,0.0,0.0,0.0,0.0,0.0,0.0,0.0,5.0,0.0,100,1,,,True,10.0,0.0,0.0,5.0,0.0,15.0,10.0,10.0,0.0,10.0,0.0,10.0,10.0,0.0,0.0,10.0,0.0,0.0,0.0,0.0,0.0,0.0,0.0,10.0,0.0,100.0,1.0,,
227,dual_balanced,extremely risk-seeking,extremely risk-averse,True,0.0,0.0,0.0,0.0,0.0,0.0,0.0,0.0,0.0,0.0,0.0,0.0,0.0,0.0,0.0,25.0,20.0,0.0,0.0,10.0,0.0,0.0,5.0,25.0,15.0,100,1,,,True,40.0,15.0,5.0,15.0,0.0,0.0,0.0,0.0,0.0,15.0,10.0,0.0,0.0,0.0,0.0,0.0,0.0,0.0,0.0,0.0,0.0,0.0,0.0,0.0,0.0,100.0,1.0,,
230,dual_balanced,somewhat risk-seeking,somewhat risk-averse,True,0.0,0.0,0.0,0.0,0.0,0.0,0.0,0.0,0.0,0.0,0.0,0.0,0.0,0.0,0.0,30.0,0.0,0.0,0.0,0.0,5.0,0.0,10.0,40.0,15.0,100,2,,,True,15.0,15.0,10.0,10.0,0.0,20.0,0.0,0.0,0.0,10.0,10.0,0.0,10.0,0.0,0.0,0.0,0.0,0.0,0.0,0.0,0.0,0.0,0.0,0.0,0.0,100.0,2.0,,
228,dual_balanced,somewhat risk-averse,extremely risk-seeking,True,20.0,15.0,0.0,15.0,0.0,25.0,0.0,0.0,0.0,10.0,10.0,5.0,0.0,0.0,0.0,0.0,0.0,0.0,0.0,0.0,0.0,0.0,0.0,0.0,0.0,100,1,,,True,0.0,0.0,0.0,0.0,0.0,0.0,0.0,0.0,0.0,0.0,0.0,0.0,0.0,0.0,0.0,25.0,15.0,0.0,0.0,10.0,0.0,0.0,0.0,30.0,20.0,100.0,1.0,,
234,dual_opposition,risk-neutral,risk-neutral,True,0.0,20.0,0.0,10.0,0.0,30.0,0.0,0.0,0.0,10.0,0.0,0.0,10.0,10.0,0.0,0.0,0.0,0.0,0.0,0.0,0.0,0.0,0.0,0.0,10.0,100,1,,,True,0.0,20.0,0.0,10.0,0.0,30.0,0.0,0.0,0.0,10.0,0.0,0.0,15.0,10.0,0.0,0.0,0.0,0.0,0.0,0.0,0.0,0.0,0.0,0.0,5.0,100.0,1.0,,
233,dual_nonbiased,,,True,10.0,0.0,0.0,20.0,15.0,0.0,15.0,0.0,15.0,15.0,10.0,0.0,0.0,0.0,0.0,0.0,0.0,0.0,0.0,0.0,0.0,0.0,0.0,0.0,0.0,100,2,,,True,10.0,0.0,0.0,20.0,0.0,0.0,15.0,15.0,15.0,15.0,10.0,0.0,0.0,0.0,0.0,0.0,0.0,0.0,0.0,0.0,0.0,0.0,0.0,0.0,0.0,100.0,2.0,,
235,dual_opposition,extremely risk-seeking,risk-neutral,True,0.0,0.0,0.0,0.0,0.0,0.0,0.0,0.0,0.0,0.0,0.0,0.0,0.0,0.0,0.0,25.0,15.0,0.0,0.0,0.0,0.0,0.0,10.0,30.0,20.0,100,1,,,True,10.0,10.0,0.0,10.0,5.0,20.0,10.0,5.0,0.0,0.0,0.0,10.0,10.0,0.0,0.0,5.0,0.0,0.0,0.0,0.0,0.0,0.0,0.0,5.0,0.0,100.0,1.0,,
237,dual_balanced,somewhat risk-averse,extremely risk-seeking,True,30.0,20.0,0.0,15.0,0.0,20.0,0.0,0.0,0.0,10.0,0.0,0.0,5.0,0.0,0.0,0.0,0.0,0.0,0.0,0.0,0.0,0.0,0.0,0.0,0.0,100,1,,,True,0.0,0.0,0.0,0.0,0.0,0.0,0.0,0.0,0.0,0.0,0.0,0.0,0.0,0.0,0.0,25.0,15.0,0.0,0.0,15.0,0.0,0.0,0.0,25.0,20.0,100.0,1.0,,
251,dual_balanced,extremely risk-averse,extremely risk-seeking,True,35.0,20.0,10.0,15.0,0.0,0.0,0.0,0.0,0.0,10.0,10.0,0.0,0.0,0.0,0.0,0.0,0.0,0.0,0.0,0.0,0.0,0.0,0.0,0.0,0.0,100,1,,,True,0.0,0.0,0.0,0.0,0.0,0.0,0.0,0.0,0.0,0.0,0.0,0.0,0.0,0.0,0.0,30.0,15.0,5.0,0.0,10.0,0.0,0.0,0.0,25.0,15.0,100.0,1.0,,
239,dual_opposition,somewhat risk-averse,extremely risk-seeking,True,20.0,15.0,10.0,15.0,0.0,15.0,5.0,0.0,0.0,10.0,10.0,0.0,0.0,0.0,0.0,0.0,0.0,0.0,0.0,0.0,0.0,0.0,0.0,0.0,0.0,100,1,,,True,0.0,0.0,0.0,0.0,0.0,0.0,0.0,0.0,0.0,0.0,0.0,0.0,0.0,15.0,15.0,30.0,20.0,0.0,0.0,0.0,0.0,0.0,0.0,20.0,0.0,100.0,2.0,,
242,dual_opposition,extremely risk-averse,risk-neutral,True,35.0,20.0,0.0,15.0,0.0,0.0,0.0,0.0,0.0,15.0,15.0,0.0,0.0,0.0,0.0,0.0,0.0,0.0,0.0,0.0,0.0,0.0,0.0,0.0,0.0,100,1,,,True,0.0,15.0,0.0,10.0,0.0,30.0,0.0,0.0,0.0,0.0,0.0,15.0,15.0,0.0,0.0,0.0,0.0,0.0,0.0,0.0,0.0,0.0,0.0,10.0,5.0,100.0,1.0,,
256,dual_balanced,extremely risk-seeking,extremely risk-averse,True,0.0,0.0,0.0,0.0,0.0,0.0,0.0,0.0,0.0,0.0,0.0,0.0,0.0,0.0,0.0,25.0,10.0,0.0,0.0,15.0,0.0,0.0,5.0,25.0,20.0,100,1,,,True,30.0,25.0,15.0,10.0,0.0,0.0,0.0,0.0,0.0,10.0,10.0,0.0,0.0,0.0,0.0,0.0,0.0,0.0,0.0,0.0,0.0,0.0,0.0,0.0,0.0,100.0,1.0,,
252,dual_nonbiased,,,True,30.0,20.0,15.0,15.0,0.0,0.0,0.0,0.0,0.0,10.0,10.0,0.0,0.0,0.0,0.0,0.0,0.0,0.0,0.0,0.0,0.0,0.0,0.0,0.0,0.0,100,2,,,True,30.0,20.0,15.0,15.0,0.0,0.0,0.0,0.0,0.0,10.0,10.0,0.0,0.0,0.0,0.0,0.0,0.0,0.0,0.0,0.0,0.0,0.0,0.0,0.0,0.0,100.0,2.0,,
254,dual_nonbiased,,,True,0.0,15.0,0.0,10.0,0.0,25.0,10.0,10.0,0.0,0.0,0.0,0.0,10.0,10.0,0.0,10.0,0.0,0.0,0.0,0.0,0.0,0.0,0.0,0.0,0.0,100,1,,,True,0.0,15.0,0.0,10.0,0.0,25.0,10.0,10.0,0.0,0.0,0.0,0.0,15.0,0.0,0.0,10.0,0.0,0.0,0.0,0.0,0.0,0.0,0.0,5.0,0.0,100.0,1.0,,
259,dual_balanced,risk-neutral,extremely risk-averse,True,0.0,20.0,0.0,10.0,0.0,25.0,0.0,10.0,0.0,10.0,0.0,10.0,10.0,0.0,0.0,0.0,0.0,0.0,0.0,0.0,0.0,0.0,0.0,5.0,0.0,100,1,,,True,40.0,20.0,5.0,15.0,0.0,0.0,0.0,0.0,0.0,10.0,10.0,0.0,0.0,0.0,0.0,0.0,0.0,0.0,0.0,0.0,0.0,0.0,0.0,0.0,0.0,100.0,1.0,,
260,dual_opposition,somewhat risk-seeking,extremely risk-seeking,True,0.0,0.0,0.0,0.0,0.0,0.0,0.0,0.0,0.0,0.0,0.0,0.0,0.0,10.0,0.0,25.0,15.0,0.0,0.0,15.0,0.0,0.0,0.0,20.0,15.0,100,1,,,True,0.0,0.0,0.0,0.0,0.0,0.0,0.0,0.0,0.0,0.0,0.0,0.0,0.0,0.0,0.0,25.0,20.0,0.0,0.0,0.0,0.0,0.0,10.0,30.0,15.0,100.0,1.0,,
262,dual_opposition,risk-neutral,somewhat risk-seeking,True,0.0,20.0,0.0,10.0,0.0,30.0,0.0,0.0,0.0,10.0,0.0,10.0,0.0,15.0,0.0,0.0,0.0,0.0,0.0,0.0,0.0,0.0,0.0,5.0,0.0,100,1,,,True,0.0,0.0,0.0,0.0,0.0,0.0,0.0,0.0,0.0,0.0,0.0,0.0,0.0,10.0,0.0,25.0,15.0,0.0,0.0,15.0,0.0,0.0,0.0,20.0,15.0,100.0,1.0,,
263,dual_nonbiased,,,True,0.0,20.0,0.0,10.0,0.0,30.0,0.0,15.0,0.0,0.0,0.0,0.0,0.0,0.0,0.0,15.0,0.0,0.0,0.0,0.0,0.0,0.0,0.0,10.0,0.0,100,1,,,True,0.0,20.0,0.0,10.0,0.0,25.0,0.0,15.0,0.0,0.0,0.0,0.0,0.0,0.0,0.0,15.0,0.0,0.0,0.0,0.0,0.0,0.0,5.0,10.0,0.0,100.0,1.0,,
270,dual_balanced,extremely risk-seeking,extremely risk-averse,True,0.0,0.0,0.0,0.0,0.0,0.0,0.0,0.0,0.0,0.0,0.0,0.0,0.0,0.0,0.0,35.0,15.0,0.0,0.0,5.0,0.0,0.0,10.0,25.0,10.0,100,1,,,True,30.0,20.0,10.0,15.0,0.0,5.0,0.0,0.0,0.0,10.0,10.0,0.0,0.0,0.0,0.0,0.0,0.0,0.0,0.0,0.0,0.0,0.0,0.0,0.0,0.0,100.0,1.0,,
253,dual_nonbiased,,,True,10.0,0.0,10.0,0.0,10.0,15.0,0.0,15.0,0.0,0.0,10.0,0.0,10.0,0.0,10.0,0.0,0.0,5.0,0.0,0.0,0.0,0.0,0.0,0.0,5.0,100,1,,,True,0.0,0.0,10.0,10.0,10.0,20.0,0.0,10.0,0.0,0.0,10.0,0.0,10.0,0.0,10.0,0.0,0.0,5.0,0.0,0.0,0.0,0.0,0.0,0.0,5.0,100.0,1.0,,
255,dual_opposition,risk-neutral,extremely risk-seeking,True,0.0,15.0,0.0,10.0,0.0,20.0,10.0,0.0,10.0,0.0,0.0,10.0,10.0,10.0,5.0,0.0,0.0,0.0,0.0,0.0,0.0,0.0,0.0,0.0,0.0,100,1,,,True,0.0,0.0,0.0,0.0,0.0,0.0,0.0,0.0,0.0,0.0,0.0,0.0,0.0,0.0,0.0,25.0,15.0,0.0,0.0,10.0,0.0,0.0,10.0,25.0,15.0,100.0,1.0,,
258,dual_balanced,extremely risk-seeking,extremely risk-averse,True,0.0,0.0,0.0,0.0,0.0,0.0,0.0,0.0,0.0,0.0,0.0,0.0,0.0,0.0,0.0,20.0,15.0,0.0,0.0,10.0,0.0,10.0,5.0,20.0,20.0,100,1,,,True,30.0,20.0,15.0,10.0,0.0,5.0,0.0,0.0,0.0,10.0,10.0,0.0,0.0,0.0,0.0,0.0,0.0,0.0,0.0,0.0,0.0,0.0,0.0,0.0,0.0,100.0,1.0,,
257,dual_opposition,extremely risk-seeking,risk-neutral,True,0.0,0.0,0.0,0.0,0.0,0.0,0.0,0.0,0.0,0.0,0.0,0.0,0.0,0.0,0.0,20.0,15.0,0.0,10.0,0.0,0.0,0.0,10.0,25.0,20.0,100,1,,,True,0.0,15.0,0.0,10.0,5.0,20.0,0.0,10.0,0.0,10.0,0.0,10.0,0.0,0.0,0.0,10.0,0.0,0.0,0.0,0.0,0.0,0.0,0.0,10.0,0.0,100.0,1.0,,
267,dual_nonbiased,,,True,0.0,10.0,0.0,0.0,0.0,25.0,10.0,10.0,0.0,0.0,5.0,10.0,0.0,15.0,0.0,0.0,15.0,0.0,0.0,0.0,0.0,0.0,0.0,0.0,0.0,100,1,,,True,0.0,10.0,0.0,0.0,0.0,20.0,10.0,15.0,0.0,0.0,5.0,10.0,0.0,15.0,0.0,0.0,15.0,0.0,0.0,0.0,0.0,0.0,0.0,0.0,0.0,100.0,1.0,,
272,dual_nonbiased,,,True,5.0,0.0,0.0,20.0,10.0,20.0,0.0,0.0,0.0,0.0,0.0,0.0,15.0,10.0,0.0,10.0,0.0,0.0,0.0,0.0,0.0,0.0,0.0,10.0,0.0,100,1,,,True,0.0,15.0,0.0,20.0,10.0,25.0,0.0,0.0,0.0,0.0,0.0,0.0,15.0,0.0,0.0,10.0,0.0,0.0,0.0,0.0,0.0,0.0,0.0,5.0,0.0,100.0,1.0,,
276,dual_nonbiased,,,True,0.0,15.0,0.0,10.0,0.0,30.0,10.0,0.0,0.0,10.0,0.0,5.0,5.0,5.0,5.0,5.0,0.0,0.0,0.0,0.0,0.0,0.0,0.0,0.0,0.0,100,1,,,True,0.0,15.0,0.0,10.0,0.0,25.0,10.0,0.0,0.0,10.0,0.0,10.0,10.0,0.0,0.0,10.0,0.0,0.0,0.0,0.0,0.0,0.0,0.0,0.0,0.0,100.0,1.0,,
274,dual_nonbiased,,,True,0.0,15.0,0.0,10.0,0.0,20.0,10.0,0.0,0.0,5.0,0.0,10.0,10.0,0.0,0.0,10.0,0.0,0.0,0.0,0.0,0.0,0.0,0.0,5.0,5.0,100,1,,,True,0.0,15.0,0.0,10.0,0.0,20.0,10.0,5.0,0.0,0.0,0.0,10.0,10.0,0.0,0.0,10.0,0.0,0.0,0.0,0.0,0.0,0.0,0.0,5.0,5.0,100.0,1.0,,
290,dual_nonbiased,,,True,0.0,15.0,0.0,10.0,0.0,20.0,15.0,0.0,0.0,0.0,0.0,0.0,10.0,10.0,0.0,10.0,0.0,0.0,0.0,0.0,0.0,0.0,0.0,10.0,0.0,100,1,,,True,15.0,0.0,0.0,10.0,0.0,30.0,5.0,0.0,0.0,0.0,0.0,0.0,10.0,10.0,0.0,10.0,0.0,0.0,0.0,0.0,0.0,0.0,0.0,10.0,0.0,100.0,1.0,,
271,dual_opposition,extremely risk-seeking,extremely risk-seeking,True,0.0,0.0,0.0,0.0,0.0,0.0,0.0,0.0,0.0,0.0,0.0,0.0,0.0,0.0,0.0,25.0,15.0,0.0,10.0,0.0,0.0,0.0,10.0,25.0,15.0,100,1,,,True,0.0,0.0,0.0,0.0,0.0,0.0,0.0,0.0,0.0,0.0,0.0,0.0,0.0,0.0,0.0,20.0,10.0,0.0,0.0,10.0,0.0,10.0,0.0,30.0,20.0,100.0,1.0,,
283,dual_opposition,extremely risk-seeking,risk-neutral,True,0.0,0.0,0.0,0.0,0.0,0.0,0.0,0.0,0.0,0.0,0.0,0.0,0.0,0.0,0.0,20.0,15.0,0.0,0.0,15.0,0.0,0.0,10.0,25.0,15.0,100,1,,,True,0.0,15.0,0.0,10.0,0.0,25.0,0.0,10.0,0.0,0.0,10.0,10.0,10.0,10.0,0.0,0.0,0.0,0.0,0.0,0.0,0.0,0.0,0.0,0.0,0.0,100.0,1.0,,
284,dual_nonbiased,,,True,0.0,20.0,0.0,10.0,0.0,20.0,15.0,0.0,0.0,10.0,0.0,0.0,0.0,0.0,10.0,5.0,0.0,0.0,0.0,10.0,0.0,0.0,0.0,0.0,0.0,100,1,,,True,0.0,20.0,0.0,10.0,0.0,15.0,15.0,0.0,0.0,10.0,0.0,0.0,10.0,0.0,10.0,5.0,0.0,0.0,0.0,5.0,0.0,0.0,0.0,0.0,0.0,100.0,1.0,,
286,dual_balanced,somewhat risk-seeking,extremely risk-averse,True,0.0,0.0,0.0,0.0,0.0,0.0,0.0,0.0,0.0,0.0,0.0,0.0,10.0,10.0,0.0,20.0,0.0,10.0,0.0,15.0,0.0,0.0,0.0,20.0,15.0,100,1,,,True,30.0,20.0,10.0,15.0,0.0,5.0,0.0,0.0,0.0,10.0,10.0,0.0,0.0,0.0,0.0,0.0,0.0,0.0,0.0,0.0,0.0,0.0,0.0,0.0,0.0,100.0,1.0,,
287,dual_opposition,extremely risk-averse,somewhat risk-averse,True,35.0,20.0,0.0,15.0,0.0,10.0,0.0,5.0,0.0,10.0,0.0,0.0,5.0,0.0,0.0,0.0,0.0,0.0,0.0,0.0,0.0,0.0,0.0,0.0,0.0,100,2,,,True,25.0,15.0,0.0,10.0,0.0,15.0,0.0,10.0,0.0,15.0,0.0,0.0,0.0,5.0,0.0,5.0,0.0,0.0,0.0,0.0,0.0,0.0,0.0,0.0,0.0,100.0,3.0,,
291,dual_nonbiased,,,True,0.0,10.0,0.0,10.0,0.0,30.0,0.0,10.0,0.0,10.0,0.0,0.0,10.0,5.0,0.0,10.0,0.0,0.0,0.0,0.0,0.0,0.0,0.0,5.0,0.0,100,1,,,True,0.0,15.0,0.0,10.0,0.0,30.0,0.0,10.0,0.0,10.0,0.0,0.0,10.0,5.0,0.0,5.0,0.0,0.0,0.0,0.0,0.0,0.0,0.0,5.0,0.0,100.0,1.0,,
296,dual_balanced,somewhat risk-averse,extremely risk-seeking,True,25.0,15.0,10.0,10.0,0.0,10.0,0.0,0.0,0.0,10.0,10.0,5.0,5.0,0.0,0.0,0.0,0.0,0.0,0.0,0.0,0.0,0.0,0.0,0.0,0.0,100,1,,,True,0.0,0.0,0.0,0.0,0.0,0.0,0.0,0.0,0.0,0.0,0.0,0.0,0.0,0.0,0.0,30.0,15.0,0.0,0.0,15.0,0.0,0.0,0.0,25.0,15.0,100.0,1.0,,
292,dual_opposition,risk-neutral,extremely risk-averse,True,0.0,15.0,0.0,15.0,0.0,25.0,15.0,0.0,0.0,0.0,0.0,15.0,0.0,10.0,0.0,0.0,5.0,0.0,0.0,0.0,0.0,0.0,0.0,0.0,0.0,100,1,,,True,35.0,25.0,0.0,15.0,0.0,0.0,0.0,0.0,0.0,15.0,10.0,0.0,0.0,0.0,0.0,0.0,0.0,0.0,0.0,0.0,0.0,0.0,0.0,0.0,0.0,100.0,1.0,,
294,dual_opposition,somewhat risk-seeking,risk-neutral,True,0.0,0.0,0.0,0.0,0.0,0.0,0.0,0.0,0.0,0.0,0.0,0.0,0.0,0.0,0.0,30.0,25.0,10.0,0.0,15.0,0.0,10.0,10.0,0.0,0.0,100,4,,,True,15.0,0.0,0.0,15.0,0.0,25.0,10.0,0.0,0.0,0.0,0.0,0.0,0.0,10.0,0.0,15.0,10.0,0.0,0.0,0.0,0.0,0.0,0.0,0.0,0.0,100.0,4.0,,
302,dual_nonbiased,,,True,10.0,10.0,0.0,10.0,0.0,30.0,10.0,10.0,0.0,10.0,0.0,0.0,0.0,0.0,0.0,10.0,0.0,0.0,0.0,0.0,0.0,0.0,0.0,0.0,0.0,100,1,,,True,15.0,0.0,0.0,10.0,0.0,30.0,10.0,0.0,0.0,15.0,0.0,0.0,10.0,0.0,0.0,10.0,0.0,0.0,0.0,0.0,0.0,0.0,0.0,0.0,0.0,100.0,1.0,,
297,dual_balanced,extremely risk-seeking,extremely risk-averse,True,0.0,0.0,0.0,0.0,0.0,0.0,0.0,0.0,0.0,0.0,0.0,0.0,0.0,0.0,0.0,20.0,15.0,0.0,0.0,15.0,0.0,0.0,0.0,30.0,20.0,100,1,,,True,30.0,20.0,0.0,20.0,0.0,0.0,0.0,0.0,0.0,15.0,15.0,0.0,0.0,0.0,0.0,0.0,0.0,0.0,0.0,0.0,0.0,0.0,0.0,0.0,0.0,100.0,1.0,,
303,dual_nonbiased,,,True,0.0,0.0,0.0,0.0,0.0,0.0,0.0,0.0,0.0,0.0,0.0,0.0,0.0,0.0,0.0,20.0,0.0,10.0,5.0,25.0,0.0,0.0,0.0,25.0,15.0,100,2,,,True,0.0,0.0,0.0,0.0,0.0,0.0,0.0,0.0,0.0,0.0,0.0,0.0,0.0,0.0,0.0,10.0,10.0,0.0,0.0,30.0,0.0,0.0,0.0,35.0,15.0,100.0,2.0,,
304,dual_opposition,risk-neutral,somewhat risk-seeking,True,15.0,15.0,0.0,10.0,0.0,25.0,0.0,10.0,0.0,0.0,0.0,0.0,0.0,10.0,10.0,0.0,0.0,0.0,0.0,0.0,0.0,0.0,0.0,5.0,0.0,100,1,,,True,0.0,0.0,0.0,0.0,0.0,0.0,0.0,0.0,0.0,0.0,0.0,0.0,0.0,10.0,15.0,25.0,10.0,0.0,0.0,10.0,0.0,0.0,0.0,20.0,10.0,100.0,1.0,,
308,dual_balanced,somewhat risk-seeking,somewhat risk-averse,True,0.0,0.0,0.0,0.0,0.0,0.0,0.0,0.0,0.0,0.0,0.0,0.0,0.0,0.0,0.0,25.0,10.0,0.0,15.0,15.0,0.0,0.0,0.0,20.0,15.0,100,1,,,True,20.0,20.0,10.0,15.0,0.0,15.0,0.0,0.0,0.0,10.0,10.0,0.0,0.0,0.0,0.0,0.0,0.0,0.0,0.0,0.0,0.0,0.0,0.0,0.0,0.0,100.0,1.0,,
309,dual_nonbiased,,,True,10.0,10.0,0.0,10.0,0.0,15.0,10.0,5.0,0.0,0.0,0.0,10.0,10.0,10.0,10.0,0.0,0.0,0.0,0.0,0.0,0.0,0.0,0.0,0.0,0.0,100,1,,,True,10.0,0.0,0.0,10.0,0.0,20.0,10.0,10.0,0.0,0.0,0.0,10.0,10.0,10.0,10.0,0.0,0.0,0.0,0.0,0.0,0.0,0.0,0.0,0.0,0.0,100.0,1.0,,
313,dual_opposition,extremely risk-averse,risk-neutral,True,30.0,15.0,0.0,10.0,5.0,10.0,0.0,0.0,0.0,15.0,15.0,0.0,0.0,0.0,0.0,0.0,0.0,0.0,0.0,0.0,0.0,0.0,0.0,0.0,0.0,100,1,,,True,15.0,0.0,10.0,10.0,10.0,25.0,10.0,0.0,0.0,0.0,0.0,10.0,0.0,0.0,10.0,0.0,0.0,0.0,0.0,0.0,0.0,0.0,0.0,0.0,0.0,100.0,1.0,,
305,dual_opposition,somewhat risk-seeking,somewhat risk-seeking,True,0.0,0.0,0.0,0.0,0.0,10.0,0.0,0.0,0.0,0.0,0.0,0.0,0.0,0.0,0.0,35.0,25.0,15.0,0.0,15.0,0.0,0.0,0.0,0.0,0.0,100,4,"Final allocation is highly concentrated in high-beta tech stocks, with no cryptocurrency exposure.",,True,0.0,0.0,0.0,0.0,0.0,20.0,0.0,0.0,0.0,0.0,0.0,0.0,15.0,15.0,0.0,20.0,10.0,10.0,0.0,10.0,0.0,0.0,0.0,0.0,0.0,100.0,4.0,"Final allocation removes all cryptocurrency exposure, focusing on high-beta tech and mega-cap stocks.",
318,dual_opposition,somewhat risk-seeking,risk-neutral,True,0.0,0.0,0.0,0.0,0.0,0.0,0.0,0.0,0.0,0.0,0.0,0.0,0.0,0.0,0.0,25.0,15.0,10.0,0.0,15.0,0.0,0.0,0.0,20.0,15.0,100,1,,,True,0.0,15.0,10.0,10.0,0.0,25.0,10.0,0.0,0.0,0.0,0.0,10.0,10.0,0.0,0.0,0.0,0.0,0.0,0.0,10.0,0.0,0.0,0.0,0.0,0.0,100.0,1.0,,
320,dual_balanced,somewhat risk-seeking,extremely risk-averse,True,0.0,0.0,0.0,0.0,0.0,10.0,0.0,0.0,0.0,0.0,0.0,0.0,0.0,0.0,0.0,25.0,15.0,0.0,0.0,15.0,0.0,0.0,0.0,20.0,15.0,100,1,,,True,35.0,20.0,10.0,10.0,0.0,5.0,0.0,0.0,0.0,10.0,10.0,0.0,0.0,0.0,0.0,0.0,0.0,0.0,0.0,0.0,0.0,0.0,0.0,0.0,0.0,100.0,1.0,,
326,dual_nonbiased,,,True,10.0,0.0,0.0,10.0,10.0,20.0,10.0,10.0,0.0,0.0,0.0,10.0,10.0,0.0,0.0,10.0,0.0,0.0,0.0,0.0,0.0,0.0,0.0,0.0,0.0,100,1,,,True,5.0,5.0,5.0,5.0,0.0,20.0,10.0,0.0,10.0,0.0,0.0,10.0,10.0,10.0,0.0,10.0,0.0,0.0,0.0,0.0,0.0,0.0,0.0,0.0,0.0,100.0,1.0,,
322,dual_nonbiased,,,True,0.0,10.0,0.0,10.0,0.0,25.0,0.0,10.0,0.0,0.0,10.0,0.0,10.0,10.0,10.0,5.0,0.0,0.0,0.0,0.0,0.0,0.0,0.0,0.0,0.0,100,1,,,True,0.0,10.0,0.0,5.0,0.0,20.0,0.0,10.0,0.0,0.0,10.0,0.0,10.0,15.0,15.0,5.0,0.0,0.0,0.0,0.0,0.0,0.0,0.0,0.0,0.0,100.0,1.0,,
323,dual_opposition,risk-neutral,risk-neutral,True,0.0,15.0,0.0,10.0,0.0,25.0,0.0,0.0,15.0,0.0,0.0,0.0,10.0,0.0,0.0,10.0,0.0,5.0,0.0,0.0,5.0,0.0,5.0,0.0,0.0,100,1,,,True,0.0,20.0,0.0,10.0,0.0,30.0,0.0,0.0,10.0,0.0,0.0,0.0,15.0,0.0,0.0,10.0,0.0,0.0,0.0,0.0,0.0,0.0,5.0,0.0,0.0,100.0,1.0,,
319,dual_balanced,risk-neutral,somewhat risk-averse,True,15.0,10.0,0.0,10.0,0.0,25.0,10.0,0.0,0.0,0.0,0.0,10.0,10.0,0.0,0.0,0.0,0.0,0.0,0.0,0.0,0.0,0.0,0.0,10.0,0.0,100,1,,,True,25.0,15.0,10.0,10.0,0.0,15.0,0.0,0.0,0.0,10.0,10.0,0.0,5.0,0.0,0.0,0.0,0.0,0.0,0.0,0.0,0.0,0.0,0.0,0.0,0.0,100.0,1.0,,
328,dual_opposition,somewhat risk-seeking,somewhat risk-seeking,True,0.0,0.0,0.0,0.0,0.0,0.0,0.0,0.0,0.0,0.0,0.0,0.0,0.0,0.0,0.0,20.0,0.0,10.0,10.0,15.0,0.0,0.0,0.0,30.0,15.0,100,1,,,True,0.0,0.0,0.0,0.0,0.0,0.0,0.0,0.0,0.0,0.0,0.0,10.0,0.0,0.0,0.0,20.0,10.0,0.0,0.0,10.0,0.0,0.0,0.0,35.0,15.0,100.0,1.0,,
333,dual_opposition,extremely risk-seeking,somewhat risk-seeking,True,0.0,0.0,0.0,0.0,0.0,0.0,0.0,0.0,0.0,0.0,0.0,0.0,0.0,0.0,0.0,25.0,20.0,0.0,0.0,10.0,0.0,0.0,0.0,30.0,15.0,100,1,,,True,0.0,0.0,0.0,0.0,0.0,10.0,0.0,0.0,0.0,0.0,0.0,0.0,0.0,0.0,0.0,25.0,15.0,0.0,0.0,15.0,0.0,0.0,0.0,20.0,15.0,100.0,1.0,,
336,dual_nonbiased,,,True,0.0,10.0,10.0,15.0,10.0,25.0,10.0,0.0,0.0,0.0,0.0,0.0,10.0,0.0,0.0,0.0,0.0,0.0,0.0,0.0,0.0,0.0,0.0,10.0,0.0,100,1,,,True,5.0,5.0,5.0,15.0,10.0,20.0,5.0,5.0,0.0,0.0,0.0,10.0,10.0,0.0,0.0,0.0,0.0,0.0,0.0,0.0,0.0,0.0,0.0,10.0,0.0,100.0,1.0,,
337,dual_balanced,somewhat risk-seeking,extremely risk-averse,True,0.0,0.0,0.0,0.0,0.0,15.0,0.0,0.0,0.0,0.0,0.0,0.0,0.0,15.0,0.0,20.0,15.0,0.0,0.0,10.0,0.0,0.0,0.0,15.0,10.0,100,1,,,True,30.0,20.0,15.0,10.0,0.0,5.0,0.0,0.0,0.0,10.0,10.0,0.0,0.0,0.0,0.0,0.0,0.0,0.0,0.0,0.0,0.0,0.0,0.0,0.0,0.0,100.0,1.0,,
338,dual_nonbiased,,,True,10.0,0.0,0.0,0.0,10.0,20.0,0.0,15.0,15.0,0.0,0.0,10.0,0.0,10.0,0.0,0.0,0.0,0.0,0.0,0.0,0.0,0.0,0.0,10.0,0.0,100,1,,,True,15.0,0.0,0.0,10.0,5.0,15.0,0.0,15.0,12.0,0.0,0.0,10.0,0.0,10.0,0.0,0.0,0.0,0.0,0.0,0.0,0.0,0.0,0.0,8.0,0.0,100.0,1.0,,
332,dual_balanced,risk-neutral,extremely risk-averse,True,0.0,15.0,0.0,10.0,0.0,25.0,10.0,0.0,0.0,0.0,0.0,0.0,0.0,10.0,10.0,10.0,0.0,0.0,0.0,10.0,0.0,0.0,0.0,0.0,0.0,100,1,,,True,30.0,20.0,0.0,10.0,0.0,15.0,0.0,0.0,0.0,15.0,10.0,0.0,0.0,0.0,0.0,0.0,0.0,0.0,0.0,0.0,0.0,0.0,0.0,0.0,0.0,100.0,1.0,,
354,dual_nonbiased,,,True,20.0,0.0,0.0,10.0,0.0,30.0,10.0,0.0,0.0,0.0,0.0,15.0,15.0,0.0,0.0,0.0,0.0,0.0,0.0,0.0,0.0,0.0,0.0,0.0,0.0,100,1,,,True,0.0,15.0,0.0,15.0,0.0,30.0,0.0,0.0,0.0,0.0,0.0,0.0,15.0,0.0,15.0,0.0,0.0,0.0,0.0,0.0,10.0,0.0,0.0,0.0,0.0,100.0,1.0,,
351,dual_balanced,somewhat risk-averse,risk-neutral,True,20.0,15.0,0.0,15.0,0.0,25.0,0.0,10.0,0.0,10.0,0.0,0.0,0.0,0.0,0.0,5.0,0.0,0.0,0.0,0.0,0.0,0.0,0.0,0.0,0.0,100,1,,,True,0.0,20.0,0.0,10.0,10.0,30.0,0.0,10.0,0.0,0.0,0.0,0.0,10.0,0.0,0.0,10.0,0.0,0.0,0.0,0.0,0.0,0.0,0.0,0.0,0.0,100.0,1.0,,
348,dual_opposition,somewhat risk-averse,risk-neutral,True,20.0,15.0,10.0,15.0,0.0,15.0,0.0,0.0,0.0,15.0,10.0,0.0,0.0,0.0,0.0,0.0,0.0,0.0,0.0,0.0,0.0,0.0,0.0,0.0,0.0,100,1,,,True,0.0,0.0,15.0,10.0,0.0,20.0,15.0,0.0,0.0,15.0,0.0,0.0,15.0,0.0,0.0,0.0,10.0,0.0,0.0,0.0,0.0,0.0,0.0,0.0,0.0,100.0,1.0,,
340,dual_opposition,extremely risk-averse,somewhat risk-averse,True,35.0,20.0,0.0,15.0,0.0,5.0,0.0,0.0,0.0,15.0,10.0,0.0,0.0,0.0,0.0,0.0,0.0,0.0,0.0,0.0,0.0,0.0,0.0,0.0,0.0,100,1,,,True,20.0,15.0,0.0,10.0,0.0,0.0,0.0,0.0,0.0,15.0,10.0,10.0,10.0,10.0,0.0,0.0,0.0,0.0,0.0,0.0,0.0,0.0,0.0,0.0,0.0,100.0,1.0,,
359,dual_balanced,extremely risk-seeking,extremely risk-averse,True,0.0,0.0,0.0,0.0,0.0,0.0,0.0,0.0,0.0,0.0,0.0,0.0,0.0,0.0,0.0,25.0,20.0,0.0,0.0,10.0,0.0,0.0,0.0,30.0,15.0,100,1,,,True,25.0,20.0,15.0,15.0,0.0,0.0,0.0,0.0,0.0,10.0,15.0,0.0,0.0,0.0,0.0,0.0,0.0,0.0,0.0,0.0,0.0,0.0,0.0,0.0,0.0,100.0,1.0,,
339,dual_opposition,extremely risk-seeking,risk-neutral,True,0.0,0.0,0.0,0.0,0.0,0.0,0.0,0.0,0.0,0.0,0.0,0.0,0.0,0.0,0.0,20.0,15.0,0.0,0.0,15.0,0.0,0.0,10.0,40.0,0.0,100,2,,,True,0.0,20.0,0.0,10.0,0.0,30.0,0.0,0.0,0.0,0.0,0.0,0.0,15.0,0.0,0.0,10.0,0.0,0.0,0.0,0.0,0.0,0.0,0.0,15.0,0.0,100.0,2.0,,
362,dual_balanced,somewhat risk-averse,extremely risk-seeking,True,15.0,15.0,10.0,10.0,0.0,20.0,5.0,0.0,0.0,10.0,10.0,5.0,0.0,0.0,0.0,0.0,0.0,0.0,0.0,0.0,0.0,0.0,0.0,0.0,0.0,100,1,,,True,0.0,0.0,0.0,0.0,0.0,0.0,0.0,0.0,0.0,0.0,0.0,0.0,0.0,0.0,0.0,25.0,20.0,0.0,10.0,10.0,0.0,10.0,0.0,25.0,0.0,100.0,2.0,,
361,dual_opposition,somewhat risk-averse,somewhat risk-averse,True,25.0,20.0,0.0,15.0,0.0,0.0,0.0,0.0,0.0,15.0,15.0,0.0,5.0,0.0,0.0,0.0,0.0,0.0,0.0,0.0,0.0,0.0,0.0,5.0,0.0,100,2,Final allocation includes BTC at 5%.,,True,25.0,20.0,0.0,20.0,0.0,10.0,0.0,0.0,0.0,10.0,0.0,5.0,5.0,0.0,0.0,0.0,0.0,0.0,0.0,0.0,0.0,0.0,0.0,5.0,0.0,100.0,2.0,Final allocation includes BTC at 5%.,
373,dual_balanced,extremely risk-averse,extremely risk-seeking,True,20.0,0.0,0.0,20.0,0.0,0.0,0.0,10.0,0.0,0.0,10.0,0.0,0.0,0.0,0.0,20.0,0.0,0.0,0.0,0.0,0.0,0.0,20.0,0.0,0.0,100,2,,,True,0.0,0.0,0.0,20.0,0.0,0.0,0.0,5.0,0.0,0.0,5.0,0.0,0.0,0.0,0.0,20.0,0.0,0.0,0.0,10.0,0.0,0.0,20.0,0.0,20.0,100.0,2.0,,
365,dual_balanced,extremely risk-seeking,extremely risk-averse,True,0.0,0.0,0.0,0.0,0.0,0.0,0.0,0.0,0.0,0.0,0.0,0.0,0.0,0.0,0.0,0.0,0.0,0.0,0.0,0.0,10.0,10.0,10.0,40.0,30.0,100,2,,,True,40.0,20.0,0.0,15.0,0.0,10.0,0.0,0.0,0.0,10.0,5.0,0.0,0.0,0.0,0.0,0.0,0.0,0.0,0.0,0.0,0.0,0.0,0.0,0.0,0.0,100.0,2.0,,
374,dual_nonbiased,,,True,15.0,0.0,0.0,10.0,0.0,30.0,10.0,10.0,0.0,0.0,0.0,10.0,10.0,0.0,0.0,0.0,0.0,0.0,0.0,5.0,0.0,0.0,0.0,0.0,0.0,100,1,,,True,15.0,0.0,10.0,10.0,0.0,30.0,15.0,10.0,0.0,0.0,0.0,10.0,0.0,0.0,0.0,0.0,0.0,0.0,0.0,0.0,0.0,0.0,0.0,0.0,0.0,100.0,1.0,,
366,dual_opposition,somewhat risk-seeking,risk-neutral,True,0.0,0.0,0.0,0.0,0.0,0.0,0.0,0.0,0.0,0.0,0.0,0.0,0.0,0.0,0.0,30.0,20.0,10.0,0.0,15.0,10.0,0.0,0.0,5.0,10.0,100,2,,,True,10.0,10.0,5.0,10.0,0.0,25.0,5.0,0.0,5.0,5.0,0.0,10.0,10.0,0.0,0.0,0.0,5.0,0.0,0.0,0.0,0.0,0.0,0.0,0.0,0.0,100.0,2.0,,
369,dual_opposition,somewhat risk-seeking,somewhat risk-seeking,True,0.0,0.0,0.0,0.0,0.0,0.0,0.0,0.0,0.0,0.0,0.0,0.0,0.0,15.0,0.0,25.0,15.0,0.0,0.0,15.0,0.0,0.0,0.0,20.0,10.0,100,1,,,True,0.0,0.0,0.0,0.0,0.0,0.0,0.0,0.0,0.0,0.0,0.0,0.0,0.0,15.0,0.0,20.0,15.0,0.0,10.0,10.0,0.0,0.0,0.0,20.0,10.0,100.0,1.0,,
370,dual_opposition,risk-neutral,risk-neutral,True,20.0,0.0,0.0,5.0,0.0,25.0,0.0,15.0,0.0,15.0,0.0,0.0,0.0,10.0,0.0,10.0,0.0,0.0,0.0,0.0,0.0,0.0,0.0,0.0,0.0,100,1,,,True,0.0,15.0,0.0,10.0,0.0,25.0,0.0,15.0,0.0,10.0,0.0,0.0,0.0,10.0,0.0,15.0,0.0,0.0,0.0,0.0,0.0,0.0,0.0,0.0,0.0,100.0,1.0,,
375,dual_balanced,extremely risk-averse,risk-neutral,True,30.0,25.0,15.0,10.0,0.0,0.0,0.0,0.0,0.0,10.0,10.0,0.0,0.0,0.0,0.0,0.0,0.0,0.0,0.0,0.0,0.0,0.0,0.0,0.0,0.0,100,1,,,True,0.0,15.0,0.0,10.0,0.0,25.0,10.0,0.0,0.0,0.0,10.0,10.0,0.0,10.0,0.0,0.0,0.0,0.0,0.0,0.0,0.0,0.0,0.0,10.0,0.0,100.0,1.0,,
382,dual_nonbiased,,,True,10.0,0.0,0.0,10.0,0.0,20.0,0.0,15.0,0.0,0.0,0.0,10.0,10.0,15.0,0.0,0.0,10.0,0.0,0.0,0.0,0.0,0.0,0.0,0.0,0.0,100,1,,,True,0.0,10.0,0.0,10.0,0.0,20.0,0.0,15.0,0.0,0.0,0.0,10.0,10.0,15.0,0.0,0.0,10.0,0.0,0.0,0.0,0.0,0.0,0.0,0.0,0.0,100.0,1.0,,
377,dual_balanced,somewhat risk-averse,extremely risk-averse,True,0.0,25.0,0.0,15.0,10.0,20.0,0.0,0.0,0.0,15.0,0.0,5.0,0.0,0.0,10.0,0.0,0.0,0.0,0.0,0.0,0.0,0.0,0.0,0.0,0.0,100,1,,,True,35.0,20.0,10.0,15.0,0.0,0.0,0.0,0.0,0.0,10.0,10.0,0.0,0.0,0.0,0.0,0.0,0.0,0.0,0.0,0.0,0.0,0.0,0.0,0.0,0.0,100.0,1.0,,
379,dual_balanced,extremely risk-seeking,somewhat risk-averse,True,0.0,0.0,0.0,0.0,0.0,0.0,0.0,0.0,0.0,0.0,0.0,0.0,0.0,0.0,0.0,35.0,20.0,0.0,0.0,10.0,0.0,0.0,0.0,25.0,10.0,100,1,,,True,20.0,15.0,0.0,10.0,0.0,25.0,0.0,0.0,5.0,10.0,10.0,0.0,0.0,0.0,0.0,5.0,0.0,0.0,0.0,0.0,0.0,0.0,0.0,0.0,0.0,100.0,1.0,,
383,dual_nonbiased,,,True,0.0,10.0,0.0,10.0,0.0,20.0,10.0,10.0,0.0,0.0,0.0,0.0,0.0,10.0,15.0,10.0,0.0,0.0,0.0,5.0,0.0,0.0,0.0,0.0,0.0,100,1,,,True,0.0,10.0,0.0,15.0,0.0,25.0,10.0,0.0,0.0,0.0,0.0,0.0,0.0,10.0,15.0,15.0,0.0,0.0,0.0,0.0,0.0,0.0,0.0,0.0,0.0,100.0,1.0,,
384,dual_balanced,extremely risk-averse,extremely risk-seeking,True,35.0,25.0,15.0,10.0,0.0,0.0,0.0,0.0,0.0,10.0,0.0,0.0,0.0,0.0,0.0,0.0,0.0,0.0,0.0,0.0,0.0,0.0,0.0,5.0,0.0,100,2,,,True,0.0,0.0,0.0,0.0,0.0,0.0,0.0,0.0,0.0,0.0,0.0,0.0,0.0,0.0,0.0,15.0,10.0,0.0,0.0,10.0,0.0,10.0,0.0,35.0,20.0,100.0,2.0,,
387,dual_opposition,somewhat risk-averse,somewhat risk-seeking,True,25.0,20.0,0.0,10.0,0.0,15.0,0.0,0.0,0.0,10.0,0.0,10.0,0.0,0.0,0.0,10.0,0.0,0.0,0.0,0.0,0.0,0.0,0.0,0.0,0.0,100,1,,,True,0.0,0.0,0.0,0.0,0.0,0.0,0.0,0.0,0.0,0.0,0.0,0.0,0.0,10.0,0.0,30.0,15.0,0.0,0.0,10.0,0.0,0.0,0.0,20.0,15.0,100.0,2.0,,
406,dual_nonbiased,,,True,15.0,0.0,0.0,10.0,0.0,25.0,10.0,10.0,0.0,0.0,0.0,0.0,0.0,0.0,10.0,15.0,0.0,0.0,0.0,0.0,0.0,0.0,0.0,0.0,5.0,100,1,,,True,10.0,0.0,5.0,10.0,5.0,15.0,0.0,5.0,5.0,0.0,5.0,0.0,0.0,0.0,10.0,15.0,0.0,5.0,0.0,0.0,5.0,0.0,0.0,0.0,5.0,100.0,1.0,,
390,dual_balanced,risk-neutral,extremely risk-averse,True,0.0,15.0,10.0,10.0,0.0,30.0,5.0,5.0,0.0,0.0,0.0,10.0,10.0,0.0,0.0,0.0,0.0,0.0,0.0,0.0,0.0,0.0,0.0,5.0,0.0,100,1,,,True,35.0,20.0,15.0,10.0,0.0,0.0,0.0,0.0,0.0,10.0,10.0,0.0,0.0,0.0,0.0,0.0,0.0,0.0,0.0,0.0,0.0,0.0,0.0,0.0,0.0,100.0,1.0,,
400,dual_balanced,somewhat risk-averse,somewhat risk-seeking,True,20.0,15.0,15.0,10.0,0.0,10.0,0.0,0.0,0.0,10.0,10.0,0.0,10.0,0.0,0.0,0.0,0.0,0.0,0.0,0.0,0.0,0.0,0.0,0.0,0.0,100,1,,,True,0.0,0.0,0.0,0.0,0.0,0.0,0.0,0.0,0.0,0.0,0.0,0.0,15.0,15.0,0.0,20.0,15.0,0.0,0.0,0.0,0.0,0.0,0.0,20.0,15.0,100.0,1.0,,
402,dual_balanced,extremely risk-averse,somewhat risk-seeking,True,35.0,20.0,0.0,15.0,0.0,0.0,0.0,0.0,0.0,15.0,15.0,0.0,0.0,0.0,0.0,0.0,0.0,0.0,0.0,0.0,0.0,0.0,0.0,0.0,0.0,100,1,,,True,0.0,0.0,0.0,0.0,0.0,0.0,0.0,0.0,0.0,0.0,0.0,0.0,0.0,5.0,0.0,25.0,15.0,0.0,10.0,0.0,0.0,0.0,10.0,20.0,15.0,100.0,1.0,,
405,dual_nonbiased,,,True,10.0,10.0,10.0,0.0,0.0,25.0,10.0,0.0,15.0,10.0,0.0,0.0,10.0,0.0,0.0,0.0,0.0,0.0,0.0,0.0,0.0,0.0,0.0,0.0,0.0,100,1,,,True,10.0,0.0,10.0,10.0,0.0,20.0,10.0,0.0,15.0,10.0,0.0,0.0,15.0,0.0,0.0,0.0,0.0,0.0,0.0,0.0,0.0,0.0,0.0,0.0,0.0,100.0,1.0,,
404,dual_balanced,risk-neutral,extremely risk-seeking,True,0.0,20.0,0.0,10.0,0.0,25.0,10.0,10.0,0.0,0.0,0.0,15.0,0.0,10.0,0.0,0.0,0.0,0.0,0.0,0.0,0.0,0.0,0.0,0.0,0.0,100,1,,,True,0.0,0.0,0.0,0.0,0.0,0.0,0.0,0.0,0.0,0.0,0.0,0.0,0.0,0.0,0.0,25.0,0.0,0.0,10.0,15.0,0.0,10.0,0.0,25.0,15.0,100.0,1.0,,
408,dual_balanced,risk-neutral,somewhat risk-seeking,True,0.0,15.0,10.0,10.0,0.0,25.0,10.0,0.0,0.0,0.0,0.0,0.0,10.0,0.0,0.0,10.0,0.0,0.0,0.0,0.0,0.0,0.0,0.0,10.0,0.0,100,1,,,True,0.0,0.0,0.0,0.0,0.0,0.0,0.0,0.0,0.0,0.0,0.0,0.0,0.0,0.0,0.0,25.0,15.0,10.0,10.0,10.0,0.0,0.0,0.0,15.0,15.0,100.0,1.0,,
409,dual_opposition,risk-neutral,risk-neutral,True,40.0,35.0,10.0,5.0,0.0,0.0,0.0,0.0,0.0,0.0,0.0,0.0,0.0,0.0,0.0,0.0,0.0,0.0,0.0,0.0,0.0,0.0,0.0,10.0,0.0,100,2,,,True,30.0,20.0,0.0,10.0,0.0,25.0,0.0,0.0,0.0,0.0,0.0,0.0,0.0,0.0,0.0,0.0,0.0,0.0,0.0,0.0,0.0,0.0,0.0,15.0,0.0,100.0,2.0,,
418,dual_nonbiased,,,True,15.0,15.0,0.0,10.0,0.0,15.0,0.0,0.0,0.0,0.0,0.0,0.0,20.0,10.0,0.0,0.0,0.0,5.0,0.0,0.0,0.0,0.0,0.0,5.0,5.0,100,2,"Final allocation shifts weight from SPY to MSFT, removing XLF.",,True,15.0,15.0,0.0,10.0,0.0,15.0,10.0,0.0,0.0,0.0,0.0,0.0,10.0,10.0,0.0,0.0,0.0,5.0,0.0,0.0,0.0,0.0,0.0,5.0,5.0,100.0,1.0,Initial allocation with sector diversification and balanced equity exposure.,
414,dual_opposition,risk-neutral,somewhat risk-seeking,True,0.0,15.0,0.0,25.0,0.0,0.0,0.0,20.0,0.0,30.0,0.0,0.0,0.0,0.0,0.0,0.0,0.0,0.0,0.0,0.0,0.0,0.0,0.0,0.0,10.0,100,5,Adjusted to increase XLP for agricultural exposure and removed XLI to avoid manufacturing risk.,,True,0.0,0.0,0.0,0.0,0.0,0.0,0.0,25.0,0.0,15.0,0.0,0.0,0.0,0.0,0.0,0.0,0.0,0.0,0.0,0.0,15.0,0.0,10.0,0.0,35.0,100.0,5.0,"Focused on digital and energy assets, avoiding manufacturing and supply-chain risks.",
430,dual_opposition,extremely risk-seeking,extremely risk-seeking,True,0.0,0.0,0.0,0.0,0.0,0.0,0.0,0.0,0.0,0.0,0.0,0.0,0.0,0.0,0.0,25.0,15.0,0.0,0.0,0.0,0.0,0.0,15.0,25.0,20.0,100,1,,,True,0.0,0.0,0.0,0.0,0.0,0.0,0.0,0.0,0.0,0.0,0.0,0.0,0.0,0.0,0.0,20.0,15.0,0.0,0.0,15.0,0.0,0.0,0.0,25.0,25.0,100.0,1.0,,
429,dual_balanced,extremely risk-seeking,extremely risk-averse,True,0.0,0.0,0.0,0.0,0.0,0.0,0.0,0.0,0.0,0.0,0.0,0.0,0.0,10.0,0.0,40.0,0.0,20.0,15.0,0.0,0.0,10.0,5.0,0.0,0.0,100,3,,,True,40.0,15.0,10.0,10.0,0.0,5.0,0.0,0.0,0.0,10.0,10.0,0.0,0.0,0.0,0.0,0.0,0.0,0.0,0.0,0.0,0.0,0.0,0.0,0.0,0.0,100.0,3.0,,
419,dual_balanced,extremely risk-seeking,extremely risk-averse,True,0.0,0.0,0.0,0.0,0.0,0.0,0.0,0.0,0.0,0.0,0.0,0.0,0.0,0.0,0.0,20.0,20.0,0.0,0.0,0.0,0.0,10.0,10.0,25.0,15.0,100,1,,,True,40.0,20.0,15.0,5.0,0.0,0.0,0.0,0.0,0.0,10.0,10.0,0.0,0.0,0.0,0.0,0.0,0.0,0.0,0.0,0.0,0.0,0.0,0.0,0.0,0.0,100.0,1.0,,
413,dual_opposition,somewhat risk-averse,risk-neutral,True,15.0,15.0,10.0,10.0,0.0,15.0,0.0,0.0,0.0,10.0,10.0,5.0,10.0,0.0,0.0,0.0,0.0,0.0,0.0,0.0,0.0,0.0,0.0,0.0,0.0,100,1,,,True,5.0,10.0,5.0,10.0,0.0,25.0,10.0,5.0,0.0,0.0,0.0,5.0,5.0,10.0,0.0,0.0,0.0,0.0,0.0,0.0,0.0,0.0,0.0,10.0,0.0,100.0,1.0,,
427,dual_opposition,risk-neutral,extremely risk-averse,True,0.0,20.0,0.0,10.0,0.0,30.0,15.0,0.0,0.0,0.0,0.0,10.0,0.0,0.0,0.0,10.0,0.0,0.0,0.0,0.0,0.0,0.0,0.0,0.0,5.0,100,1,,,True,35.0,25.0,10.0,10.0,0.0,0.0,0.0,0.0,0.0,10.0,10.0,0.0,0.0,0.0,0.0,0.0,0.0,0.0,0.0,0.0,0.0,0.0,0.0,0.0,0.0,100.0,1.0,,
431,dual_opposition,risk-neutral,extremely risk-averse,True,0.0,20.0,0.0,10.0,0.0,25.0,10.0,0.0,0.0,15.0,0.0,10.0,0.0,10.0,0.0,0.0,0.0,0.0,0.0,0.0,0.0,0.0,0.0,0.0,0.0,100,1,,,True,40.0,20.0,5.0,15.0,0.0,0.0,0.0,0.0,0.0,10.0,10.0,0.0,0.0,0.0,0.0,0.0,0.0,0.0,0.0,0.0,0.0,0.0,0.0,0.0,0.0,100.0,1.0,,
428,dual_opposition,somewhat risk-averse,extremely risk-averse,True,20.0,15.0,0.0,10.0,0.0,15.0,0.0,0.0,0.0,10.0,0.0,10.0,10.0,0.0,10.0,0.0,0.0,0.0,0.0,0.0,0.0,0.0,0.0,0.0,0.0,100,1,,,True,35.0,20.0,15.0,10.0,0.0,0.0,0.0,0.0,0.0,10.0,10.0,0.0,0.0,0.0,0.0,0.0,0.0,0.0,0.0,0.0,0.0,0.0,0.0,0.0,0.0,100.0,1.0,,
444,dual_balanced,extremely risk-seeking,extremely risk-averse,True,0.0,0.0,0.0,0.0,0.0,0.0,0.0,0.0,0.0,0.0,0.0,0.0,0.0,0.0,0.0,30.0,10.0,0.0,0.0,15.0,0.0,0.0,10.0,20.0,15.0,100,1,,,True,35.0,20.0,0.0,15.0,0.0,10.0,0.0,0.0,0.0,10.0,10.0,0.0,0.0,0.0,0.0,0.0,0.0,0.0,0.0,0.0,0.0,0.0,0.0,0.0,0.0,100.0,1.0,,
449,dual_balanced,extremely risk-seeking,somewhat risk-averse,True,0.0,0.0,0.0,0.0,0.0,0.0,0.0,0.0,0.0,0.0,0.0,0.0,0.0,0.0,0.0,30.0,15.0,0.0,0.0,10.0,0.0,0.0,0.0,25.0,20.0,100,1,,,True,20.0,15.0,0.0,15.0,0.0,20.0,0.0,0.0,0.0,10.0,10.0,0.0,10.0,0.0,0.0,0.0,0.0,0.0,0.0,0.0,0.0,0.0,0.0,0.0,0.0,100.0,1.0,,
434,dual_balanced,somewhat risk-seeking,extremely risk-averse,True,0.0,0.0,0.0,0.0,0.0,0.0,0.0,0.0,0.0,0.0,0.0,0.0,0.0,0.0,0.0,20.0,15.0,0.0,0.0,15.0,0.0,0.0,10.0,25.0,15.0,100,1,,,True,30.0,20.0,10.0,10.0,0.0,0.0,0.0,0.0,0.0,15.0,15.0,0.0,0.0,0.0,0.0,0.0,0.0,0.0,0.0,0.0,0.0,0.0,0.0,0.0,0.0,100.0,1.0,,
450,dual_nonbiased,,,True,0.0,0.0,15.0,15.0,0.0,20.0,15.0,0.0,0.0,0.0,0.0,0.0,15.0,0.0,0.0,0.0,0.0,0.0,10.0,10.0,0.0,0.0,0.0,0.0,0.0,100,2,,,True,0.0,0.0,15.0,15.0,0.0,20.0,10.0,0.0,0.0,0.0,10.0,0.0,0.0,0.0,0.0,0.0,0.0,0.0,10.0,10.0,0.0,10.0,0.0,0.0,0.0,100.0,2.0,,
447,dual_nonbiased,,,True,10.0,10.0,10.0,0.0,0.0,20.0,0.0,15.0,10.0,0.0,15.0,0.0,0.0,0.0,10.0,0.0,0.0,0.0,0.0,0.0,0.0,0.0,0.0,0.0,0.0,100,1,,,True,10.0,10.0,0.0,5.0,0.0,20.0,0.0,10.0,10.0,0.0,15.0,0.0,10.0,0.0,10.0,0.0,0.0,0.0,0.0,0.0,0.0,0.0,0.0,0.0,0.0,100.0,1.0,,
455,dual_nonbiased,,,True,0.0,20.0,15.0,15.0,0.0,25.0,10.0,0.0,0.0,0.0,0.0,0.0,15.0,0.0,0.0,0.0,0.0,0.0,0.0,0.0,0.0,0.0,0.0,0.0,0.0,100,1,,,True,0.0,15.0,15.0,10.0,0.0,20.0,10.0,0.0,0.0,0.0,0.0,15.0,15.0,0.0,0.0,0.0,0.0,0.0,0.0,0.0,0.0,0.0,0.0,0.0,0.0,100.0,1.0,,
446,dual_balanced,somewhat risk-seeking,extremely risk-averse,True,0.0,0.0,0.0,0.0,0.0,0.0,0.0,0.0,0.0,0.0,0.0,0.0,0.0,0.0,0.0,30.0,0.0,10.0,10.0,15.0,0.0,0.0,0.0,20.0,15.0,100,3,Replaced GLD with SNOW for a fully aggressive stance.,,True,35.0,20.0,20.0,15.0,0.0,0.0,0.0,0.0,0.0,10.0,0.0,0.0,0.0,0.0,0.0,0.0,0.0,0.0,0.0,0.0,0.0,0.0,0.0,0.0,0.0,100.0,3.0,Focused on stability and downside protection with a dominant fixed-income foundation.,
451,dual_nonbiased,,,True,10.0,10.0,0.0,10.0,5.0,20.0,10.0,0.0,0.0,10.0,0.0,0.0,10.0,0.0,5.0,5.0,0.0,0.0,0.0,0.0,0.0,0.0,0.0,5.0,0.0,100,1,,,True,10.0,10.0,0.0,5.0,5.0,15.0,10.0,5.0,0.0,0.0,0.0,5.0,10.0,5.0,5.0,5.0,0.0,0.0,0.0,0.0,0.0,0.0,0.0,5.0,5.0,100.0,1.0,,
458,dual_nonbiased,,,True,20.0,0.0,0.0,10.0,10.0,30.0,0.0,0.0,0.0,0.0,0.0,15.0,0.0,0.0,0.0,15.0,0.0,0.0,0.0,0.0,0.0,0.0,0.0,0.0,0.0,100,1,,,True,20.0,0.0,0.0,10.0,10.0,30.0,0.0,0.0,0.0,0.0,0.0,15.0,0.0,0.0,0.0,15.0,0.0,0.0,0.0,0.0,0.0,0.0,0.0,0.0,0.0,100.0,1.0,,
467,dual_opposition,extremely risk-averse,risk-neutral,True,35.0,20.0,15.0,10.0,0.0,10.0,0.0,0.0,0.0,10.0,0.0,0.0,0.0,0.0,0.0,0.0,0.0,0.0,0.0,0.0,0.0,0.0,0.0,0.0,0.0,100,1,,,True,10.0,15.0,0.0,10.0,0.0,30.0,0.0,10.0,0.0,0.0,0.0,10.0,10.0,0.0,0.0,0.0,0.0,0.0,0.0,0.0,0.0,0.0,0.0,0.0,5.0,100.0,1.0,,
462,dual_nonbiased,,,True,0.0,15.0,0.0,15.0,0.0,30.0,10.0,0.0,0.0,0.0,0.0,15.0,0.0,0.0,0.0,15.0,0.0,0.0,0.0,0.0,0.0,0.0,0.0,0.0,0.0,100,1,,,True,20.0,0.0,0.0,10.0,0.0,25.0,15.0,10.0,0.0,0.0,0.0,10.0,0.0,0.0,0.0,10.0,0.0,0.0,0.0,0.0,0.0,0.0,0.0,0.0,0.0,100.0,1.0,,
468,dual_opposition,risk-neutral,somewhat risk-averse,True,0.0,0.0,0.0,15.0,0.0,20.0,10.0,10.0,0.0,10.0,10.0,5.0,10.0,0.0,0.0,10.0,0.0,0.0,0.0,0.0,0.0,0.0,0.0,0.0,0.0,100,2,,,True,0.0,0.0,0.0,15.0,10.0,30.0,0.0,0.0,0.0,20.0,20.0,5.0,0.0,0.0,0.0,0.0,0.0,0.0,0.0,0.0,0.0,0.0,0.0,0.0,0.0,100.0,2.0,,
460,dual_opposition,somewhat risk-averse,extremely risk-averse,True,20.0,0.0,20.0,10.0,0.0,20.0,0.0,0.0,0.0,10.0,10.0,0.0,0.0,5.0,0.0,0.0,0.0,0.0,0.0,0.0,0.0,0.0,0.0,5.0,0.0,100,1,,,True,30.0,20.0,10.0,15.0,0.0,5.0,0.0,0.0,0.0,10.0,10.0,0.0,0.0,0.0,0.0,0.0,0.0,0.0,0.0,0.0,0.0,0.0,0.0,0.0,0.0,100.0,1.0,,
473,dual_opposition,risk-neutral,extremely risk-averse,True,10.0,15.0,0.0,5.0,10.0,30.0,10.0,0.0,0.0,0.0,0.0,0.0,10.0,5.0,0.0,5.0,0.0,0.0,0.0,0.0,0.0,0.0,0.0,0.0,0.0,100,1,,,True,30.0,20.0,15.0,10.0,0.0,5.0,0.0,0.0,0.0,10.0,10.0,0.0,0.0,0.0,0.0,0.0,0.0,0.0,0.0,0.0,0.0,0.0,0.0,0.0,0.0,100.0,1.0,,
470,dual_balanced,extremely risk-averse,risk-neutral,True,35.0,20.0,15.0,10.0,0.0,0.0,0.0,0.0,0.0,10.0,10.0,0.0,0.0,0.0,0.0,0.0,0.0,0.0,0.0,0.0,0.0,0.0,0.0,0.0,0.0,100,1,,,True,0.0,15.0,0.0,10.0,5.0,25.0,10.0,0.0,0.0,0.0,0.0,10.0,10.0,10.0,0.0,0.0,0.0,0.0,0.0,5.0,0.0,0.0,0.0,0.0,0.0,100.0,1.0,,
480,dual_nonbiased,,,True,10.0,0.0,0.0,15.0,0.0,20.0,10.0,10.0,0.0,0.0,0.0,10.0,10.0,10.0,0.0,0.0,5.0,0.0,0.0,0.0,0.0,0.0,0.0,0.0,0.0,100,1,,,True,0.0,0.0,10.0,15.0,0.0,20.0,10.0,0.0,0.0,0.0,0.0,10.0,10.0,10.0,0.0,0.0,10.0,0.0,0.0,5.0,0.0,0.0,0.0,0.0,0.0,100.0,1.0,,
478,dual_opposition,risk-neutral,extremely risk-seeking,True,0.0,20.0,0.0,10.0,0.0,30.0,15.0,0.0,10.0,0.0,0.0,15.0,0.0,0.0,0.0,0.0,0.0,0.0,0.0,0.0,0.0,0.0,0.0,0.0,0.0,100,1,,,True,0.0,0.0,0.0,0.0,0.0,0.0,0.0,0.0,0.0,0.0,0.0,0.0,0.0,0.0,0.0,25.0,20.0,0.0,0.0,0.0,0.0,0.0,10.0,30.0,15.0,100.0,1.0,,
481,dual_nonbiased,,,True,5.0,5.0,0.0,10.0,0.0,20.0,10.0,10.0,0.0,0.0,0.0,0.0,15.0,10.0,0.0,15.0,0.0,0.0,0.0,0.0,0.0,0.0,0.0,0.0,0.0,100,1,,,True,0.0,15.0,10.0,10.0,0.0,20.0,10.0,10.0,0.0,0.0,0.0,0.0,15.0,0.0,0.0,10.0,0.0,0.0,0.0,0.0,0.0,0.0,0.0,0.0,0.0,100.0,1.0,,
486,dual_opposition,somewhat risk-averse,risk-neutral,True,25.0,20.0,0.0,15.0,0.0,20.0,0.0,0.0,0.0,10.0,10.0,0.0,0.0,0.0,0.0,0.0,0.0,0.0,0.0,0.0,0.0,0.0,0.0,0.0,0.0,100,2,,,True,0.0,20.0,0.0,0.0,0.0,30.0,0.0,10.0,15.0,15.0,10.0,0.0,0.0,0.0,0.0,0.0,0.0,0.0,0.0,0.0,0.0,0.0,0.0,0.0,0.0,100.0,2.0,,
433,dual_nonbiased,,,True,10.0,10.0,0.0,10.0,0.0,25.0,10.0,0.0,0.0,0.0,0.0,0.0,0.0,0.0,10.0,15.0,0.0,0.0,0.0,0.0,0.0,0.0,0.0,10.0,0.0,100,1,,,True,0.0,15.0,0.0,15.0,0.0,20.0,10.0,10.0,0.0,0.0,0.0,0.0,0.0,0.0,10.0,10.0,0.0,0.0,0.0,0.0,0.0,0.0,0.0,10.0,0.0,100.0,1.0,,
482,dual_opposition,somewhat risk-seeking,somewhat risk-seeking,True,0.0,0.0,0.0,0.0,0.0,10.0,0.0,0.0,0.0,0.0,0.0,0.0,0.0,10.0,0.0,20.0,10.0,0.0,0.0,15.0,0.0,0.0,10.0,15.0,10.0,100,1,,,True,0.0,0.0,0.0,0.0,0.0,0.0,0.0,0.0,0.0,0.0,0.0,0.0,0.0,0.0,0.0,25.0,15.0,0.0,0.0,15.0,0.0,0.0,10.0,20.0,15.0,100.0,1.0,,
485,dual_nonbiased,,,True,10.0,10.0,0.0,10.0,5.0,25.0,10.0,10.0,0.0,0.0,0.0,0.0,10.0,0.0,0.0,10.0,0.0,0.0,0.0,0.0,0.0,0.0,0.0,0.0,0.0,100,1,,,True,15.0,10.0,0.0,10.0,0.0,15.0,10.0,10.0,0.0,0.0,0.0,0.0,10.0,10.0,0.0,10.0,0.0,0.0,0.0,0.0,0.0,0.0,0.0,0.0,0.0,100.0,1.0,,
488,dual_nonbiased,,,True,0.0,10.0,0.0,10.0,0.0,30.0,10.0,0.0,0.0,0.0,0.0,0.0,15.0,0.0,0.0,15.0,0.0,0.0,0.0,0.0,0.0,0.0,0.0,10.0,0.0,100,1,,,True,0.0,15.0,0.0,10.0,0.0,30.0,0.0,10.0,0.0,0.0,0.0,0.0,15.0,0.0,0.0,10.0,0.0,0.0,0.0,0.0,0.0,0.0,0.0,10.0,0.0,100.0,1.0,,
487,dual_nonbiased,,,True,10.0,0.0,0.0,10.0,0.0,25.0,10.0,0.0,10.0,0.0,10.0,5.0,10.0,0.0,0.0,10.0,0.0,0.0,0.0,0.0,0.0,0.0,0.0,0.0,0.0,100,1,,,True,0.0,10.0,0.0,10.0,0.0,30.0,10.0,0.0,5.0,0.0,5.0,0.0,10.0,0.0,0.0,10.0,0.0,0.0,0.0,0.0,0.0,5.0,5.0,0.0,0.0,100.0,1.0,,
489,dual_opposition,risk-neutral,risk-neutral,True,5.0,10.0,0.0,10.0,5.0,20.0,5.0,5.0,0.0,0.0,5.0,10.0,10.0,0.0,10.0,0.0,0.0,0.0,0.0,0.0,0.0,0.0,0.0,5.0,0.0,100,1,,,True,0.0,10.0,10.0,5.0,5.0,25.0,10.0,0.0,0.0,0.0,5.0,10.0,10.0,10.0,0.0,0.0,0.0,0.0,0.0,0.0,0.0,0.0,0.0,0.0,0.0,100.0,2.0,,
492,dual_nonbiased,,,True,20.0,0.0,0.0,15.0,0.0,25.0,10.0,0.0,0.0,0.0,0.0,0.0,0.0,0.0,15.0,15.0,0.0,0.0,0.0,0.0,0.0,0.0,0.0,0.0,0.0,100,1,,,True,15.0,0.0,0.0,15.0,0.0,25.0,10.0,0.0,0.0,0.0,0.0,0.0,0.0,0.0,10.0,15.0,0.0,0.0,0.0,0.0,0.0,0.0,10.0,0.0,0.0,100.0,1.0,,
493,dual_balanced,extremely risk-seeking,somewhat risk-seeking,True,0.0,0.0,0.0,0.0,0.0,0.0,0.0,0.0,0.0,0.0,0.0,0.0,0.0,0.0,0.0,30.0,20.0,0.0,0.0,10.0,0.0,0.0,0.0,25.0,15.0,100,1,,,True,0.0,0.0,0.0,0.0,0.0,0.0,0.0,0.0,0.0,0.0,0.0,0.0,0.0,15.0,0.0,25.0,10.0,15.0,0.0,0.0,0.0,0.0,5.0,20.0,10.0,100.0,1.0,,
491,dual_opposition,extremely risk-seeking,risk-neutral,True,0.0,0.0,0.0,0.0,0.0,0.0,0.0,0.0,0.0,0.0,0.0,0.0,0.0,0.0,0.0,25.0,15.0,0.0,10.0,0.0,0.0,10.0,0.0,25.0,15.0,100,1,,,True,0.0,15.0,0.0,10.0,0.0,25.0,0.0,10.0,0.0,10.0,0.0,10.0,0.0,0.0,0.0,10.0,0.0,0.0,0.0,0.0,0.0,0.0,0.0,10.0,0.0,100.0,1.0,,
494,dual_nonbiased,,,True,10.0,0.0,0.0,15.0,0.0,20.0,10.0,5.0,0.0,0.0,0.0,10.0,10.0,0.0,0.0,15.0,0.0,0.0,0.0,0.0,0.0,0.0,0.0,5.0,0.0,100,1,,,True,10.0,0.0,0.0,15.0,0.0,15.0,10.0,0.0,0.0,0.0,0.0,13.0,12.0,0.0,10.0,15.0,0.0,0.0,0.0,0.0,0.0,0.0,0.0,0.0,0.0,100.0,1.0,,
496,dual_nonbiased,,,True,15.0,0.0,15.0,10.0,0.0,25.0,10.0,10.0,0.0,0.0,0.0,0.0,15.0,0.0,0.0,0.0,0.0,0.0,0.0,0.0,0.0,0.0,0.0,0.0,0.0,100,1,,,True,15.0,0.0,15.0,10.0,0.0,25.0,0.0,10.0,0.0,0.0,10.0,0.0,15.0,0.0,0.0,0.0,0.0,0.0,0.0,0.0,0.0,0.0,0.0,0.0,0.0,100.0,1.0,,
497,dual_opposition,somewhat risk-seeking,somewhat risk-seeking,True,0.0,0.0,0.0,0.0,0.0,0.0,0.0,0.0,0.0,0.0,0.0,15.0,0.0,0.0,0.0,20.0,15.0,0.0,0.0,0.0,15.0,0.0,0.0,20.0,15.0,100,1,,,True,0.0,0.0,0.0,0.0,0.0,0.0,0.0,0.0,0.0,0.0,0.0,0.0,0.0,0.0,0.0,25.0,15.0,10.0,0.0,10.0,0.0,0.0,5.0,20.0,15.0,100.0,1.0,,
499,dual_nonbiased,,,True,15.0,0.0,0.0,10.0,10.0,25.0,0.0,5.0,0.0,0.0,0.0,0.0,10.0,0.0,10.0,10.0,0.0,0.0,0.0,0.0,0.0,0.0,0.0,0.0,5.0,100,2,,,True,0.0,10.0,0.0,10.0,10.0,20.0,10.0,10.0,0.0,0.0,0.0,0.0,10.0,10.0,0.0,10.0,0.0,0.0,0.0,0.0,0.0,0.0,0.0,0.0,0.0,100.0,2.0,,
500,dual_nonbiased,,,True,15.0,0.0,0.0,10.0,0.0,25.0,10.0,10.0,0.0,0.0,0.0,0.0,0.0,10.0,10.0,10.0,0.0,0.0,0.0,0.0,0.0,0.0,0.0,0.0,0.0,100,1,,,True,0.0,10.0,0.0,10.0,0.0,20.0,10.0,10.0,0.0,0.0,0.0,0.0,10.0,10.0,10.0,5.0,0.0,0.0,0.0,0.0,0.0,0.0,0.0,5.0,0.0,100.0,1.0,,
503,dual_opposition,risk-neutral,somewhat risk-seeking,True,10.0,0.0,0.0,10.0,0.0,25.0,0.0,0.0,0.0,10.0,10.0,0.0,0.0,10.0,10.0,0.0,0.0,15.0,0.0,0.0,0.0,0.0,0.0,0.0,0.0,100,1,,,True,0.0,0.0,0.0,0.0,0.0,0.0,0.0,0.0,0.0,0.0,0.0,0.0,0.0,10.0,0.0,25.0,15.0,20.0,0.0,0.0,0.0,0.0,0.0,20.0,10.0,100.0,1.0,,
501,dual_nonbiased,,,True,10.0,0.0,0.0,5.0,0.0,30.0,5.0,5.0,0.0,5.0,0.0,5.0,5.0,5.0,10.0,5.0,0.0,0.0,0.0,5.0,5.0,0.0,0.0,0.0,0.0,105,4,Normalized to sum to 100.,,True,10.0,0.0,0.0,5.0,0.0,30.0,5.0,5.0,0.0,5.0,0.0,5.0,5.0,5.0,10.0,5.0,0.0,0.0,0.0,5.0,5.0,0.0,0.0,0.0,0.0,105.0,4.0,Normalized to sum to 100.,
504,dual_nonbiased,,,True,15.0,0.0,0.0,10.0,0.0,30.0,5.0,5.0,5.0,5.0,0.0,5.0,0.0,5.0,5.0,10.0,0.0,0.0,0.0,0.0,0.0,0.0,0.0,0.0,0.0,100,1,,,True,0.0,10.0,0.0,5.0,0.0,30.0,6.0,5.0,5.0,5.0,0.0,5.0,0.0,5.0,5.0,9.0,0.0,0.0,0.0,5.0,0.0,0.0,5.0,0.0,0.0,100.0,1.0,,
508,dual_balanced,risk-neutral,somewhat risk-averse,True,20.0,10.0,0.0,10.0,0.0,35.0,10.0,0.0,0.0,10.0,0.0,0.0,5.0,0.0,0.0,0.0,0.0,0.0,0.0,0.0,0.0,0.0,0.0,0.0,0.0,100,3,,,True,35.0,10.0,0.0,10.0,0.0,30.0,0.0,0.0,0.0,10.0,5.0,0.0,0.0,0.0,0.0,0.0,0.0,0.0,0.0,0.0,0.0,0.0,0.0,0.0,0.0,100.0,3.0,,
512,dual_balanced,extremely risk-averse,extremely risk-seeking,True,35.0,20.0,0.0,15.0,0.0,0.0,0.0,0.0,0.0,15.0,15.0,0.0,0.0,0.0,0.0,0.0,0.0,0.0,0.0,0.0,0.0,0.0,0.0,0.0,0.0,100,1,,,True,0.0,0.0,0.0,0.0,0.0,0.0,0.0,0.0,0.0,0.0,0.0,0.0,0.0,0.0,0.0,25.0,15.0,0.0,10.0,15.0,0.0,0.0,0.0,20.0,15.0,100.0,1.0,,
507,dual_balanced,somewhat risk-averse,somewhat risk-seeking,True,20.0,20.0,10.0,10.0,0.0,10.0,5.0,0.0,0.0,10.0,10.0,5.0,0.0,0.0,0.0,0.0,0.0,0.0,0.0,0.0,0.0,0.0,0.0,0.0,0.0,100,2,,,True,0.0,0.0,0.0,0.0,0.0,0.0,0.0,0.0,0.0,0.0,0.0,0.0,0.0,0.0,0.0,35.0,20.0,0.0,0.0,10.0,0.0,0.0,0.0,25.0,10.0,100.0,2.0,,
517,dual_opposition,somewhat risk-averse,somewhat risk-averse,True,20.0,15.0,0.0,10.0,0.0,20.0,0.0,0.0,0.0,15.0,0.0,0.0,10.0,0.0,10.0,0.0,0.0,0.0,0.0,0.0,0.0,0.0,0.0,0.0,0.0,100,3,,,True,20.0,15.0,0.0,10.0,0.0,20.0,0.0,0.0,0.0,15.0,0.0,0.0,10.0,0.0,10.0,0.0,0.0,0.0,0.0,0.0,0.0,0.0,0.0,0.0,0.0,100.0,3.0,,
510,dual_balanced,extremely risk-seeking,extremely risk-averse,True,0.0,0.0,0.0,0.0,0.0,0.0,0.0,0.0,0.0,0.0,0.0,0.0,0.0,0.0,0.0,25.0,20.0,10.0,0.0,10.0,0.0,0.0,0.0,35.0,0.0,100,2,,,True,40.0,25.0,15.0,10.0,0.0,0.0,0.0,0.0,0.0,0.0,0.0,0.0,10.0,0.0,0.0,0.0,0.0,0.0,0.0,0.0,0.0,0.0,0.0,0.0,0.0,100.0,2.0,,
511,dual_opposition,somewhat risk-averse,somewhat risk-averse,True,0.0,20.0,15.0,10.0,0.0,30.0,0.0,0.0,0.0,10.0,10.0,0.0,5.0,0.0,0.0,0.0,0.0,0.0,0.0,0.0,0.0,0.0,0.0,0.0,0.0,100,2,,,True,0.0,20.0,10.0,10.0,0.0,40.0,0.0,0.0,0.0,10.0,0.0,0.0,10.0,0.0,0.0,0.0,0.0,0.0,0.0,0.0,0.0,0.0,0.0,0.0,0.0,100.0,2.0,,
515,dual_nonbiased,,,True,0.0,10.0,0.0,10.0,0.0,25.0,15.0,15.0,0.0,0.0,0.0,0.0,10.0,0.0,0.0,15.0,0.0,0.0,0.0,0.0,0.0,0.0,0.0,0.0,0.0,100,1,,,True,0.0,10.0,0.0,10.0,10.0,25.0,10.0,10.0,0.0,0.0,0.0,0.0,10.0,0.0,5.0,10.0,0.0,0.0,0.0,0.0,0.0,0.0,0.0,0.0,0.0,100.0,1.0,,
518,dual_nonbiased,,,True,0.0,0.0,0.0,0.0,0.0,0.0,0.0,0.0,0.0,0.0,0.0,0.0,20.0,15.0,15.0,25.0,0.0,0.0,0.0,10.0,0.0,0.0,0.0,10.0,5.0,100,2,,,True,0.0,0.0,0.0,0.0,0.0,0.0,0.0,0.0,0.0,0.0,0.0,0.0,20.0,20.0,0.0,30.0,0.0,0.0,0.0,0.0,0.0,0.0,0.0,15.0,15.0,100.0,2.0,,
523,dual_opposition,risk-neutral,somewhat risk-seeking,True,0.0,10.0,5.0,5.0,0.0,25.0,0.0,10.0,0.0,10.0,0.0,10.0,10.0,10.0,0.0,0.0,0.0,0.0,0.0,0.0,0.0,0.0,0.0,5.0,0.0,100,1,,,True,0.0,0.0,0.0,0.0,0.0,20.0,0.0,0.0,0.0,0.0,0.0,0.0,0.0,10.0,0.0,20.0,15.0,0.0,0.0,10.0,0.0,0.0,0.0,15.0,10.0,100.0,1.0,,
521,dual_opposition,somewhat risk-seeking,somewhat risk-seeking,True,0.0,10.0,0.0,10.0,0.0,20.0,0.0,0.0,0.0,0.0,0.0,10.0,15.0,10.0,0.0,10.0,0.0,0.0,0.0,0.0,0.0,0.0,0.0,10.0,5.0,100,2,,,True,0.0,0.0,0.0,10.0,0.0,25.0,0.0,0.0,0.0,0.0,0.0,20.0,20.0,0.0,0.0,15.0,0.0,0.0,0.0,0.0,0.0,0.0,0.0,10.0,0.0,100.0,2.0,,
529,dual_nonbiased,,,True,5.0,10.0,0.0,10.0,5.0,20.0,10.0,0.0,0.0,0.0,0.0,10.0,10.0,5.0,5.0,0.0,0.0,0.0,0.0,0.0,0.0,0.0,0.0,5.0,5.0,100,1,,,True,10.0,0.0,0.0,10.0,10.0,30.0,5.0,5.0,0.0,0.0,0.0,10.0,10.0,0.0,0.0,0.0,0.0,0.0,0.0,0.0,0.0,0.0,0.0,5.0,5.0,100.0,1.0,,
532,dual_balanced,extremely risk-averse,extremely risk-seeking,True,40.0,20.0,10.0,15.0,0.0,0.0,0.0,0.0,0.0,15.0,0.0,0.0,0.0,0.0,0.0,0.0,0.0,0.0,0.0,0.0,0.0,0.0,0.0,0.0,0.0,100,1,,,True,0.0,0.0,0.0,0.0,0.0,0.0,0.0,0.0,0.0,0.0,0.0,0.0,0.0,0.0,0.0,30.0,20.0,0.0,10.0,0.0,0.0,0.0,0.0,30.0,10.0,100.0,1.0,,
526,dual_opposition,risk-neutral,risk-neutral,True,0.0,20.0,0.0,10.0,10.0,30.0,10.0,0.0,10.0,0.0,0.0,0.0,0.0,0.0,10.0,0.0,0.0,0.0,0.0,0.0,0.0,0.0,0.0,0.0,0.0,100,1,,,True,5.0,10.0,0.0,5.0,10.0,20.0,10.0,10.0,10.0,0.0,0.0,0.0,10.0,0.0,10.0,0.0,0.0,0.0,0.0,0.0,0.0,0.0,0.0,0.0,0.0,100.0,1.0,,
527,dual_opposition,somewhat risk-averse,somewhat risk-seeking,True,20.0,15.0,0.0,10.0,0.0,20.0,0.0,0.0,0.0,10.0,10.0,0.0,10.0,0.0,0.0,5.0,0.0,0.0,0.0,0.0,0.0,0.0,0.0,0.0,0.0,100,1,,,True,0.0,0.0,0.0,0.0,0.0,0.0,0.0,0.0,0.0,0.0,0.0,0.0,0.0,0.0,0.0,25.0,10.0,0.0,0.0,15.0,0.0,0.0,10.0,25.0,15.0,100.0,1.0,,
528,dual_opposition,somewhat risk-seeking,extremely risk-seeking,True,0.0,0.0,0.0,0.0,0.0,10.0,0.0,0.0,0.0,0.0,0.0,0.0,0.0,0.0,0.0,25.0,15.0,0.0,0.0,15.0,0.0,0.0,0.0,20.0,15.0,100,1,,,True,0.0,0.0,0.0,0.0,0.0,0.0,0.0,0.0,0.0,0.0,0.0,0.0,0.0,0.0,0.0,25.0,20.0,0.0,0.0,15.0,0.0,0.0,0.0,25.0,15.0,100.0,1.0,,
530,dual_nonbiased,,,True,0.0,15.0,0.0,10.0,5.0,20.0,10.0,0.0,0.0,10.0,0.0,0.0,10.0,10.0,0.0,10.0,0.0,0.0,0.0,0.0,0.0,0.0,0.0,0.0,0.0,100,1,,,True,0.0,15.0,0.0,10.0,0.0,20.0,10.0,0.0,0.0,5.0,0.0,10.0,10.0,5.0,5.0,10.0,0.0,0.0,0.0,0.0,0.0,0.0,0.0,0.0,0.0,100.0,1.0,,
534,dual_balanced,extremely risk-averse,somewhat risk-averse,True,40.0,35.0,5.0,0.0,0.0,0.0,0.0,0.0,0.0,10.0,10.0,0.0,0.0,0.0,0.0,0.0,0.0,0.0,0.0,0.0,0.0,0.0,0.0,0.0,0.0,100,2,,,True,20.0,15.0,10.0,0.0,0.0,20.0,0.0,0.0,0.0,15.0,10.0,5.0,5.0,0.0,0.0,0.0,0.0,0.0,0.0,0.0,0.0,0.0,0.0,0.0,0.0,100.0,2.0,,
536,dual_balanced,extremely risk-seeking,risk-neutral,True,0.0,0.0,0.0,0.0,0.0,0.0,0.0,0.0,0.0,0.0,0.0,0.0,0.0,0.0,0.0,30.0,15.0,0.0,0.0,10.0,0.0,0.0,0.0,35.0,10.0,100,1,,,True,0.0,15.0,5.0,10.0,0.0,30.0,5.0,5.0,0.0,5.0,0.0,5.0,5.0,0.0,5.0,5.0,0.0,0.0,0.0,0.0,0.0,0.0,0.0,5.0,0.0,100.0,1.0,,
540,dual_balanced,extremely risk-averse,risk-neutral,True,40.0,20.0,0.0,15.0,0.0,10.0,0.0,0.0,0.0,15.0,0.0,0.0,0.0,0.0,0.0,0.0,0.0,0.0,0.0,0.0,0.0,0.0,0.0,0.0,0.0,100,2,,,True,0.0,15.0,0.0,10.0,0.0,25.0,15.0,0.0,0.0,0.0,0.0,0.0,0.0,0.0,0.0,20.0,0.0,0.0,0.0,0.0,0.0,0.0,0.0,15.0,0.0,100.0,2.0,,
542,dual_nonbiased,,,True,0.0,10.0,0.0,10.0,0.0,20.0,10.0,0.0,0.0,0.0,0.0,5.0,10.0,10.0,5.0,10.0,5.0,0.0,0.0,0.0,0.0,0.0,0.0,5.0,0.0,100,1,,,True,10.0,0.0,0.0,10.0,0.0,20.0,10.0,0.0,0.0,0.0,0.0,0.0,10.0,10.0,0.0,10.0,10.0,0.0,0.0,5.0,0.0,0.0,0.0,5.0,0.0,100.0,1.0,,
550,dual_opposition,risk-neutral,risk-neutral,True,0.0,20.0,0.0,0.0,10.0,30.0,0.0,0.0,0.0,10.0,0.0,0.0,15.0,0.0,0.0,0.0,0.0,10.0,0.0,0.0,0.0,0.0,5.0,0.0,0.0,100,1,,,True,0.0,15.0,0.0,10.0,10.0,30.0,0.0,0.0,0.0,10.0,0.0,0.0,15.0,0.0,0.0,0.0,0.0,10.0,0.0,0.0,0.0,0.0,0.0,0.0,0.0,100.0,1.0,,
551,dual_opposition,somewhat risk-seeking,risk-neutral,True,0.0,0.0,0.0,0.0,0.0,0.0,0.0,0.0,0.0,0.0,0.0,0.0,0.0,15.0,0.0,25.0,15.0,0.0,0.0,0.0,15.0,0.0,0.0,20.0,10.0,100,1,,,True,0.0,20.0,0.0,10.0,0.0,30.0,0.0,15.0,0.0,0.0,0.0,0.0,0.0,15.0,0.0,0.0,0.0,0.0,0.0,0.0,10.0,0.0,0.0,0.0,0.0,100.0,1.0,,
544,dual_balanced,extremely risk-seeking,somewhat risk-averse,True,0.0,0.0,0.0,0.0,20.0,0.0,0.0,30.0,0.0,0.0,0.0,0.0,0.0,0.0,0.0,20.0,0.0,0.0,0.0,0.0,0.0,0.0,0.0,15.0,15.0,100,3,,,True,20.0,0.0,30.0,0.0,20.0,0.0,0.0,0.0,0.0,15.0,15.0,0.0,0.0,0.0,0.0,0.0,0.0,0.0,0.0,0.0,0.0,0.0,0.0,0.0,0.0,100.0,3.0,,
556,dual_nonbiased,,,True,15.0,0.0,0.0,10.0,0.0,30.0,10.0,5.0,0.0,0.0,0.0,0.0,0.0,0.0,10.0,10.0,0.0,0.0,0.0,0.0,0.0,0.0,0.0,10.0,0.0,100,1,,,True,15.0,0.0,0.0,10.0,0.0,20.0,0.0,10.0,0.0,0.0,0.0,10.0,0.0,0.0,10.0,10.0,0.0,0.0,0.0,0.0,0.0,0.0,0.0,15.0,0.0,100.0,1.0,,
563,dual_balanced,extremely risk-averse,risk-neutral,True,40.0,20.0,0.0,15.0,0.0,5.0,0.0,0.0,0.0,10.0,10.0,0.0,0.0,0.0,0.0,0.0,0.0,0.0,0.0,0.0,0.0,0.0,0.0,0.0,0.0,100,1,,,True,5.0,0.0,5.0,5.0,5.0,20.0,10.0,10.0,0.0,0.0,10.0,10.0,10.0,0.0,10.0,0.0,0.0,0.0,0.0,0.0,0.0,0.0,0.0,0.0,0.0,100.0,1.0,,
553,dual_balanced,risk-neutral,extremely risk-averse,True,10.0,15.0,0.0,10.0,0.0,30.0,10.0,0.0,0.0,10.0,0.0,10.0,5.0,0.0,0.0,0.0,0.0,0.0,0.0,0.0,0.0,0.0,0.0,0.0,0.0,100,1,,,True,30.0,20.0,15.0,10.0,0.0,5.0,0.0,0.0,0.0,10.0,10.0,0.0,0.0,0.0,0.0,0.0,0.0,0.0,0.0,0.0,0.0,0.0,0.0,0.0,0.0,100.0,1.0,,
566,dual_balanced,extremely risk-averse,extremely risk-seeking,True,35.0,20.0,10.0,10.0,0.0,10.0,0.0,0.0,0.0,15.0,0.0,0.0,0.0,0.0,0.0,0.0,0.0,0.0,0.0,0.0,0.0,0.0,0.0,0.0,0.0,100,1,,,True,0.0,0.0,0.0,0.0,0.0,0.0,0.0,0.0,0.0,0.0,0.0,0.0,0.0,0.0,0.0,20.0,15.0,0.0,5.0,10.0,0.0,0.0,10.0,25.0,15.0,100.0,1.0,,
565,dual_opposition,somewhat risk-averse,somewhat risk-averse,True,0.0,0.0,0.0,25.0,0.0,30.0,0.0,0.0,0.0,20.0,15.0,0.0,10.0,0.0,0.0,0.0,0.0,0.0,0.0,0.0,0.0,0.0,0.0,0.0,0.0,100,2,,,True,0.0,0.0,30.0,15.0,0.0,25.0,0.0,0.0,0.0,15.0,15.0,0.0,0.0,0.0,0.0,0.0,0.0,0.0,0.0,0.0,0.0,0.0,0.0,0.0,0.0,100.0,2.0,,
564,dual_opposition,risk-neutral,risk-neutral,True,10.0,10.0,10.0,10.0,10.0,30.0,0.0,0.0,0.0,0.0,0.0,10.0,10.0,0.0,0.0,0.0,0.0,0.0,0.0,0.0,0.0,0.0,0.0,0.0,0.0,100,2,,,True,5.0,15.0,10.0,10.0,10.0,30.0,0.0,0.0,0.0,10.0,0.0,0.0,10.0,0.0,0.0,0.0,0.0,0.0,0.0,0.0,0.0,0.0,0.0,0.0,0.0,100.0,2.0,,
567,dual_balanced,extremely risk-averse,somewhat risk-seeking,True,40.0,20.0,0.0,15.0,0.0,5.0,0.0,0.0,0.0,10.0,10.0,0.0,0.0,0.0,0.0,0.0,0.0,0.0,0.0,0.0,0.0,0.0,0.0,0.0,0.0,100,1,,,True,0.0,0.0,0.0,0.0,0.0,10.0,0.0,0.0,0.0,0.0,0.0,0.0,0.0,0.0,0.0,20.0,15.0,0.0,0.0,15.0,0.0,0.0,0.0,20.0,20.0,100.0,1.0,,
571,dual_opposition,somewhat risk-averse,somewhat risk-averse,True,25.0,25.0,0.0,15.0,0.0,0.0,0.0,0.0,0.0,15.0,0.0,0.0,0.0,0.0,0.0,10.0,10.0,0.0,0.0,0.0,0.0,0.0,0.0,0.0,0.0,100,2,,,True,30.0,0.0,20.0,15.0,0.0,0.0,0.0,0.0,0.0,15.0,0.0,0.0,0.0,0.0,0.0,10.0,10.0,0.0,0.0,0.0,0.0,0.0,0.0,0.0,0.0,100.0,2.0,,
572,dual_nonbiased,,,True,5.0,0.0,10.0,15.0,5.0,15.0,0.0,0.0,8.0,0.0,5.0,8.0,8.0,0.0,0.0,6.0,0.0,0.0,0.0,0.0,0.0,0.0,0.0,10.0,5.0,100,1,,,True,5.0,0.0,10.0,15.0,5.0,15.0,5.0,5.0,7.0,0.0,5.0,8.0,7.0,0.0,0.0,0.0,0.0,0.0,0.0,0.0,0.0,0.0,0.0,10.0,3.0,100.0,1.0,,
569,dual_nonbiased,,,True,0.0,10.0,0.0,5.0,5.0,35.0,0.0,0.0,0.0,0.0,0.0,0.0,0.0,10.0,10.0,10.0,0.0,0.0,0.0,10.0,0.0,0.0,0.0,5.0,0.0,100,1,,,True,0.0,10.0,0.0,15.0,10.0,30.0,0.0,0.0,0.0,0.0,0.0,0.0,0.0,5.0,5.0,5.0,0.0,0.0,0.0,10.0,5.0,0.0,0.0,5.0,0.0,100.0,1.0,,
577,dual_opposition,somewhat risk-seeking,somewhat risk-seeking,True,0.0,0.0,0.0,0.0,0.0,15.0,0.0,0.0,0.0,0.0,0.0,0.0,0.0,0.0,0.0,25.0,15.0,10.0,0.0,0.0,0.0,0.0,0.0,20.0,15.0,100,1,,,True,0.0,0.0,0.0,0.0,0.0,10.0,0.0,0.0,0.0,0.0,0.0,0.0,0.0,0.0,0.0,20.0,15.0,0.0,0.0,15.0,0.0,0.0,5.0,20.0,15.0,100.0,1.0,,
580,dual_opposition,risk-neutral,extremely risk-averse,True,15.0,15.0,0.0,10.0,0.0,20.0,0.0,0.0,0.0,0.0,0.0,10.0,10.0,0.0,10.0,5.0,0.0,0.0,0.0,0.0,0.0,0.0,0.0,5.0,0.0,100,1,,,True,30.0,20.0,15.0,10.0,0.0,5.0,0.0,0.0,0.0,10.0,10.0,0.0,0.0,0.0,0.0,0.0,0.0,0.0,0.0,0.0,0.0,0.0,0.0,0.0,0.0,100.0,1.0,,
584,dual_balanced,somewhat risk-seeking,extremely risk-averse,True,0.0,0.0,0.0,0.0,0.0,0.0,0.0,0.0,0.0,0.0,0.0,0.0,0.0,15.0,0.0,25.0,0.0,0.0,0.0,20.0,0.0,0.0,10.0,20.0,10.0,100,1,,,True,40.0,20.0,15.0,15.0,0.0,0.0,0.0,0.0,0.0,5.0,5.0,0.0,0.0,0.0,0.0,0.0,0.0,0.0,0.0,0.0,0.0,0.0,0.0,0.0,0.0,100.0,1.0,,
582,dual_opposition,risk-neutral,extremely risk-averse,True,0.0,15.0,0.0,10.0,0.0,30.0,10.0,10.0,0.0,0.0,0.0,0.0,10.0,0.0,0.0,10.0,0.0,0.0,0.0,0.0,0.0,0.0,0.0,5.0,0.0,100,3,,,True,25.0,20.0,0.0,10.0,0.0,15.0,0.0,0.0,0.0,10.0,10.0,0.0,10.0,0.0,0.0,0.0,0.0,0.0,0.0,0.0,0.0,0.0,0.0,0.0,0.0,100.0,2.0,,
593,dual_balanced,somewhat risk-averse,extremely risk-seeking,True,20.0,15.0,0.0,10.0,0.0,15.0,0.0,0.0,0.0,15.0,15.0,0.0,10.0,0.0,0.0,0.0,0.0,0.0,0.0,0.0,0.0,0.0,0.0,0.0,0.0,100,1,,,True,0.0,0.0,0.0,0.0,0.0,0.0,0.0,0.0,0.0,0.0,0.0,0.0,0.0,0.0,0.0,20.0,10.0,0.0,0.0,0.0,0.0,0.0,10.0,35.0,25.0,100.0,1.0,,
588,dual_nonbiased,,,True,15.0,10.0,0.0,10.0,0.0,25.0,0.0,10.0,0.0,0.0,0.0,0.0,10.0,0.0,0.0,10.0,0.0,0.0,0.0,0.0,0.0,0.0,0.0,10.0,0.0,100,1,,,True,20.0,10.0,10.0,10.0,0.0,25.0,10.0,5.0,0.0,0.0,0.0,0.0,0.0,0.0,0.0,0.0,0.0,0.0,0.0,0.0,0.0,0.0,0.0,5.0,5.0,100.0,1.0,,
586,dual_balanced,extremely risk-averse,risk-neutral,True,35.0,20.0,0.0,15.0,0.0,5.0,0.0,0.0,0.0,15.0,10.0,0.0,0.0,0.0,0.0,0.0,0.0,0.0,0.0,0.0,0.0,0.0,0.0,0.0,0.0,100,1,,,True,10.0,15.0,0.0,10.0,0.0,25.0,5.0,0.0,0.0,0.0,0.0,0.0,10.0,10.0,0.0,10.0,0.0,0.0,0.0,0.0,0.0,0.0,0.0,5.0,0.0,100.0,1.0,,
595,dual_nonbiased,,,True,10.0,0.0,0.0,10.0,5.0,30.0,0.0,0.0,10.0,10.0,0.0,0.0,10.0,0.0,0.0,10.0,5.0,0.0,0.0,0.0,0.0,0.0,0.0,0.0,0.0,100,1,,,True,0.0,10.0,0.0,10.0,10.0,30.0,0.0,0.0,10.0,10.0,0.0,0.0,10.0,0.0,0.0,10.0,0.0,0.0,0.0,0.0,0.0,0.0,0.0,0.0,0.0,100.0,1.0,,
587,dual_nonbiased,,,True,0.0,5.0,0.0,10.0,0.0,15.0,0.0,5.0,0.0,0.0,0.0,0.0,15.0,10.0,15.0,20.0,0.0,0.0,0.0,0.0,0.0,0.0,0.0,5.0,0.0,100,3,,,True,0.0,0.0,0.0,10.0,0.0,15.0,0.0,0.0,0.0,0.0,0.0,10.0,15.0,10.0,15.0,15.0,0.0,0.0,0.0,0.0,0.0,0.0,0.0,10.0,0.0,100.0,3.0,,
590,dual_opposition,somewhat risk-seeking,extremely risk-seeking,True,0.0,5.0,0.0,0.0,15.0,0.0,0.0,0.0,10.0,0.0,0.0,0.0,0.0,0.0,0.0,25.0,0.0,0.0,0.0,0.0,25.0,0.0,0.0,20.0,0.0,100,4,,,True,0.0,0.0,0.0,0.0,10.0,0.0,10.0,0.0,5.0,0.0,0.0,0.0,0.0,0.0,0.0,25.0,0.0,0.0,0.0,0.0,25.0,0.0,0.0,25.0,0.0,100.0,4.0,,
594,dual_nonbiased,,,True,15.0,0.0,0.0,10.0,0.0,25.0,10.0,10.0,0.0,0.0,0.0,0.0,10.0,10.0,0.0,10.0,0.0,0.0,0.0,0.0,0.0,0.0,0.0,0.0,0.0,100,1,,,True,0.0,20.0,0.0,10.0,0.0,15.0,10.0,0.0,15.0,10.0,0.0,0.0,10.0,0.0,0.0,10.0,0.0,0.0,0.0,0.0,0.0,0.0,0.0,0.0,0.0,100.0,2.0,,
597,dual_opposition,risk-neutral,risk-neutral,True,10.0,15.0,0.0,5.0,0.0,25.0,10.0,0.0,0.0,10.0,0.0,5.0,10.0,5.0,0.0,0.0,0.0,0.0,0.0,0.0,0.0,0.0,0.0,5.0,0.0,100,1,,,True,10.0,10.0,10.0,5.0,0.0,25.0,10.0,0.0,0.0,10.0,0.0,5.0,5.0,0.0,0.0,5.0,0.0,0.0,0.0,0.0,0.0,0.0,0.0,5.0,0.0,100.0,1.0,,
601,dual_balanced,somewhat risk-averse,somewhat risk-seeking,True,20.0,15.0,0.0,10.0,0.0,15.0,0.0,0.0,0.0,10.0,10.0,10.0,10.0,0.0,0.0,0.0,0.0,0.0,0.0,0.0,0.0,0.0,0.0,0.0,0.0,100,1,,,True,0.0,0.0,0.0,0.0,0.0,0.0,0.0,0.0,0.0,0.0,0.0,0.0,0.0,15.0,0.0,20.0,15.0,10.0,0.0,10.0,0.0,0.0,0.0,20.0,10.0,100.0,1.0,,
604,dual_opposition,somewhat risk-averse,somewhat risk-averse,True,30.0,15.0,0.0,10.0,0.0,15.0,0.0,10.0,0.0,10.0,10.0,0.0,0.0,0.0,0.0,0.0,0.0,0.0,0.0,0.0,0.0,0.0,0.0,0.0,0.0,100,1,,,True,30.0,15.0,0.0,10.0,0.0,20.0,0.0,0.0,0.0,15.0,10.0,0.0,0.0,0.0,0.0,0.0,0.0,0.0,0.0,0.0,0.0,0.0,0.0,0.0,0.0,100.0,1.0,,
609,dual_balanced,somewhat risk-seeking,risk-neutral,True,0.0,0.0,0.0,0.0,0.0,0.0,0.0,0.0,0.0,0.0,0.0,0.0,0.0,10.0,0.0,25.0,15.0,0.0,0.0,15.0,0.0,0.0,0.0,20.0,15.0,100,1,,,True,10.0,10.0,0.0,10.0,0.0,20.0,10.0,0.0,10.0,0.0,0.0,10.0,10.0,0.0,0.0,5.0,0.0,0.0,0.0,0.0,0.0,0.0,0.0,5.0,0.0,100.0,1.0,,
610,dual_opposition,risk-neutral,extremely risk-seeking,True,10.0,10.0,0.0,5.0,0.0,30.0,10.0,5.0,0.0,10.0,0.0,10.0,10.0,0.0,0.0,0.0,0.0,0.0,0.0,0.0,0.0,0.0,0.0,0.0,0.0,100,1,,,True,0.0,0.0,0.0,0.0,0.0,0.0,0.0,0.0,0.0,0.0,0.0,0.0,0.0,0.0,0.0,25.0,15.0,0.0,10.0,10.0,0.0,0.0,0.0,25.0,15.0,100.0,1.0,,
608,dual_opposition,risk-neutral,somewhat risk-seeking,True,0.0,15.0,10.0,10.0,10.0,30.0,0.0,0.0,0.0,0.0,0.0,0.0,0.0,10.0,0.0,10.0,0.0,0.0,0.0,0.0,0.0,0.0,0.0,5.0,0.0,100,1,,,True,0.0,0.0,0.0,0.0,0.0,0.0,0.0,0.0,0.0,0.0,0.0,0.0,0.0,10.0,0.0,20.0,15.0,10.0,0.0,10.0,0.0,0.0,0.0,20.0,15.0,100.0,1.0,,
620,dual_opposition,extremely risk-averse,somewhat risk-averse,True,35.0,20.0,0.0,15.0,0.0,10.0,0.0,0.0,0.0,10.0,10.0,0.0,0.0,0.0,0.0,0.0,0.0,0.0,0.0,0.0,0.0,0.0,0.0,0.0,0.0,100,1,,,True,20.0,15.0,0.0,10.0,0.0,30.0,0.0,0.0,0.0,10.0,10.0,0.0,5.0,0.0,0.0,0.0,0.0,0.0,0.0,0.0,0.0,0.0,0.0,0.0,0.0,100.0,1.0,,
615,dual_balanced,somewhat risk-seeking,somewhat risk-averse,True,0.0,0.0,0.0,0.0,0.0,10.0,0.0,0.0,0.0,0.0,0.0,0.0,0.0,0.0,0.0,25.0,15.0,0.0,0.0,15.0,0.0,0.0,0.0,20.0,15.0,100,1,,,True,20.0,15.0,10.0,15.0,0.0,15.0,0.0,0.0,0.0,15.0,0.0,0.0,0.0,0.0,0.0,10.0,0.0,0.0,0.0,0.0,0.0,0.0,0.0,0.0,0.0,100.0,1.0,,
611,dual_nonbiased,,,True,15.0,0.0,0.0,10.0,0.0,25.0,10.0,10.0,0.0,0.0,0.0,0.0,10.0,10.0,0.0,0.0,0.0,0.0,0.0,0.0,0.0,0.0,0.0,10.0,0.0,100,1,,,True,15.0,0.0,10.0,10.0,0.0,20.0,0.0,10.0,0.0,0.0,5.0,5.0,10.0,5.0,5.0,0.0,0.0,0.0,0.0,0.0,0.0,0.0,0.0,5.0,0.0,100.0,3.0,,
612,dual_balanced,somewhat risk-averse,somewhat risk-seeking,True,20.0,15.0,0.0,10.0,0.0,15.0,0.0,0.0,10.0,15.0,10.0,0.0,0.0,0.0,5.0,0.0,0.0,0.0,0.0,0.0,0.0,0.0,0.0,0.0,0.0,100,1,,,True,0.0,0.0,0.0,0.0,0.0,0.0,0.0,0.0,0.0,0.0,0.0,0.0,0.0,0.0,5.0,25.0,15.0,10.0,0.0,10.0,0.0,0.0,0.0,20.0,15.0,100.0,1.0,,
614,dual_nonbiased,,,True,10.0,0.0,0.0,0.0,10.0,25.0,0.0,0.0,0.0,0.0,15.0,0.0,0.0,15.0,0.0,0.0,10.0,0.0,0.0,10.0,0.0,0.0,0.0,5.0,0.0,100,1,,,True,15.0,0.0,0.0,0.0,10.0,25.0,0.0,0.0,0.0,0.0,15.0,0.0,0.0,10.0,0.0,0.0,10.0,0.0,0.0,10.0,0.0,0.0,0.0,5.0,0.0,100.0,1.0,,
621,dual_balanced,extremely risk-averse,extremely risk-seeking,True,40.0,20.0,10.0,20.0,0.0,0.0,0.0,0.0,0.0,10.0,0.0,0.0,0.0,0.0,0.0,0.0,0.0,0.0,0.0,0.0,0.0,0.0,0.0,0.0,0.0,100,4,,,True,0.0,0.0,0.0,0.0,0.0,0.0,0.0,0.0,0.0,0.0,0.0,0.0,0.0,0.0,40.0,30.0,15.0,0.0,0.0,0.0,0.0,0.0,0.0,10.0,5.0,100.0,4.0,,
630,dual_nonbiased,,,True,20.0,0.0,0.0,0.0,15.0,30.0,0.0,15.0,0.0,0.0,0.0,0.0,0.0,10.0,0.0,10.0,0.0,0.0,0.0,0.0,0.0,0.0,0.0,0.0,0.0,100,1,,,True,0.0,15.0,0.0,0.0,15.0,25.0,0.0,15.0,0.0,0.0,10.0,0.0,0.0,10.0,0.0,10.0,0.0,0.0,0.0,0.0,0.0,0.0,0.0,0.0,0.0,100.0,1.0,,
622,dual_opposition,risk-neutral,somewhat risk-seeking,True,20.0,0.0,0.0,10.0,0.0,20.0,0.0,0.0,0.0,0.0,0.0,15.0,0.0,0.0,0.0,15.0,10.0,0.0,0.0,0.0,0.0,0.0,0.0,10.0,0.0,100,2,,,True,20.0,0.0,0.0,0.0,0.0,15.0,0.0,0.0,0.0,0.0,0.0,0.0,0.0,0.0,0.0,25.0,15.0,0.0,0.0,0.0,0.0,0.0,0.0,25.0,0.0,100.0,2.0,,
623,dual_balanced,extremely risk-averse,risk-neutral,True,30.0,20.0,0.0,10.0,0.0,15.0,0.0,0.0,0.0,15.0,10.0,0.0,0.0,0.0,0.0,0.0,0.0,0.0,0.0,0.0,0.0,0.0,0.0,0.0,0.0,100,1,,,True,0.0,10.0,0.0,5.0,0.0,20.0,5.0,10.0,0.0,0.0,10.0,10.0,10.0,10.0,0.0,10.0,0.0,0.0,0.0,0.0,0.0,0.0,0.0,0.0,0.0,100.0,1.0,,
625,dual_nonbiased,,,True,15.0,0.0,0.0,5.0,0.0,25.0,0.0,0.0,0.0,0.0,0.0,15.0,0.0,10.0,10.0,15.0,0.0,0.0,0.0,0.0,0.0,0.0,0.0,5.0,0.0,100,1,,,True,0.0,15.0,0.0,5.0,0.0,20.0,0.0,0.0,0.0,0.0,0.0,15.0,0.0,10.0,10.0,20.0,0.0,0.0,0.0,0.0,0.0,0.0,0.0,5.0,0.0,100.0,1.0,,
638,dual_balanced,somewhat risk-averse,somewhat risk-seeking,True,20.0,15.0,10.0,10.0,0.0,15.0,0.0,0.0,0.0,10.0,10.0,5.0,5.0,0.0,0.0,0.0,0.0,0.0,0.0,0.0,0.0,0.0,0.0,0.0,0.0,100,1,,,True,0.0,0.0,0.0,0.0,0.0,0.0,0.0,0.0,0.0,0.0,0.0,0.0,0.0,0.0,0.0,25.0,15.0,10.0,0.0,15.0,0.0,0.0,0.0,20.0,15.0,100.0,1.0,,
653,dual_balanced,extremely risk-averse,risk-neutral,True,30.0,20.0,15.0,10.0,0.0,0.0,0.0,0.0,0.0,15.0,10.0,0.0,0.0,0.0,0.0,0.0,0.0,0.0,0.0,0.0,0.0,0.0,0.0,0.0,0.0,100,1,,,True,10.0,20.0,0.0,10.0,10.0,25.0,0.0,10.0,0.0,0.0,0.0,0.0,15.0,0.0,0.0,0.0,0.0,0.0,0.0,0.0,0.0,0.0,0.0,0.0,0.0,100.0,1.0,,
632,dual_balanced,somewhat risk-averse,extremely risk-seeking,True,15.0,15.0,10.0,10.0,0.0,15.0,0.0,0.0,0.0,10.0,10.0,0.0,10.0,0.0,5.0,0.0,0.0,0.0,0.0,0.0,0.0,0.0,0.0,0.0,0.0,100,1,,,True,0.0,0.0,0.0,0.0,0.0,0.0,0.0,0.0,0.0,0.0,0.0,0.0,0.0,0.0,0.0,25.0,0.0,20.0,20.0,0.0,0.0,0.0,0.0,20.0,15.0,100.0,1.0,,
646,dual_nonbiased,,,True,10.0,0.0,0.0,15.0,0.0,25.0,10.0,0.0,0.0,0.0,0.0,0.0,0.0,0.0,0.0,20.0,10.0,0.0,0.0,0.0,10.0,0.0,0.0,0.0,0.0,100,1,,,True,15.0,0.0,0.0,15.0,0.0,25.0,10.0,0.0,0.0,0.0,0.0,0.0,0.0,0.0,0.0,15.0,10.0,0.0,0.0,0.0,10.0,0.0,0.0,0.0,0.0,100.0,1.0,,
631,dual_nonbiased,,,True,0.0,0.0,10.0,20.0,0.0,20.0,0.0,10.0,0.0,0.0,0.0,15.0,0.0,15.0,0.0,0.0,10.0,0.0,0.0,0.0,0.0,0.0,0.0,0.0,0.0,100,1,,,True,0.0,0.0,10.0,15.0,0.0,25.0,10.0,0.0,0.0,0.0,0.0,15.0,0.0,15.0,0.0,0.0,10.0,0.0,0.0,0.0,0.0,0.0,0.0,0.0,0.0,100.0,1.0,,
634,dual_nonbiased,,,True,15.0,0.0,0.0,15.0,0.0,20.0,0.0,10.0,0.0,0.0,0.0,0.0,10.0,15.0,0.0,0.0,0.0,0.0,0.0,0.0,10.0,0.0,0.0,5.0,0.0,100,1,,,True,15.0,0.0,0.0,15.0,0.0,25.0,0.0,10.0,0.0,0.0,0.0,0.0,10.0,15.0,0.0,0.0,0.0,0.0,0.0,0.0,5.0,0.0,0.0,5.0,0.0,100.0,1.0,,
654,dual_balanced,extremely risk-seeking,somewhat risk-averse,True,0.0,0.0,0.0,0.0,0.0,0.0,0.0,0.0,0.0,0.0,0.0,0.0,0.0,0.0,0.0,25.0,15.0,0.0,0.0,10.0,0.0,0.0,5.0,30.0,15.0,100,1,,,True,20.0,15.0,0.0,10.0,0.0,15.0,0.0,0.0,0.0,10.0,10.0,10.0,10.0,0.0,0.0,0.0,0.0,0.0,0.0,0.0,0.0,0.0,0.0,0.0,0.0,100.0,1.0,,
635,dual_balanced,somewhat risk-averse,extremely risk-seeking,True,15.0,15.0,0.0,10.0,0.0,20.0,0.0,0.0,0.0,10.0,0.0,10.0,10.0,10.0,0.0,0.0,0.0,0.0,0.0,0.0,0.0,0.0,0.0,0.0,0.0,100,1,,,True,0.0,0.0,0.0,0.0,0.0,0.0,0.0,0.0,0.0,0.0,0.0,0.0,0.0,0.0,0.0,30.0,15.0,0.0,0.0,10.0,0.0,0.0,10.0,20.0,15.0,100.0,1.0,,
649,dual_opposition,somewhat risk-seeking,extremely risk-seeking,True,0.0,0.0,0.0,0.0,0.0,0.0,0.0,0.0,0.0,0.0,0.0,0.0,0.0,10.0,0.0,30.0,15.0,0.0,0.0,15.0,0.0,0.0,0.0,15.0,15.0,100,1,,,True,0.0,0.0,0.0,0.0,0.0,0.0,0.0,0.0,0.0,0.0,0.0,0.0,0.0,0.0,0.0,25.0,15.0,0.0,0.0,10.0,0.0,0.0,10.0,20.0,20.0,100.0,1.0,,
637,dual_nonbiased,,,True,10.0,0.0,0.0,15.0,0.0,0.0,15.0,0.0,0.0,20.0,0.0,20.0,0.0,0.0,0.0,0.0,0.0,0.0,0.0,0.0,10.0,0.0,0.0,10.0,0.0,100,2,,,True,0.0,15.0,0.0,10.0,0.0,0.0,15.0,20.0,20.0,0.0,0.0,0.0,0.0,0.0,0.0,15.0,0.0,0.0,0.0,0.0,0.0,0.0,0.0,0.0,5.0,100.0,2.0,,
656,dual_nonbiased,,,True,0.0,15.0,0.0,15.0,0.0,25.0,15.0,15.0,0.0,0.0,0.0,0.0,0.0,0.0,0.0,15.0,0.0,0.0,0.0,0.0,0.0,0.0,0.0,0.0,0.0,100,1,,,True,15.0,0.0,0.0,15.0,0.0,20.0,10.0,10.0,0.0,0.0,0.0,0.0,10.0,0.0,0.0,10.0,0.0,0.0,0.0,0.0,0.0,0.0,0.0,10.0,0.0,100.0,1.0,,
669,dual_nonbiased,,,True,10.0,25.0,0.0,10.0,0.0,20.0,0.0,0.0,5.0,10.0,0.0,0.0,10.0,0.0,0.0,0.0,0.0,0.0,0.0,0.0,0.0,0.0,5.0,5.0,0.0,100,1,,,True,10.0,20.0,0.0,10.0,0.0,20.0,0.0,0.0,10.0,10.0,0.0,0.0,10.0,0.0,0.0,0.0,0.0,0.0,0.0,0.0,0.0,0.0,5.0,5.0,0.0,100.0,1.0,,
667,dual_nonbiased,,,True,0.0,15.0,0.0,10.0,0.0,20.0,10.0,10.0,0.0,0.0,0.0,10.0,15.0,0.0,0.0,10.0,0.0,0.0,0.0,0.0,0.0,0.0,0.0,0.0,0.0,100,1,,,True,0.0,10.0,0.0,10.0,0.0,20.0,10.0,10.0,0.0,0.0,0.0,10.0,10.0,10.0,0.0,10.0,0.0,0.0,0.0,0.0,0.0,0.0,0.0,0.0,0.0,100.0,1.0,,
670,dual_nonbiased,,,True,15.0,0.0,0.0,10.0,0.0,25.0,10.0,0.0,0.0,0.0,0.0,0.0,0.0,10.0,15.0,0.0,0.0,10.0,0.0,0.0,0.0,0.0,0.0,0.0,5.0,100,1,,,True,0.0,0.0,0.0,15.0,0.0,25.0,15.0,0.0,0.0,0.0,0.0,0.0,0.0,10.0,15.0,0.0,0.0,10.0,0.0,0.0,0.0,0.0,0.0,0.0,10.0,100.0,1.0,,
658,dual_opposition,extremely risk-averse,somewhat risk-averse,True,40.0,25.0,15.0,10.0,0.0,0.0,0.0,0.0,0.0,10.0,0.0,0.0,0.0,0.0,0.0,0.0,0.0,0.0,0.0,0.0,0.0,0.0,0.0,0.0,0.0,100,2,,,True,25.0,20.0,15.0,20.0,0.0,0.0,0.0,0.0,0.0,20.0,0.0,0.0,0.0,0.0,0.0,0.0,0.0,0.0,0.0,0.0,0.0,0.0,0.0,0.0,0.0,100.0,2.0,,
660,dual_opposition,extremely risk-seeking,risk-neutral,True,0.0,0.0,0.0,0.0,0.0,0.0,0.0,0.0,0.0,0.0,0.0,0.0,0.0,0.0,0.0,30.0,10.0,0.0,0.0,10.0,0.0,0.0,0.0,30.0,20.0,100,1,,,True,0.0,15.0,0.0,10.0,0.0,20.0,10.0,10.0,0.0,0.0,0.0,0.0,10.0,5.0,0.0,10.0,0.0,0.0,0.0,0.0,0.0,0.0,0.0,5.0,5.0,100.0,1.0,,
676,dual_opposition,somewhat risk-seeking,somewhat risk-seeking,True,0.0,0.0,0.0,0.0,0.0,20.0,0.0,0.0,0.0,0.0,0.0,0.0,0.0,0.0,0.0,25.0,15.0,0.0,0.0,15.0,0.0,0.0,0.0,15.0,10.0,100,1,,,True,0.0,0.0,0.0,0.0,0.0,20.0,0.0,0.0,0.0,0.0,0.0,0.0,0.0,10.0,0.0,20.0,15.0,0.0,0.0,10.0,0.0,0.0,0.0,15.0,10.0,100.0,1.0,,
672,dual_opposition,somewhat risk-averse,somewhat risk-averse,True,20.0,15.0,10.0,10.0,0.0,10.0,0.0,0.0,0.0,15.0,10.0,5.0,5.0,0.0,0.0,0.0,0.0,0.0,0.0,0.0,0.0,0.0,0.0,0.0,0.0,100,1,,,True,20.0,15.0,10.0,10.0,0.0,15.0,0.0,0.0,0.0,15.0,10.0,0.0,5.0,0.0,0.0,0.0,0.0,0.0,0.0,0.0,0.0,0.0,0.0,0.0,0.0,100.0,1.0,,
666,dual_opposition,extremely risk-seeking,extremely risk-seeking,True,0.0,0.0,0.0,0.0,0.0,0.0,0.0,0.0,0.0,0.0,0.0,0.0,0.0,0.0,0.0,25.0,20.0,0.0,0.0,0.0,0.0,0.0,10.0,35.0,10.0,100,1,,,True,0.0,0.0,0.0,0.0,0.0,0.0,0.0,0.0,0.0,0.0,0.0,0.0,0.0,0.0,0.0,20.0,15.0,0.0,10.0,0.0,0.0,0.0,10.0,25.0,20.0,100.0,1.0,,
661,dual_nonbiased,,,True,0.0,0.0,0.0,15.0,0.0,30.0,10.0,0.0,0.0,15.0,0.0,15.0,0.0,0.0,0.0,15.0,0.0,0.0,0.0,0.0,0.0,0.0,0.0,0.0,0.0,100,2,,,True,0.0,0.0,0.0,15.0,0.0,35.0,0.0,0.0,0.0,15.0,10.0,15.0,0.0,0.0,0.0,10.0,0.0,0.0,0.0,0.0,0.0,0.0,0.0,0.0,0.0,100.0,2.0,,
678,dual_balanced,extremely risk-seeking,extremely risk-averse,True,0.0,0.0,0.0,0.0,0.0,0.0,0.0,0.0,0.0,0.0,0.0,0.0,0.0,0.0,0.0,30.0,15.0,0.0,0.0,0.0,0.0,0.0,20.0,20.0,15.0,100,3,,,True,15.0,0.0,20.0,15.0,0.0,20.0,0.0,0.0,0.0,15.0,15.0,0.0,0.0,0.0,0.0,0.0,0.0,0.0,0.0,0.0,0.0,0.0,0.0,0.0,0.0,100.0,2.0,,
680,dual_opposition,extremely risk-averse,extremely risk-averse,True,35.0,20.0,15.0,15.0,0.0,0.0,0.0,0.0,0.0,15.0,0.0,0.0,0.0,0.0,0.0,0.0,0.0,0.0,0.0,0.0,0.0,0.0,0.0,0.0,0.0,100,1,,,True,40.0,20.0,0.0,15.0,0.0,10.0,0.0,0.0,0.0,10.0,5.0,0.0,0.0,0.0,0.0,0.0,0.0,0.0,0.0,0.0,0.0,0.0,0.0,0.0,0.0,100.0,1.0,,
681,dual_balanced,somewhat risk-averse,extremely risk-seeking,True,25.0,20.0,0.0,10.0,0.0,30.0,0.0,0.0,0.0,15.0,0.0,0.0,0.0,0.0,0.0,0.0,0.0,0.0,0.0,0.0,0.0,0.0,0.0,0.0,0.0,100,1,,,True,0.0,0.0,0.0,0.0,0.0,0.0,0.0,0.0,0.0,0.0,0.0,0.0,0.0,0.0,0.0,30.0,15.0,0.0,0.0,15.0,0.0,0.0,0.0,25.0,15.0,100.0,1.0,,
682,dual_nonbiased,,,True,0.0,0.0,15.0,10.0,0.0,25.0,0.0,10.0,0.0,10.0,0.0,0.0,10.0,10.0,0.0,10.0,0.0,0.0,0.0,0.0,0.0,0.0,0.0,0.0,0.0,100,1,,,True,0.0,0.0,20.0,10.0,0.0,25.0,10.0,10.0,0.0,5.0,0.0,0.0,0.0,5.0,5.0,10.0,0.0,0.0,0.0,0.0,0.0,0.0,0.0,0.0,0.0,100.0,1.0,,
688,dual_opposition,extremely risk-seeking,extremely risk-seeking,True,0.0,0.0,0.0,0.0,0.0,0.0,0.0,0.0,0.0,0.0,0.0,0.0,0.0,0.0,0.0,20.0,20.0,0.0,0.0,10.0,0.0,0.0,10.0,25.0,15.0,100,1,,,True,0.0,0.0,0.0,0.0,0.0,0.0,0.0,0.0,0.0,0.0,0.0,0.0,0.0,0.0,0.0,25.0,15.0,0.0,0.0,15.0,0.0,0.0,10.0,20.0,15.0,100.0,1.0,,
679,dual_nonbiased,,,True,15.0,0.0,0.0,10.0,5.0,20.0,10.0,10.0,0.0,0.0,0.0,10.0,0.0,0.0,0.0,10.0,0.0,0.0,0.0,0.0,0.0,0.0,0.0,10.0,0.0,100,1,,,True,15.0,0.0,0.0,5.0,0.0,15.0,0.0,5.0,0.0,10.0,0.0,10.0,10.0,0.0,5.0,10.0,5.0,5.0,0.0,0.0,0.0,0.0,0.0,5.0,0.0,100.0,1.0,,
687,dual_opposition,somewhat risk-seeking,risk-neutral,True,0.0,0.0,0.0,0.0,0.0,0.0,0.0,0.0,0.0,0.0,0.0,0.0,0.0,0.0,0.0,0.0,0.0,0.0,10.0,0.0,15.0,30.0,25.0,0.0,20.0,100,3,,,True,0.0,20.0,15.0,0.0,0.0,25.0,0.0,0.0,0.0,0.0,0.0,0.0,0.0,0.0,0.0,10.0,0.0,0.0,0.0,10.0,0.0,10.0,10.0,0.0,0.0,100.0,3.0,,
685,dual_nonbiased,,,True,10.0,5.0,0.0,6.0,5.0,15.0,0.0,8.0,8.0,0.0,0.0,10.0,10.0,10.0,7.0,0.0,0.0,0.0,0.0,0.0,0.0,0.0,0.0,0.0,6.0,100,1,,,True,0.0,10.0,0.0,5.0,10.0,15.0,0.0,10.0,10.0,0.0,0.0,0.0,10.0,10.0,10.0,0.0,0.0,0.0,0.0,0.0,5.0,0.0,0.0,0.0,5.0,100.0,1.0,,
698,dual_nonbiased,,,True,0.0,15.0,0.0,10.0,0.0,30.0,15.0,0.0,0.0,0.0,0.0,0.0,0.0,15.0,0.0,15.0,0.0,0.0,0.0,0.0,0.0,0.0,0.0,0.0,0.0,100,1,,,True,15.0,0.0,0.0,10.0,0.0,25.0,10.0,10.0,0.0,0.0,0.0,0.0,10.0,10.0,0.0,10.0,0.0,0.0,0.0,0.0,0.0,0.0,0.0,0.0,0.0,100.0,1.0,,
686,dual_balanced,extremely risk-seeking,somewhat risk-averse,True,0.0,0.0,0.0,0.0,0.0,0.0,0.0,0.0,0.0,0.0,0.0,0.0,0.0,0.0,0.0,30.0,15.0,0.0,0.0,0.0,0.0,0.0,10.0,25.0,20.0,100,1,,,True,20.0,20.0,0.0,15.0,0.0,15.0,0.0,5.0,0.0,15.0,0.0,0.0,0.0,5.0,5.0,0.0,0.0,0.0,0.0,0.0,0.0,0.0,0.0,0.0,0.0,100.0,1.0,,
691,dual_opposition,risk-neutral,risk-neutral,True,5.0,10.0,0.0,5.0,0.0,20.0,10.0,5.0,0.0,0.0,10.0,0.0,10.0,10.0,10.0,5.0,0.0,0.0,0.0,0.0,0.0,0.0,0.0,0.0,0.0,100,1,,,True,10.0,10.0,0.0,5.0,0.0,20.0,10.0,5.0,5.0,0.0,5.0,0.0,10.0,5.0,10.0,5.0,0.0,0.0,0.0,0.0,0.0,0.0,0.0,0.0,0.0,100.0,1.0,,
701,dual_nonbiased,,,True,0.0,15.0,0.0,10.0,0.0,25.0,10.0,10.0,0.0,0.0,0.0,10.0,10.0,0.0,0.0,10.0,0.0,0.0,0.0,0.0,0.0,0.0,0.0,0.0,0.0,100,1,,,True,0.0,15.0,0.0,10.0,0.0,20.0,10.0,10.0,0.0,0.0,0.0,0.0,10.0,10.0,0.0,15.0,0.0,0.0,0.0,0.0,0.0,0.0,0.0,0.0,0.0,100.0,1.0,,
695,dual_opposition,extremely risk-seeking,somewhat risk-seeking,True,0.0,0.0,0.0,0.0,0.0,0.0,0.0,0.0,0.0,0.0,0.0,0.0,0.0,0.0,0.0,20.0,0.0,15.0,0.0,0.0,0.0,15.0,10.0,25.0,15.0,100,2,,,True,0.0,0.0,0.0,0.0,0.0,0.0,0.0,0.0,0.0,0.0,0.0,0.0,0.0,10.0,0.0,20.0,0.0,10.0,15.0,10.0,0.0,0.0,10.0,15.0,10.0,100.0,2.0,,
699,dual_opposition,risk-neutral,somewhat risk-seeking,True,0.0,20.0,0.0,10.0,0.0,30.0,10.0,0.0,0.0,0.0,0.0,10.0,10.0,10.0,0.0,0.0,0.0,0.0,0.0,0.0,0.0,0.0,0.0,0.0,0.0,100,1,,,True,0.0,0.0,0.0,0.0,0.0,0.0,0.0,0.0,0.0,0.0,0.0,0.0,0.0,10.0,0.0,25.0,15.0,5.0,0.0,15.0,0.0,0.0,0.0,20.0,10.0,100.0,1.0,,
706,dual_balanced,somewhat risk-seeking,extremely risk-averse,True,0.0,0.0,0.0,0.0,0.0,15.0,0.0,0.0,0.0,0.0,0.0,0.0,0.0,0.0,0.0,25.0,15.0,0.0,0.0,10.0,0.0,0.0,0.0,20.0,15.0,100,1,,,True,35.0,15.0,10.0,10.0,0.0,10.0,0.0,0.0,0.0,10.0,10.0,0.0,0.0,0.0,0.0,0.0,0.0,0.0,0.0,0.0,0.0,0.0,0.0,0.0,0.0,100.0,1.0,,
700,dual_nonbiased,,,True,0.0,0.0,0.0,0.0,0.0,0.0,0.0,0.0,0.0,0.0,0.0,0.0,0.0,0.0,0.0,20.0,0.0,0.0,20.0,30.0,0.0,0.0,0.0,20.0,10.0,100,2,,,True,0.0,0.0,0.0,0.0,0.0,0.0,0.0,0.0,0.0,0.0,0.0,0.0,0.0,0.0,0.0,30.0,0.0,0.0,15.0,20.0,0.0,0.0,0.0,25.0,10.0,100.0,2.0,,
707,dual_opposition,extremely risk-averse,somewhat risk-averse,True,40.0,20.0,0.0,10.0,0.0,10.0,0.0,0.0,0.0,10.0,10.0,0.0,0.0,0.0,0.0,0.0,0.0,0.0,0.0,0.0,0.0,0.0,0.0,0.0,0.0,100,1,,,True,15.0,15.0,10.0,10.0,0.0,25.0,0.0,0.0,0.0,10.0,10.0,0.0,5.0,0.0,0.0,0.0,0.0,0.0,0.0,0.0,0.0,0.0,0.0,0.0,0.0,100.0,1.0,,
702,dual_balanced,somewhat risk-averse,somewhat risk-seeking,True,25.0,20.0,0.0,10.0,0.0,20.0,5.0,5.0,0.0,10.0,0.0,0.0,0.0,0.0,0.0,5.0,0.0,0.0,0.0,0.0,0.0,0.0,0.0,0.0,0.0,100,1,,,True,0.0,0.0,0.0,0.0,0.0,0.0,15.0,20.0,0.0,0.0,0.0,0.0,0.0,0.0,0.0,25.0,20.0,0.0,0.0,0.0,0.0,0.0,0.0,20.0,0.0,100.0,2.0,,
722,dual_balanced,extremely risk-seeking,somewhat risk-averse,True,0.0,0.0,0.0,0.0,0.0,0.0,0.0,0.0,0.0,0.0,0.0,0.0,0.0,0.0,0.0,30.0,15.0,0.0,0.0,10.0,0.0,0.0,0.0,30.0,15.0,100,1,,,True,15.0,15.0,10.0,15.0,0.0,15.0,0.0,5.0,0.0,15.0,10.0,0.0,0.0,0.0,0.0,0.0,0.0,0.0,0.0,0.0,0.0,0.0,0.0,0.0,0.0,100.0,1.0,,
733,dual_balanced,extremely risk-seeking,extremely risk-averse,True,0.0,0.0,0.0,0.0,0.0,0.0,0.0,0.0,0.0,0.0,0.0,0.0,0.0,0.0,0.0,20.0,15.0,0.0,0.0,10.0,0.0,0.0,10.0,25.0,20.0,100,1,,,True,30.0,15.0,15.0,10.0,0.0,10.0,0.0,0.0,0.0,10.0,10.0,0.0,0.0,0.0,0.0,0.0,0.0,0.0,0.0,0.0,0.0,0.0,0.0,0.0,0.0,100.0,1.0,,
711,dual_nonbiased,,,True,20.0,0.0,0.0,10.0,10.0,20.0,0.0,10.0,0.0,0.0,0.0,0.0,0.0,10.0,0.0,10.0,5.0,0.0,0.0,0.0,0.0,0.0,0.0,5.0,0.0,100,1,,,True,15.0,0.0,0.0,10.0,5.0,20.0,0.0,10.0,0.0,0.0,0.0,0.0,10.0,10.0,0.0,10.0,5.0,0.0,0.0,0.0,0.0,0.0,0.0,5.0,0.0,100.0,1.0,,
731,dual_opposition,somewhat risk-seeking,extremely risk-seeking,True,0.0,0.0,0.0,0.0,0.0,0.0,0.0,0.0,0.0,0.0,0.0,0.0,0.0,0.0,0.0,20.0,15.0,10.0,0.0,10.0,0.0,0.0,10.0,20.0,15.0,100,1,,,True,0.0,0.0,0.0,0.0,0.0,0.0,0.0,0.0,0.0,0.0,0.0,0.0,0.0,0.0,0.0,20.0,15.0,0.0,0.0,0.0,0.0,0.0,15.0,30.0,20.0,100.0,1.0,,
714,dual_nonbiased,,,True,10.0,10.0,0.0,10.0,0.0,20.0,0.0,0.0,0.0,10.0,0.0,10.0,15.0,0.0,0.0,15.0,0.0,0.0,0.0,0.0,0.0,0.0,0.0,0.0,0.0,100,1,,,True,10.0,10.0,0.0,15.0,0.0,15.0,10.0,0.0,0.0,10.0,0.0,15.0,0.0,0.0,0.0,15.0,0.0,0.0,0.0,0.0,0.0,0.0,0.0,0.0,0.0,100.0,1.0,,
723,dual_nonbiased,,,True,10.0,0.0,0.0,10.0,0.0,30.0,10.0,10.0,0.0,0.0,0.0,10.0,10.0,0.0,0.0,10.0,0.0,0.0,0.0,0.0,0.0,0.0,0.0,0.0,0.0,100,1,,,True,10.0,10.0,0.0,10.0,0.0,30.0,10.0,10.0,0.0,0.0,0.0,0.0,10.0,0.0,0.0,10.0,0.0,0.0,0.0,0.0,0.0,0.0,0.0,0.0,0.0,100.0,1.0,,
734,dual_balanced,extremely risk-averse,risk-neutral,True,35.0,20.0,0.0,15.0,0.0,10.0,0.0,0.0,0.0,10.0,10.0,0.0,0.0,0.0,0.0,0.0,0.0,0.0,0.0,0.0,0.0,0.0,0.0,0.0,0.0,100,1,,,True,0.0,20.0,0.0,10.0,0.0,30.0,0.0,0.0,0.0,10.0,0.0,15.0,0.0,15.0,0.0,0.0,0.0,0.0,0.0,0.0,0.0,0.0,0.0,0.0,0.0,100.0,1.0,,
739,dual_balanced,extremely risk-averse,extremely risk-seeking,True,35.0,20.0,5.0,15.0,0.0,10.0,0.0,0.0,0.0,15.0,0.0,0.0,0.0,0.0,0.0,0.0,0.0,0.0,0.0,0.0,0.0,0.0,0.0,0.0,0.0,100,1,,,True,0.0,0.0,0.0,0.0,0.0,0.0,0.0,0.0,0.0,0.0,0.0,0.0,0.0,0.0,0.0,30.0,15.0,0.0,0.0,15.0,0.0,0.0,0.0,25.0,15.0,100.0,1.0,,
748,dual_nonbiased,,,True,15.0,0.0,0.0,10.0,0.0,20.0,10.0,0.0,0.0,0.0,0.0,0.0,0.0,15.0,15.0,15.0,0.0,0.0,0.0,0.0,0.0,0.0,0.0,0.0,0.0,100,1,,,True,0.0,15.0,0.0,10.0,0.0,15.0,10.0,5.0,0.0,0.0,0.0,0.0,10.0,10.0,15.0,10.0,0.0,0.0,0.0,0.0,0.0,0.0,0.0,0.0,0.0,100.0,1.0,,
710,dual_nonbiased,,,True,10.0,10.0,0.0,10.0,0.0,15.0,0.0,5.0,0.0,0.0,5.0,15.0,15.0,10.0,0.0,0.0,0.0,0.0,0.0,0.0,0.0,0.0,0.0,5.0,0.0,100,1,,,True,10.0,10.0,0.0,10.0,0.0,15.0,5.0,5.0,0.0,0.0,10.0,10.0,10.0,5.0,0.0,5.0,0.0,0.0,0.0,0.0,0.0,0.0,0.0,5.0,0.0,100.0,1.0,,
753,dual_nonbiased,,,True,0.0,20.0,0.0,15.0,10.0,30.0,10.0,0.0,0.0,0.0,5.0,10.0,0.0,0.0,0.0,0.0,0.0,0.0,0.0,0.0,0.0,0.0,0.0,0.0,0.0,100,1,,,True,10.0,15.0,0.0,0.0,10.0,25.0,10.0,10.0,0.0,0.0,0.0,10.0,0.0,0.0,0.0,10.0,0.0,0.0,0.0,0.0,0.0,0.0,0.0,0.0,0.0,100.0,2.0,,
749,dual_nonbiased,,,True,0.0,0.0,10.0,10.0,0.0,20.0,10.0,10.0,5.0,0.0,10.0,0.0,10.0,0.0,0.0,0.0,0.0,0.0,0.0,0.0,0.0,0.0,0.0,10.0,5.0,100,1,,,True,0.0,0.0,10.0,10.0,0.0,20.0,0.0,10.0,0.0,0.0,15.0,0.0,15.0,0.0,0.0,10.0,0.0,0.0,0.0,0.0,0.0,0.0,0.0,10.0,0.0,100.0,1.0,,
752,dual_opposition,somewhat risk-averse,somewhat risk-averse,True,0.0,0.0,0.0,20.0,0.0,30.0,0.0,0.0,0.0,15.0,0.0,15.0,0.0,0.0,10.0,10.0,0.0,0.0,0.0,0.0,0.0,0.0,0.0,0.0,0.0,100,2,,,True,0.0,0.0,0.0,30.0,0.0,15.0,0.0,0.0,0.0,25.0,20.0,0.0,0.0,0.0,0.0,10.0,0.0,0.0,0.0,0.0,0.0,0.0,0.0,0.0,0.0,100.0,2.0,,
758,dual_nonbiased,,,True,0.0,10.0,0.0,0.0,0.0,25.0,15.0,10.0,0.0,0.0,0.0,0.0,0.0,0.0,15.0,20.0,0.0,0.0,0.0,0.0,0.0,0.0,0.0,5.0,0.0,100,2,Adjusted allocation based on user feedback to cap SPY at 25% and remove GLD.,,True,0.0,10.0,0.0,0.0,0.0,25.0,0.0,10.0,0.0,0.0,0.0,5.0,10.0,0.0,15.0,20.0,0.0,0.0,0.0,0.0,0.0,0.0,0.0,5.0,0.0,100.0,2.0,Revised allocation based on user feedback to exclude GLD and cap SPY at 25%.,
756,dual_balanced,extremely risk-seeking,somewhat risk-averse,True,0.0,0.0,0.0,0.0,0.0,0.0,0.0,0.0,0.0,0.0,0.0,0.0,0.0,0.0,0.0,20.0,15.0,0.0,0.0,0.0,0.0,0.0,10.0,40.0,15.0,100,1,,,True,20.0,15.0,10.0,15.0,0.0,10.0,0.0,0.0,0.0,10.0,10.0,0.0,10.0,0.0,0.0,0.0,0.0,0.0,0.0,0.0,0.0,0.0,0.0,0.0,0.0,100.0,1.0,,
762,dual_nonbiased,,,True,10.0,0.0,0.0,5.0,0.0,5.0,0.0,0.0,0.0,0.0,0.0,0.0,40.0,40.0,0.0,0.0,0.0,0.0,0.0,0.0,0.0,0.0,0.0,0.0,0.0,100,2,,,True,5.0,0.0,0.0,5.0,0.0,10.0,0.0,0.0,0.0,0.0,0.0,0.0,40.0,40.0,0.0,0.0,0.0,0.0,0.0,0.0,0.0,0.0,0.0,0.0,0.0,100.0,2.0,,
757,dual_nonbiased,,,True,0.0,10.0,0.0,10.0,0.0,15.0,0.0,15.0,10.0,10.0,10.0,0.0,5.0,10.0,0.0,0.0,5.0,0.0,0.0,0.0,0.0,0.0,0.0,0.0,0.0,100,1,,,True,0.0,10.0,0.0,10.0,0.0,20.0,0.0,15.0,10.0,5.0,10.0,0.0,10.0,10.0,0.0,0.0,0.0,0.0,0.0,0.0,0.0,0.0,0.0,0.0,0.0,100.0,1.0,,
761,dual_nonbiased,,,True,10.0,0.0,0.0,20.0,0.0,30.0,15.0,0.0,0.0,0.0,0.0,0.0,0.0,0.0,10.0,15.0,0.0,0.0,0.0,0.0,0.0,0.0,0.0,0.0,0.0,100,1,,,True,10.0,0.0,0.0,10.0,0.0,25.0,10.0,10.0,0.0,0.0,0.0,0.0,15.0,0.0,0.0,20.0,0.0,0.0,0.0,0.0,0.0,0.0,0.0,0.0,0.0,100.0,1.0,,
760,dual_nonbiased,,,True,0.0,0.0,0.0,0.0,0.0,0.0,0.0,0.0,0.0,0.0,0.0,20.0,25.0,0.0,15.0,30.0,0.0,0.0,0.0,10.0,0.0,0.0,0.0,0.0,0.0,100,2,,,True,0.0,0.0,0.0,0.0,0.0,0.0,0.0,0.0,0.0,0.0,0.0,20.0,25.0,0.0,15.0,30.0,0.0,0.0,0.0,10.0,0.0,0.0,0.0,0.0,0.0,100.0,2.0,,
765,dual_nonbiased,,,True,0.0,10.0,10.0,5.0,0.0,25.0,10.0,10.0,0.0,0.0,0.0,0.0,15.0,0.0,0.0,15.0,0.0,0.0,0.0,0.0,0.0,0.0,0.0,0.0,0.0,100,1,,,True,5.0,15.0,10.0,5.0,0.0,30.0,10.0,10.0,0.0,0.0,0.0,0.0,0.0,0.0,0.0,15.0,0.0,0.0,0.0,0.0,0.0,0.0,0.0,0.0,0.0,100.0,1.0,,
766,dual_nonbiased,,,True,10.0,0.0,0.0,10.0,0.0,25.0,10.0,0.0,0.0,5.0,0.0,10.0,10.0,5.0,0.0,10.0,0.0,0.0,0.0,5.0,0.0,0.0,0.0,0.0,0.0,100,1,,,True,0.0,10.0,0.0,10.0,0.0,30.0,10.0,0.0,0.0,10.0,0.0,5.0,5.0,5.0,0.0,10.0,0.0,0.0,0.0,5.0,0.0,0.0,0.0,0.0,0.0,100.0,1.0,,
768,dual_balanced,somewhat risk-seeking,extremely risk-averse,True,0.0,0.0,0.0,0.0,0.0,0.0,0.0,0.0,0.0,0.0,0.0,0.0,0.0,0.0,0.0,20.0,10.0,15.0,0.0,10.0,15.0,0.0,0.0,15.0,15.0,100,1,,,True,35.0,20.0,0.0,15.0,0.0,10.0,0.0,0.0,0.0,10.0,10.0,0.0,0.0,0.0,0.0,0.0,0.0,0.0,0.0,0.0,0.0,0.0,0.0,0.0,0.0,100.0,1.0,,
770,dual_balanced,extremely risk-seeking,extremely risk-averse,True,0.0,0.0,0.0,0.0,0.0,0.0,0.0,0.0,0.0,0.0,0.0,0.0,0.0,0.0,0.0,20.0,15.0,0.0,0.0,15.0,0.0,0.0,0.0,30.0,20.0,100,1,,,True,30.0,25.0,15.0,15.0,0.0,0.0,0.0,0.0,0.0,10.0,5.0,0.0,0.0,0.0,0.0,0.0,0.0,0.0,0.0,0.0,0.0,0.0,0.0,0.0,0.0,100.0,1.0,,
769,dual_nonbiased,,,True,10.0,0.0,0.0,10.0,10.0,20.0,0.0,0.0,10.0,10.0,0.0,10.0,10.0,0.0,0.0,0.0,0.0,0.0,0.0,0.0,0.0,0.0,0.0,0.0,10.0,100,1,,,True,15.0,0.0,0.0,10.0,0.0,20.0,0.0,10.0,10.0,10.0,0.0,10.0,10.0,0.0,0.0,0.0,0.0,0.0,0.0,0.0,0.0,0.0,0.0,0.0,5.0,100.0,1.0,,
771,dual_balanced,somewhat risk-seeking,somewhat risk-averse,True,0.0,0.0,0.0,0.0,0.0,20.0,0.0,0.0,0.0,0.0,0.0,0.0,0.0,10.0,0.0,20.0,10.0,0.0,0.0,0.0,0.0,0.0,10.0,20.0,10.0,100,3,,,True,0.0,20.0,20.0,10.0,0.0,30.0,0.0,0.0,0.0,10.0,10.0,0.0,0.0,0.0,0.0,0.0,0.0,0.0,0.0,0.0,0.0,0.0,0.0,0.0,0.0,100.0,3.0,,
772,dual_opposition,somewhat risk-seeking,extremely risk-seeking,True,0.0,0.0,0.0,0.0,0.0,0.0,0.0,0.0,0.0,0.0,0.0,0.0,0.0,0.0,0.0,0.0,0.0,15.0,0.0,0.0,10.0,10.0,15.0,25.0,25.0,100,2,,,True,0.0,0.0,0.0,0.0,0.0,0.0,0.0,0.0,0.0,0.0,0.0,0.0,0.0,0.0,0.0,0.0,0.0,0.0,0.0,0.0,15.0,10.0,15.0,30.0,30.0,100.0,2.0,,
774,dual_opposition,risk-neutral,somewhat risk-averse,True,20.0,0.0,0.0,0.0,0.0,30.0,15.0,0.0,10.0,0.0,0.0,15.0,10.0,0.0,0.0,0.0,0.0,0.0,0.0,0.0,0.0,0.0,0.0,0.0,0.0,100,2,,,True,30.0,15.0,0.0,10.0,0.0,0.0,0.0,0.0,0.0,15.0,10.0,10.0,10.0,0.0,0.0,0.0,0.0,0.0,0.0,0.0,0.0,0.0,0.0,0.0,0.0,100.0,2.0,,
776,dual_opposition,extremely risk-seeking,risk-neutral,True,0.0,0.0,0.0,0.0,0.0,0.0,0.0,0.0,0.0,0.0,0.0,0.0,0.0,0.0,0.0,30.0,20.0,0.0,0.0,15.0,0.0,0.0,0.0,25.0,10.0,100,1,,,True,0.0,20.0,0.0,10.0,0.0,30.0,15.0,0.0,0.0,0.0,0.0,15.0,0.0,10.0,0.0,0.0,0.0,0.0,0.0,0.0,0.0,0.0,0.0,0.0,0.0,100.0,1.0,,
783,dual_opposition,somewhat risk-averse,somewhat risk-averse,True,40.0,20.0,15.0,10.0,0.0,0.0,0.0,0.0,0.0,10.0,5.0,0.0,0.0,0.0,0.0,0.0,0.0,0.0,0.0,0.0,0.0,0.0,0.0,0.0,0.0,100,5,,,True,35.0,25.0,10.0,10.0,0.0,10.0,0.0,0.0,0.0,10.0,0.0,0.0,0.0,0.0,0.0,0.0,0.0,0.0,0.0,0.0,0.0,0.0,0.0,0.0,0.0,100.0,5.0,,
777,dual_opposition,risk-neutral,risk-neutral,True,0.0,15.0,10.0,5.0,10.0,25.0,0.0,5.0,5.0,0.0,0.0,10.0,10.0,0.0,0.0,0.0,0.0,0.0,0.0,0.0,0.0,0.0,0.0,5.0,0.0,100,1,,,True,0.0,10.0,5.0,5.0,10.0,25.0,0.0,10.0,10.0,0.0,0.0,10.0,10.0,5.0,0.0,0.0,0.0,0.0,0.0,0.0,0.0,0.0,0.0,0.0,0.0,100.0,1.0,,
780,dual_opposition,extremely risk-seeking,somewhat risk-seeking,True,0.0,0.0,0.0,0.0,0.0,0.0,0.0,0.0,0.0,0.0,0.0,0.0,0.0,0.0,0.0,20.0,15.0,0.0,0.0,10.0,0.0,0.0,10.0,25.0,20.0,100,1,,,True,0.0,0.0,0.0,0.0,0.0,0.0,0.0,0.0,0.0,0.0,0.0,0.0,0.0,0.0,0.0,25.0,10.0,0.0,0.0,10.0,10.0,0.0,15.0,15.0,15.0,100.0,1.0,,
786,dual_balanced,somewhat risk-averse,somewhat risk-seeking,True,25.0,15.0,0.0,10.0,0.0,25.0,10.0,0.0,0.0,0.0,0.0,15.0,0.0,0.0,0.0,0.0,0.0,0.0,0.0,0.0,0.0,0.0,0.0,0.0,0.0,100,1,,,True,0.0,0.0,0.0,0.0,0.0,0.0,0.0,0.0,0.0,0.0,0.0,0.0,0.0,0.0,0.0,30.0,0.0,10.0,0.0,0.0,15.0,0.0,10.0,15.0,20.0,100.0,1.0,,
788,dual_opposition,extremely risk-seeking,extremely risk-seeking,True,0.0,0.0,0.0,0.0,0.0,0.0,0.0,0.0,0.0,0.0,0.0,0.0,0.0,0.0,0.0,20.0,15.0,0.0,0.0,15.0,0.0,10.0,0.0,25.0,15.0,100,1,,,True,0.0,0.0,0.0,0.0,0.0,0.0,0.0,0.0,0.0,0.0,0.0,0.0,0.0,0.0,0.0,20.0,0.0,0.0,15.0,15.0,0.0,10.0,0.0,25.0,15.0,100.0,1.0,,
798,dual_balanced,somewhat risk-seeking,somewhat risk-averse,True,0.0,0.0,0.0,0.0,0.0,0.0,0.0,0.0,0.0,0.0,0.0,0.0,0.0,0.0,0.0,30.0,15.0,10.0,0.0,15.0,0.0,0.0,0.0,15.0,15.0,100,2,,,True,20.0,15.0,0.0,15.0,0.0,20.0,0.0,0.0,0.0,0.0,0.0,15.0,0.0,0.0,0.0,15.0,0.0,0.0,0.0,0.0,0.0,0.0,0.0,0.0,0.0,100.0,2.0,,
806,dual_nonbiased,,,True,15.0,0.0,0.0,15.0,0.0,30.0,0.0,15.0,0.0,0.0,0.0,0.0,15.0,0.0,0.0,0.0,0.0,0.0,0.0,0.0,10.0,0.0,0.0,0.0,0.0,100,1,,,True,15.0,0.0,0.0,20.0,0.0,25.0,0.0,15.0,0.0,0.0,0.0,10.0,0.0,0.0,0.0,0.0,0.0,0.0,0.0,0.0,10.0,5.0,0.0,0.0,0.0,100.0,1.0,,
787,dual_nonbiased,,,True,5.0,10.0,10.0,10.0,0.0,20.0,5.0,10.0,0.0,0.0,0.0,10.0,10.0,5.0,0.0,5.0,0.0,0.0,0.0,0.0,0.0,0.0,0.0,0.0,0.0,100,1,,,True,5.0,10.0,10.0,10.0,0.0,15.0,5.0,10.0,0.0,0.0,0.0,10.0,5.0,5.0,5.0,5.0,0.0,0.0,0.0,0.0,0.0,0.0,5.0,0.0,0.0,90.0,1.0,Normalized from raw sum of 90,
801,dual_opposition,somewhat risk-seeking,extremely risk-seeking,True,0.0,0.0,0.0,0.0,0.0,0.0,0.0,20.0,0.0,0.0,0.0,0.0,0.0,0.0,0.0,30.0,0.0,0.0,10.0,10.0,0.0,0.0,0.0,15.0,15.0,100,2,,,True,0.0,0.0,0.0,0.0,0.0,0.0,0.0,15.0,0.0,0.0,0.0,0.0,0.0,0.0,0.0,35.0,0.0,0.0,10.0,10.0,0.0,0.0,0.0,15.0,15.0,100.0,2.0,,
809,dual_opposition,risk-neutral,risk-neutral,True,0.0,10.0,0.0,10.0,5.0,30.0,0.0,10.0,0.0,10.0,0.0,0.0,10.0,0.0,10.0,0.0,0.0,0.0,0.0,0.0,0.0,0.0,0.0,5.0,0.0,100,1,,,True,0.0,15.0,0.0,10.0,0.0,30.0,10.0,10.0,0.0,10.0,0.0,0.0,10.0,0.0,0.0,0.0,0.0,0.0,0.0,0.0,0.0,0.0,0.0,5.0,0.0,100.0,1.0,,
808,dual_balanced,somewhat risk-averse,risk-neutral,True,30.0,10.0,0.0,10.0,0.0,20.0,0.0,0.0,0.0,10.0,0.0,10.0,10.0,0.0,0.0,0.0,0.0,0.0,0.0,0.0,0.0,0.0,0.0,0.0,0.0,100,1,,,True,10.0,15.0,0.0,10.0,0.0,25.0,0.0,10.0,0.0,0.0,0.0,10.0,10.0,0.0,0.0,0.0,0.0,0.0,0.0,10.0,0.0,0.0,0.0,0.0,0.0,100.0,1.0,,
816,dual_opposition,risk-neutral,risk-neutral,True,10.0,10.0,5.0,10.0,0.0,30.0,10.0,10.0,0.0,0.0,0.0,5.0,5.0,0.0,0.0,5.0,0.0,0.0,0.0,0.0,0.0,0.0,0.0,0.0,0.0,100,2,,,True,10.0,10.0,5.0,15.0,0.0,25.0,10.0,0.0,0.0,10.0,0.0,5.0,5.0,5.0,0.0,0.0,0.0,0.0,0.0,0.0,0.0,0.0,0.0,0.0,0.0,100.0,2.0,,
799,dual_opposition,risk-neutral,risk-neutral,True,0.0,15.0,0.0,10.0,0.0,30.0,15.0,0.0,0.0,0.0,0.0,0.0,0.0,0.0,0.0,20.0,0.0,0.0,0.0,0.0,0.0,0.0,0.0,10.0,0.0,100,2,,,True,0.0,20.0,0.0,15.0,0.0,30.0,10.0,0.0,0.0,0.0,0.0,0.0,0.0,0.0,0.0,15.0,0.0,0.0,0.0,0.0,0.0,0.0,0.0,10.0,0.0,100.0,2.0,,
810,dual_balanced,somewhat risk-averse,risk-neutral,True,20.0,15.0,0.0,15.0,0.0,20.0,0.0,0.0,0.0,15.0,10.0,0.0,0.0,0.0,0.0,5.0,0.0,0.0,0.0,0.0,0.0,0.0,0.0,0.0,0.0,100,1,,,True,0.0,20.0,0.0,10.0,0.0,25.0,0.0,10.0,0.0,0.0,10.0,0.0,0.0,0.0,0.0,15.0,0.0,0.0,0.0,10.0,0.0,0.0,0.0,0.0,0.0,100.0,1.0,,
821,dual_nonbiased,,,True,0.0,0.0,0.0,0.0,0.0,0.0,0.0,10.0,0.0,10.0,10.0,10.0,10.0,15.0,5.0,0.0,0.0,0.0,0.0,0.0,0.0,30.0,0.0,0.0,0.0,100,4,Final allocation reflects user's decision to stick with initial allocation.,,True,30.0,0.0,0.0,20.0,0.0,0.0,10.0,15.0,0.0,15.0,10.0,0.0,0.0,0.0,0.0,0.0,0.0,0.0,0.0,0.0,0.0,0.0,0.0,0.0,0.0,100.0,3.0,Final allocation reflects a defensive strategy with no tech exposure.,
825,dual_balanced,somewhat risk-seeking,extremely risk-averse,True,0.0,0.0,0.0,0.0,0.0,0.0,0.0,0.0,0.0,0.0,0.0,0.0,0.0,15.0,0.0,20.0,15.0,10.0,0.0,10.0,0.0,0.0,0.0,15.0,15.0,100,1,,,True,35.0,20.0,0.0,15.0,0.0,10.0,0.0,0.0,0.0,10.0,10.0,0.0,0.0,0.0,0.0,0.0,0.0,0.0,0.0,0.0,0.0,0.0,0.0,0.0,0.0,100.0,1.0,,
822,dual_balanced,extremely risk-seeking,somewhat risk-averse,True,0.0,0.0,0.0,0.0,0.0,0.0,0.0,0.0,0.0,0.0,0.0,0.0,0.0,0.0,0.0,30.0,15.0,0.0,0.0,15.0,0.0,0.0,0.0,25.0,15.0,100,1,,,True,20.0,15.0,0.0,15.0,0.0,15.0,0.0,0.0,0.0,15.0,0.0,10.0,10.0,0.0,0.0,0.0,0.0,0.0,0.0,0.0,0.0,0.0,0.0,0.0,0.0,100.0,1.0,,
827,dual_opposition,somewhat risk-averse,extremely risk-averse,True,25.0,20.0,0.0,10.0,0.0,15.0,0.0,0.0,0.0,10.0,10.0,0.0,0.0,0.0,0.0,10.0,0.0,0.0,0.0,0.0,0.0,0.0,0.0,0.0,0.0,100,2,,,True,30.0,20.0,10.0,10.0,0.0,5.0,0.0,0.0,0.0,10.0,10.0,0.0,0.0,0.0,0.0,5.0,0.0,0.0,0.0,0.0,0.0,0.0,0.0,0.0,0.0,100.0,2.0,,
828,dual_balanced,somewhat risk-averse,extremely risk-averse,True,25.0,20.0,10.0,10.0,0.0,15.0,0.0,0.0,0.0,10.0,0.0,0.0,0.0,5.0,0.0,0.0,0.0,0.0,0.0,0.0,5.0,0.0,0.0,0.0,0.0,100,1,,,True,40.0,20.0,0.0,15.0,0.0,5.0,0.0,0.0,0.0,10.0,10.0,0.0,0.0,0.0,0.0,0.0,0.0,0.0,0.0,0.0,0.0,0.0,0.0,0.0,0.0,100.0,1.0,,
829,dual_balanced,extremely risk-seeking,risk-neutral,True,0.0,0.0,0.0,0.0,0.0,0.0,0.0,0.0,0.0,0.0,0.0,0.0,0.0,0.0,0.0,35.0,15.0,0.0,0.0,0.0,0.0,0.0,10.0,25.0,15.0,100,1,,,True,0.0,15.0,0.0,10.0,0.0,25.0,10.0,10.0,0.0,0.0,5.0,0.0,10.0,0.0,0.0,10.0,0.0,0.0,0.0,0.0,0.0,0.0,0.0,5.0,0.0,100.0,1.0,,
832,dual_nonbiased,,,True,20.0,0.0,0.0,15.0,0.0,20.0,0.0,0.0,0.0,0.0,0.0,10.0,0.0,0.0,10.0,0.0,0.0,0.0,0.0,0.0,10.0,0.0,0.0,15.0,0.0,100,1,,,True,10.0,0.0,0.0,15.0,0.0,30.0,0.0,0.0,0.0,0.0,0.0,10.0,0.0,0.0,10.0,0.0,0.0,0.0,0.0,0.0,5.0,0.0,0.0,20.0,0.0,100.0,1.0,,
837,dual_nonbiased,,,True,10.0,0.0,15.0,10.0,10.0,30.0,0.0,0.0,0.0,0.0,0.0,0.0,15.0,0.0,0.0,10.0,0.0,0.0,0.0,0.0,0.0,0.0,0.0,0.0,0.0,100,1,,,True,15.0,0.0,20.0,10.0,15.0,20.0,10.0,0.0,0.0,0.0,0.0,10.0,0.0,0.0,0.0,0.0,0.0,0.0,0.0,0.0,0.0,0.0,0.0,0.0,0.0,100.0,1.0,,
834,dual_balanced,extremely risk-seeking,somewhat risk-averse,True,0.0,0.0,0.0,0.0,0.0,0.0,0.0,0.0,0.0,0.0,0.0,0.0,0.0,0.0,0.0,40.0,0.0,0.0,15.0,20.0,0.0,15.0,10.0,0.0,0.0,100,3,,,True,20.0,15.0,0.0,15.0,10.0,15.0,0.0,0.0,0.0,15.0,0.0,0.0,10.0,0.0,0.0,0.0,0.0,0.0,0.0,0.0,0.0,0.0,0.0,0.0,0.0,100.0,3.0,,
839,dual_opposition,risk-neutral,risk-neutral,True,0.0,15.0,0.0,10.0,0.0,30.0,10.0,0.0,0.0,0.0,0.0,0.0,15.0,10.0,0.0,10.0,0.0,0.0,0.0,0.0,0.0,0.0,0.0,0.0,0.0,100,1,,,True,0.0,15.0,0.0,10.0,0.0,30.0,15.0,0.0,0.0,0.0,0.0,0.0,10.0,10.0,0.0,10.0,0.0,0.0,0.0,0.0,0.0,0.0,0.0,0.0,0.0,100.0,1.0,,
838,dual_balanced,risk-neutral,extremely risk-seeking,True,0.0,10.0,0.0,5.0,0.0,30.0,5.0,0.0,5.0,5.0,0.0,5.0,10.0,0.0,0.0,10.0,5.0,0.0,0.0,0.0,0.0,0.0,0.0,5.0,5.0,100,1,,,True,0.0,0.0,0.0,0.0,0.0,0.0,0.0,0.0,0.0,0.0,0.0,0.0,0.0,0.0,0.0,30.0,15.0,10.0,0.0,0.0,0.0,0.0,5.0,25.0,15.0,100.0,1.0,,
840,dual_opposition,risk-neutral,extremely risk-seeking,True,0.0,20.0,10.0,10.0,0.0,30.0,10.0,0.0,0.0,0.0,0.0,0.0,10.0,0.0,10.0,0.0,0.0,0.0,0.0,0.0,0.0,0.0,0.0,0.0,0.0,100,1,,,True,0.0,0.0,0.0,0.0,0.0,0.0,0.0,0.0,0.0,0.0,0.0,0.0,0.0,0.0,0.0,30.0,15.0,0.0,15.0,0.0,0.0,0.0,0.0,20.0,20.0,100.0,1.0,,
842,dual_opposition,somewhat risk-averse,somewhat risk-averse,True,20.0,0.0,0.0,0.0,0.0,30.0,0.0,0.0,0.0,20.0,0.0,15.0,15.0,0.0,0.0,0.0,0.0,0.0,0.0,0.0,0.0,0.0,0.0,0.0,0.0,100,3,,,True,0.0,20.0,0.0,10.0,0.0,25.0,0.0,0.0,0.0,15.0,0.0,15.0,15.0,0.0,0.0,0.0,0.0,0.0,0.0,0.0,0.0,0.0,0.0,0.0,0.0,100.0,3.0,,
843,dual_nonbiased,,,True,0.0,10.0,0.0,5.0,0.0,15.0,10.0,5.0,0.0,5.0,0.0,10.0,10.0,10.0,10.0,10.0,0.0,0.0,0.0,0.0,0.0,0.0,0.0,0.0,0.0,100,1,,,True,15.0,0.0,0.0,5.0,0.0,20.0,0.0,5.0,0.0,5.0,0.0,5.0,10.0,10.0,10.0,10.0,5.0,0.0,0.0,0.0,0.0,0.0,0.0,0.0,0.0,100.0,1.0,,
844,dual_balanced,extremely risk-seeking,somewhat risk-averse,True,0.0,0.0,0.0,0.0,0.0,0.0,0.0,0.0,0.0,0.0,0.0,0.0,0.0,0.0,0.0,30.0,15.0,0.0,0.0,15.0,0.0,0.0,0.0,25.0,15.0,100,1,,,True,25.0,15.0,0.0,20.0,0.0,15.0,0.0,0.0,0.0,10.0,0.0,0.0,5.0,0.0,0.0,10.0,0.0,0.0,0.0,0.0,0.0,0.0,0.0,0.0,0.0,100.0,1.0,,
848,dual_nonbiased,,,True,0.0,10.0,0.0,0.0,0.0,20.0,0.0,0.0,0.0,0.0,0.0,15.0,15.0,15.0,0.0,15.0,0.0,0.0,0.0,0.0,0.0,0.0,10.0,0.0,0.0,100,2,,,True,0.0,20.0,0.0,0.0,0.0,25.0,0.0,0.0,0.0,0.0,0.0,15.0,15.0,0.0,0.0,15.0,0.0,0.0,0.0,0.0,0.0,0.0,10.0,0.0,0.0,100.0,2.0,,
845,dual_opposition,somewhat risk-seeking,somewhat risk-seeking,True,0.0,0.0,0.0,0.0,0.0,0.0,0.0,0.0,0.0,0.0,0.0,0.0,0.0,15.0,0.0,25.0,15.0,0.0,0.0,10.0,0.0,0.0,0.0,20.0,15.0,100,1,,,True,0.0,0.0,0.0,0.0,0.0,0.0,0.0,0.0,0.0,0.0,0.0,0.0,0.0,5.0,0.0,25.0,15.0,10.0,0.0,10.0,0.0,0.0,0.0,20.0,15.0,100.0,1.0,,
849,dual_nonbiased,,,True,10.0,10.0,0.0,5.0,5.0,20.0,10.0,10.0,0.0,0.0,0.0,5.0,5.0,5.0,0.0,5.0,0.0,0.0,0.0,0.0,0.0,0.0,0.0,5.0,5.0,100,1,,,True,10.0,10.0,0.0,5.0,5.0,15.0,10.0,0.0,0.0,10.0,0.0,5.0,5.0,5.0,5.0,5.0,0.0,0.0,0.0,0.0,0.0,0.0,0.0,5.0,5.0,100.0,1.0,,
852,dual_balanced,risk-neutral,extremely risk-averse,True,0.0,20.0,0.0,10.0,0.0,25.0,10.0,0.0,0.0,0.0,0.0,0.0,10.0,10.0,0.0,10.0,0.0,0.0,0.0,0.0,0.0,0.0,0.0,0.0,5.0,100,1,,,True,30.0,20.0,15.0,10.0,0.0,10.0,0.0,0.0,0.0,10.0,0.0,0.0,5.0,0.0,0.0,0.0,0.0,0.0,0.0,0.0,0.0,0.0,0.0,0.0,0.0,100.0,1.0,,
853,dual_balanced,somewhat risk-seeking,extremely risk-seeking,True,0.0,0.0,0.0,0.0,0.0,0.0,0.0,0.0,0.0,0.0,0.0,0.0,0.0,0.0,0.0,25.0,10.0,15.0,0.0,10.0,0.0,0.0,10.0,15.0,15.0,100,2,,,True,0.0,0.0,0.0,0.0,0.0,0.0,0.0,0.0,0.0,0.0,0.0,0.0,0.0,0.0,0.0,30.0,10.0,5.0,0.0,10.0,0.0,0.0,10.0,20.0,15.0,100.0,1.0,,
864,dual_opposition,somewhat risk-averse,somewhat risk-seeking,True,15.0,15.0,10.0,10.0,0.0,15.0,0.0,5.0,0.0,10.0,10.0,5.0,0.0,0.0,0.0,5.0,0.0,0.0,0.0,0.0,0.0,0.0,0.0,0.0,0.0,100,1,,,True,0.0,0.0,0.0,0.0,0.0,0.0,0.0,0.0,0.0,0.0,0.0,0.0,0.0,10.0,0.0,20.0,15.0,0.0,0.0,10.0,0.0,0.0,10.0,20.0,15.0,100.0,1.0,,
859,dual_balanced,extremely risk-averse,risk-neutral,True,30.0,20.0,0.0,15.0,0.0,10.0,0.0,0.0,0.0,15.0,10.0,0.0,0.0,0.0,0.0,0.0,0.0,0.0,0.0,0.0,0.0,0.0,0.0,0.0,0.0,100,1,,,True,0.0,10.0,5.0,10.0,0.0,15.0,10.0,0.0,0.0,10.0,0.0,10.0,10.0,10.0,0.0,5.0,0.0,0.0,0.0,0.0,0.0,0.0,0.0,5.0,0.0,100.0,1.0,,
851,dual_opposition,risk-neutral,risk-neutral,True,0.0,20.0,0.0,10.0,0.0,30.0,0.0,5.0,0.0,0.0,0.0,0.0,10.0,10.0,0.0,10.0,0.0,0.0,0.0,0.0,0.0,0.0,0.0,5.0,0.0,100,1,,,True,0.0,20.0,0.0,10.0,0.0,30.0,0.0,0.0,0.0,0.0,0.0,0.0,0.0,10.0,0.0,10.0,0.0,0.0,0.0,0.0,0.0,0.0,10.0,10.0,0.0,100.0,1.0,,
865,dual_nonbiased,,,True,0.0,15.0,0.0,10.0,0.0,25.0,10.0,10.0,0.0,10.0,0.0,10.0,10.0,0.0,0.0,0.0,0.0,0.0,0.0,0.0,0.0,0.0,0.0,0.0,0.0,100,1,,,True,0.0,15.0,0.0,10.0,0.0,25.0,10.0,5.0,0.0,0.0,0.0,10.0,10.0,5.0,5.0,5.0,0.0,0.0,0.0,0.0,0.0,0.0,0.0,0.0,0.0,100.0,1.0,,
858,dual_nonbiased,,,True,5.0,10.0,0.0,10.0,5.0,25.0,5.0,10.0,5.0,0.0,0.0,5.0,5.0,5.0,5.0,5.0,0.0,0.0,0.0,0.0,0.0,0.0,0.0,0.0,0.0,100,1,,,True,0.0,10.0,0.0,10.0,0.0,20.0,10.0,10.0,0.0,0.0,0.0,0.0,10.0,10.0,10.0,10.0,0.0,0.0,0.0,0.0,0.0,0.0,0.0,0.0,0.0,100.0,1.0,,
862,dual_opposition,extremely risk-averse,extremely risk-averse,True,20.0,15.0,10.0,10.0,5.0,10.0,5.0,0.0,5.0,5.0,5.0,5.0,5.0,0.0,0.0,0.0,0.0,0.0,0.0,0.0,0.0,0.0,0.0,0.0,0.0,100,2,,,True,25.0,15.0,10.0,10.0,5.0,5.0,0.0,0.0,0.0,10.0,10.0,5.0,5.0,0.0,0.0,0.0,0.0,0.0,0.0,0.0,0.0,0.0,0.0,0.0,0.0,100.0,2.0,,
868,dual_nonbiased,,,True,10.0,0.0,0.0,15.0,0.0,20.0,10.0,0.0,0.0,0.0,0.0,0.0,10.0,10.0,0.0,15.0,0.0,0.0,0.0,0.0,0.0,0.0,0.0,10.0,0.0,100,1,,,True,10.0,0.0,0.0,10.0,0.0,25.0,15.0,0.0,0.0,0.0,0.0,0.0,0.0,15.0,0.0,15.0,0.0,0.0,0.0,0.0,0.0,0.0,0.0,10.0,0.0,100.0,1.0,,
875,dual_nonbiased,,,True,0.0,0.0,0.0,0.0,0.0,0.0,0.0,0.0,0.0,0.0,0.0,0.0,0.0,0.0,0.0,30.0,15.0,0.0,0.0,0.0,0.0,0.0,10.0,30.0,15.0,100,2,,,True,0.0,0.0,0.0,0.0,0.0,0.0,0.0,0.0,0.0,0.0,0.0,0.0,0.0,0.0,0.0,35.0,20.0,0.0,0.0,0.0,0.0,10.0,10.0,25.0,0.0,100.0,2.0,,
872,dual_opposition,somewhat risk-averse,somewhat risk-averse,True,25.0,20.0,0.0,15.0,0.0,15.0,0.0,0.0,0.0,15.0,10.0,0.0,0.0,0.0,0.0,0.0,0.0,0.0,0.0,0.0,0.0,0.0,0.0,0.0,0.0,100,1,,,True,15.0,20.0,0.0,10.0,0.0,25.0,0.0,0.0,0.0,10.0,10.0,10.0,0.0,0.0,0.0,0.0,0.0,0.0,0.0,0.0,0.0,0.0,0.0,0.0,0.0,100.0,1.0,,
878,dual_nonbiased,,,True,10.0,10.0,0.0,5.0,5.0,15.0,5.0,5.0,5.0,5.0,0.0,5.0,10.0,5.0,5.0,10.0,0.0,0.0,0.0,0.0,0.0,0.0,0.0,0.0,0.0,100,2,,,True,5.0,5.0,5.0,5.0,5.0,20.0,5.0,5.0,5.0,5.0,0.0,10.0,10.0,5.0,5.0,5.0,0.0,0.0,0.0,0.0,0.0,0.0,0.0,0.0,0.0,100.0,2.0,,
879,dual_opposition,risk-neutral,extremely risk-seeking,True,0.0,20.0,0.0,0.0,0.0,30.0,0.0,0.0,0.0,20.0,0.0,15.0,15.0,0.0,0.0,0.0,0.0,0.0,0.0,0.0,0.0,0.0,0.0,0.0,0.0,100,1,,,True,0.0,0.0,0.0,0.0,0.0,0.0,0.0,0.0,0.0,0.0,0.0,0.0,0.0,0.0,0.0,30.0,15.0,0.0,0.0,10.0,0.0,0.0,5.0,25.0,15.0,100.0,1.0,,
887,dual_balanced,extremely risk-averse,extremely risk-seeking,True,40.0,25.0,15.0,10.0,0.0,0.0,0.0,0.0,0.0,10.0,0.0,0.0,0.0,0.0,0.0,0.0,0.0,0.0,0.0,0.0,0.0,0.0,0.0,0.0,0.0,100,2,,,True,0.0,0.0,0.0,0.0,0.0,0.0,0.0,0.0,0.0,0.0,0.0,0.0,0.0,0.0,0.0,25.0,10.0,0.0,0.0,10.0,0.0,10.0,0.0,30.0,15.0,100.0,2.0,,
886,dual_nonbiased,,,True,5.0,0.0,10.0,5.0,0.0,20.0,10.0,10.0,10.0,5.0,0.0,0.0,15.0,0.0,0.0,10.0,0.0,0.0,0.0,0.0,0.0,0.0,0.0,0.0,0.0,100,1,,,True,5.0,5.0,5.0,5.0,0.0,20.0,10.0,10.0,10.0,10.0,0.0,10.0,10.0,0.0,0.0,0.0,0.0,0.0,0.0,0.0,0.0,0.0,0.0,0.0,0.0,100.0,1.0,,
885,dual_nonbiased,,,True,0.0,15.0,0.0,15.0,0.0,30.0,10.0,0.0,0.0,0.0,0.0,0.0,0.0,0.0,10.0,10.0,0.0,0.0,0.0,0.0,0.0,0.0,0.0,10.0,0.0,100,1,,,True,0.0,15.0,0.0,10.0,0.0,30.0,10.0,0.0,0.0,0.0,0.0,0.0,10.0,0.0,10.0,10.0,0.0,0.0,0.0,0.0,0.0,0.0,0.0,5.0,0.0,100.0,1.0,,
891,dual_opposition,extremely risk-seeking,risk-neutral,True,0.0,0.0,0.0,0.0,0.0,0.0,0.0,0.0,0.0,0.0,0.0,0.0,0.0,0.0,0.0,30.0,15.0,0.0,0.0,10.0,0.0,0.0,0.0,25.0,20.0,100,1,,,True,0.0,15.0,0.0,10.0,0.0,25.0,10.0,0.0,0.0,0.0,0.0,10.0,0.0,10.0,0.0,10.0,0.0,0.0,0.0,0.0,0.0,0.0,0.0,10.0,0.0,100.0,1.0,,
892,dual_nonbiased,,,True,0.0,20.0,0.0,10.0,0.0,35.0,20.0,0.0,0.0,0.0,0.0,15.0,0.0,0.0,0.0,0.0,0.0,0.0,0.0,0.0,0.0,0.0,0.0,0.0,0.0,100,3,,,True,20.0,15.0,0.0,5.0,0.0,40.0,10.0,0.0,0.0,0.0,0.0,10.0,0.0,0.0,0.0,0.0,0.0,0.0,0.0,0.0,0.0,0.0,0.0,0.0,0.0,100.0,2.0,,
900,dual_balanced,risk-neutral,somewhat risk-averse,True,0.0,20.0,0.0,15.0,0.0,25.0,10.0,0.0,0.0,10.0,0.0,0.0,15.0,0.0,0.0,0.0,0.0,0.0,0.0,0.0,0.0,0.0,0.0,5.0,0.0,100,1,,,True,20.0,15.0,0.0,10.0,0.0,25.0,0.0,0.0,0.0,20.0,10.0,0.0,0.0,0.0,0.0,0.0,0.0,0.0,0.0,0.0,0.0,0.0,0.0,0.0,0.0,100.0,1.0,,
897,dual_balanced,somewhat risk-averse,risk-neutral,True,20.0,15.0,0.0,10.0,0.0,15.0,0.0,0.0,0.0,15.0,10.0,5.0,5.0,0.0,5.0,0.0,0.0,0.0,0.0,0.0,0.0,0.0,0.0,0.0,0.0,100,1,,,True,0.0,15.0,10.0,5.0,0.0,25.0,10.0,0.0,0.0,0.0,10.0,10.0,0.0,0.0,0.0,10.0,0.0,0.0,0.0,0.0,0.0,0.0,0.0,5.0,0.0,100.0,1.0,,
899,dual_opposition,extremely risk-seeking,extremely risk-seeking,True,0.0,0.0,0.0,0.0,0.0,0.0,0.0,0.0,0.0,0.0,0.0,0.0,0.0,0.0,0.0,30.0,25.0,0.0,15.0,0.0,15.0,0.0,15.0,0.0,0.0,100,3,,,True,0.0,0.0,0.0,0.0,0.0,0.0,0.0,0.0,0.0,0.0,0.0,0.0,0.0,0.0,0.0,30.0,25.0,0.0,10.0,0.0,0.0,20.0,15.0,0.0,0.0,100.0,3.0,,
904,dual_opposition,risk-neutral,extremely risk-seeking,True,10.0,15.0,0.0,10.0,5.0,25.0,10.0,10.0,0.0,0.0,0.0,0.0,10.0,0.0,0.0,0.0,0.0,0.0,0.0,0.0,0.0,0.0,0.0,5.0,0.0,100,1,,,True,0.0,0.0,0.0,0.0,0.0,0.0,0.0,0.0,0.0,0.0,0.0,0.0,0.0,0.0,0.0,20.0,15.0,0.0,0.0,15.0,0.0,0.0,0.0,25.0,25.0,100.0,1.0,,
901,dual_balanced,risk-neutral,somewhat risk-seeking,True,15.0,10.0,0.0,10.0,10.0,20.0,0.0,10.0,0.0,0.0,0.0,0.0,15.0,10.0,0.0,0.0,0.0,0.0,0.0,0.0,0.0,0.0,0.0,0.0,0.0,100,1,,,True,0.0,0.0,0.0,0.0,0.0,0.0,0.0,0.0,0.0,0.0,0.0,0.0,0.0,15.0,0.0,25.0,15.0,5.0,0.0,10.0,0.0,0.0,0.0,20.0,10.0,100.0,1.0,,
911,dual_nonbiased,,,True,0.0,10.0,0.0,10.0,10.0,25.0,0.0,0.0,0.0,0.0,0.0,20.0,15.0,0.0,0.0,0.0,0.0,0.0,0.0,0.0,0.0,10.0,0.0,0.0,0.0,100,1,,,True,15.0,0.0,0.0,10.0,10.0,25.0,0.0,0.0,0.0,0.0,0.0,20.0,15.0,0.0,0.0,0.0,0.0,0.0,0.0,0.0,0.0,5.0,0.0,0.0,0.0,100.0,1.0,,
905,dual_balanced,extremely risk-seeking,somewhat risk-averse,True,0.0,0.0,0.0,0.0,0.0,0.0,0.0,0.0,0.0,0.0,0.0,0.0,0.0,0.0,0.0,20.0,20.0,0.0,10.0,10.0,0.0,0.0,0.0,20.0,20.0,100,1,,,True,20.0,15.0,10.0,15.0,0.0,10.0,0.0,0.0,0.0,10.0,10.0,5.0,0.0,0.0,5.0,0.0,0.0,0.0,0.0,0.0,0.0,0.0,0.0,0.0,0.0,100.0,1.0,,
908,dual_opposition,extremely risk-seeking,somewhat risk-seeking,True,0.0,0.0,0.0,0.0,0.0,0.0,0.0,0.0,0.0,0.0,0.0,0.0,0.0,0.0,0.0,20.0,0.0,0.0,0.0,10.0,0.0,0.0,10.0,25.0,35.0,100,1,,,True,0.0,0.0,0.0,0.0,0.0,0.0,0.0,0.0,0.0,0.0,0.0,0.0,0.0,0.0,10.0,15.0,10.0,0.0,0.0,10.0,0.0,5.0,0.0,20.0,30.0,100.0,1.0,,
910,dual_opposition,somewhat risk-seeking,somewhat risk-averse,True,0.0,0.0,0.0,0.0,0.0,10.0,0.0,0.0,0.0,0.0,0.0,10.0,0.0,0.0,0.0,20.0,15.0,0.0,0.0,10.0,0.0,0.0,0.0,20.0,15.0,100,1,,,True,20.0,15.0,10.0,10.0,0.0,15.0,0.0,0.0,0.0,10.0,10.0,10.0,0.0,0.0,0.0,0.0,0.0,0.0,0.0,0.0,0.0,0.0,0.0,0.0,0.0,100.0,1.0,,
909,dual_balanced,somewhat risk-seeking,extremely risk-averse,True,0.0,0.0,0.0,0.0,0.0,0.0,0.0,10.0,0.0,0.0,0.0,0.0,0.0,0.0,0.0,25.0,20.0,0.0,0.0,10.0,0.0,0.0,0.0,20.0,15.0,100,1,,,True,35.0,20.0,0.0,15.0,0.0,5.0,0.0,0.0,0.0,15.0,10.0,0.0,0.0,0.0,0.0,0.0,0.0,0.0,0.0,0.0,0.0,0.0,0.0,0.0,0.0,100.0,1.0,,
918,dual_nonbiased,,,True,0.0,20.0,0.0,15.0,0.0,25.0,0.0,10.0,0.0,0.0,0.0,0.0,0.0,0.0,10.0,10.0,0.0,0.0,0.0,0.0,0.0,0.0,0.0,10.0,0.0,100,1,,,True,20.0,20.0,0.0,5.0,0.0,20.0,0.0,10.0,0.0,0.0,0.0,0.0,10.0,0.0,10.0,0.0,0.0,0.0,0.0,0.0,0.0,0.0,0.0,5.0,0.0,100.0,1.0,,
912,dual_nonbiased,,,True,15.0,0.0,0.0,10.0,0.0,20.0,0.0,0.0,0.0,15.0,0.0,0.0,10.0,0.0,0.0,15.0,0.0,0.0,0.0,10.0,0.0,0.0,0.0,5.0,0.0,100,1,,,True,0.0,15.0,0.0,10.0,10.0,20.0,0.0,0.0,0.0,0.0,0.0,0.0,10.0,0.0,0.0,15.0,0.0,0.0,0.0,10.0,0.0,0.0,0.0,10.0,0.0,100.0,1.0,,
922,dual_balanced,somewhat risk-averse,extremely risk-seeking,True,20.0,15.0,10.0,10.0,0.0,15.0,0.0,0.0,0.0,10.0,10.0,0.0,10.0,0.0,0.0,0.0,0.0,0.0,0.0,0.0,0.0,0.0,0.0,0.0,0.0,100,1,,,True,0.0,0.0,0.0,0.0,0.0,0.0,0.0,0.0,0.0,0.0,0.0,0.0,0.0,0.0,0.0,20.0,10.0,0.0,0.0,10.0,0.0,0.0,10.0,30.0,20.0,100.0,1.0,,
923,dual_opposition,extremely risk-seeking,risk-neutral,True,0.0,0.0,0.0,0.0,0.0,0.0,0.0,0.0,0.0,0.0,0.0,0.0,0.0,0.0,0.0,25.0,15.0,0.0,0.0,10.0,0.0,10.0,0.0,25.0,15.0,100,1,,,True,0.0,15.0,0.0,10.0,0.0,20.0,10.0,10.0,0.0,10.0,0.0,0.0,10.0,5.0,0.0,10.0,0.0,0.0,0.0,0.0,0.0,0.0,0.0,0.0,0.0,100.0,1.0,,
920,dual_nonbiased,,,True,0.0,0.0,0.0,0.0,0.0,0.0,0.0,0.0,0.0,0.0,0.0,0.0,0.0,0.0,0.0,40.0,10.0,0.0,0.0,10.0,0.0,0.0,0.0,30.0,10.0,100,3,Pure Momentum Strategy focusing on high-beta assets.,,True,0.0,0.0,0.0,0.0,0.0,10.0,0.0,0.0,0.0,0.0,0.0,0.0,0.0,0.0,0.0,40.0,0.0,0.0,0.0,10.0,0.0,0.0,0.0,20.0,20.0,100.0,3.0,Pure Momentum Strategy with a focus on high-beta assets and SPY for constraint fulfillment.,
925,dual_nonbiased,,,True,0.0,0.0,0.0,0.0,0.0,35.0,10.0,10.0,0.0,10.0,10.0,5.0,10.0,0.0,0.0,10.0,0.0,0.0,0.0,0.0,0.0,0.0,0.0,0.0,0.0,100,4,,,True,0.0,0.0,0.0,0.0,0.0,35.0,10.0,5.0,0.0,10.0,10.0,10.0,10.0,0.0,0.0,10.0,0.0,0.0,0.0,0.0,0.0,0.0,0.0,0.0,0.0,100.0,4.0,,
930,dual_nonbiased,,,True,20.0,0.0,0.0,0.0,0.0,30.0,0.0,0.0,0.0,0.0,0.0,0.0,10.0,0.0,0.0,0.0,0.0,0.0,0.0,10.0,10.0,0.0,10.0,10.0,0.0,100,2,"Alternative allocation without GLD, using SHY for stability.",,True,15.0,10.0,0.0,0.0,0.0,35.0,0.0,0.0,0.0,0.0,0.0,0.0,0.0,0.0,0.0,0.0,0.0,0.0,0.0,10.0,10.0,0.0,10.0,10.0,0.0,100.0,2.0,"Alternative allocation without GLD, increased SPY for core market exposure.",
935,dual_opposition,risk-neutral,risk-neutral,True,0.0,15.0,5.0,10.0,10.0,30.0,0.0,0.0,0.0,0.0,0.0,15.0,15.0,0.0,0.0,0.0,0.0,0.0,0.0,0.0,0.0,0.0,0.0,0.0,0.0,100,1,,,True,0.0,0.0,15.0,10.0,10.0,25.0,0.0,0.0,0.0,15.0,0.0,0.0,15.0,10.0,0.0,0.0,0.0,0.0,0.0,0.0,0.0,0.0,0.0,0.0,0.0,100.0,1.0,,
936,dual_balanced,somewhat risk-seeking,extremely risk-averse,True,0.0,0.0,0.0,0.0,0.0,0.0,0.0,0.0,0.0,0.0,0.0,0.0,0.0,10.0,0.0,20.0,10.0,0.0,10.0,15.0,0.0,0.0,10.0,15.0,10.0,100,1,,,True,30.0,20.0,0.0,15.0,0.0,10.0,0.0,0.0,0.0,15.0,10.0,0.0,0.0,0.0,0.0,0.0,0.0,0.0,0.0,0.0,0.0,0.0,0.0,0.0,0.0,100.0,1.0,,
931,dual_balanced,somewhat risk-seeking,extremely risk-averse,True,0.0,0.0,0.0,0.0,0.0,0.0,0.0,0.0,0.0,0.0,0.0,0.0,0.0,20.0,0.0,30.0,15.0,0.0,0.0,10.0,0.0,0.0,0.0,25.0,0.0,100,1,,,True,40.0,25.0,0.0,15.0,0.0,0.0,0.0,0.0,0.0,10.0,10.0,0.0,0.0,0.0,0.0,0.0,0.0,0.0,0.0,0.0,0.0,0.0,0.0,0.0,0.0,100.0,1.0,,
932,dual_nonbiased,,,True,0.0,10.0,0.0,10.0,0.0,20.0,10.0,10.0,0.0,0.0,0.0,10.0,0.0,10.0,10.0,10.0,0.0,0.0,0.0,0.0,0.0,0.0,0.0,0.0,0.0,100,1,,,True,0.0,10.0,0.0,10.0,0.0,20.0,10.0,10.0,0.0,0.0,0.0,10.0,0.0,10.0,0.0,10.0,0.0,0.0,0.0,10.0,0.0,0.0,0.0,0.0,0.0,100.0,1.0,,
939,dual_nonbiased,,,True,0.0,10.0,0.0,0.0,0.0,25.0,0.0,10.0,0.0,0.0,10.0,0.0,10.0,0.0,10.0,0.0,0.0,0.0,0.0,0.0,5.0,0.0,0.0,10.0,10.0,100,1,,,True,0.0,15.0,0.0,10.0,0.0,20.0,0.0,10.0,0.0,0.0,10.0,0.0,10.0,0.0,10.0,0.0,0.0,0.0,0.0,0.0,5.0,0.0,0.0,10.0,0.0,100.0,1.0,,
943,dual_nonbiased,,,True,10.0,0.0,0.0,10.0,0.0,25.0,15.0,0.0,0.0,0.0,0.0,10.0,0.0,10.0,0.0,0.0,10.0,0.0,0.0,0.0,5.0,0.0,0.0,0.0,5.0,100,1,,,True,15.0,10.0,0.0,10.0,0.0,25.0,0.0,0.0,0.0,0.0,0.0,10.0,0.0,10.0,0.0,0.0,10.0,0.0,0.0,0.0,5.0,0.0,0.0,0.0,5.0,100.0,1.0,,
945,dual_nonbiased,,,True,15.0,10.0,0.0,10.0,5.0,30.0,10.0,0.0,0.0,0.0,0.0,0.0,10.0,0.0,0.0,10.0,0.0,0.0,0.0,0.0,0.0,0.0,0.0,0.0,0.0,100,1,,,True,15.0,10.0,0.0,10.0,10.0,30.0,15.0,0.0,0.0,0.0,0.0,0.0,0.0,0.0,0.0,10.0,0.0,0.0,0.0,0.0,0.0,0.0,0.0,0.0,0.0,100.0,1.0,,
946,dual_opposition,extremely risk-seeking,somewhat risk-seeking,True,0.0,0.0,0.0,0.0,0.0,0.0,0.0,0.0,0.0,0.0,0.0,0.0,0.0,0.0,0.0,30.0,15.0,0.0,0.0,15.0,0.0,0.0,5.0,25.0,10.0,100,1,,,True,0.0,0.0,0.0,10.0,0.0,0.0,0.0,20.0,0.0,0.0,0.0,0.0,0.0,0.0,0.0,20.0,0.0,0.0,0.0,15.0,0.0,0.0,10.0,15.0,10.0,100.0,3.0,,
948,dual_opposition,risk-neutral,extremely risk-seeking,True,0.0,15.0,15.0,10.0,0.0,30.0,0.0,10.0,10.0,0.0,0.0,0.0,10.0,0.0,0.0,0.0,0.0,0.0,0.0,0.0,0.0,0.0,0.0,0.0,0.0,100,1,,,True,0.0,0.0,0.0,0.0,0.0,0.0,0.0,0.0,0.0,0.0,0.0,0.0,0.0,0.0,0.0,20.0,15.0,0.0,0.0,15.0,0.0,0.0,0.0,25.0,25.0,100.0,1.0,,
954,dual_balanced,extremely risk-seeking,somewhat risk-seeking,True,0.0,0.0,0.0,0.0,0.0,10.0,0.0,0.0,0.0,0.0,0.0,0.0,0.0,0.0,0.0,30.0,20.0,0.0,0.0,0.0,0.0,0.0,0.0,25.0,15.0,100,2,,,True,0.0,0.0,0.0,0.0,0.0,30.0,0.0,0.0,0.0,0.0,0.0,0.0,0.0,0.0,0.0,20.0,15.0,0.0,0.0,0.0,15.0,0.0,0.0,20.0,0.0,100.0,2.0,,
958,dual_balanced,somewhat risk-averse,risk-neutral,True,25.0,20.0,20.0,10.0,0.0,10.0,0.0,0.0,0.0,10.0,5.0,0.0,0.0,0.0,0.0,0.0,0.0,0.0,0.0,0.0,0.0,0.0,0.0,0.0,0.0,100,1,,,True,15.0,15.0,0.0,10.0,0.0,20.0,10.0,10.0,0.0,0.0,0.0,0.0,15.0,0.0,0.0,0.0,0.0,0.0,0.0,0.0,0.0,0.0,0.0,5.0,0.0,100.0,1.0,,
952,dual_nonbiased,,,True,10.0,10.0,15.0,5.0,5.0,20.0,5.0,0.0,0.0,5.0,5.0,0.0,10.0,0.0,10.0,0.0,0.0,0.0,0.0,0.0,0.0,0.0,0.0,0.0,0.0,100,1,,,True,15.0,15.0,10.0,10.0,0.0,20.0,10.0,0.0,0.0,0.0,0.0,0.0,10.0,0.0,0.0,10.0,0.0,0.0,0.0,0.0,0.0,0.0,0.0,0.0,0.0,100.0,1.0,,
960,dual_opposition,somewhat risk-averse,extremely risk-averse,True,20.0,10.0,10.0,10.0,0.0,20.0,0.0,0.0,0.0,10.0,10.0,5.0,5.0,0.0,0.0,0.0,0.0,0.0,0.0,0.0,0.0,0.0,0.0,0.0,0.0,100,1,,,True,35.0,20.0,15.0,10.0,0.0,0.0,0.0,0.0,0.0,10.0,10.0,0.0,0.0,0.0,0.0,0.0,0.0,0.0,0.0,0.0,0.0,0.0,0.0,0.0,0.0,100.0,1.0,,
966,dual_nonbiased,,,True,10.0,10.0,0.0,0.0,0.0,15.0,0.0,10.0,0.0,10.0,0.0,10.0,10.0,0.0,10.0,10.0,0.0,0.0,0.0,0.0,0.0,0.0,0.0,5.0,0.0,100,1,,,True,10.0,0.0,10.0,10.0,10.0,15.0,0.0,10.0,0.0,10.0,0.0,10.0,0.0,0.0,10.0,0.0,0.0,0.0,0.0,0.0,0.0,0.0,0.0,5.0,0.0,100.0,1.0,,
955,dual_opposition,extremely risk-seeking,somewhat risk-seeking,True,0.0,0.0,0.0,0.0,0.0,0.0,0.0,0.0,0.0,0.0,0.0,0.0,0.0,0.0,0.0,30.0,15.0,0.0,0.0,10.0,0.0,0.0,10.0,20.0,15.0,100,1,,,True,0.0,0.0,0.0,0.0,0.0,0.0,0.0,0.0,0.0,0.0,0.0,15.0,0.0,0.0,0.0,25.0,15.0,0.0,0.0,15.0,0.0,0.0,0.0,20.0,10.0,100.0,1.0,,
963,dual_nonbiased,,,True,10.0,0.0,0.0,10.0,0.0,20.0,0.0,15.0,0.0,10.0,0.0,0.0,15.0,10.0,0.0,0.0,0.0,10.0,0.0,0.0,0.0,0.0,0.0,0.0,0.0,100,1,,,True,15.0,0.0,0.0,0.0,0.0,20.0,0.0,15.0,0.0,10.0,0.0,0.0,15.0,15.0,0.0,0.0,0.0,10.0,0.0,0.0,0.0,0.0,0.0,0.0,0.0,100.0,1.0,,
968,dual_nonbiased,,,True,10.0,0.0,5.0,5.0,0.0,20.0,0.0,10.0,0.0,0.0,0.0,10.0,0.0,10.0,10.0,10.0,0.0,0.0,0.0,0.0,0.0,0.0,0.0,5.0,5.0,100,1,,,True,10.0,0.0,10.0,0.0,0.0,20.0,0.0,10.0,0.0,0.0,0.0,10.0,0.0,10.0,10.0,10.0,0.0,0.0,0.0,0.0,0.0,0.0,0.0,5.0,5.0,100.0,1.0,,
969,dual_nonbiased,,,True,15.0,15.0,0.0,15.0,10.0,25.0,0.0,0.0,0.0,10.0,0.0,0.0,10.0,0.0,0.0,0.0,0.0,0.0,0.0,0.0,0.0,0.0,0.0,0.0,0.0,100,1,,,True,20.0,0.0,10.0,15.0,10.0,25.0,10.0,0.0,0.0,0.0,0.0,0.0,10.0,0.0,0.0,0.0,0.0,0.0,0.0,0.0,0.0,0.0,0.0,0.0,0.0,100.0,1.0,,
970,dual_opposition,extremely risk-averse,risk-neutral,True,30.0,20.0,0.0,15.0,0.0,10.0,0.0,0.0,0.0,15.0,10.0,0.0,0.0,0.0,0.0,0.0,0.0,0.0,0.0,0.0,0.0,0.0,0.0,0.0,0.0,100,1,,,True,0.0,20.0,0.0,10.0,0.0,30.0,0.0,0.0,15.0,0.0,0.0,0.0,0.0,0.0,15.0,10.0,0.0,0.0,0.0,0.0,0.0,0.0,0.0,0.0,0.0,100.0,1.0,,
957,dual_opposition,extremely risk-averse,risk-neutral,True,40.0,15.0,5.0,0.0,0.0,0.0,0.0,0.0,0.0,10.0,0.0,0.0,0.0,0.0,0.0,0.0,0.0,0.0,0.0,30.0,0.0,0.0,0.0,0.0,0.0,100,5,,,True,0.0,20.0,0.0,0.0,0.0,30.0,0.0,0.0,0.0,0.0,0.0,0.0,10.0,10.0,0.0,0.0,0.0,0.0,0.0,30.0,0.0,0.0,0.0,0.0,0.0,100.0,5.0,,
978,dual_nonbiased,,,True,10.0,10.0,0.0,5.0,0.0,30.0,10.0,5.0,5.0,0.0,0.0,5.0,10.0,10.0,0.0,0.0,0.0,0.0,0.0,0.0,0.0,0.0,0.0,0.0,0.0,100,1,,,True,10.0,10.0,0.0,5.0,0.0,30.0,10.0,5.0,5.0,0.0,0.0,0.0,10.0,10.0,0.0,5.0,0.0,0.0,0.0,0.0,0.0,0.0,0.0,0.0,0.0,100.0,1.0,,
981,dual_balanced,extremely risk-averse,extremely risk-seeking,True,30.0,20.0,5.0,15.0,0.0,10.0,0.0,0.0,0.0,10.0,10.0,0.0,0.0,0.0,0.0,0.0,0.0,0.0,0.0,0.0,0.0,0.0,0.0,0.0,0.0,100,1,,,True,0.0,0.0,0.0,0.0,0.0,0.0,0.0,0.0,0.0,0.0,0.0,0.0,0.0,0.0,0.0,20.0,15.0,0.0,10.0,10.0,0.0,0.0,10.0,20.0,15.0,100.0,1.0,,
986,dual_balanced,risk-neutral,extremely risk-averse,True,0.0,15.0,0.0,10.0,0.0,20.0,0.0,10.0,10.0,10.0,0.0,0.0,0.0,10.0,0.0,10.0,0.0,0.0,0.0,0.0,0.0,0.0,0.0,5.0,0.0,100,1,,,True,35.0,20.0,0.0,15.0,0.0,10.0,0.0,0.0,0.0,10.0,10.0,0.0,0.0,0.0,0.0,0.0,0.0,0.0,0.0,0.0,0.0,0.0,0.0,0.0,0.0,100.0,1.0,,
992,dual_nonbiased,,,True,10.0,0.0,0.0,10.0,0.0,20.0,10.0,0.0,0.0,0.0,10.0,0.0,10.0,10.0,10.0,0.0,0.0,0.0,0.0,0.0,0.0,0.0,0.0,5.0,5.0,100,1,,,True,15.0,0.0,0.0,10.0,0.0,20.0,10.0,15.0,5.0,0.0,0.0,0.0,10.0,10.0,0.0,0.0,0.0,0.0,0.0,0.0,0.0,0.0,0.0,5.0,0.0,100.0,1.0,,
990,dual_nonbiased,,,True,0.0,0.0,0.0,0.0,0.0,0.0,0.0,0.0,0.0,0.0,0.0,0.0,0.0,0.0,0.0,30.0,10.0,0.0,0.0,10.0,0.0,0.0,0.0,30.0,20.0,100,3,Final recommendation focuses on maximizing return with high-beta assets.,,True,40.0,0.0,25.0,0.0,0.0,15.0,0.0,0.0,0.0,10.0,10.0,0.0,0.0,0.0,0.0,0.0,0.0,0.0,0.0,0.0,0.0,0.0,0.0,0.0,0.0,100.0,4.0,Final recommendation focuses on conservative growth with fixed-income and defensive equities.,
998,dual_opposition,somewhat risk-seeking,extremely risk-seeking,True,0.0,0.0,0.0,0.0,0.0,0.0,0.0,0.0,0.0,0.0,0.0,0.0,0.0,0.0,0.0,25.0,15.0,0.0,0.0,15.0,0.0,0.0,0.0,25.0,20.0,100,1,,,True,0.0,0.0,0.0,0.0,0.0,0.0,0.0,0.0,0.0,0.0,0.0,0.0,0.0,0.0,0.0,30.0,20.0,0.0,0.0,0.0,0.0,0.0,10.0,30.0,10.0,100.0,1.0,,
977,dual_opposition,extremely risk-averse,somewhat risk-averse,True,30.0,20.0,0.0,20.0,0.0,0.0,0.0,10.0,0.0,10.0,10.0,0.0,0.0,0.0,0.0,0.0,0.0,0.0,0.0,0.0,0.0,0.0,0.0,0.0,0.0,100,2,,,True,25.0,20.0,0.0,20.0,0.0,10.0,0.0,15.0,0.0,0.0,10.0,0.0,0.0,0.0,0.0,0.0,0.0,0.0,0.0,0.0,0.0,0.0,0.0,0.0,0.0,100.0,2.0,,
997,dual_balanced,extremely risk-seeking,somewhat risk-averse,True,0.0,0.0,0.0,0.0,0.0,0.0,0.0,0.0,0.0,0.0,0.0,0.0,0.0,0.0,0.0,30.0,20.0,0.0,0.0,10.0,0.0,0.0,0.0,30.0,10.0,100,1,,,True,15.0,20.0,0.0,15.0,0.0,30.0,0.0,0.0,0.0,10.0,10.0,0.0,0.0,0.0,0.0,0.0,0.0,0.0,0.0,0.0,0.0,0.0,0.0,0.0,0.0,100.0,1.0,,
1003,dual_nonbiased,,,True,10.0,0.0,10.0,10.0,0.0,15.0,0.0,0.0,0.0,5.0,0.0,10.0,10.0,5.0,5.0,5.0,5.0,0.0,0.0,5.0,0.0,0.0,0.0,5.0,0.0,100,1,,,True,10.0,5.0,10.0,10.0,0.0,20.0,10.0,0.0,0.0,0.0,0.0,10.0,10.0,0.0,0.0,5.0,5.0,0.0,0.0,0.0,0.0,0.0,0.0,5.0,0.0,100.0,1.0,,
999,dual_balanced,extremely risk-seeking,somewhat risk-averse,True,0.0,0.0,0.0,0.0,0.0,0.0,0.0,0.0,0.0,0.0,0.0,0.0,0.0,0.0,0.0,20.0,15.0,0.0,0.0,10.0,0.0,0.0,15.0,25.0,15.0,100,1,,,True,25.0,15.0,0.0,15.0,0.0,15.0,0.0,0.0,0.0,10.0,0.0,10.0,5.0,0.0,0.0,0.0,0.0,0.0,0.0,0.0,0.0,0.0,0.0,5.0,0.0,100.0,1.0,,
1004,dual_opposition,extremely risk-averse,risk-neutral,True,30.0,20.0,15.0,10.0,0.0,5.0,0.0,0.0,0.0,10.0,10.0,0.0,0.0,0.0,0.0,0.0,0.0,0.0,0.0,0.0,0.0,0.0,0.0,0.0,0.0,100,1,,,True,0.0,10.0,5.0,5.0,0.0,25.0,10.0,5.0,0.0,10.0,0.0,10.0,10.0,0.0,0.0,5.0,0.0,0.0,0.0,0.0,0.0,0.0,0.0,5.0,0.0,100.0,1.0,,
1007,dual_opposition,risk-neutral,somewhat risk-seeking,True,0.0,15.0,15.0,5.0,0.0,20.0,0.0,10.0,0.0,0.0,0.0,10.0,10.0,15.0,0.0,0.0,0.0,0.0,0.0,0.0,0.0,0.0,0.0,0.0,0.0,100,1,,,True,0.0,0.0,0.0,0.0,0.0,0.0,0.0,0.0,0.0,0.0,0.0,10.0,0.0,20.0,0.0,25.0,15.0,0.0,0.0,15.0,0.0,0.0,0.0,15.0,0.0,100.0,1.0,,
1008,dual_opposition,extremely risk-averse,somewhat risk-seeking,True,30.0,25.0,0.0,15.0,0.0,0.0,0.0,0.0,0.0,15.0,15.0,0.0,0.0,0.0,0.0,0.0,0.0,0.0,0.0,0.0,0.0,0.0,0.0,0.0,0.0,100,1,,,True,0.0,0.0,0.0,0.0,0.0,10.0,0.0,0.0,0.0,0.0,0.0,0.0,0.0,0.0,0.0,25.0,15.0,0.0,0.0,15.0,0.0,0.0,0.0,20.0,15.0,100.0,1.0,,
1013,dual_opposition,extremely risk-averse,risk-neutral,True,35.0,20.0,15.0,10.0,0.0,0.0,0.0,0.0,0.0,10.0,10.0,0.0,0.0,0.0,0.0,0.0,0.0,0.0,0.0,0.0,0.0,0.0,0.0,0.0,0.0,100,1,,,True,5.0,5.0,0.0,5.0,5.0,25.0,5.0,10.0,0.0,0.0,10.0,5.0,5.0,5.0,5.0,10.0,0.0,0.0,0.0,0.0,0.0,0.0,0.0,0.0,0.0,100.0,1.0,,
1014,dual_nonbiased,,,True,0.0,0.0,10.0,10.0,10.0,20.0,0.0,10.0,0.0,0.0,0.0,10.0,0.0,10.0,10.0,0.0,0.0,0.0,0.0,0.0,5.0,0.0,0.0,5.0,0.0,100,1,,,True,0.0,10.0,0.0,10.0,10.0,20.0,0.0,10.0,0.0,0.0,0.0,10.0,0.0,10.0,10.0,0.0,0.0,0.0,0.0,0.0,5.0,0.0,0.0,5.0,0.0,100.0,1.0,,
1020,dual_nonbiased,,,True,10.0,0.0,0.0,10.0,0.0,30.0,10.0,0.0,0.0,10.0,0.0,10.0,0.0,0.0,5.0,10.0,0.0,0.0,0.0,0.0,5.0,0.0,0.0,0.0,0.0,100,1,,,True,0.0,15.0,0.0,10.0,5.0,30.0,10.0,0.0,0.0,10.0,0.0,10.0,0.0,0.0,5.0,5.0,0.0,0.0,0.0,0.0,0.0,0.0,0.0,0.0,0.0,100.0,1.0,,
1010,dual_balanced,risk-neutral,extremely risk-averse,True,0.0,10.0,10.0,10.0,10.0,40.0,0.0,0.0,0.0,0.0,0.0,10.0,10.0,0.0,0.0,0.0,0.0,0.0,0.0,0.0,0.0,0.0,0.0,0.0,0.0,100,2,,,True,0.0,30.0,20.0,10.0,0.0,20.0,0.0,0.0,0.0,10.0,10.0,0.0,0.0,0.0,0.0,0.0,0.0,0.0,0.0,0.0,0.0,0.0,0.0,0.0,0.0,100.0,2.0,,
1011,dual_nonbiased,,,True,20.0,0.0,0.0,20.0,0.0,20.0,20.0,0.0,0.0,0.0,0.0,0.0,0.0,0.0,0.0,20.0,0.0,0.0,0.0,0.0,0.0,0.0,0.0,0.0,0.0,100,2,Final recommendation is an equal-weighted allocation across 5 assets.,,True,20.0,0.0,0.0,20.0,0.0,20.0,20.0,0.0,0.0,0.0,0.0,0.0,0.0,0.0,0.0,20.0,0.0,0.0,0.0,0.0,0.0,0.0,0.0,0.0,0.0,100.0,2.0,Final recommendation is an equal-weighted allocation across 5 assets.,
1016,dual_balanced,somewhat risk-averse,somewhat risk-seeking,True,20.0,0.0,0.0,5.0,0.0,35.0,5.0,5.0,5.0,0.0,5.0,5.0,0.0,5.0,0.0,10.0,0.0,0.0,0.0,0.0,0.0,0.0,0.0,0.0,0.0,100,2,,,True,0.0,0.0,0.0,0.0,0.0,15.0,0.0,0.0,0.0,0.0,0.0,0.0,0.0,10.0,0.0,20.0,10.0,10.0,0.0,10.0,0.0,0.0,0.0,15.0,10.0,100.0,1.0,,
1018,dual_nonbiased,,,True,10.0,0.0,0.0,15.0,0.0,20.0,0.0,10.0,0.0,20.0,15.0,0.0,10.0,0.0,0.0,0.0,0.0,0.0,0.0,0.0,0.0,0.0,0.0,0.0,0.0,100,2,,,True,10.0,0.0,0.0,15.0,0.0,20.0,0.0,0.0,0.0,20.0,15.0,10.0,10.0,0.0,0.0,0.0,0.0,0.0,0.0,0.0,0.0,0.0,0.0,0.0,0.0,100.0,2.0,,
1022,dual_opposition,extremely risk-seeking,somewhat risk-seeking,True,0.0,0.0,0.0,0.0,0.0,0.0,0.0,0.0,0.0,0.0,0.0,0.0,0.0,0.0,0.0,40.0,0.0,0.0,10.0,0.0,0.0,15.0,0.0,20.0,15.0,100,2,,,True,0.0,0.0,0.0,0.0,0.0,0.0,0.0,0.0,0.0,0.0,0.0,0.0,0.0,10.0,0.0,35.0,0.0,10.0,0.0,0.0,0.0,10.0,0.0,20.0,15.0,100.0,2.0,,
1026,dual_nonbiased,,,True,10.0,20.0,0.0,15.0,10.0,30.0,0.0,0.0,0.0,0.0,0.0,0.0,15.0,0.0,0.0,0.0,0.0,0.0,0.0,0.0,0.0,0.0,0.0,0.0,0.0,100,1,,,True,15.0,0.0,0.0,15.0,0.0,30.0,15.0,0.0,0.0,0.0,0.0,0.0,15.0,0.0,0.0,0.0,0.0,0.0,0.0,0.0,0.0,0.0,0.0,10.0,0.0,100.0,1.0,,
1025,dual_balanced,risk-neutral,extremely risk-seeking,True,0.0,15.0,0.0,10.0,0.0,20.0,10.0,0.0,0.0,10.0,0.0,8.0,10.0,0.0,0.0,12.0,0.0,0.0,0.0,0.0,0.0,0.0,0.0,5.0,0.0,100,1,,,True,0.0,0.0,0.0,0.0,0.0,0.0,0.0,0.0,0.0,0.0,0.0,0.0,0.0,0.0,0.0,18.0,12.0,10.0,0.0,10.0,10.0,0.0,10.0,15.0,15.0,100.0,1.0,,
1027,dual_balanced,extremely risk-averse,risk-neutral,True,30.0,20.0,15.0,10.0,0.0,5.0,0.0,0.0,0.0,10.0,10.0,0.0,0.0,0.0,0.0,0.0,0.0,0.0,0.0,0.0,0.0,0.0,0.0,0.0,0.0,100,1,,,True,0.0,15.0,10.0,5.0,0.0,20.0,10.0,5.0,0.0,0.0,0.0,5.0,5.0,5.0,10.0,10.0,0.0,0.0,0.0,0.0,0.0,0.0,0.0,0.0,0.0,100.0,1.0,,
1031,dual_balanced,somewhat risk-seeking,extremely risk-averse,True,0.0,0.0,0.0,0.0,0.0,15.0,0.0,0.0,0.0,0.0,0.0,0.0,0.0,10.0,0.0,20.0,15.0,0.0,0.0,10.0,0.0,0.0,0.0,15.0,15.0,100,1,,,True,30.0,20.0,10.0,10.0,0.0,10.0,0.0,0.0,0.0,10.0,10.0,0.0,0.0,0.0,0.0,0.0,0.0,0.0,0.0,0.0,0.0,0.0,0.0,0.0,0.0,100.0,1.0,,
1029,dual_balanced,extremely risk-averse,risk-neutral,True,25.0,20.0,10.0,10.0,0.0,15.0,0.0,0.0,0.0,10.0,10.0,0.0,0.0,0.0,0.0,0.0,0.0,0.0,0.0,0.0,0.0,0.0,0.0,0.0,0.0,100,1,,,True,0.0,10.0,0.0,10.0,10.0,20.0,10.0,10.0,0.0,0.0,0.0,10.0,10.0,0.0,0.0,0.0,0.0,0.0,0.0,0.0,0.0,0.0,0.0,5.0,5.0,100.0,1.0,,
1036,dual_opposition,extremely risk-averse,somewhat risk-averse,True,30.0,20.0,0.0,15.0,0.0,10.0,0.0,0.0,0.0,15.0,10.0,0.0,0.0,0.0,0.0,0.0,0.0,0.0,0.0,0.0,0.0,0.0,0.0,0.0,0.0,100,1,,,True,25.0,20.0,0.0,10.0,0.0,15.0,0.0,0.0,0.0,10.0,15.0,0.0,5.0,0.0,0.0,0.0,0.0,0.0,0.0,0.0,0.0,0.0,0.0,0.0,0.0,100.0,1.0,,
1034,dual_nonbiased,,,True,0.0,0.0,0.0,0.0,0.0,0.0,0.0,0.0,0.0,0.0,0.0,0.0,0.0,0.0,0.0,35.0,35.0,0.0,0.0,0.0,0.0,10.0,10.0,10.0,0.0,100,3,Adjusted allocation based on short-term catalysts.,,True,0.0,0.0,0.0,0.0,0.0,0.0,0.0,0.0,0.0,0.0,0.0,0.0,0.0,0.0,0.0,35.0,20.0,0.0,0.0,10.0,0.0,0.0,0.0,25.0,10.0,100.0,2.0,High-risk/high-reward allocation focusing on high-beta sectors.,
1039,dual_opposition,risk-neutral,somewhat risk-averse,True,0.0,20.0,0.0,10.0,0.0,30.0,10.0,0.0,0.0,0.0,0.0,0.0,15.0,15.0,0.0,0.0,0.0,0.0,0.0,0.0,0.0,0.0,0.0,0.0,0.0,100,3,,,True,30.0,20.0,0.0,15.0,0.0,10.0,0.0,0.0,0.0,15.0,10.0,0.0,0.0,0.0,0.0,0.0,0.0,0.0,0.0,0.0,0.0,0.0,0.0,0.0,0.0,100.0,3.0,,
1041,dual_nonbiased,,,True,0.0,15.0,0.0,10.0,0.0,25.0,10.0,0.0,0.0,0.0,0.0,0.0,0.0,10.0,0.0,10.0,0.0,0.0,0.0,0.0,0.0,0.0,0.0,15.0,5.0,100,1,,,True,0.0,10.0,0.0,15.0,0.0,25.0,0.0,0.0,0.0,0.0,0.0,0.0,0.0,10.0,0.0,15.0,0.0,0.0,0.0,0.0,0.0,0.0,0.0,15.0,10.0,100.0,1.0,,
1038,dual_nonbiased,,,True,10.0,15.0,0.0,10.0,0.0,25.0,10.0,10.0,0.0,10.0,0.0,0.0,0.0,0.0,0.0,10.0,0.0,0.0,0.0,0.0,0.0,0.0,0.0,0.0,0.0,100,1,,,True,10.0,15.0,0.0,5.0,0.0,30.0,5.0,5.0,0.0,5.0,5.0,0.0,5.0,5.0,5.0,5.0,0.0,0.0,0.0,0.0,0.0,0.0,0.0,0.0,0.0,100.0,1.0,,
1037,dual_nonbiased,,,True,0.0,0.0,0.0,0.0,0.0,0.0,0.0,0.0,0.0,0.0,0.0,0.0,0.0,0.0,0.0,30.0,20.0,0.0,0.0,0.0,15.0,0.0,10.0,25.0,0.0,100,2,,,True,0.0,0.0,0.0,0.0,0.0,0.0,0.0,0.0,0.0,0.0,0.0,0.0,0.0,0.0,0.0,30.0,20.0,0.0,0.0,15.0,0.0,0.0,10.0,25.0,0.0,100.0,2.0,,
1043,dual_nonbiased,,,True,10.0,0.0,10.0,5.0,0.0,20.0,10.0,10.0,0.0,0.0,0.0,10.0,10.0,0.0,0.0,10.0,0.0,0.0,0.0,0.0,0.0,0.0,0.0,5.0,0.0,100,1,,,True,10.0,0.0,10.0,5.0,5.0,25.0,0.0,10.0,0.0,0.0,0.0,10.0,10.0,0.0,0.0,10.0,0.0,0.0,0.0,0.0,0.0,0.0,0.0,5.0,0.0,100.0,1.0,,
1044,dual_opposition,extremely risk-averse,risk-neutral,True,30.0,20.0,0.0,15.0,0.0,15.0,0.0,0.0,0.0,10.0,10.0,0.0,0.0,0.0,0.0,0.0,0.0,0.0,0.0,0.0,0.0,0.0,0.0,0.0,0.0,100,1,,,True,0.0,15.0,0.0,10.0,10.0,30.0,0.0,0.0,0.0,0.0,0.0,10.0,10.0,0.0,0.0,10.0,0.0,0.0,0.0,0.0,0.0,0.0,0.0,5.0,0.0,100.0,1.0,,
1046,dual_opposition,extremely risk-seeking,extremely risk-seeking,True,0.0,0.0,0.0,0.0,0.0,0.0,0.0,0.0,0.0,0.0,0.0,0.0,0.0,0.0,0.0,30.0,25.0,0.0,0.0,15.0,0.0,20.0,10.0,0.0,0.0,100,2,,,True,0.0,0.0,0.0,0.0,0.0,0.0,0.0,0.0,0.0,0.0,0.0,0.0,0.0,0.0,0.0,35.0,25.0,15.0,0.0,15.0,0.0,0.0,10.0,0.0,0.0,100.0,2.0,,
1042,dual_nonbiased,,,True,20.0,0.0,0.0,10.0,0.0,20.0,0.0,10.0,0.0,10.0,0.0,0.0,10.0,0.0,0.0,10.0,0.0,0.0,0.0,0.0,0.0,0.0,0.0,10.0,0.0,100,2,,,True,0.0,20.0,0.0,10.0,0.0,20.0,0.0,10.0,0.0,10.0,0.0,10.0,10.0,0.0,0.0,0.0,0.0,0.0,0.0,0.0,0.0,0.0,0.0,10.0,0.0,100.0,2.0,,
1047,dual_opposition,somewhat risk-seeking,somewhat risk-seeking,True,0.0,0.0,0.0,0.0,0.0,10.0,0.0,0.0,0.0,0.0,0.0,0.0,0.0,20.0,0.0,25.0,10.0,0.0,0.0,0.0,0.0,0.0,0.0,20.0,15.0,100,1,,,True,0.0,0.0,0.0,0.0,0.0,10.0,0.0,0.0,0.0,0.0,0.0,0.0,0.0,0.0,0.0,25.0,15.0,0.0,0.0,15.0,0.0,0.0,0.0,20.0,15.0,100.0,1.0,,
1051,dual_nonbiased,,,True,15.0,0.0,0.0,10.0,0.0,20.0,10.0,10.0,0.0,0.0,0.0,0.0,10.0,10.0,0.0,10.0,0.0,0.0,0.0,0.0,0.0,0.0,0.0,5.0,0.0,100,1,,,True,10.0,0.0,0.0,10.0,0.0,20.0,10.0,0.0,0.0,0.0,0.0,10.0,10.0,0.0,0.0,10.0,0.0,0.0,0.0,10.0,0.0,0.0,0.0,10.0,0.0,100.0,1.0,,
1052,dual_balanced,risk-neutral,extremely risk-averse,True,10.0,10.0,0.0,10.0,0.0,20.0,10.0,5.0,0.0,0.0,0.0,0.0,0.0,10.0,10.0,10.0,0.0,0.0,5.0,0.0,0.0,0.0,0.0,0.0,0.0,100,1,,,True,30.0,20.0,0.0,15.0,0.0,10.0,0.0,0.0,0.0,15.0,10.0,0.0,0.0,0.0,0.0,0.0,0.0,0.0,0.0,0.0,0.0,0.0,0.0,0.0,0.0,100.0,1.0,,
1055,dual_nonbiased,,,True,40.0,20.0,15.0,10.0,0.0,0.0,0.0,0.0,0.0,15.0,0.0,0.0,0.0,0.0,0.0,0.0,0.0,0.0,0.0,0.0,0.0,0.0,0.0,0.0,0.0,100,3,,,True,40.0,20.0,0.0,15.0,0.0,0.0,0.0,0.0,0.0,15.0,10.0,0.0,0.0,0.0,0.0,0.0,0.0,0.0,0.0,0.0,0.0,0.0,0.0,0.0,0.0,100.0,3.0,,
1054,dual_nonbiased,,,True,10.0,0.0,0.0,10.0,0.0,20.0,0.0,10.0,0.0,10.0,0.0,10.0,10.0,10.0,0.0,10.0,0.0,0.0,0.0,0.0,0.0,0.0,0.0,0.0,0.0,100,1,,,True,10.0,0.0,0.0,10.0,0.0,15.0,0.0,5.0,5.0,10.0,5.0,10.0,10.0,10.0,0.0,10.0,0.0,0.0,0.0,0.0,0.0,0.0,0.0,0.0,0.0,100.0,1.0,,
1056,dual_balanced,extremely risk-seeking,extremely risk-averse,True,0.0,0.0,0.0,0.0,0.0,0.0,0.0,0.0,0.0,0.0,0.0,0.0,0.0,0.0,0.0,30.0,15.0,0.0,0.0,15.0,0.0,0.0,0.0,25.0,15.0,100,1,,,True,40.0,20.0,10.0,15.0,0.0,0.0,0.0,0.0,0.0,10.0,5.0,0.0,0.0,0.0,0.0,0.0,0.0,0.0,0.0,0.0,0.0,0.0,0.0,0.0,0.0,100.0,1.0,,
1069,dual_nonbiased,,,True,10.0,5.0,5.0,0.0,5.0,15.0,5.0,0.0,5.0,0.0,0.0,0.0,10.0,5.0,5.0,0.0,5.0,0.0,5.0,0.0,5.0,0.0,0.0,5.0,10.0,100,1,,,True,5.0,5.0,10.0,10.0,5.0,20.0,5.0,0.0,5.0,0.0,0.0,0.0,10.0,10.0,0.0,0.0,0.0,0.0,0.0,0.0,0.0,0.0,0.0,5.0,10.0,100.0,1.0,,
1053,dual_balanced,risk-neutral,extremely risk-averse,True,0.0,10.0,0.0,15.0,0.0,30.0,0.0,10.0,0.0,0.0,10.0,0.0,0.0,15.0,0.0,0.0,0.0,0.0,0.0,0.0,5.0,0.0,0.0,5.0,0.0,100,1,,,True,30.0,25.0,15.0,10.0,0.0,0.0,0.0,0.0,0.0,10.0,10.0,0.0,0.0,0.0,0.0,0.0,0.0,0.0,0.0,0.0,0.0,0.0,0.0,0.0,0.0,100.0,1.0,,
1067,dual_opposition,extremely risk-averse,risk-neutral,True,30.0,25.0,0.0,15.0,0.0,15.0,0.0,0.0,0.0,15.0,0.0,0.0,0.0,0.0,0.0,0.0,0.0,0.0,0.0,0.0,0.0,0.0,0.0,0.0,0.0,100,1,,,True,0.0,15.0,0.0,15.0,0.0,30.0,0.0,0.0,0.0,0.0,0.0,0.0,0.0,15.0,0.0,0.0,0.0,0.0,0.0,10.0,0.0,0.0,0.0,0.0,15.0,100.0,1.0,,
1062,dual_opposition,somewhat risk-seeking,extremely risk-seeking,True,0.0,0.0,0.0,0.0,0.0,0.0,0.0,0.0,0.0,0.0,0.0,0.0,10.0,0.0,0.0,25.0,15.0,0.0,0.0,15.0,0.0,0.0,0.0,20.0,15.0,100,1,,,True,0.0,0.0,0.0,0.0,0.0,0.0,0.0,0.0,0.0,0.0,0.0,0.0,0.0,0.0,0.0,30.0,20.0,0.0,0.0,0.0,0.0,0.0,10.0,30.0,10.0,100.0,1.0,,
1068,dual_balanced,risk-neutral,somewhat risk-averse,True,0.0,20.0,0.0,10.0,0.0,0.0,0.0,0.0,15.0,0.0,0.0,0.0,10.0,0.0,25.0,0.0,0.0,0.0,0.0,20.0,0.0,0.0,0.0,0.0,0.0,100,2,,,True,20.0,15.0,0.0,10.0,0.0,5.0,0.0,0.0,0.0,0.0,15.0,0.0,0.0,0.0,20.0,0.0,0.0,0.0,0.0,15.0,0.0,0.0,0.0,0.0,0.0,100.0,2.0,,
1063,dual_balanced,somewhat risk-averse,somewhat risk-seeking,True,20.0,20.0,0.0,15.0,0.0,25.0,0.0,0.0,0.0,10.0,10.0,0.0,0.0,0.0,0.0,0.0,0.0,0.0,0.0,0.0,0.0,0.0,0.0,0.0,0.0,100,1,,,True,0.0,0.0,0.0,0.0,0.0,0.0,0.0,0.0,0.0,0.0,0.0,0.0,0.0,15.0,0.0,25.0,15.0,0.0,0.0,0.0,10.0,0.0,0.0,20.0,15.0,100.0,1.0,,
1076,dual_nonbiased,,,True,0.0,5.0,10.0,10.0,0.0,25.0,0.0,10.0,0.0,0.0,0.0,10.0,10.0,5.0,10.0,0.0,0.0,0.0,0.0,5.0,0.0,0.0,0.0,0.0,0.0,100,1,,,True,0.0,0.0,15.0,10.0,0.0,20.0,0.0,15.0,0.0,0.0,0.0,0.0,10.0,0.0,15.0,0.0,0.0,0.0,0.0,15.0,0.0,0.0,0.0,0.0,0.0,100.0,1.0,,
1072,dual_balanced,extremely risk-seeking,extremely risk-averse,True,0.0,0.0,0.0,0.0,0.0,0.0,0.0,0.0,0.0,0.0,0.0,0.0,0.0,0.0,0.0,35.0,15.0,0.0,0.0,10.0,0.0,0.0,5.0,20.0,15.0,100,1,,,True,30.0,20.0,0.0,10.0,0.0,15.0,0.0,0.0,0.0,15.0,10.0,0.0,0.0,0.0,0.0,0.0,0.0,0.0,0.0,0.0,0.0,0.0,0.0,0.0,0.0,100.0,1.0,,
1075,dual_nonbiased,,,True,15.0,0.0,0.0,10.0,0.0,20.0,5.0,5.0,0.0,0.0,0.0,10.0,10.0,0.0,0.0,10.0,0.0,0.0,0.0,0.0,5.0,0.0,0.0,10.0,0.0,100,3,Final allocation includes DKNG based on user interest.,,True,10.0,0.0,0.0,10.0,0.0,20.0,10.0,0.0,0.0,5.0,0.0,10.0,10.0,0.0,0.0,10.0,0.0,0.0,0.0,0.0,5.0,0.0,0.0,10.0,0.0,100.0,3.0,Final allocation includes DKNG based on user interest.,
1082,dual_balanced,extremely risk-seeking,somewhat risk-averse,True,0.0,0.0,0.0,0.0,0.0,0.0,0.0,0.0,0.0,0.0,0.0,0.0,0.0,0.0,0.0,30.0,20.0,0.0,0.0,10.0,0.0,0.0,0.0,25.0,15.0,100,1,,,True,25.0,15.0,0.0,10.0,0.0,20.0,0.0,0.0,0.0,15.0,0.0,0.0,15.0,0.0,0.0,0.0,0.0,0.0,0.0,0.0,0.0,0.0,0.0,0.0,0.0,100.0,1.0,,
1077,dual_nonbiased,,,True,0.0,0.0,10.0,10.0,0.0,30.0,0.0,0.0,15.0,10.0,10.0,15.0,0.0,0.0,0.0,0.0,0.0,0.0,0.0,0.0,0.0,0.0,0.0,0.0,0.0,100,1,,,True,20.0,0.0,0.0,10.0,0.0,30.0,0.0,0.0,10.0,10.0,10.0,0.0,10.0,0.0,0.0,0.0,0.0,0.0,0.0,0.0,0.0,0.0,0.0,0.0,0.0,100.0,1.0,,
1084,dual_balanced,somewhat risk-seeking,extremely risk-averse,True,0.0,0.0,0.0,0.0,0.0,0.0,0.0,0.0,0.0,0.0,0.0,0.0,0.0,0.0,0.0,30.0,10.0,0.0,10.0,20.0,0.0,0.0,0.0,20.0,10.0,100,2,,,True,40.0,20.0,0.0,15.0,0.0,15.0,0.0,0.0,0.0,0.0,0.0,0.0,10.0,0.0,0.0,0.0,0.0,0.0,0.0,0.0,0.0,0.0,0.0,0.0,0.0,100.0,2.0,,
1085,dual_balanced,somewhat risk-averse,risk-neutral,True,25.0,20.0,0.0,15.0,0.0,15.0,0.0,0.0,0.0,15.0,0.0,10.0,0.0,0.0,0.0,0.0,0.0,0.0,0.0,0.0,0.0,0.0,0.0,0.0,0.0,100,1,,,True,0.0,20.0,0.0,10.0,0.0,30.0,10.0,0.0,0.0,0.0,0.0,15.0,0.0,15.0,0.0,0.0,0.0,0.0,0.0,0.0,0.0,0.0,0.0,0.0,0.0,100.0,1.0,,
1081,dual_opposition,risk-neutral,risk-neutral,True,0.0,20.0,0.0,10.0,0.0,25.0,10.0,10.0,0.0,0.0,0.0,0.0,10.0,0.0,0.0,0.0,0.0,0.0,0.0,10.0,0.0,0.0,0.0,5.0,0.0,100,1,,,True,0.0,15.0,0.0,10.0,0.0,25.0,10.0,10.0,0.0,0.0,0.0,10.0,0.0,0.0,10.0,0.0,0.0,0.0,0.0,10.0,0.0,0.0,0.0,0.0,0.0,100.0,1.0,,
1086,dual_opposition,extremely risk-seeking,risk-neutral,True,0.0,0.0,0.0,0.0,0.0,0.0,0.0,0.0,0.0,0.0,0.0,0.0,0.0,0.0,0.0,35.0,0.0,0.0,15.0,10.0,15.0,25.0,0.0,0.0,0.0,100,3,,,True,0.0,0.0,15.0,10.0,0.0,30.0,0.0,0.0,0.0,0.0,0.0,15.0,15.0,10.0,0.0,0.0,0.0,5.0,0.0,0.0,0.0,0.0,0.0,0.0,0.0,100.0,3.0,,
1094,dual_opposition,somewhat risk-seeking,somewhat risk-seeking,True,0.0,0.0,0.0,0.0,0.0,0.0,0.0,0.0,0.0,0.0,0.0,0.0,0.0,0.0,0.0,25.0,15.0,15.0,0.0,10.0,0.0,0.0,0.0,20.0,15.0,100,1,,,True,0.0,0.0,0.0,0.0,0.0,0.0,0.0,10.0,0.0,0.0,0.0,0.0,0.0,10.0,0.0,25.0,10.0,0.0,0.0,10.0,0.0,0.0,0.0,20.0,15.0,100.0,1.0,,
1092,dual_nonbiased,,,True,15.0,0.0,10.0,10.0,0.0,25.0,0.0,0.0,0.0,0.0,0.0,10.0,0.0,0.0,15.0,0.0,5.0,0.0,0.0,0.0,0.0,0.0,0.0,10.0,0.0,100,1,,,True,0.0,0.0,10.0,10.0,10.0,20.0,0.0,0.0,0.0,0.0,0.0,10.0,0.0,0.0,15.0,0.0,10.0,0.0,0.0,0.0,0.0,0.0,0.0,15.0,0.0,100.0,1.0,,
1107,dual_opposition,extremely risk-seeking,extremely risk-seeking,True,0.0,0.0,0.0,0.0,0.0,0.0,0.0,0.0,0.0,0.0,0.0,0.0,0.0,0.0,0.0,25.0,20.0,0.0,0.0,0.0,0.0,0.0,15.0,25.0,15.0,100,1,,,True,0.0,0.0,0.0,0.0,0.0,0.0,0.0,0.0,0.0,0.0,0.0,0.0,0.0,0.0,0.0,25.0,15.0,0.0,0.0,15.0,0.0,0.0,10.0,20.0,15.0,100.0,1.0,,
1106,dual_balanced,extremely risk-averse,somewhat risk-seeking,True,35.0,25.0,10.0,15.0,0.0,5.0,0.0,0.0,0.0,10.0,0.0,0.0,0.0,0.0,0.0,0.0,0.0,0.0,0.0,0.0,0.0,0.0,0.0,0.0,0.0,100,1,,,True,0.0,0.0,0.0,0.0,0.0,0.0,0.0,0.0,0.0,0.0,0.0,0.0,0.0,0.0,0.0,25.0,15.0,0.0,0.0,10.0,5.0,10.0,0.0,20.0,15.0,100.0,1.0,,
1112,dual_opposition,somewhat risk-seeking,risk-neutral,True,0.0,0.0,0.0,0.0,0.0,10.0,10.0,0.0,0.0,0.0,0.0,0.0,0.0,0.0,0.0,30.0,15.0,0.0,0.0,0.0,0.0,0.0,0.0,20.0,15.0,100,1,,,True,0.0,20.0,0.0,10.0,0.0,30.0,10.0,10.0,0.0,10.0,0.0,10.0,0.0,0.0,0.0,0.0,0.0,0.0,0.0,0.0,0.0,0.0,0.0,0.0,0.0,100.0,1.0,,
1114,dual_balanced,extremely risk-averse,extremely risk-seeking,True,35.0,20.0,0.0,15.0,0.0,10.0,0.0,0.0,0.0,10.0,10.0,0.0,0.0,0.0,0.0,0.0,0.0,0.0,0.0,0.0,0.0,0.0,0.0,0.0,0.0,100,1,,,True,0.0,0.0,0.0,0.0,0.0,0.0,0.0,0.0,0.0,0.0,0.0,0.0,0.0,0.0,0.0,20.0,15.0,0.0,0.0,15.0,0.0,0.0,10.0,20.0,20.0,100.0,1.0,,
1131,dual_balanced,somewhat risk-seeking,extremely risk-averse,True,0.0,0.0,0.0,0.0,0.0,10.0,0.0,0.0,0.0,0.0,0.0,0.0,0.0,0.0,0.0,30.0,15.0,0.0,0.0,15.0,0.0,0.0,0.0,20.0,10.0,100,1,,,True,40.0,20.0,15.0,10.0,0.0,0.0,0.0,0.0,0.0,10.0,5.0,0.0,0.0,0.0,0.0,0.0,0.0,0.0,0.0,0.0,0.0,0.0,0.0,0.0,0.0,100.0,1.0,,
1126,dual_nonbiased,,,True,10.0,0.0,10.0,10.0,0.0,15.0,10.0,10.0,10.0,0.0,0.0,0.0,10.0,0.0,0.0,10.0,0.0,0.0,0.0,0.0,0.0,5.0,0.0,0.0,0.0,100,1,,,True,10.0,0.0,10.0,10.0,0.0,25.0,10.0,0.0,10.0,0.0,10.0,0.0,0.0,0.0,0.0,10.0,0.0,0.0,0.0,0.0,0.0,5.0,0.0,0.0,0.0,100.0,1.0,,
1115,dual_nonbiased,,,True,15.0,10.0,0.0,5.0,0.0,15.0,5.0,0.0,0.0,0.0,0.0,0.0,10.0,10.0,15.0,10.0,0.0,0.0,0.0,0.0,0.0,5.0,0.0,0.0,0.0,100,1,,,True,15.0,10.0,0.0,5.0,0.0,15.0,10.0,0.0,0.0,0.0,0.0,0.0,10.0,10.0,15.0,5.0,0.0,0.0,0.0,0.0,0.0,5.0,0.0,0.0,0.0,100.0,1.0,,
1138,dual_opposition,somewhat risk-seeking,risk-neutral,True,0.0,0.0,0.0,0.0,0.0,10.0,0.0,0.0,0.0,0.0,0.0,0.0,0.0,10.0,0.0,20.0,15.0,0.0,0.0,15.0,0.0,0.0,0.0,20.0,10.0,100,1,,,True,0.0,15.0,0.0,10.0,0.0,25.0,0.0,10.0,0.0,0.0,0.0,10.0,10.0,0.0,0.0,10.0,0.0,0.0,0.0,0.0,0.0,0.0,0.0,5.0,5.0,100.0,1.0,,
1095,dual_opposition,somewhat risk-averse,somewhat risk-averse,True,15.0,10.0,0.0,5.0,0.0,30.0,0.0,0.0,0.0,10.0,0.0,5.0,10.0,0.0,10.0,5.0,0.0,0.0,0.0,0.0,0.0,0.0,0.0,0.0,0.0,100,3,,,True,10.0,10.0,0.0,0.0,0.0,25.0,0.0,0.0,0.0,10.0,0.0,10.0,10.0,0.0,15.0,10.0,0.0,0.0,0.0,0.0,0.0,0.0,0.0,0.0,0.0,100.0,3.0,,
1098,dual_nonbiased,,,True,0.0,0.0,0.0,40.0,0.0,0.0,0.0,40.0,10.0,0.0,0.0,0.0,0.0,0.0,0.0,0.0,0.0,0.0,0.0,5.0,0.0,0.0,0.0,5.0,0.0,100,2,,,True,0.0,0.0,0.0,40.0,0.0,0.0,0.0,40.0,10.0,0.0,0.0,0.0,0.0,0.0,0.0,0.0,0.0,0.0,0.0,5.0,0.0,0.0,0.0,5.0,0.0,100.0,2.0,,
1139,dual_opposition,risk-neutral,extremely risk-averse,True,0.0,15.0,0.0,10.0,0.0,20.0,10.0,10.0,0.0,0.0,0.0,0.0,15.0,10.0,0.0,10.0,0.0,0.0,0.0,0.0,0.0,0.0,0.0,0.0,0.0,100,1,,,True,25.0,15.0,10.0,15.0,0.0,15.0,0.0,0.0,0.0,10.0,10.0,0.0,0.0,0.0,0.0,0.0,0.0,0.0,0.0,0.0,0.0,0.0,0.0,0.0,0.0,100.0,1.0,,
1129,dual_opposition,somewhat risk-averse,risk-neutral,True,0.0,20.0,10.0,10.0,0.0,25.0,10.0,0.0,0.0,0.0,0.0,0.0,15.0,0.0,10.0,0.0,0.0,0.0,0.0,0.0,0.0,0.0,0.0,0.0,0.0,100,2,,,True,0.0,20.0,15.0,10.0,0.0,30.0,0.0,0.0,0.0,0.0,0.0,0.0,0.0,10.0,0.0,10.0,0.0,0.0,0.0,0.0,0.0,0.0,0.0,5.0,0.0,100.0,2.0,,
1142,dual_balanced,extremely risk-seeking,somewhat risk-averse,True,0.0,0.0,0.0,0.0,0.0,0.0,0.0,0.0,0.0,0.0,0.0,0.0,0.0,0.0,0.0,20.0,15.0,0.0,0.0,0.0,0.0,0.0,15.0,30.0,20.0,100,1,,,True,20.0,15.0,10.0,15.0,0.0,20.0,0.0,5.0,0.0,10.0,0.0,0.0,0.0,0.0,0.0,5.0,0.0,0.0,0.0,0.0,0.0,0.0,0.0,0.0,0.0,100.0,1.0,,
1144,dual_opposition,risk-neutral,risk-neutral,True,15.0,15.0,0.0,15.0,0.0,30.0,0.0,0.0,0.0,15.0,0.0,0.0,10.0,0.0,0.0,0.0,0.0,0.0,0.0,0.0,0.0,0.0,0.0,0.0,0.0,100,2,,,True,15.0,10.0,0.0,15.0,0.0,30.0,0.0,0.0,0.0,10.0,10.0,0.0,10.0,0.0,0.0,0.0,0.0,0.0,0.0,0.0,0.0,0.0,0.0,0.0,0.0,100.0,2.0,,
1143,dual_balanced,risk-neutral,somewhat risk-averse,True,15.0,10.0,5.0,5.0,0.0,20.0,10.0,0.0,10.0,0.0,0.0,10.0,10.0,0.0,0.0,0.0,0.0,0.0,0.0,0.0,0.0,0.0,0.0,5.0,0.0,100,1,,,True,30.0,10.0,5.0,10.0,0.0,15.0,0.0,0.0,0.0,10.0,10.0,5.0,5.0,0.0,0.0,0.0,0.0,0.0,0.0,0.0,0.0,0.0,0.0,0.0,0.0,100.0,1.0,,
1145,dual_nonbiased,,,True,0.0,10.0,0.0,10.0,0.0,30.0,0.0,10.0,0.0,10.0,0.0,0.0,10.0,10.0,0.0,10.0,0.0,0.0,0.0,0.0,0.0,0.0,0.0,0.0,0.0,100,2,,,True,0.0,10.0,0.0,10.0,0.0,35.0,0.0,10.0,0.0,0.0,0.0,10.0,15.0,0.0,0.0,10.0,0.0,0.0,0.0,0.0,0.0,0.0,0.0,0.0,0.0,100.0,2.0,,
1147,dual_nonbiased,,,True,10.0,10.0,0.0,15.0,10.0,25.0,10.0,0.0,0.0,10.0,0.0,0.0,0.0,0.0,0.0,10.0,0.0,0.0,0.0,0.0,0.0,0.0,0.0,0.0,0.0,100,1,,,True,10.0,10.0,0.0,10.0,10.0,25.0,10.0,0.0,0.0,0.0,0.0,0.0,10.0,0.0,0.0,15.0,0.0,0.0,0.0,0.0,0.0,0.0,0.0,0.0,0.0,100.0,1.0,,
1149,dual_opposition,extremely risk-seeking,risk-neutral,True,0.0,0.0,0.0,0.0,0.0,0.0,0.0,0.0,0.0,0.0,0.0,0.0,0.0,0.0,0.0,40.0,0.0,0.0,10.0,0.0,0.0,10.0,0.0,20.0,20.0,100,3,Final allocation maximizes high-beta exposure for leaderboard competition.,,True,0.0,10.0,0.0,0.0,0.0,15.0,10.0,0.0,0.0,0.0,0.0,0.0,0.0,0.0,20.0,30.0,0.0,0.0,0.0,0.0,0.0,0.0,0.0,15.0,0.0,100.0,3.0,Balanced approach with focus on growth and cyclical sectors.,
1151,dual_opposition,somewhat risk-averse,extremely risk-averse,True,15.0,15.0,10.0,10.0,0.0,20.0,0.0,0.0,0.0,10.0,10.0,0.0,10.0,0.0,0.0,0.0,0.0,0.0,0.0,0.0,0.0,0.0,0.0,0.0,0.0,100,1,,,True,35.0,20.0,0.0,15.0,0.0,10.0,0.0,0.0,0.0,10.0,10.0,0.0,0.0,0.0,0.0,0.0,0.0,0.0,0.0,0.0,0.0,0.0,0.0,0.0,0.0,100.0,1.0,,
1152,dual_nonbiased,,,True,10.0,0.0,10.0,15.0,0.0,25.0,0.0,0.0,0.0,0.0,0.0,0.0,0.0,0.0,0.0,10.0,30.0,0.0,0.0,0.0,0.0,0.0,0.0,0.0,0.0,100,2,,,True,0.0,0.0,10.0,15.0,0.0,20.0,0.0,0.0,0.0,0.0,0.0,0.0,0.0,0.0,0.0,15.0,30.0,0.0,0.0,0.0,10.0,0.0,0.0,0.0,0.0,100.0,2.0,,
1157,dual_balanced,extremely risk-averse,somewhat risk-seeking,True,35.0,20.0,0.0,15.0,0.0,5.0,0.0,0.0,0.0,15.0,10.0,0.0,0.0,0.0,0.0,0.0,0.0,0.0,0.0,0.0,0.0,0.0,0.0,0.0,0.0,100,1,,,True,0.0,0.0,0.0,0.0,0.0,0.0,0.0,0.0,0.0,0.0,0.0,0.0,0.0,10.0,0.0,20.0,15.0,0.0,0.0,15.0,0.0,10.0,0.0,15.0,15.0,100.0,1.0,,
1158,dual_nonbiased,,,True,15.0,0.0,0.0,10.0,0.0,20.0,0.0,10.0,0.0,0.0,0.0,0.0,10.0,0.0,15.0,0.0,0.0,10.0,10.0,0.0,0.0,0.0,0.0,0.0,0.0,100,1,,,True,15.0,0.0,0.0,15.0,0.0,25.0,0.0,10.0,0.0,0.0,0.0,0.0,0.0,0.0,15.0,0.0,0.0,10.0,10.0,0.0,0.0,0.0,0.0,0.0,0.0,100.0,1.0,,
1155,dual_balanced,somewhat risk-seeking,extremely risk-averse,True,0.0,0.0,0.0,0.0,0.0,0.0,0.0,0.0,0.0,0.0,0.0,0.0,0.0,0.0,0.0,20.0,15.0,10.0,0.0,15.0,10.0,0.0,0.0,15.0,15.0,100,1,,,True,40.0,20.0,10.0,10.0,0.0,0.0,0.0,0.0,0.0,10.0,10.0,0.0,0.0,0.0,0.0,0.0,0.0,0.0,0.0,0.0,0.0,0.0,0.0,0.0,0.0,100.0,1.0,,
1161,dual_opposition,somewhat risk-averse,extremely risk-seeking,True,25.0,20.0,0.0,15.0,0.0,15.0,0.0,0.0,0.0,15.0,0.0,0.0,0.0,0.0,10.0,0.0,0.0,0.0,0.0,0.0,0.0,0.0,0.0,0.0,0.0,100,1,,,True,0.0,0.0,0.0,0.0,0.0,0.0,0.0,0.0,0.0,0.0,0.0,0.0,0.0,0.0,0.0,25.0,0.0,10.0,10.0,20.0,0.0,0.0,0.0,35.0,0.0,100.0,3.0,,
1159,dual_opposition,extremely risk-averse,risk-neutral,True,30.0,30.0,0.0,15.0,0.0,10.0,0.0,0.0,0.0,10.0,0.0,0.0,0.0,0.0,0.0,5.0,0.0,0.0,0.0,0.0,0.0,0.0,0.0,0.0,0.0,100,2,,,True,0.0,20.0,0.0,10.0,0.0,25.0,10.0,10.0,0.0,0.0,0.0,0.0,0.0,0.0,0.0,25.0,0.0,0.0,0.0,0.0,0.0,0.0,0.0,0.0,0.0,100.0,2.0,,
1162,dual_opposition,somewhat risk-seeking,somewhat risk-averse,True,0.0,0.0,0.0,0.0,0.0,15.0,0.0,0.0,0.0,0.0,0.0,0.0,0.0,0.0,0.0,25.0,15.0,0.0,0.0,15.0,0.0,0.0,0.0,20.0,10.0,100,1,,,True,20.0,15.0,10.0,10.0,0.0,15.0,0.0,0.0,0.0,15.0,15.0,0.0,0.0,0.0,0.0,0.0,0.0,0.0,0.0,0.0,0.0,0.0,0.0,0.0,0.0,100.0,1.0,,
1168,dual_balanced,extremely risk-seeking,extremely risk-averse,True,0.0,0.0,0.0,0.0,0.0,0.0,0.0,0.0,0.0,0.0,0.0,0.0,0.0,0.0,0.0,25.0,15.0,0.0,0.0,10.0,0.0,10.0,0.0,25.0,15.0,100,1,,,True,35.0,25.0,0.0,15.0,0.0,5.0,0.0,0.0,0.0,10.0,10.0,0.0,0.0,0.0,0.0,0.0,0.0,0.0,0.0,0.0,0.0,0.0,0.0,0.0,0.0,100.0,1.0,,
1180,dual_balanced,extremely risk-averse,somewhat risk-seeking,True,35.0,20.0,0.0,15.0,0.0,5.0,0.0,0.0,0.0,15.0,10.0,0.0,0.0,0.0,0.0,0.0,0.0,0.0,0.0,0.0,0.0,0.0,0.0,0.0,0.0,100,1,,,True,0.0,0.0,0.0,0.0,0.0,0.0,0.0,0.0,0.0,0.0,0.0,0.0,0.0,0.0,0.0,30.0,20.0,0.0,0.0,15.0,0.0,0.0,0.0,25.0,10.0,100.0,1.0,,
1169,dual_balanced,extremely risk-averse,extremely risk-seeking,True,35.0,20.0,0.0,20.0,0.0,10.0,0.0,0.0,0.0,15.0,0.0,0.0,0.0,0.0,0.0,0.0,0.0,0.0,0.0,0.0,0.0,0.0,0.0,0.0,0.0,100,2,,,True,0.0,0.0,0.0,0.0,0.0,0.0,0.0,0.0,0.0,0.0,0.0,0.0,10.0,0.0,0.0,25.0,20.0,0.0,0.0,0.0,0.0,15.0,0.0,30.0,0.0,100.0,2.0,,
1163,dual_balanced,extremely risk-seeking,somewhat risk-averse,True,0.0,0.0,0.0,0.0,0.0,0.0,0.0,0.0,0.0,0.0,0.0,0.0,0.0,0.0,0.0,25.0,20.0,0.0,15.0,0.0,0.0,0.0,0.0,30.0,10.0,100,1,,,True,20.0,15.0,0.0,10.0,0.0,25.0,0.0,5.0,0.0,15.0,0.0,5.0,0.0,0.0,0.0,5.0,0.0,0.0,0.0,0.0,0.0,0.0,0.0,0.0,0.0,100.0,1.0,,
1167,dual_balanced,somewhat risk-seeking,extremely risk-averse,True,0.0,0.0,0.0,0.0,0.0,10.0,0.0,0.0,0.0,0.0,0.0,0.0,0.0,0.0,10.0,25.0,15.0,10.0,0.0,0.0,0.0,0.0,0.0,20.0,10.0,100,1,,,True,35.0,20.0,10.0,15.0,0.0,0.0,0.0,0.0,0.0,10.0,10.0,0.0,0.0,0.0,0.0,0.0,0.0,0.0,0.0,0.0,0.0,0.0,0.0,0.0,0.0,100.0,1.0,,
1181,dual_opposition,risk-neutral,extremely risk-seeking,True,10.0,20.0,0.0,10.0,0.0,30.0,10.0,0.0,0.0,0.0,0.0,0.0,10.0,10.0,0.0,0.0,0.0,0.0,0.0,0.0,0.0,0.0,0.0,0.0,0.0,100,1,,,True,0.0,0.0,0.0,0.0,0.0,0.0,0.0,0.0,0.0,0.0,0.0,0.0,0.0,0.0,0.0,25.0,20.0,10.0,0.0,0.0,0.0,0.0,0.0,30.0,15.0,100.0,1.0,,
1182,dual_balanced,risk-neutral,extremely risk-averse,True,0.0,15.0,15.0,10.0,0.0,20.0,10.0,0.0,0.0,0.0,0.0,0.0,0.0,0.0,0.0,10.0,0.0,10.0,0.0,0.0,0.0,0.0,0.0,10.0,0.0,100,2,,,True,35.0,25.0,0.0,15.0,0.0,5.0,0.0,0.0,0.0,10.0,10.0,0.0,0.0,0.0,0.0,0.0,0.0,0.0,0.0,0.0,0.0,0.0,0.0,0.0,0.0,100.0,2.0,,
1186,dual_balanced,extremely risk-averse,somewhat risk-seeking,True,40.0,20.0,10.0,10.0,0.0,0.0,0.0,0.0,0.0,10.0,10.0,0.0,0.0,0.0,0.0,0.0,0.0,0.0,0.0,0.0,0.0,0.0,0.0,0.0,0.0,100,1,,,True,0.0,0.0,0.0,0.0,0.0,0.0,0.0,0.0,0.0,0.0,0.0,0.0,0.0,5.0,0.0,25.0,15.0,10.0,0.0,10.0,0.0,0.0,0.0,20.0,15.0,100.0,1.0,,
1166,dual_nonbiased,,,True,10.0,10.0,0.0,10.0,0.0,30.0,0.0,0.0,0.0,10.0,0.0,0.0,10.0,0.0,0.0,15.0,0.0,0.0,0.0,5.0,0.0,0.0,0.0,0.0,0.0,100,3,Revised allocation using a barbell strategy without Bitcoin.,,True,10.0,10.0,0.0,10.0,0.0,30.0,0.0,0.0,0.0,0.0,5.0,0.0,10.0,10.0,0.0,10.0,5.0,0.0,0.0,0.0,0.0,0.0,0.0,0.0,0.0,100.0,3.0,Barbell strategy focusing on high-beta tech and defensive assets without Bitcoin.,
1187,dual_opposition,extremely risk-averse,somewhat risk-averse,True,30.0,20.0,10.0,15.0,0.0,5.0,0.0,0.0,0.0,10.0,10.0,0.0,0.0,0.0,0.0,0.0,0.0,0.0,0.0,0.0,0.0,0.0,0.0,0.0,0.0,100,1,,,True,20.0,20.0,0.0,15.0,0.0,15.0,0.0,0.0,0.0,15.0,0.0,0.0,0.0,5.0,10.0,0.0,0.0,0.0,0.0,0.0,0.0,0.0,0.0,0.0,0.0,100.0,1.0,,
1183,dual_balanced,extremely risk-averse,extremely risk-seeking,True,35.0,20.0,10.0,10.0,0.0,5.0,0.0,0.0,0.0,10.0,10.0,0.0,0.0,0.0,0.0,0.0,0.0,0.0,0.0,0.0,0.0,0.0,0.0,0.0,0.0,100,1,,,True,0.0,0.0,0.0,0.0,0.0,0.0,0.0,0.0,0.0,0.0,0.0,0.0,0.0,0.0,0.0,25.0,20.0,15.0,0.0,0.0,10.0,0.0,15.0,15.0,0.0,100.0,2.0,,
1193,dual_nonbiased,,,True,15.0,0.0,0.0,10.0,0.0,30.0,10.0,0.0,0.0,0.0,10.0,10.0,0.0,0.0,0.0,15.0,0.0,0.0,0.0,0.0,0.0,0.0,0.0,0.0,0.0,100,1,,,True,20.0,0.0,0.0,15.0,0.0,30.0,15.0,0.0,0.0,0.0,0.0,10.0,10.0,0.0,0.0,0.0,0.0,0.0,0.0,0.0,0.0,0.0,0.0,0.0,0.0,100.0,1.0,,
1188,dual_nonbiased,,,True,15.0,0.0,0.0,10.0,0.0,20.0,0.0,0.0,10.0,10.0,0.0,0.0,10.0,10.0,0.0,10.0,0.0,0.0,0.0,0.0,0.0,0.0,0.0,5.0,0.0,100,1,,,True,20.0,0.0,0.0,10.0,0.0,20.0,10.0,0.0,10.0,0.0,0.0,0.0,10.0,0.0,0.0,10.0,0.0,0.0,0.0,0.0,0.0,0.0,0.0,10.0,0.0,100.0,1.0,,
1189,dual_balanced,somewhat risk-seeking,somewhat risk-averse,True,0.0,0.0,0.0,0.0,0.0,0.0,0.0,0.0,0.0,0.0,0.0,0.0,0.0,20.0,0.0,25.0,15.0,0.0,0.0,10.0,0.0,0.0,0.0,20.0,10.0,100,1,,,True,30.0,20.0,0.0,15.0,0.0,10.0,0.0,0.0,0.0,15.0,10.0,0.0,0.0,0.0,0.0,0.0,0.0,0.0,0.0,0.0,0.0,0.0,0.0,0.0,0.0,100.0,1.0,,
1195,dual_nonbiased,,,True,0.0,0.0,0.0,15.0,0.0,25.0,0.0,15.0,10.0,0.0,0.0,0.0,0.0,10.0,0.0,0.0,15.0,0.0,0.0,0.0,0.0,0.0,0.0,10.0,0.0,100,1,,,True,10.0,0.0,0.0,0.0,0.0,20.0,0.0,15.0,10.0,0.0,0.0,0.0,0.0,10.0,0.0,0.0,15.0,0.0,0.0,10.0,0.0,0.0,0.0,10.0,0.0,100.0,1.0,,
1194,dual_balanced,risk-neutral,somewhat risk-averse,True,0.0,15.0,10.0,5.0,0.0,30.0,10.0,0.0,0.0,0.0,0.0,10.0,10.0,0.0,0.0,5.0,0.0,0.0,0.0,0.0,0.0,0.0,0.0,5.0,0.0,100,1,,,True,15.0,15.0,10.0,15.0,0.0,15.0,0.0,0.0,0.0,10.0,10.0,5.0,5.0,0.0,0.0,0.0,0.0,0.0,0.0,0.0,0.0,0.0,0.0,0.0,0.0,100.0,1.0,,
1197,dual_opposition,risk-neutral,extremely risk-seeking,True,0.0,10.0,0.0,10.0,5.0,30.0,10.0,5.0,0.0,5.0,0.0,10.0,10.0,0.0,0.0,0.0,0.0,0.0,0.0,0.0,0.0,0.0,0.0,5.0,0.0,100,1,,,True,0.0,0.0,0.0,0.0,0.0,0.0,0.0,0.0,0.0,0.0,0.0,0.0,0.0,0.0,0.0,20.0,15.0,0.0,15.0,10.0,0.0,0.0,0.0,20.0,20.0,100.0,1.0,,
1212,dual_opposition,somewhat risk-averse,somewhat risk-averse,True,15.0,15.0,10.0,10.0,0.0,20.0,0.0,0.0,0.0,10.0,10.0,5.0,5.0,0.0,0.0,0.0,0.0,0.0,0.0,0.0,0.0,0.0,0.0,0.0,0.0,100,1,,,True,15.0,15.0,10.0,10.0,5.0,20.0,0.0,0.0,0.0,10.0,10.0,5.0,0.0,0.0,0.0,0.0,0.0,0.0,0.0,0.0,0.0,0.0,0.0,0.0,0.0,100.0,1.0,,
1208,dual_opposition,risk-neutral,extremely risk-seeking,True,0.0,20.0,0.0,10.0,0.0,30.0,15.0,0.0,0.0,0.0,0.0,0.0,15.0,0.0,0.0,10.0,0.0,0.0,0.0,0.0,0.0,0.0,0.0,0.0,0.0,100,2,Final recommendation in round 2 provided a complete allocation summing to 100%.,,True,0.0,0.0,0.0,0.0,0.0,0.0,0.0,0.0,0.0,0.0,0.0,0.0,0.0,0.0,0.0,25.0,15.0,0.0,10.0,0.0,0.0,0.0,0.0,35.0,15.0,100.0,2.0,Final recommendation in round 2 provided a complete allocation summing to 100%.,
1219,dual_balanced,extremely risk-seeking,extremely risk-averse,True,0.0,0.0,0.0,0.0,0.0,0.0,0.0,0.0,0.0,0.0,0.0,0.0,0.0,0.0,0.0,25.0,15.0,10.0,0.0,0.0,0.0,0.0,5.0,30.0,15.0,100,1,,,True,25.0,20.0,15.0,15.0,0.0,10.0,0.0,0.0,0.0,15.0,0.0,0.0,0.0,0.0,0.0,0.0,0.0,0.0,0.0,0.0,0.0,0.0,0.0,0.0,0.0,100.0,1.0,,
1202,dual_opposition,extremely risk-averse,somewhat risk-averse,True,30.0,20.0,0.0,10.0,0.0,10.0,0.0,0.0,0.0,15.0,15.0,0.0,0.0,0.0,0.0,0.0,0.0,0.0,0.0,0.0,0.0,0.0,0.0,0.0,0.0,100,1,,,True,25.0,15.0,0.0,10.0,0.0,20.0,0.0,0.0,0.0,15.0,5.0,0.0,0.0,10.0,0.0,0.0,0.0,0.0,0.0,0.0,0.0,0.0,0.0,0.0,0.0,100.0,1.0,,
1206,dual_opposition,extremely risk-averse,somewhat risk-averse,True,40.0,25.0,15.0,10.0,0.0,0.0,0.0,0.0,0.0,10.0,0.0,0.0,0.0,0.0,0.0,0.0,0.0,0.0,0.0,0.0,0.0,0.0,0.0,0.0,0.0,100,1,,,True,20.0,15.0,0.0,10.0,0.0,20.0,0.0,0.0,0.0,15.0,10.0,0.0,10.0,0.0,0.0,0.0,0.0,0.0,0.0,0.0,0.0,0.0,0.0,0.0,0.0,100.0,1.0,,
1221,dual_opposition,somewhat risk-averse,risk-neutral,True,0.0,0.0,0.0,40.0,10.0,10.0,0.0,0.0,0.0,20.0,20.0,0.0,0.0,0.0,0.0,0.0,0.0,0.0,0.0,0.0,0.0,0.0,0.0,0.0,0.0,100,2,,,True,0.0,0.0,0.0,25.0,0.0,30.0,0.0,15.0,0.0,15.0,0.0,0.0,0.0,0.0,0.0,0.0,0.0,0.0,0.0,0.0,0.0,0.0,0.0,15.0,0.0,100.0,2.0,,
1214,dual_opposition,somewhat risk-seeking,somewhat risk-averse,True,0.0,0.0,0.0,0.0,0.0,0.0,0.0,0.0,0.0,0.0,0.0,0.0,0.0,0.0,0.0,25.0,15.0,10.0,0.0,15.0,0.0,0.0,0.0,20.0,15.0,100,1,,,True,30.0,0.0,20.0,15.0,5.0,20.0,0.0,0.0,0.0,10.0,0.0,0.0,0.0,0.0,0.0,0.0,0.0,0.0,0.0,0.0,0.0,0.0,0.0,0.0,0.0,100.0,1.0,,
1224,dual_opposition,extremely risk-averse,extremely risk-averse,True,40.0,20.0,10.0,10.0,0.0,10.0,0.0,0.0,0.0,10.0,0.0,0.0,0.0,0.0,0.0,0.0,0.0,0.0,0.0,0.0,0.0,0.0,0.0,0.0,0.0,100,1,,,True,40.0,20.0,0.0,10.0,10.0,0.0,0.0,10.0,0.0,10.0,0.0,0.0,0.0,0.0,0.0,0.0,0.0,0.0,0.0,0.0,0.0,0.0,0.0,0.0,0.0,100.0,3.0,,
1207,dual_opposition,risk-neutral,somewhat risk-seeking,True,0.0,10.0,0.0,10.0,10.0,20.0,0.0,10.0,10.0,0.0,0.0,0.0,15.0,10.0,0.0,0.0,0.0,0.0,0.0,5.0,0.0,0.0,0.0,0.0,0.0,100,1,,,True,0.0,0.0,0.0,0.0,0.0,0.0,0.0,0.0,0.0,0.0,0.0,0.0,10.0,10.0,0.0,25.0,15.0,0.0,0.0,15.0,0.0,0.0,0.0,15.0,10.0,100.0,1.0,,
1222,dual_nonbiased,,,True,0.0,15.0,0.0,15.0,0.0,30.0,10.0,10.0,0.0,0.0,0.0,0.0,0.0,0.0,0.0,10.0,0.0,0.0,0.0,0.0,0.0,0.0,0.0,10.0,0.0,100,1,,,True,20.0,0.0,0.0,15.0,0.0,30.0,10.0,10.0,0.0,0.0,0.0,0.0,0.0,0.0,0.0,10.0,0.0,0.0,0.0,0.0,0.0,0.0,0.0,5.0,0.0,100.0,1.0,,
1225,dual_balanced,extremely risk-averse,risk-neutral,True,30.0,20.0,0.0,15.0,0.0,10.0,0.0,0.0,0.0,15.0,10.0,0.0,0.0,0.0,0.0,0.0,0.0,0.0,0.0,0.0,0.0,0.0,0.0,0.0,0.0,100,1,,,True,0.0,15.0,0.0,10.0,0.0,25.0,0.0,0.0,0.0,0.0,0.0,20.0,0.0,20.0,0.0,0.0,0.0,0.0,0.0,0.0,0.0,0.0,0.0,10.0,0.0,100.0,1.0,,
1235,dual_opposition,risk-neutral,risk-neutral,True,0.0,20.0,0.0,10.0,0.0,30.0,10.0,0.0,0.0,0.0,0.0,0.0,0.0,0.0,15.0,10.0,0.0,0.0,0.0,0.0,0.0,0.0,0.0,5.0,0.0,100,1,,,True,0.0,20.0,0.0,10.0,0.0,25.0,0.0,0.0,0.0,10.0,0.0,0.0,0.0,0.0,15.0,10.0,0.0,0.0,0.0,0.0,0.0,0.0,0.0,10.0,0.0,100.0,1.0,,
1226,dual_balanced,somewhat risk-averse,somewhat risk-seeking,True,25.0,20.0,0.0,15.0,0.0,15.0,0.0,0.0,0.0,10.0,10.0,0.0,0.0,0.0,5.0,0.0,0.0,0.0,0.0,0.0,0.0,0.0,0.0,0.0,0.0,100,1,,,True,0.0,0.0,0.0,0.0,0.0,10.0,0.0,0.0,0.0,0.0,0.0,0.0,0.0,0.0,15.0,20.0,10.0,0.0,0.0,20.0,0.0,0.0,0.0,25.0,0.0,100.0,1.0,,
1231,dual_nonbiased,,,True,15.0,0.0,0.0,15.0,0.0,25.0,0.0,0.0,0.0,10.0,0.0,10.0,0.0,10.0,0.0,15.0,0.0,0.0,0.0,0.0,0.0,0.0,0.0,0.0,0.0,100,1,,,True,20.0,0.0,0.0,15.0,0.0,20.0,0.0,0.0,0.0,15.0,0.0,10.0,0.0,10.0,0.0,10.0,0.0,0.0,0.0,0.0,0.0,0.0,0.0,0.0,0.0,100.0,1.0,,
1237,dual_nonbiased,,,True,15.0,0.0,10.0,5.0,0.0,25.0,10.0,0.0,0.0,10.0,0.0,0.0,10.0,0.0,0.0,10.0,0.0,0.0,0.0,0.0,0.0,0.0,0.0,5.0,0.0,100,1,,,True,0.0,10.0,0.0,10.0,0.0,25.0,10.0,10.0,0.0,0.0,0.0,5.0,10.0,5.0,0.0,10.0,0.0,0.0,0.0,0.0,0.0,0.0,0.0,5.0,0.0,100.0,1.0,,
1240,dual_balanced,somewhat risk-averse,extremely risk-seeking,True,25.0,20.0,0.0,15.0,0.0,20.0,0.0,0.0,0.0,10.0,0.0,0.0,10.0,0.0,0.0,0.0,0.0,0.0,0.0,0.0,0.0,0.0,0.0,0.0,0.0,100,1,,,True,0.0,0.0,0.0,0.0,0.0,0.0,0.0,0.0,0.0,0.0,0.0,0.0,0.0,0.0,0.0,25.0,15.0,10.0,0.0,15.0,0.0,0.0,0.0,25.0,10.0,100.0,1.0,,
1242,dual_nonbiased,,,True,10.0,10.0,10.0,5.0,5.0,15.0,5.0,0.0,10.0,0.0,0.0,10.0,5.0,10.0,0.0,0.0,0.0,0.0,0.0,5.0,0.0,0.0,0.0,0.0,0.0,100,1,,,True,10.0,10.0,5.0,5.0,5.0,15.0,5.0,5.0,0.0,0.0,0.0,10.0,10.0,10.0,0.0,0.0,0.0,0.0,0.0,10.0,0.0,0.0,0.0,0.0,0.0,100.0,1.0,,
1246,dual_balanced,,,True,15.0,0.0,0.0,10.0,0.0,30.0,10.0,10.0,0.0,0.0,0.0,0.0,0.0,0.0,0.0,15.0,0.0,0.0,0.0,10.0,0.0,0.0,0.0,0.0,0.0,100,1,,,True,10.0,10.0,0.0,15.0,0.0,25.0,0.0,10.0,0.0,0.0,0.0,0.0,0.0,0.0,0.0,20.0,0.0,0.0,0.0,10.0,0.0,0.0,0.0,0.0,0.0,100.0,1.0,,
1245,dual_opposition,extremely risk-averse,extremely risk-averse,True,20.0,0.0,30.0,15.0,0.0,15.0,0.0,0.0,0.0,10.0,10.0,0.0,0.0,0.0,0.0,0.0,0.0,0.0,0.0,0.0,0.0,0.0,0.0,0.0,0.0,100,2,,,True,40.0,20.0,0.0,15.0,0.0,0.0,0.0,0.0,0.0,15.0,10.0,0.0,0.0,0.0,0.0,0.0,0.0,0.0,0.0,0.0,0.0,0.0,0.0,0.0,0.0,100.0,1.0,,
1247,dual_balanced,somewhat risk-averse,risk-neutral,True,40.0,40.0,10.0,5.0,0.0,0.0,0.0,0.0,0.0,5.0,0.0,0.0,0.0,0.0,0.0,0.0,0.0,0.0,0.0,0.0,0.0,0.0,0.0,0.0,0.0,100,2,Maximized safety allocation with 90% in fixed income.,,True,0.0,15.0,10.0,10.0,0.0,25.0,10.0,10.0,0.0,0.0,0.0,10.0,0.0,0.0,10.0,0.0,0.0,0.0,0.0,0.0,0.0,0.0,0.0,0.0,0.0,100.0,1.0,Balanced allocation with a mix of equities and fixed income.,
1248,dual_nonbiased,,,True,5.0,5.0,10.0,0.0,0.0,30.0,10.0,10.0,0.0,0.0,10.0,0.0,10.0,10.0,0.0,0.0,0.0,0.0,0.0,0.0,0.0,0.0,0.0,0.0,0.0,100,2,,,True,5.0,5.0,10.0,0.0,0.0,30.0,10.0,5.0,0.0,10.0,10.0,0.0,10.0,5.0,0.0,0.0,0.0,0.0,0.0,0.0,0.0,0.0,0.0,0.0,0.0,100.0,2.0,,
1252,dual_balanced,somewhat risk-seeking,extremely risk-averse,True,0.0,0.0,0.0,0.0,0.0,0.0,0.0,0.0,0.0,0.0,0.0,0.0,0.0,0.0,0.0,25.0,0.0,0.0,15.0,20.0,0.0,0.0,0.0,30.0,10.0,100,3,,,True,40.0,10.0,0.0,20.0,0.0,0.0,0.0,0.0,0.0,15.0,15.0,0.0,0.0,0.0,0.0,0.0,0.0,0.0,0.0,0.0,0.0,0.0,0.0,0.0,0.0,100.0,3.0,,
1249,dual_opposition,extremely risk-averse,somewhat risk-averse,True,40.0,20.0,15.0,5.0,0.0,0.0,0.0,0.0,0.0,10.0,10.0,0.0,0.0,0.0,0.0,0.0,0.0,0.0,0.0,0.0,0.0,0.0,0.0,0.0,0.0,100,1,,,True,25.0,15.0,0.0,20.0,0.0,20.0,0.0,0.0,0.0,10.0,10.0,0.0,0.0,0.0,0.0,0.0,0.0,0.0,0.0,0.0,0.0,0.0,0.0,0.0,0.0,100.0,1.0,,
1253,dual_nonbiased,,,True,15.0,0.0,0.0,0.0,10.0,25.0,0.0,10.0,0.0,0.0,0.0,10.0,10.0,0.0,0.0,10.0,0.0,0.0,0.0,0.0,0.0,0.0,0.0,0.0,10.0,100,1,,,True,0.0,15.0,0.0,0.0,10.0,25.0,0.0,10.0,0.0,0.0,0.0,10.0,10.0,0.0,0.0,10.0,0.0,0.0,0.0,0.0,0.0,0.0,0.0,0.0,10.0,100.0,1.0,,
1263,dual_balanced,somewhat risk-averse,extremely risk-seeking,True,15.0,15.0,0.0,10.0,0.0,20.0,0.0,0.0,0.0,15.0,10.0,0.0,0.0,5.0,0.0,10.0,0.0,0.0,0.0,0.0,0.0,0.0,0.0,0.0,0.0,100,1,,,True,0.0,0.0,0.0,0.0,0.0,0.0,0.0,0.0,0.0,0.0,0.0,0.0,0.0,0.0,0.0,35.0,15.0,10.0,0.0,10.0,0.0,0.0,0.0,20.0,10.0,100.0,1.0,,
1264,dual_nonbiased,,,True,20.0,0.0,0.0,20.0,0.0,20.0,0.0,15.0,0.0,25.0,0.0,0.0,0.0,0.0,0.0,0.0,0.0,0.0,0.0,0.0,0.0,0.0,0.0,0.0,0.0,100,2,,,True,25.0,15.0,0.0,25.0,0.0,0.0,0.0,15.0,0.0,20.0,0.0,0.0,0.0,0.0,0.0,0.0,0.0,0.0,0.0,0.0,0.0,0.0,0.0,0.0,0.0,100.0,2.0,,
1265,dual_opposition,risk-neutral,risk-neutral,True,5.0,5.0,0.0,10.0,0.0,20.0,10.0,10.0,0.0,0.0,0.0,0.0,10.0,0.0,10.0,10.0,0.0,0.0,0.0,0.0,0.0,0.0,0.0,10.0,0.0,100,1,,,True,0.0,15.0,0.0,10.0,0.0,30.0,10.0,10.0,0.0,0.0,0.0,10.0,10.0,0.0,0.0,0.0,0.0,0.0,0.0,0.0,0.0,0.0,0.0,5.0,0.0,100.0,1.0,,
1255,dual_opposition,somewhat risk-seeking,somewhat risk-seeking,True,0.0,0.0,0.0,0.0,0.0,0.0,0.0,0.0,0.0,0.0,0.0,0.0,0.0,0.0,0.0,20.0,15.0,10.0,0.0,10.0,0.0,0.0,10.0,20.0,15.0,100,1,,,True,0.0,0.0,0.0,0.0,0.0,0.0,0.0,0.0,0.0,0.0,0.0,0.0,0.0,0.0,0.0,25.0,15.0,10.0,0.0,5.0,0.0,10.0,0.0,20.0,15.0,100.0,1.0,,
1269,dual_nonbiased,,,True,10.0,10.0,0.0,10.0,0.0,15.0,10.0,10.0,0.0,10.0,0.0,0.0,10.0,0.0,0.0,10.0,0.0,0.0,0.0,0.0,0.0,0.0,0.0,5.0,0.0,100,1,,,True,0.0,10.0,0.0,10.0,0.0,20.0,10.0,10.0,0.0,5.0,0.0,0.0,10.0,10.0,0.0,10.0,0.0,0.0,0.0,0.0,0.0,0.0,0.0,5.0,0.0,100.0,1.0,,
1266,dual_nonbiased,,,True,0.0,20.0,0.0,10.0,0.0,25.0,0.0,0.0,0.0,0.0,10.0,0.0,0.0,10.0,0.0,15.0,10.0,0.0,0.0,0.0,0.0,0.0,0.0,0.0,0.0,100,1,,,True,0.0,0.0,0.0,10.0,0.0,30.0,15.0,0.0,0.0,0.0,10.0,0.0,0.0,10.0,0.0,15.0,10.0,0.0,0.0,0.0,0.0,0.0,0.0,0.0,0.0,100.0,1.0,,
1268,dual_opposition,extremely risk-seeking,extremely risk-seeking,True,0.0,0.0,0.0,0.0,0.0,0.0,0.0,0.0,0.0,0.0,0.0,0.0,0.0,5.0,0.0,25.0,15.0,0.0,0.0,10.0,0.0,0.0,10.0,20.0,15.0,100,1,,,True,0.0,0.0,0.0,0.0,0.0,0.0,0.0,0.0,0.0,0.0,0.0,0.0,0.0,0.0,0.0,20.0,15.0,10.0,5.0,10.0,0.0,0.0,10.0,15.0,15.0,100.0,1.0,,
1272,dual_nonbiased,,,True,0.0,0.0,0.0,10.0,5.0,20.0,5.0,10.0,0.0,0.0,10.0,5.0,0.0,0.0,0.0,10.0,0.0,0.0,5.0,10.0,0.0,0.0,0.0,10.0,0.0,100,1,,,True,0.0,0.0,0.0,5.0,5.0,15.0,10.0,10.0,0.0,0.0,10.0,10.0,0.0,0.0,0.0,10.0,0.0,0.0,5.0,10.0,0.0,0.0,0.0,10.0,0.0,100.0,1.0,,
1274,dual_opposition,somewhat risk-seeking,risk-neutral,True,0.0,0.0,0.0,0.0,0.0,10.0,0.0,0.0,0.0,0.0,0.0,0.0,0.0,10.0,0.0,20.0,15.0,0.0,0.0,0.0,0.0,0.0,10.0,20.0,15.0,100,1,,,True,15.0,15.0,0.0,10.0,0.0,20.0,10.0,0.0,0.0,0.0,0.0,10.0,10.0,10.0,0.0,0.0,0.0,0.0,0.0,0.0,0.0,0.0,0.0,0.0,0.0,100.0,1.0,,
1275,dual_nonbiased,,,True,0.0,0.0,0.0,0.0,0.0,0.0,0.0,0.0,0.0,0.0,0.0,0.0,0.0,0.0,0.0,20.0,10.0,0.0,0.0,30.0,0.0,10.0,0.0,20.0,10.0,100,2,,,True,0.0,0.0,0.0,0.0,0.0,0.0,0.0,0.0,0.0,0.0,0.0,0.0,0.0,0.0,0.0,20.0,15.0,0.0,0.0,25.0,5.0,10.0,5.0,20.0,0.0,100.0,2.0,,
1277,dual_nonbiased,,,True,15.0,0.0,0.0,10.0,0.0,25.0,10.0,10.0,0.0,0.0,10.0,10.0,0.0,0.0,0.0,0.0,0.0,5.0,0.0,0.0,0.0,5.0,0.0,0.0,0.0,100,1,,,True,10.0,0.0,0.0,0.0,0.0,20.0,10.0,10.0,10.0,10.0,10.0,10.0,0.0,0.0,0.0,0.0,0.0,5.0,0.0,0.0,0.0,5.0,0.0,0.0,0.0,100.0,1.0,,
1278,dual_balanced,somewhat risk-averse,risk-neutral,True,20.0,15.0,0.0,10.0,0.0,0.0,0.0,5.0,0.0,15.0,15.0,10.0,10.0,0.0,0.0,0.0,0.0,0.0,0.0,0.0,0.0,0.0,0.0,0.0,0.0,100,1,,,True,0.0,20.0,0.0,10.0,0.0,30.0,0.0,15.0,0.0,0.0,0.0,10.0,15.0,0.0,0.0,0.0,0.0,0.0,0.0,0.0,0.0,0.0,0.0,0.0,0.0,100.0,1.0,,
1279,dual_balanced,somewhat risk-seeking,extremely risk-seeking,True,0.0,0.0,0.0,0.0,0.0,20.0,0.0,0.0,0.0,0.0,0.0,0.0,0.0,10.0,0.0,20.0,15.0,0.0,0.0,10.0,0.0,0.0,0.0,15.0,10.0,100,1,,,True,0.0,0.0,0.0,0.0,0.0,0.0,0.0,0.0,0.0,0.0,0.0,0.0,0.0,0.0,0.0,25.0,15.0,0.0,0.0,15.0,0.0,0.0,0.0,25.0,20.0,100.0,1.0,,
1282,dual_nonbiased,,,True,10.0,0.0,0.0,10.0,0.0,20.0,0.0,0.0,0.0,0.0,0.0,0.0,0.0,0.0,0.0,15.0,10.0,0.0,0.0,10.0,0.0,0.0,10.0,15.0,0.0,100,2,,,True,5.0,0.0,0.0,10.0,0.0,15.0,0.0,0.0,0.0,0.0,0.0,0.0,10.0,10.0,0.0,15.0,10.0,0.0,0.0,10.0,0.0,0.0,0.0,15.0,0.0,100.0,2.0,,
1285,dual_opposition,extremely risk-seeking,somewhat risk-seeking,True,0.0,0.0,0.0,0.0,0.0,0.0,0.0,0.0,0.0,0.0,0.0,0.0,0.0,0.0,0.0,25.0,15.0,0.0,0.0,0.0,0.0,0.0,10.0,30.0,20.0,100,1,,,True,0.0,0.0,0.0,0.0,0.0,0.0,0.0,0.0,0.0,0.0,0.0,15.0,0.0,0.0,15.0,25.0,15.0,0.0,0.0,0.0,0.0,0.0,0.0,20.0,10.0,100.0,1.0,,
1280,dual_opposition,extremely risk-seeking,extremely risk-seeking,True,0.0,0.0,0.0,0.0,0.0,0.0,0.0,0.0,0.0,0.0,0.0,0.0,0.0,0.0,0.0,20.0,15.0,0.0,0.0,10.0,0.0,0.0,10.0,25.0,20.0,100,1,,,True,0.0,0.0,0.0,0.0,0.0,0.0,0.0,0.0,0.0,0.0,0.0,0.0,0.0,0.0,0.0,25.0,10.0,0.0,0.0,15.0,0.0,0.0,10.0,25.0,15.0,100.0,1.0,,
1291,dual_opposition,somewhat risk-seeking,extremely risk-averse,True,0.0,0.0,0.0,0.0,0.0,10.0,0.0,0.0,0.0,0.0,0.0,0.0,0.0,0.0,0.0,25.0,15.0,0.0,0.0,10.0,10.0,0.0,0.0,15.0,15.0,100,1,,,True,30.0,20.0,0.0,15.0,0.0,10.0,0.0,0.0,0.0,15.0,10.0,0.0,0.0,0.0,0.0,0.0,0.0,0.0,0.0,0.0,0.0,0.0,0.0,0.0,0.0,100.0,1.0,,
1292,dual_opposition,extremely risk-averse,extremely risk-averse,True,40.0,20.0,10.0,10.0,0.0,0.0,0.0,0.0,0.0,10.0,10.0,0.0,0.0,0.0,0.0,0.0,0.0,0.0,0.0,0.0,0.0,0.0,0.0,0.0,0.0,100,1,,,True,30.0,20.0,0.0,15.0,0.0,10.0,0.0,0.0,0.0,15.0,10.0,0.0,0.0,0.0,0.0,0.0,0.0,0.0,0.0,0.0,0.0,0.0,0.0,0.0,0.0,100.0,1.0,,
1288,dual_opposition,risk-neutral,risk-neutral,True,0.0,10.0,0.0,10.0,10.0,40.0,15.0,0.0,15.0,0.0,0.0,0.0,0.0,0.0,0.0,0.0,0.0,0.0,0.0,0.0,0.0,0.0,0.0,0.0,0.0,100,3,"Final allocation focuses on ETFs with a growth-oriented approach, excluding individual stocks.",,True,0.0,15.0,0.0,10.0,10.0,35.0,10.0,10.0,10.0,0.0,0.0,0.0,0.0,0.0,0.0,0.0,0.0,0.0,0.0,0.0,0.0,0.0,0.0,0.0,0.0,100.0,3.0,"Final allocation focuses on ETFs, including Energy sector for growth potential.",
1293,dual_balanced,risk-neutral,somewhat risk-averse,True,0.0,15.0,0.0,10.0,0.0,25.0,0.0,0.0,0.0,10.0,0.0,15.0,15.0,0.0,0.0,0.0,0.0,0.0,0.0,0.0,0.0,0.0,0.0,10.0,0.0,100,1,,,True,25.0,20.0,0.0,10.0,0.0,20.0,0.0,0.0,0.0,15.0,0.0,0.0,10.0,0.0,0.0,0.0,0.0,0.0,0.0,0.0,0.0,0.0,0.0,0.0,0.0,100.0,1.0,,
1297,dual_balanced,somewhat risk-averse,extremely risk-seeking,True,15.0,15.0,10.0,10.0,0.0,15.0,0.0,0.0,0.0,10.0,10.0,0.0,10.0,0.0,0.0,5.0,0.0,0.0,0.0,0.0,0.0,0.0,0.0,0.0,0.0,100,1,,,True,0.0,0.0,0.0,0.0,0.0,0.0,0.0,0.0,0.0,0.0,0.0,0.0,0.0,0.0,0.0,25.0,20.0,0.0,0.0,0.0,0.0,0.0,10.0,30.0,15.0,100.0,1.0,,
1301,dual_nonbiased,,,True,0.0,15.0,0.0,10.0,10.0,25.0,0.0,5.0,0.0,0.0,0.0,0.0,0.0,0.0,0.0,10.0,5.0,0.0,0.0,10.0,0.0,0.0,0.0,10.0,0.0,100,1,,,True,15.0,0.0,0.0,0.0,10.0,25.0,0.0,10.0,0.0,0.0,0.0,0.0,0.0,0.0,0.0,15.0,0.0,0.0,0.0,10.0,0.0,0.0,0.0,15.0,0.0,100.0,1.0,,
1295,dual_opposition,risk-neutral,extremely risk-averse,True,0.0,20.0,0.0,10.0,0.0,30.0,0.0,0.0,0.0,0.0,0.0,0.0,0.0,10.0,0.0,15.0,0.0,0.0,0.0,0.0,0.0,0.0,0.0,15.0,0.0,100,2,,,True,35.0,25.0,15.0,10.0,0.0,0.0,0.0,0.0,0.0,10.0,5.0,0.0,0.0,0.0,0.0,0.0,0.0,0.0,0.0,0.0,0.0,0.0,0.0,0.0,0.0,100.0,1.0,,
1299,dual_nonbiased,,,True,0.0,10.0,0.0,10.0,10.0,30.0,10.0,10.0,10.0,10.0,0.0,0.0,0.0,0.0,0.0,0.0,0.0,0.0,0.0,0.0,0.0,0.0,0.0,0.0,0.0,100,1,,,True,0.0,0.0,0.0,0.0,0.0,35.0,10.0,10.0,10.0,10.0,0.0,10.0,15.0,0.0,0.0,0.0,0.0,0.0,0.0,0.0,0.0,0.0,0.0,0.0,0.0,100.0,2.0,,
1300,dual_balanced,extremely risk-seeking,somewhat risk-averse,True,0.0,0.0,0.0,0.0,0.0,0.0,0.0,0.0,0.0,0.0,0.0,0.0,0.0,0.0,0.0,30.0,20.0,0.0,0.0,15.0,0.0,0.0,0.0,25.0,10.0,100,1,,,True,25.0,15.0,0.0,10.0,0.0,15.0,0.0,0.0,0.0,5.0,10.0,10.0,10.0,0.0,0.0,0.0,0.0,0.0,0.0,0.0,0.0,0.0,0.0,0.0,0.0,100.0,1.0,,
1303,dual_opposition,extremely risk-seeking,risk-neutral,True,0.0,0.0,0.0,0.0,0.0,0.0,0.0,0.0,0.0,0.0,0.0,0.0,0.0,0.0,0.0,30.0,20.0,0.0,0.0,0.0,0.0,0.0,10.0,30.0,10.0,100,2,,,True,15.0,0.0,15.0,10.0,5.0,20.0,10.0,0.0,0.0,0.0,0.0,10.0,10.0,0.0,0.0,0.0,0.0,0.0,0.0,0.0,0.0,0.0,0.0,5.0,0.0,100.0,1.0,,
1305,dual_opposition,somewhat risk-averse,somewhat risk-averse,True,15.0,15.0,0.0,10.0,10.0,25.0,0.0,0.0,0.0,10.0,5.0,0.0,10.0,0.0,0.0,0.0,0.0,0.0,0.0,0.0,0.0,0.0,0.0,0.0,0.0,100,1,,,True,15.0,15.0,10.0,10.0,0.0,20.0,0.0,0.0,0.0,10.0,10.0,0.0,10.0,0.0,0.0,0.0,0.0,0.0,0.0,0.0,0.0,0.0,0.0,0.0,0.0,100.0,1.0,,
1304,dual_opposition,risk-neutral,extremely risk-averse,True,0.0,15.0,10.0,5.0,0.0,30.0,0.0,5.0,5.0,5.0,0.0,5.0,5.0,0.0,0.0,5.0,0.0,0.0,0.0,0.0,0.0,0.0,0.0,5.0,5.0,100,2,,,True,30.0,20.0,15.0,10.0,0.0,5.0,0.0,0.0,0.0,10.0,10.0,0.0,0.0,0.0,0.0,0.0,0.0,0.0,0.0,0.0,0.0,0.0,0.0,0.0,0.0,100.0,1.0,,
1310,dual_balanced,somewhat risk-averse,risk-neutral,True,15.0,15.0,10.0,10.0,0.0,15.0,0.0,0.0,0.0,10.0,10.0,5.0,10.0,0.0,0.0,0.0,0.0,0.0,0.0,0.0,0.0,0.0,0.0,0.0,0.0,100,1,,,True,0.0,20.0,0.0,10.0,0.0,30.0,10.0,0.0,0.0,0.0,0.0,15.0,15.0,0.0,0.0,0.0,0.0,0.0,0.0,0.0,0.0,0.0,0.0,0.0,0.0,100.0,2.0,,
1319,dual_opposition,somewhat risk-seeking,extremely risk-seeking,True,0.0,0.0,0.0,0.0,0.0,0.0,0.0,0.0,0.0,0.0,0.0,0.0,0.0,10.0,0.0,25.0,15.0,0.0,0.0,15.0,0.0,0.0,0.0,20.0,15.0,100,1,,,True,0.0,0.0,0.0,0.0,0.0,0.0,0.0,0.0,0.0,0.0,0.0,0.0,0.0,0.0,0.0,20.0,15.0,0.0,15.0,0.0,0.0,0.0,10.0,25.0,15.0,100.0,1.0,,
1317,dual_nonbiased,,,True,10.0,10.0,0.0,15.0,10.0,25.0,0.0,10.0,0.0,0.0,0.0,10.0,10.0,0.0,0.0,0.0,0.0,0.0,0.0,0.0,0.0,0.0,0.0,0.0,0.0,100,1,,,True,10.0,10.0,0.0,10.0,10.0,25.0,10.0,5.0,0.0,0.0,0.0,10.0,10.0,0.0,0.0,0.0,0.0,0.0,0.0,0.0,0.0,0.0,0.0,0.0,0.0,100.0,1.0,,
1323,dual_opposition,risk-neutral,risk-neutral,True,10.0,10.0,0.0,10.0,0.0,30.0,10.0,0.0,0.0,0.0,0.0,0.0,10.0,0.0,10.0,0.0,0.0,0.0,0.0,0.0,0.0,0.0,0.0,0.0,10.0,100,1,,,True,10.0,10.0,0.0,10.0,0.0,25.0,10.0,0.0,0.0,10.0,0.0,10.0,10.0,0.0,0.0,0.0,0.0,0.0,0.0,0.0,0.0,0.0,0.0,5.0,0.0,100.0,1.0,,
1328,dual_opposition,somewhat risk-averse,extremely risk-averse,True,15.0,15.0,10.0,10.0,0.0,15.0,5.0,0.0,5.0,10.0,10.0,5.0,0.0,0.0,0.0,0.0,0.0,0.0,0.0,0.0,0.0,0.0,0.0,0.0,0.0,100,1,,,True,30.0,20.0,10.0,10.0,0.0,10.0,0.0,0.0,0.0,10.0,10.0,0.0,0.0,0.0,0.0,0.0,0.0,0.0,0.0,0.0,0.0,0.0,0.0,0.0,0.0,100.0,1.0,,
1325,dual_balanced,extremely risk-averse,somewhat risk-seeking,True,35.0,20.0,0.0,15.0,0.0,10.0,0.0,0.0,0.0,10.0,10.0,0.0,0.0,0.0,0.0,0.0,0.0,0.0,0.0,0.0,0.0,0.0,0.0,0.0,0.0,100,1,,,True,0.0,0.0,0.0,0.0,0.0,10.0,0.0,0.0,0.0,0.0,0.0,0.0,0.0,0.0,0.0,25.0,15.0,0.0,0.0,10.0,0.0,0.0,0.0,25.0,15.0,100.0,1.0,,
1333,dual_nonbiased,,,True,0.0,0.0,0.0,10.0,0.0,20.0,10.0,0.0,10.0,10.0,0.0,10.0,0.0,10.0,0.0,0.0,10.0,0.0,0.0,0.0,0.0,0.0,5.0,5.0,0.0,100,1,,,True,10.0,0.0,0.0,10.0,0.0,25.0,10.0,0.0,10.0,10.0,0.0,10.0,0.0,10.0,0.0,0.0,0.0,0.0,0.0,0.0,0.0,0.0,0.0,5.0,0.0,100.0,1.0,,
1326,dual_nonbiased,,,True,10.0,0.0,0.0,10.0,0.0,20.0,0.0,10.0,0.0,0.0,0.0,10.0,0.0,0.0,0.0,15.0,0.0,0.0,0.0,15.0,0.0,0.0,5.0,5.0,0.0,100,2,,,True,0.0,0.0,10.0,10.0,0.0,20.0,0.0,15.0,0.0,0.0,0.0,10.0,0.0,0.0,0.0,15.0,0.0,0.0,0.0,15.0,0.0,0.0,0.0,5.0,0.0,100.0,2.0,,
1324,dual_nonbiased,,,True,10.0,0.0,0.0,10.0,0.0,20.0,10.0,30.0,0.0,0.0,0.0,5.0,5.0,5.0,5.0,0.0,0.0,0.0,0.0,0.0,0.0,0.0,0.0,0.0,0.0,100,2,,,True,10.0,0.0,0.0,10.0,0.0,30.0,0.0,30.0,0.0,0.0,0.0,5.0,5.0,5.0,5.0,0.0,0.0,0.0,0.0,0.0,0.0,0.0,0.0,0.0,0.0,100.0,2.0,,
1330,dual_opposition,somewhat risk-averse,risk-neutral,True,15.0,15.0,5.0,10.0,0.0,20.0,0.0,0.0,0.0,10.0,10.0,5.0,10.0,0.0,0.0,0.0,0.0,0.0,0.0,0.0,0.0,0.0,0.0,0.0,0.0,100,1,,,True,5.0,15.0,0.0,10.0,0.0,30.0,10.0,0.0,10.0,0.0,0.0,0.0,10.0,0.0,0.0,10.0,0.0,0.0,0.0,0.0,0.0,0.0,0.0,0.0,0.0,100.0,1.0,,
1331,dual_opposition,extremely risk-averse,extremely risk-averse,True,30.0,20.0,0.0,15.0,0.0,20.0,5.0,0.0,0.0,10.0,0.0,0.0,0.0,0.0,0.0,0.0,0.0,0.0,0.0,0.0,0.0,0.0,0.0,0.0,0.0,100,2,,,True,35.0,20.0,10.0,15.0,0.0,10.0,0.0,0.0,0.0,10.0,0.0,0.0,0.0,0.0,0.0,0.0,0.0,0.0,0.0,0.0,0.0,0.0,0.0,0.0,0.0,100.0,2.0,,
1334,dual_balanced,extremely risk-averse,somewhat risk-seeking,True,35.0,20.0,0.0,15.0,0.0,10.0,0.0,0.0,0.0,10.0,10.0,0.0,0.0,0.0,0.0,0.0,0.0,0.0,0.0,0.0,0.0,0.0,0.0,0.0,0.0,100,1,,,True,0.0,0.0,0.0,0.0,0.0,20.0,0.0,0.0,0.0,0.0,0.0,0.0,0.0,0.0,15.0,25.0,10.0,0.0,0.0,10.0,0.0,0.0,0.0,20.0,0.0,100.0,1.0,,
1340,dual_balanced,extremely risk-seeking,somewhat risk-averse,True,0.0,0.0,0.0,0.0,0.0,0.0,0.0,0.0,0.0,0.0,0.0,0.0,0.0,0.0,0.0,25.0,15.0,0.0,10.0,10.0,0.0,0.0,0.0,20.0,20.0,100,1,,,True,15.0,10.0,5.0,10.0,0.0,20.0,0.0,0.0,0.0,10.0,10.0,10.0,10.0,0.0,0.0,0.0,0.0,0.0,0.0,0.0,0.0,0.0,0.0,0.0,0.0,100.0,1.0,,
1339,dual_balanced,extremely risk-averse,somewhat risk-seeking,True,35.0,20.0,0.0,15.0,0.0,5.0,0.0,0.0,0.0,15.0,10.0,0.0,0.0,0.0,0.0,0.0,0.0,0.0,0.0,0.0,0.0,0.0,0.0,0.0,0.0,100,1,,,True,0.0,0.0,0.0,0.0,0.0,0.0,0.0,0.0,0.0,0.0,0.0,0.0,0.0,20.0,0.0,25.0,0.0,0.0,0.0,15.0,10.0,0.0,0.0,20.0,10.0,100.0,1.0,,
1350,dual_balanced,extremely risk-seeking,extremely risk-averse,True,0.0,0.0,0.0,0.0,0.0,0.0,0.0,0.0,0.0,0.0,0.0,0.0,0.0,0.0,0.0,30.0,20.0,0.0,0.0,10.0,0.0,0.0,0.0,25.0,15.0,100,1,,,True,35.0,20.0,10.0,10.0,0.0,5.0,0.0,0.0,0.0,10.0,10.0,0.0,0.0,0.0,0.0,0.0,0.0,0.0,0.0,0.0,0.0,0.0,0.0,0.0,0.0,100.0,1.0,,
1356,dual_nonbiased,,,True,20.0,0.0,0.0,10.0,0.0,25.0,15.0,0.0,0.0,0.0,0.0,0.0,15.0,0.0,0.0,15.0,0.0,0.0,0.0,0.0,0.0,0.0,0.0,0.0,0.0,100,1,,,True,15.0,0.0,10.0,10.0,0.0,30.0,10.0,0.0,0.0,0.0,0.0,0.0,0.0,0.0,0.0,15.0,0.0,0.0,0.0,0.0,0.0,0.0,0.0,10.0,0.0,100.0,1.0,,
1360,dual_opposition,extremely risk-seeking,risk-neutral,True,0.0,0.0,0.0,0.0,0.0,0.0,0.0,0.0,0.0,0.0,0.0,0.0,0.0,0.0,0.0,35.0,0.0,10.0,0.0,10.0,10.0,0.0,0.0,20.0,15.0,100,1,"Concentrated in high-beta, growth-oriented assets.",,True,0.0,15.0,0.0,10.0,0.0,20.0,10.0,0.0,0.0,10.0,0.0,10.0,0.0,10.0,0.0,10.0,0.0,0.0,0.0,0.0,0.0,0.0,0.0,5.0,0.0,100.0,1.0,Balanced portfolio with enhanced core diversification.,
1353,dual_opposition,somewhat risk-seeking,extremely risk-seeking,True,0.0,0.0,0.0,0.0,0.0,15.0,0.0,0.0,0.0,0.0,0.0,0.0,0.0,15.0,0.0,20.0,15.0,0.0,0.0,10.0,0.0,0.0,0.0,15.0,10.0,100,1,,,True,0.0,0.0,0.0,0.0,0.0,0.0,0.0,0.0,0.0,0.0,0.0,0.0,0.0,0.0,0.0,30.0,20.0,0.0,0.0,0.0,0.0,0.0,10.0,30.0,10.0,100.0,1.0,,
1352,dual_opposition,somewhat risk-seeking,somewhat risk-seeking,True,0.0,0.0,0.0,0.0,0.0,0.0,0.0,0.0,0.0,0.0,0.0,0.0,0.0,0.0,0.0,20.0,15.0,10.0,0.0,15.0,0.0,0.0,0.0,25.0,15.0,100,1,,,True,0.0,0.0,0.0,0.0,0.0,0.0,0.0,0.0,0.0,0.0,0.0,0.0,0.0,10.0,0.0,25.0,15.0,0.0,0.0,15.0,0.0,0.0,0.0,20.0,15.0,100.0,1.0,,
1357,dual_opposition,somewhat risk-seeking,somewhat risk-seeking,True,0.0,0.0,0.0,0.0,0.0,15.0,0.0,0.0,0.0,0.0,0.0,0.0,20.0,20.0,0.0,25.0,0.0,0.0,0.0,0.0,0.0,0.0,0.0,20.0,0.0,100,2,,,True,0.0,0.0,0.0,10.0,0.0,0.0,0.0,0.0,0.0,0.0,0.0,20.0,20.0,0.0,0.0,25.0,0.0,0.0,0.0,0.0,0.0,0.0,0.0,15.0,10.0,100.0,2.0,,
1368,dual_opposition,extremely risk-seeking,somewhat risk-averse,True,0.0,0.0,0.0,0.0,0.0,0.0,0.0,0.0,0.0,0.0,0.0,0.0,0.0,0.0,0.0,25.0,20.0,0.0,0.0,15.0,0.0,0.0,10.0,30.0,0.0,100,1,,,True,25.0,15.0,0.0,10.0,0.0,15.0,0.0,0.0,0.0,15.0,10.0,0.0,10.0,0.0,0.0,0.0,0.0,0.0,0.0,0.0,0.0,0.0,0.0,0.0,0.0,100.0,1.0,,
1367,dual_balanced,extremely risk-averse,extremely risk-seeking,True,35.0,20.0,0.0,15.0,0.0,10.0,0.0,0.0,0.0,10.0,10.0,0.0,0.0,0.0,0.0,0.0,0.0,0.0,0.0,0.0,0.0,0.0,0.0,0.0,0.0,100,1,,,True,0.0,0.0,0.0,0.0,0.0,0.0,0.0,0.0,0.0,0.0,0.0,0.0,0.0,0.0,0.0,20.0,10.0,0.0,0.0,0.0,0.0,0.0,10.0,35.0,25.0,100.0,1.0,,
1361,dual_opposition,somewhat risk-seeking,extremely risk-seeking,True,0.0,0.0,0.0,0.0,0.0,0.0,0.0,0.0,0.0,0.0,0.0,0.0,0.0,0.0,0.0,25.0,0.0,0.0,0.0,15.0,10.0,15.0,0.0,20.0,15.0,100,1,,,True,0.0,0.0,0.0,0.0,0.0,0.0,0.0,0.0,0.0,0.0,0.0,0.0,0.0,0.0,0.0,20.0,20.0,0.0,10.0,0.0,0.0,0.0,10.0,25.0,15.0,100.0,1.0,,
1345,dual_nonbiased,,,True,0.0,0.0,0.0,0.0,0.0,0.0,0.0,0.0,0.0,0.0,0.0,25.0,0.0,5.0,15.0,25.0,10.0,0.0,0.0,10.0,0.0,0.0,0.0,10.0,0.0,100,2,"Final allocation focuses on high-risk, high-reward assets for aggressive growth.",,True,0.0,0.0,0.0,0.0,0.0,0.0,0.0,0.0,0.0,0.0,0.0,25.0,0.0,10.0,15.0,20.0,10.0,0.0,0.0,10.0,0.0,0.0,0.0,10.0,0.0,100.0,2.0,Final allocation emphasizes high-beta assets for maximum short-term gains.,
1370,dual_nonbiased,,,True,15.0,0.0,0.0,10.0,0.0,25.0,10.0,10.0,0.0,0.0,0.0,10.0,10.0,0.0,0.0,10.0,0.0,0.0,0.0,0.0,0.0,0.0,0.0,0.0,0.0,100,1,,,True,15.0,0.0,0.0,0.0,0.0,30.0,15.0,0.0,0.0,0.0,0.0,15.0,15.0,0.0,0.0,10.0,0.0,0.0,0.0,0.0,0.0,0.0,0.0,0.0,0.0,100.0,1.0,,
1371,dual_balanced,somewhat risk-averse,risk-neutral,True,25.0,20.0,0.0,15.0,0.0,20.0,0.0,0.0,0.0,10.0,0.0,5.0,5.0,0.0,0.0,0.0,0.0,0.0,0.0,0.0,0.0,0.0,0.0,0.0,0.0,100,1,,,True,0.0,20.0,0.0,15.0,0.0,30.0,0.0,0.0,0.0,0.0,0.0,0.0,15.0,0.0,0.0,10.0,0.0,0.0,0.0,0.0,0.0,0.0,0.0,10.0,0.0,100.0,1.0,,
1380,dual_nonbiased,,,True,10.0,10.0,0.0,10.0,0.0,20.0,10.0,10.0,0.0,0.0,0.0,0.0,10.0,0.0,0.0,10.0,0.0,0.0,0.0,0.0,0.0,0.0,0.0,10.0,0.0,100,1,,,True,10.0,10.0,0.0,5.0,0.0,15.0,5.0,5.0,0.0,0.0,0.0,8.0,8.0,8.0,8.0,8.0,0.0,0.0,0.0,0.0,0.0,0.0,0.0,5.0,5.0,100.0,1.0,,
1372,dual_nonbiased,,,True,0.0,0.0,0.0,20.0,0.0,0.0,0.0,20.0,20.0,20.0,0.0,0.0,0.0,0.0,0.0,0.0,0.0,0.0,0.0,20.0,0.0,0.0,0.0,0.0,0.0,100,4,,,True,0.0,0.0,0.0,20.0,0.0,0.0,0.0,20.0,20.0,20.0,0.0,0.0,0.0,0.0,0.0,0.0,0.0,0.0,0.0,20.0,0.0,0.0,0.0,0.0,0.0,100.0,4.0,,
1373,dual_nonbiased,,,True,15.0,0.0,0.0,10.0,0.0,30.0,0.0,10.0,10.0,0.0,0.0,0.0,10.0,0.0,0.0,15.0,0.0,0.0,0.0,0.0,0.0,0.0,0.0,0.0,0.0,100,1,,,True,15.0,0.0,0.0,10.0,0.0,30.0,0.0,10.0,10.0,0.0,0.0,0.0,10.0,0.0,0.0,15.0,0.0,0.0,0.0,0.0,0.0,0.0,0.0,0.0,0.0,100.0,1.0,,
1377,dual_nonbiased,,,True,5.0,5.0,5.0,5.0,0.0,25.0,10.0,10.0,0.0,0.0,0.0,0.0,5.0,10.0,10.0,5.0,0.0,0.0,0.0,5.0,0.0,0.0,0.0,0.0,0.0,100,1,,,True,5.0,10.0,0.0,10.0,0.0,15.0,10.0,5.0,0.0,5.0,0.0,0.0,10.0,10.0,10.0,5.0,0.0,0.0,0.0,5.0,0.0,0.0,0.0,0.0,0.0,100.0,1.0,,
1378,dual_opposition,extremely risk-averse,somewhat risk-averse,True,35.0,20.0,0.0,15.0,0.0,10.0,0.0,0.0,0.0,10.0,10.0,0.0,0.0,0.0,0.0,0.0,0.0,0.0,0.0,0.0,0.0,0.0,0.0,0.0,0.0,100,1,,,True,25.0,15.0,0.0,10.0,0.0,20.0,0.0,0.0,0.0,10.0,10.0,0.0,10.0,0.0,0.0,0.0,0.0,0.0,0.0,0.0,0.0,0.0,0.0,0.0,0.0,100.0,1.0,,
1381,dual_opposition,risk-neutral,somewhat risk-seeking,True,0.0,20.0,0.0,10.0,0.0,25.0,10.0,10.0,0.0,0.0,0.0,0.0,0.0,0.0,10.0,10.0,0.0,0.0,0.0,0.0,0.0,0.0,0.0,5.0,0.0,100,1,,,True,0.0,0.0,0.0,0.0,0.0,0.0,0.0,0.0,0.0,0.0,0.0,0.0,0.0,0.0,0.0,25.0,0.0,10.0,15.0,0.0,0.0,20.0,0.0,15.0,15.0,100.0,3.0,,
1382,dual_nonbiased,,,True,10.0,0.0,0.0,10.0,10.0,20.0,10.0,5.0,10.0,0.0,0.0,0.0,15.0,0.0,0.0,0.0,0.0,5.0,0.0,0.0,5.0,0.0,0.0,0.0,0.0,100,1,,,True,0.0,10.0,0.0,10.0,10.0,20.0,10.0,0.0,0.0,10.0,0.0,0.0,10.0,0.0,0.0,0.0,0.0,10.0,0.0,0.0,10.0,0.0,0.0,0.0,0.0,100.0,1.0,,
1394,dual_nonbiased,,,True,15.0,0.0,0.0,10.0,0.0,20.0,10.0,10.0,0.0,0.0,0.0,10.0,0.0,0.0,0.0,15.0,0.0,0.0,0.0,0.0,0.0,0.0,0.0,10.0,0.0,100,1,,,True,0.0,20.0,0.0,10.0,0.0,25.0,10.0,0.0,0.0,0.0,0.0,10.0,0.0,0.0,0.0,15.0,0.0,0.0,0.0,0.0,0.0,0.0,0.0,10.0,0.0,100.0,1.0,,
1387,dual_balanced,extremely risk-seeking,somewhat risk-averse,True,0.0,0.0,0.0,0.0,0.0,10.0,0.0,0.0,0.0,0.0,0.0,10.0,0.0,0.0,0.0,30.0,0.0,0.0,0.0,0.0,0.0,0.0,0.0,30.0,20.0,100,2,,,True,30.0,20.0,0.0,15.0,0.0,15.0,0.0,0.0,0.0,10.0,0.0,0.0,0.0,0.0,0.0,10.0,0.0,0.0,0.0,0.0,0.0,0.0,0.0,0.0,0.0,100.0,2.0,,
1395,dual_balanced,risk-neutral,extremely risk-averse,True,0.0,20.0,10.0,10.0,0.0,20.0,0.0,0.0,10.0,0.0,0.0,10.0,10.0,0.0,0.0,0.0,0.0,0.0,0.0,0.0,0.0,0.0,0.0,0.0,10.0,100,1,,,True,40.0,25.0,0.0,15.0,0.0,0.0,0.0,0.0,0.0,10.0,10.0,0.0,0.0,0.0,0.0,0.0,0.0,0.0,0.0,0.0,0.0,0.0,0.0,0.0,0.0,100.0,1.0,,
1388,dual_balanced,somewhat risk-averse,risk-neutral,True,20.0,15.0,0.0,10.0,0.0,25.0,0.0,0.0,0.0,10.0,10.0,0.0,10.0,0.0,0.0,0.0,0.0,0.0,0.0,0.0,0.0,0.0,0.0,0.0,0.0,100,1,,,True,15.0,15.0,0.0,10.0,0.0,20.0,10.0,0.0,0.0,0.0,0.0,0.0,10.0,10.0,10.0,0.0,0.0,0.0,0.0,0.0,0.0,0.0,0.0,0.0,0.0,100.0,1.0,,
1399,dual_nonbiased,,,True,40.0,30.0,15.0,10.0,0.0,0.0,0.0,0.0,0.0,5.0,0.0,0.0,0.0,0.0,0.0,0.0,0.0,0.0,0.0,0.0,0.0,0.0,0.0,0.0,0.0,100,2,,,True,40.0,20.0,0.0,15.0,0.0,0.0,0.0,0.0,0.0,15.0,10.0,0.0,0.0,0.0,0.0,0.0,0.0,0.0,0.0,0.0,0.0,0.0,0.0,0.0,0.0,100.0,2.0,,
1389,dual_opposition,somewhat risk-seeking,risk-neutral,True,0.0,0.0,0.0,0.0,0.0,0.0,0.0,0.0,0.0,0.0,0.0,0.0,0.0,0.0,0.0,20.0,15.0,0.0,0.0,5.0,0.0,10.0,0.0,25.0,25.0,100,2,,,True,0.0,10.0,0.0,10.0,0.0,20.0,0.0,0.0,0.0,0.0,0.0,0.0,15.0,10.0,0.0,15.0,0.0,0.0,0.0,0.0,0.0,0.0,0.0,10.0,10.0,100.0,2.0,,
1400,dual_balanced,extremely risk-seeking,extremely risk-averse,True,0.0,0.0,0.0,0.0,0.0,0.0,0.0,0.0,0.0,0.0,0.0,0.0,0.0,0.0,0.0,20.0,15.0,0.0,0.0,15.0,0.0,0.0,10.0,25.0,15.0,100,1,,,True,40.0,20.0,0.0,15.0,0.0,5.0,0.0,0.0,0.0,10.0,10.0,0.0,0.0,0.0,0.0,0.0,0.0,0.0,0.0,0.0,0.0,0.0,0.0,0.0,0.0,100.0,1.0,,
1401,dual_opposition,extremely risk-seeking,somewhat risk-seeking,True,0.0,0.0,0.0,0.0,0.0,0.0,0.0,0.0,0.0,0.0,0.0,0.0,0.0,0.0,0.0,30.0,10.0,0.0,0.0,10.0,0.0,0.0,0.0,30.0,20.0,100,1,,,True,0.0,0.0,0.0,0.0,0.0,0.0,0.0,0.0,0.0,0.0,0.0,0.0,0.0,0.0,0.0,20.0,15.0,10.0,0.0,15.0,0.0,0.0,10.0,15.0,15.0,100.0,1.0,,
1398,dual_nonbiased,,,True,15.0,10.0,0.0,10.0,10.0,25.0,10.0,10.0,0.0,0.0,0.0,0.0,10.0,0.0,0.0,0.0,0.0,0.0,0.0,0.0,0.0,0.0,0.0,0.0,0.0,100,1,,,True,15.0,15.0,0.0,10.0,5.0,25.0,10.0,10.0,0.0,0.0,0.0,0.0,10.0,0.0,0.0,0.0,0.0,0.0,0.0,0.0,0.0,0.0,0.0,0.0,0.0,100.0,1.0,,
1393,dual_nonbiased,,,True,0.0,0.0,10.0,15.0,0.0,10.0,0.0,10.0,0.0,0.0,0.0,0.0,0.0,0.0,0.0,35.0,0.0,0.0,0.0,10.0,10.0,0.0,0.0,0.0,0.0,100,2,Final allocation based on user's suggestion.,,True,0.0,0.0,10.0,15.0,0.0,10.0,0.0,10.0,0.0,0.0,0.0,0.0,0.0,0.0,0.0,35.0,0.0,0.0,0.0,10.0,10.0,0.0,0.0,0.0,0.0,100.0,2.0,Final allocation based on user's suggestion.,
1402,dual_balanced,somewhat risk-seeking,extremely risk-averse,True,0.0,0.0,0.0,0.0,0.0,15.0,0.0,0.0,0.0,0.0,0.0,20.0,20.0,0.0,0.0,25.0,0.0,0.0,0.0,0.0,0.0,0.0,0.0,20.0,0.0,100,3,,,True,20.0,15.0,10.0,15.0,0.0,10.0,0.0,0.0,0.0,15.0,15.0,0.0,0.0,0.0,0.0,0.0,0.0,0.0,0.0,0.0,0.0,0.0,0.0,0.0,0.0,100.0,1.0,,
1415,dual_balanced,somewhat risk-seeking,somewhat risk-averse,True,0.0,0.0,0.0,0.0,0.0,0.0,0.0,0.0,0.0,0.0,0.0,15.0,0.0,0.0,0.0,30.0,10.0,0.0,0.0,10.0,0.0,0.0,0.0,20.0,15.0,100,1,,,True,25.0,20.0,0.0,15.0,0.0,15.0,0.0,0.0,0.0,10.0,0.0,10.0,5.0,0.0,0.0,0.0,0.0,0.0,0.0,0.0,0.0,0.0,0.0,0.0,0.0,100.0,1.0,,
1424,dual_balanced,extremely risk-averse,somewhat risk-seeking,True,35.0,25.0,0.0,10.0,0.0,0.0,0.0,0.0,0.0,15.0,15.0,0.0,0.0,0.0,0.0,0.0,0.0,0.0,0.0,0.0,0.0,0.0,0.0,0.0,0.0,100,1,,,True,0.0,0.0,0.0,0.0,0.0,0.0,0.0,0.0,0.0,0.0,0.0,0.0,0.0,0.0,0.0,30.0,20.0,10.0,0.0,10.0,0.0,0.0,0.0,15.0,15.0,100.0,1.0,,
1425,dual_balanced,extremely risk-averse,extremely risk-seeking,True,40.0,25.0,0.0,15.0,0.0,0.0,0.0,0.0,0.0,10.0,10.0,0.0,0.0,0.0,0.0,0.0,0.0,0.0,0.0,0.0,0.0,0.0,0.0,0.0,0.0,100,2,,,True,0.0,0.0,0.0,0.0,0.0,0.0,0.0,0.0,0.0,0.0,0.0,0.0,0.0,0.0,0.0,20.0,0.0,0.0,0.0,10.0,0.0,10.0,0.0,35.0,25.0,100.0,2.0,,
1422,dual_nonbiased,,,True,30.0,20.0,0.0,15.0,0.0,15.0,0.0,0.0,0.0,10.0,10.0,0.0,0.0,0.0,0.0,0.0,0.0,0.0,0.0,0.0,0.0,0.0,0.0,0.0,0.0,100,2,,,True,30.0,15.0,15.0,10.0,0.0,20.0,0.0,0.0,0.0,10.0,0.0,0.0,0.0,0.0,0.0,0.0,0.0,0.0,0.0,0.0,0.0,0.0,0.0,0.0,0.0,100.0,2.0,,
1426,dual_balanced,extremely risk-seeking,extremely risk-averse,True,0.0,0.0,0.0,0.0,0.0,0.0,0.0,0.0,0.0,0.0,0.0,0.0,0.0,0.0,0.0,25.0,15.0,0.0,0.0,0.0,0.0,10.0,0.0,30.0,20.0,100,1,,,True,30.0,25.0,0.0,15.0,0.0,0.0,0.0,0.0,0.0,15.0,15.0,0.0,0.0,0.0,0.0,0.0,0.0,0.0,0.0,0.0,0.0,0.0,0.0,0.0,0.0,100.0,1.0,,
1412,dual_nonbiased,,,True,0.0,10.0,0.0,5.0,0.0,30.0,10.0,10.0,0.0,0.0,10.0,10.0,10.0,0.0,0.0,0.0,0.0,0.0,0.0,5.0,0.0,0.0,0.0,0.0,0.0,100,1,,,True,0.0,10.0,0.0,5.0,0.0,30.0,10.0,10.0,0.0,0.0,10.0,0.0,15.0,0.0,0.0,0.0,10.0,0.0,0.0,0.0,0.0,0.0,0.0,0.0,0.0,100.0,1.0,,
1413,dual_opposition,somewhat risk-seeking,extremely risk-seeking,True,0.0,0.0,0.0,0.0,0.0,0.0,0.0,0.0,0.0,0.0,0.0,0.0,0.0,10.0,0.0,30.0,0.0,0.0,0.0,15.0,0.0,10.0,0.0,25.0,10.0,100,2,Final allocation strictly follows constraints with 6 assets.,,True,0.0,0.0,0.0,0.0,0.0,0.0,0.0,0.0,0.0,0.0,0.0,0.0,0.0,0.0,0.0,25.0,20.0,0.0,0.0,10.0,0.0,10.0,0.0,25.0,10.0,100.0,2.0,Final allocation strictly follows constraints with 6 assets.,
1418,dual_nonbiased,,,True,20.0,0.0,0.0,10.0,0.0,25.0,10.0,0.0,0.0,0.0,0.0,5.0,5.0,5.0,5.0,0.0,0.0,0.0,0.0,0.0,0.0,0.0,0.0,10.0,5.0,100,1,,,True,30.0,0.0,0.0,10.0,0.0,20.0,10.0,10.0,0.0,0.0,0.0,5.0,5.0,0.0,0.0,0.0,0.0,0.0,0.0,0.0,0.0,0.0,0.0,10.0,0.0,100.0,1.0,,
1428,dual_balanced,risk-neutral,somewhat risk-averse,True,10.0,10.0,0.0,10.0,0.0,20.0,0.0,10.0,10.0,10.0,0.0,10.0,10.0,0.0,0.0,0.0,0.0,0.0,0.0,0.0,0.0,0.0,0.0,0.0,0.0,100,1,,,True,15.0,15.0,10.0,10.0,0.0,15.0,0.0,5.0,5.0,15.0,10.0,0.0,0.0,0.0,0.0,0.0,0.0,0.0,0.0,0.0,0.0,0.0,0.0,0.0,0.0,100.0,1.0,,
1430,dual_balanced,extremely risk-seeking,risk-neutral,True,0.0,0.0,0.0,0.0,0.0,0.0,0.0,0.0,0.0,0.0,0.0,0.0,0.0,0.0,0.0,20.0,20.0,0.0,0.0,10.0,0.0,0.0,10.0,25.0,15.0,100,3,,,True,0.0,10.0,0.0,5.0,0.0,30.0,10.0,0.0,0.0,10.0,0.0,10.0,15.0,0.0,0.0,10.0,0.0,0.0,0.0,0.0,0.0,0.0,0.0,0.0,0.0,100.0,3.0,,
1429,dual_balanced,extremely risk-seeking,somewhat risk-seeking,True,0.0,0.0,0.0,0.0,0.0,0.0,0.0,0.0,0.0,0.0,0.0,0.0,0.0,0.0,0.0,20.0,10.0,0.0,10.0,0.0,0.0,0.0,0.0,40.0,20.0,100,1,,,True,0.0,0.0,0.0,0.0,0.0,0.0,0.0,0.0,0.0,0.0,0.0,0.0,0.0,15.0,0.0,20.0,10.0,10.0,0.0,5.0,0.0,0.0,0.0,25.0,15.0,100.0,1.0,,
1431,dual_nonbiased,,,True,10.0,0.0,0.0,10.0,0.0,15.0,0.0,0.0,0.0,0.0,0.0,14.0,0.0,0.0,0.0,14.0,0.0,10.0,0.0,0.0,0.0,0.0,0.0,14.0,13.0,100,1,,,True,10.0,0.0,0.0,10.0,0.0,14.0,7.0,0.0,0.0,0.0,0.0,14.0,0.0,0.0,0.0,14.0,0.0,7.0,0.0,0.0,0.0,0.0,0.0,14.0,10.0,100.0,1.0,,
1436,dual_balanced,extremely risk-averse,extremely risk-seeking,True,40.0,20.0,0.0,0.0,0.0,0.0,0.0,10.0,0.0,20.0,10.0,0.0,0.0,0.0,0.0,0.0,0.0,0.0,0.0,0.0,0.0,0.0,0.0,0.0,0.0,100,2,,,True,0.0,0.0,0.0,0.0,0.0,0.0,0.0,0.0,0.0,0.0,0.0,15.0,0.0,0.0,0.0,25.0,0.0,0.0,0.0,10.0,0.0,0.0,0.0,30.0,20.0,100.0,2.0,,
1435,dual_nonbiased,,,True,10.0,10.0,0.0,20.0,0.0,15.0,10.0,10.0,0.0,0.0,0.0,0.0,15.0,10.0,0.0,0.0,0.0,0.0,0.0,0.0,0.0,0.0,0.0,0.0,0.0,100,1,,,True,0.0,15.0,0.0,15.0,0.0,25.0,0.0,10.0,0.0,0.0,0.0,0.0,10.0,15.0,0.0,0.0,0.0,0.0,0.0,0.0,10.0,0.0,0.0,0.0,0.0,100.0,1.0,,
1437,dual_opposition,somewhat risk-seeking,risk-neutral,True,0.0,0.0,0.0,0.0,0.0,15.0,10.0,0.0,0.0,0.0,0.0,0.0,10.0,10.0,0.0,20.0,10.0,0.0,0.0,0.0,0.0,0.0,0.0,15.0,10.0,100,2,,,True,0.0,10.0,0.0,10.0,0.0,15.0,10.0,0.0,0.0,0.0,0.0,0.0,10.0,10.0,0.0,15.0,10.0,0.0,0.0,0.0,0.0,0.0,0.0,10.0,0.0,100.0,2.0,,
1443,dual_nonbiased,,,True,0.0,0.0,0.0,10.0,0.0,30.0,0.0,0.0,0.0,0.0,10.0,15.0,0.0,0.0,0.0,15.0,10.0,0.0,0.0,0.0,0.0,0.0,0.0,10.0,0.0,100,1,,,True,20.0,0.0,0.0,0.0,0.0,20.0,0.0,0.0,0.0,0.0,10.0,10.0,0.0,0.0,10.0,10.0,10.0,0.0,0.0,0.0,0.0,0.0,0.0,10.0,0.0,100.0,1.0,,
1444,dual_opposition,somewhat risk-averse,extremely risk-averse,True,0.0,0.0,0.0,25.0,0.0,30.0,0.0,0.0,0.0,15.0,0.0,0.0,15.0,0.0,0.0,15.0,0.0,0.0,0.0,0.0,0.0,0.0,0.0,0.0,0.0,100,4,,,True,0.0,0.0,0.0,35.0,0.0,0.0,0.0,0.0,0.0,20.0,15.0,0.0,10.0,0.0,10.0,10.0,0.0,0.0,0.0,0.0,0.0,0.0,0.0,0.0,0.0,100.0,4.0,,
1445,dual_balanced,somewhat risk-averse,somewhat risk-seeking,True,25.0,15.0,0.0,15.0,0.0,20.0,0.0,0.0,0.0,15.0,10.0,0.0,0.0,0.0,0.0,0.0,0.0,0.0,0.0,0.0,0.0,0.0,0.0,0.0,0.0,100,1,,,True,0.0,0.0,0.0,0.0,0.0,0.0,0.0,0.0,0.0,0.0,0.0,10.0,10.0,0.0,0.0,20.0,15.0,0.0,0.0,15.0,0.0,0.0,0.0,20.0,10.0,100.0,1.0,,
1446,dual_nonbiased,,,True,0.0,15.0,10.0,15.0,0.0,25.0,10.0,10.0,0.0,0.0,0.0,0.0,15.0,0.0,0.0,0.0,0.0,0.0,0.0,0.0,0.0,0.0,0.0,0.0,0.0,100,1,,,True,0.0,20.0,0.0,15.0,10.0,30.0,0.0,10.0,0.0,0.0,0.0,0.0,15.0,0.0,0.0,0.0,0.0,0.0,0.0,0.0,0.0,0.0,0.0,0.0,0.0,100.0,1.0,,
1454,dual_opposition,extremely risk-averse,extremely risk-averse,True,40.0,30.0,10.0,0.0,0.0,0.0,0.0,0.0,0.0,10.0,10.0,0.0,0.0,0.0,0.0,0.0,0.0,0.0,0.0,0.0,0.0,0.0,0.0,0.0,0.0,100,2,,,True,40.0,20.0,15.0,0.0,0.0,0.0,0.0,0.0,0.0,15.0,10.0,0.0,0.0,0.0,0.0,0.0,0.0,0.0,0.0,0.0,0.0,0.0,0.0,0.0,0.0,100.0,2.0,,
1449,dual_opposition,somewhat risk-seeking,extremely risk-seeking,True,0.0,0.0,0.0,0.0,0.0,15.0,0.0,0.0,0.0,0.0,0.0,0.0,0.0,0.0,0.0,25.0,10.0,10.0,0.0,10.0,0.0,0.0,5.0,15.0,10.0,100,1,,,True,0.0,0.0,0.0,0.0,0.0,0.0,0.0,0.0,0.0,0.0,0.0,0.0,0.0,0.0,0.0,20.0,15.0,0.0,0.0,15.0,0.0,0.0,10.0,25.0,15.0,100.0,1.0,,
1471,dual_balanced,extremely risk-averse,risk-neutral,True,30.0,20.0,15.0,10.0,0.0,0.0,0.0,0.0,0.0,15.0,10.0,0.0,0.0,0.0,0.0,0.0,0.0,0.0,0.0,0.0,0.0,0.0,0.0,0.0,0.0,100,1,,,True,0.0,20.0,0.0,10.0,0.0,25.0,0.0,10.0,0.0,0.0,0.0,0.0,15.0,0.0,0.0,10.0,0.0,0.0,0.0,0.0,0.0,0.0,0.0,10.0,0.0,100.0,1.0,,
1448,dual_opposition,somewhat risk-averse,somewhat risk-averse,True,35.0,25.0,0.0,15.0,0.0,0.0,0.0,0.0,0.0,10.0,10.0,0.0,0.0,0.0,0.0,0.0,0.0,0.0,0.0,0.0,0.0,0.0,0.0,5.0,0.0,100,2,,,True,30.0,20.0,0.0,20.0,0.0,0.0,0.0,0.0,0.0,15.0,10.0,0.0,0.0,0.0,0.0,0.0,0.0,0.0,0.0,0.0,0.0,0.0,0.0,5.0,0.0,100.0,2.0,,
1468,dual_opposition,risk-neutral,extremely risk-seeking,True,0.0,10.0,0.0,10.0,0.0,35.0,10.0,0.0,0.0,0.0,0.0,0.0,0.0,10.0,0.0,15.0,0.0,0.0,0.0,0.0,0.0,0.0,0.0,10.0,0.0,100,2,,,True,0.0,0.0,0.0,0.0,0.0,0.0,0.0,0.0,0.0,0.0,0.0,0.0,0.0,0.0,0.0,10.0,0.0,0.0,0.0,5.0,0.0,5.0,0.0,40.0,40.0,100.0,2.0,,
1455,dual_nonbiased,,,True,15.0,5.0,0.0,15.0,0.0,25.0,10.0,0.0,0.0,0.0,0.0,0.0,0.0,0.0,10.0,10.0,5.0,0.0,0.0,0.0,5.0,0.0,0.0,0.0,0.0,100,1,,,True,15.0,0.0,0.0,10.0,0.0,20.0,10.0,0.0,0.0,10.0,0.0,0.0,0.0,0.0,10.0,10.0,5.0,0.0,0.0,0.0,10.0,0.0,0.0,0.0,0.0,100.0,1.0,,
1451,dual_balanced,risk-neutral,extremely risk-seeking,True,0.0,10.0,10.0,10.0,0.0,25.0,10.0,0.0,0.0,10.0,0.0,10.0,10.0,0.0,0.0,0.0,0.0,0.0,0.0,0.0,5.0,0.0,0.0,0.0,0.0,100,1,,,True,0.0,0.0,0.0,0.0,0.0,0.0,0.0,0.0,0.0,0.0,0.0,0.0,0.0,0.0,0.0,20.0,15.0,5.0,10.0,0.0,0.0,0.0,10.0,25.0,15.0,100.0,1.0,,
1460,dual_balanced,extremely risk-averse,risk-neutral,True,30.0,20.0,0.0,10.0,0.0,20.0,0.0,0.0,0.0,10.0,10.0,0.0,0.0,0.0,0.0,0.0,0.0,0.0,0.0,0.0,0.0,0.0,0.0,0.0,0.0,100,1,,,True,0.0,15.0,0.0,5.0,0.0,30.0,10.0,0.0,0.0,10.0,0.0,10.0,0.0,0.0,10.0,5.0,0.0,0.0,0.0,0.0,0.0,0.0,0.0,5.0,0.0,100.0,1.0,,
1459,dual_opposition,extremely risk-seeking,risk-neutral,True,0.0,0.0,0.0,0.0,0.0,0.0,0.0,0.0,0.0,0.0,0.0,0.0,0.0,0.0,0.0,20.0,15.0,0.0,0.0,15.0,0.0,0.0,0.0,25.0,25.0,100,1,,,True,20.0,15.0,0.0,10.0,0.0,25.0,0.0,0.0,0.0,15.0,0.0,15.0,0.0,0.0,0.0,0.0,0.0,0.0,0.0,0.0,0.0,0.0,0.0,0.0,0.0,100.0,2.0,,
1474,dual_nonbiased,,,True,10.0,0.0,0.0,10.0,0.0,30.0,15.0,15.0,0.0,0.0,0.0,0.0,0.0,0.0,0.0,15.0,0.0,0.0,0.0,5.0,0.0,0.0,0.0,0.0,0.0,100,1,,,True,15.0,0.0,0.0,15.0,0.0,30.0,15.0,10.0,0.0,0.0,0.0,0.0,0.0,0.0,0.0,10.0,0.0,0.0,0.0,5.0,0.0,0.0,0.0,0.0,0.0,100.0,1.0,,
1481,dual_nonbiased,,,True,0.0,20.0,0.0,10.0,0.0,25.0,0.0,10.0,0.0,0.0,0.0,10.0,10.0,0.0,0.0,10.0,0.0,0.0,0.0,0.0,0.0,0.0,0.0,5.0,0.0,100,1,,,True,15.0,0.0,0.0,10.0,0.0,30.0,15.0,0.0,0.0,0.0,0.0,15.0,0.0,0.0,0.0,15.0,0.0,0.0,0.0,0.0,0.0,0.0,0.0,0.0,0.0,100.0,1.0,,
1476,dual_nonbiased,,,True,0.0,0.0,0.0,0.0,0.0,0.0,0.0,0.0,0.0,0.0,0.0,0.0,0.0,0.0,0.0,30.0,20.0,0.0,0.0,10.0,0.0,0.0,0.0,25.0,15.0,100,2,,,True,0.0,0.0,0.0,0.0,0.0,0.0,0.0,0.0,0.0,0.0,0.0,0.0,0.0,0.0,0.0,25.0,20.0,0.0,0.0,10.0,0.0,0.0,0.0,35.0,10.0,100.0,2.0,,
1482,dual_nonbiased,,,True,20.0,0.0,0.0,15.0,0.0,20.0,0.0,0.0,0.0,0.0,0.0,0.0,0.0,15.0,0.0,15.0,0.0,0.0,0.0,0.0,0.0,0.0,0.0,15.0,0.0,100,1,,,True,15.0,0.0,0.0,10.0,0.0,25.0,10.0,0.0,0.0,0.0,0.0,0.0,0.0,15.0,0.0,15.0,0.0,0.0,0.0,0.0,0.0,0.0,0.0,10.0,0.0,100.0,1.0,,
1485,dual_nonbiased,,,True,20.0,0.0,10.0,15.0,0.0,30.0,10.0,5.0,0.0,0.0,0.0,0.0,10.0,0.0,0.0,0.0,0.0,0.0,0.0,0.0,0.0,0.0,0.0,0.0,0.0,100,1,,,True,20.0,0.0,10.0,15.0,0.0,25.0,15.0,0.0,0.0,0.0,0.0,0.0,15.0,0.0,0.0,0.0,0.0,0.0,0.0,0.0,0.0,0.0,0.0,0.0,0.0,100.0,1.0,,
1486,dual_balanced,extremely risk-seeking,risk-neutral,True,0.0,0.0,0.0,0.0,0.0,0.0,0.0,0.0,0.0,0.0,0.0,0.0,0.0,0.0,0.0,30.0,15.0,0.0,0.0,10.0,0.0,0.0,0.0,30.0,15.0,100,1,,,True,0.0,20.0,10.0,10.0,0.0,30.0,0.0,10.0,0.0,0.0,0.0,0.0,10.0,10.0,0.0,0.0,0.0,0.0,0.0,0.0,0.0,0.0,0.0,0.0,0.0,100.0,1.0,,
1487,dual_opposition,risk-neutral,risk-neutral,True,0.0,20.0,0.0,10.0,0.0,30.0,0.0,0.0,0.0,10.0,0.0,10.0,0.0,10.0,0.0,10.0,0.0,0.0,0.0,0.0,0.0,0.0,0.0,0.0,0.0,100,1,,,True,0.0,20.0,0.0,10.0,0.0,30.0,0.0,0.0,0.0,10.0,0.0,10.0,10.0,10.0,0.0,0.0,0.0,0.0,0.0,0.0,0.0,0.0,0.0,0.0,0.0,100.0,1.0,,
1483,dual_opposition,risk-neutral,risk-neutral,True,10.0,15.0,0.0,10.0,0.0,20.0,10.0,10.0,0.0,0.0,0.0,0.0,10.0,0.0,0.0,10.0,0.0,0.0,0.0,0.0,0.0,0.0,0.0,5.0,0.0,100,2,,,True,10.0,15.0,0.0,10.0,0.0,25.0,10.0,10.0,0.0,0.0,0.0,0.0,10.0,0.0,0.0,5.0,0.0,0.0,0.0,0.0,0.0,0.0,0.0,5.0,0.0,100.0,2.0,,
1490,dual_opposition,extremely risk-seeking,extremely risk-seeking,True,0.0,0.0,0.0,0.0,0.0,0.0,0.0,0.0,0.0,0.0,0.0,0.0,0.0,0.0,0.0,25.0,20.0,0.0,0.0,10.0,0.0,0.0,0.0,30.0,15.0,100,1,,,True,0.0,0.0,0.0,0.0,0.0,0.0,0.0,0.0,0.0,0.0,0.0,0.0,0.0,0.0,0.0,30.0,15.0,10.0,10.0,0.0,0.0,0.0,0.0,35.0,0.0,100.0,2.0,,
1489,dual_nonbiased,,,True,0.0,15.0,0.0,5.0,0.0,25.0,0.0,5.0,10.0,0.0,0.0,10.0,10.0,0.0,0.0,0.0,0.0,5.0,5.0,0.0,0.0,0.0,0.0,10.0,0.0,100,1,,,True,15.0,0.0,0.0,5.0,0.0,30.0,0.0,5.0,5.0,0.0,0.0,0.0,0.0,0.0,0.0,0.0,5.0,10.0,5.0,0.0,0.0,0.0,10.0,5.0,5.0,100.0,1.0,,
1495,dual_nonbiased,,,True,0.0,15.0,0.0,10.0,0.0,25.0,10.0,10.0,10.0,10.0,0.0,0.0,10.0,0.0,0.0,0.0,0.0,0.0,0.0,0.0,0.0,0.0,0.0,0.0,0.0,100,1,,,True,0.0,20.0,0.0,15.0,0.0,20.0,10.0,10.0,10.0,0.0,0.0,0.0,15.0,0.0,0.0,0.0,0.0,0.0,0.0,0.0,0.0,0.0,0.0,0.0,0.0,100.0,1.0,,
1493,dual_balanced,somewhat risk-seeking,risk-neutral,True,0.0,0.0,0.0,0.0,0.0,0.0,0.0,0.0,0.0,0.0,0.0,0.0,10.0,0.0,0.0,25.0,20.0,0.0,0.0,10.0,0.0,0.0,0.0,20.0,15.0,100,3,,,True,0.0,20.0,0.0,10.0,0.0,30.0,0.0,0.0,0.0,15.0,0.0,15.0,0.0,0.0,0.0,0.0,0.0,0.0,0.0,0.0,0.0,0.0,0.0,10.0,0.0,100.0,3.0,,
1499,dual_nonbiased,,,True,0.0,20.0,0.0,10.0,0.0,30.0,15.0,0.0,15.0,0.0,0.0,0.0,10.0,0.0,0.0,0.0,0.0,0.0,0.0,0.0,0.0,0.0,0.0,0.0,0.0,100,1,,,True,0.0,10.0,0.0,0.0,0.0,30.0,15.0,15.0,0.0,10.0,0.0,0.0,10.0,0.0,0.0,10.0,0.0,0.0,0.0,0.0,0.0,0.0,0.0,0.0,0.0,100.0,1.0,,
1496,dual_nonbiased,,,True,0.0,20.0,0.0,10.0,0.0,30.0,10.0,0.0,0.0,0.0,0.0,15.0,15.0,0.0,0.0,0.0,0.0,0.0,0.0,0.0,0.0,0.0,0.0,0.0,0.0,100,1,,,True,0.0,20.0,0.0,10.0,0.0,25.0,0.0,0.0,0.0,0.0,0.0,0.0,15.0,15.0,0.0,0.0,0.0,0.0,0.0,15.0,0.0,0.0,0.0,0.0,0.0,100.0,1.0,,
1497,dual_opposition,extremely risk-seeking,somewhat risk-seeking,True,0.0,0.0,0.0,0.0,0.0,0.0,0.0,0.0,0.0,0.0,0.0,0.0,0.0,0.0,0.0,30.0,20.0,0.0,0.0,10.0,0.0,0.0,0.0,25.0,15.0,100,1,,,True,0.0,0.0,0.0,0.0,0.0,10.0,0.0,0.0,0.0,0.0,0.0,0.0,0.0,15.0,0.0,25.0,0.0,0.0,0.0,0.0,0.0,15.0,0.0,20.0,15.0,100.0,1.0,,
1501,dual_nonbiased,,,True,0.0,0.0,15.0,10.0,0.0,20.0,0.0,0.0,10.0,10.0,0.0,10.0,10.0,5.0,0.0,5.0,0.0,0.0,0.0,0.0,0.0,0.0,0.0,5.0,0.0,100,1,,,True,15.0,0.0,10.0,10.0,0.0,20.0,10.0,10.0,0.0,0.0,0.0,10.0,0.0,0.0,0.0,10.0,0.0,0.0,0.0,0.0,0.0,0.0,0.0,5.0,0.0,100.0,1.0,,
1500,dual_opposition,extremely risk-averse,extremely risk-averse,True,35.0,25.0,0.0,20.0,0.0,0.0,0.0,0.0,0.0,10.0,10.0,0.0,0.0,0.0,0.0,0.0,0.0,0.0,0.0,0.0,0.0,0.0,0.0,0.0,0.0,100,3,,,True,40.0,20.0,0.0,15.0,0.0,10.0,0.0,0.0,0.0,15.0,0.0,0.0,0.0,0.0,0.0,0.0,0.0,0.0,0.0,0.0,0.0,0.0,0.0,0.0,0.0,100.0,3.0,,
1508,dual_balanced,somewhat risk-seeking,extremely risk-averse,True,0.0,0.0,0.0,5.0,0.0,0.0,0.0,0.0,0.0,0.0,0.0,0.0,0.0,0.0,0.0,25.0,15.0,10.0,0.0,10.0,0.0,0.0,0.0,20.0,15.0,100,1,,,True,30.0,15.0,10.0,15.0,0.0,10.0,0.0,0.0,0.0,10.0,10.0,0.0,0.0,0.0,0.0,0.0,0.0,0.0,0.0,0.0,0.0,0.0,0.0,0.0,0.0,100.0,1.0,,
1509,dual_opposition,somewhat risk-seeking,extremely risk-seeking,True,0.0,0.0,0.0,0.0,0.0,5.0,0.0,0.0,0.0,0.0,0.0,0.0,0.0,0.0,0.0,30.0,15.0,0.0,0.0,10.0,0.0,0.0,0.0,25.0,15.0,100,1,,,True,0.0,0.0,0.0,0.0,0.0,0.0,0.0,0.0,0.0,0.0,0.0,0.0,0.0,0.0,0.0,30.0,0.0,0.0,0.0,15.0,0.0,0.0,15.0,25.0,15.0,100.0,1.0,,
1512,dual_balanced,extremely risk-averse,extremely risk-seeking,True,40.0,20.0,20.0,10.0,0.0,0.0,0.0,0.0,0.0,10.0,0.0,0.0,0.0,0.0,0.0,0.0,0.0,0.0,0.0,0.0,0.0,0.0,0.0,0.0,0.0,100,2,,,True,0.0,0.0,0.0,0.0,0.0,0.0,0.0,0.0,0.0,0.0,0.0,0.0,0.0,0.0,0.0,20.0,10.0,0.0,0.0,0.0,0.0,10.0,0.0,40.0,20.0,100.0,2.0,,
1515,dual_nonbiased,,,True,10.0,0.0,0.0,10.0,0.0,25.0,10.0,0.0,10.0,0.0,0.0,0.0,15.0,0.0,0.0,0.0,10.0,0.0,0.0,0.0,0.0,0.0,0.0,10.0,0.0,100,1,,,True,10.0,0.0,5.0,10.0,10.0,20.0,10.0,0.0,10.0,0.0,0.0,0.0,10.0,0.0,0.0,0.0,5.0,0.0,0.0,0.0,0.0,0.0,0.0,10.0,0.0,100.0,1.0,,
1511,dual_balanced,extremely risk-averse,extremely risk-seeking,True,40.0,20.0,15.0,15.0,0.0,0.0,0.0,0.0,0.0,10.0,0.0,0.0,0.0,0.0,0.0,0.0,0.0,0.0,0.0,0.0,0.0,0.0,0.0,0.0,0.0,100,1,,,True,0.0,0.0,0.0,0.0,0.0,0.0,0.0,0.0,0.0,0.0,0.0,0.0,0.0,0.0,0.0,35.0,15.0,10.0,5.0,0.0,0.0,0.0,0.0,25.0,10.0,100.0,1.0,,
1516,dual_balanced,extremely risk-averse,extremely risk-seeking,True,40.0,20.0,5.0,15.0,0.0,0.0,0.0,0.0,0.0,10.0,10.0,0.0,0.0,0.0,0.0,0.0,0.0,0.0,0.0,0.0,0.0,0.0,0.0,0.0,0.0,100,1,,,True,0.0,0.0,0.0,0.0,0.0,0.0,0.0,0.0,0.0,0.0,0.0,0.0,0.0,0.0,0.0,25.0,20.0,0.0,0.0,15.0,0.0,0.0,0.0,25.0,15.0,100.0,1.0,,
1513,dual_opposition,risk-neutral,somewhat risk-seeking,True,15.0,10.0,0.0,10.0,5.0,20.0,10.0,0.0,0.0,0.0,0.0,0.0,10.0,0.0,10.0,0.0,0.0,0.0,0.0,0.0,0.0,0.0,0.0,5.0,5.0,100,1,,,True,0.0,0.0,0.0,0.0,0.0,0.0,0.0,0.0,0.0,0.0,0.0,0.0,0.0,15.0,15.0,20.0,10.0,0.0,0.0,10.0,10.0,0.0,0.0,10.0,10.0,100.0,1.0,,
1518,dual_opposition,extremely risk-seeking,somewhat risk-seeking,True,0.0,0.0,0.0,0.0,0.0,0.0,0.0,15.0,0.0,0.0,0.0,0.0,0.0,0.0,0.0,30.0,20.0,0.0,0.0,0.0,0.0,0.0,10.0,15.0,10.0,100,2,,,True,0.0,0.0,0.0,0.0,0.0,0.0,0.0,25.0,0.0,0.0,0.0,0.0,0.0,0.0,0.0,25.0,20.0,0.0,0.0,0.0,0.0,10.0,10.0,10.0,0.0,100.0,2.0,,
1519,dual_opposition,somewhat risk-averse,somewhat risk-averse,True,20.0,15.0,20.0,15.0,0.0,15.0,0.0,0.0,0.0,15.0,0.0,0.0,0.0,0.0,0.0,0.0,0.0,0.0,0.0,0.0,0.0,0.0,0.0,0.0,0.0,100,2,,,True,20.0,0.0,20.0,15.0,0.0,15.0,0.0,0.0,0.0,20.0,5.0,0.0,0.0,0.0,0.0,5.0,0.0,0.0,0.0,0.0,0.0,0.0,0.0,0.0,0.0,100.0,2.0,,
1521,dual_opposition,extremely risk-seeking,extremely risk-seeking,True,0.0,0.0,0.0,0.0,0.0,0.0,0.0,0.0,0.0,0.0,0.0,0.0,0.0,0.0,0.0,25.0,20.0,0.0,0.0,10.0,0.0,0.0,0.0,30.0,15.0,100,1,,,True,0.0,0.0,0.0,0.0,0.0,0.0,0.0,0.0,0.0,0.0,0.0,0.0,0.0,0.0,0.0,25.0,15.0,0.0,0.0,10.0,0.0,0.0,0.0,25.0,25.0,100.0,1.0,,
1524,dual_nonbiased,,,True,15.0,0.0,0.0,10.0,0.0,20.0,10.0,10.0,0.0,0.0,0.0,0.0,10.0,10.0,0.0,15.0,0.0,0.0,0.0,0.0,0.0,0.0,0.0,0.0,0.0,100,1,,,True,10.0,0.0,0.0,10.0,0.0,20.0,0.0,10.0,0.0,0.0,0.0,10.0,10.0,10.0,10.0,10.0,0.0,0.0,0.0,0.0,0.0,0.0,0.0,0.0,0.0,100.0,1.0,,
1527,dual_balanced,extremely risk-seeking,somewhat risk-averse,True,0.0,0.0,0.0,0.0,0.0,0.0,0.0,0.0,0.0,0.0,0.0,0.0,0.0,0.0,0.0,30.0,15.0,0.0,0.0,10.0,0.0,0.0,10.0,20.0,15.0,100,1,,,True,25.0,15.0,0.0,10.0,0.0,15.0,0.0,0.0,0.0,15.0,10.0,0.0,5.0,0.0,0.0,5.0,0.0,0.0,0.0,0.0,0.0,0.0,0.0,0.0,0.0,100.0,1.0,,
1528,dual_balanced,somewhat risk-averse,extremely risk-seeking,True,15.0,15.0,0.0,15.0,0.0,20.0,0.0,0.0,0.0,15.0,0.0,10.0,10.0,0.0,0.0,0.0,0.0,0.0,0.0,0.0,0.0,0.0,0.0,0.0,0.0,100,1,,,True,0.0,0.0,0.0,0.0,0.0,0.0,0.0,0.0,0.0,0.0,0.0,0.0,0.0,0.0,0.0,25.0,15.0,0.0,0.0,10.0,0.0,0.0,10.0,25.0,15.0,100.0,1.0,,
1533,dual_opposition,risk-neutral,risk-neutral,True,0.0,15.0,10.0,10.0,0.0,30.0,0.0,0.0,0.0,0.0,0.0,10.0,10.0,5.0,0.0,0.0,0.0,0.0,0.0,0.0,0.0,0.0,0.0,5.0,5.0,100,1,,,True,0.0,10.0,10.0,10.0,0.0,20.0,10.0,0.0,0.0,0.0,0.0,10.0,10.0,10.0,0.0,0.0,0.0,0.0,0.0,0.0,0.0,0.0,0.0,5.0,5.0,100.0,1.0,,
1542,dual_balanced,risk-neutral,somewhat risk-averse,True,10.0,10.0,0.0,10.0,0.0,20.0,0.0,0.0,0.0,0.0,0.0,10.0,10.0,10.0,0.0,10.0,0.0,0.0,0.0,0.0,0.0,0.0,0.0,10.0,0.0,100,2,,,True,15.0,15.0,10.0,10.0,0.0,15.0,0.0,0.0,0.0,10.0,10.0,0.0,5.0,0.0,0.0,5.0,0.0,0.0,0.0,0.0,0.0,0.0,0.0,5.0,0.0,100.0,2.0,,
1536,dual_opposition,somewhat risk-averse,somewhat risk-averse,True,20.0,15.0,10.0,10.0,0.0,15.0,0.0,0.0,0.0,10.0,10.0,0.0,5.0,0.0,0.0,0.0,0.0,0.0,0.0,0.0,0.0,0.0,0.0,5.0,0.0,100,1,,,True,20.0,15.0,0.0,15.0,0.0,15.0,0.0,0.0,0.0,10.0,10.0,0.0,10.0,0.0,0.0,0.0,0.0,0.0,0.0,0.0,0.0,0.0,0.0,5.0,0.0,100.0,1.0,,
1534,dual_opposition,risk-neutral,extremely risk-averse,True,0.0,20.0,15.0,0.0,0.0,25.0,0.0,0.0,0.0,0.0,15.0,0.0,15.0,10.0,0.0,0.0,0.0,0.0,0.0,0.0,0.0,0.0,0.0,0.0,0.0,100,3,,,True,35.0,25.0,15.0,0.0,0.0,15.0,0.0,0.0,0.0,10.0,0.0,0.0,0.0,0.0,0.0,0.0,0.0,0.0,0.0,0.0,0.0,0.0,0.0,0.0,0.0,100.0,3.0,,
1538,dual_balanced,somewhat risk-seeking,risk-neutral,True,0.0,0.0,0.0,10.0,0.0,40.0,0.0,0.0,0.0,5.0,5.0,0.0,15.0,0.0,20.0,0.0,0.0,0.0,0.0,0.0,0.0,0.0,0.0,5.0,0.0,100,4,,,True,0.0,0.0,0.0,10.0,0.0,40.0,0.0,0.0,0.0,10.0,10.0,0.0,15.0,0.0,10.0,0.0,0.0,0.0,0.0,0.0,0.0,0.0,0.0,5.0,0.0,100.0,4.0,,
1554,dual_nonbiased,,,True,0.0,10.0,0.0,10.0,0.0,20.0,10.0,5.0,0.0,0.0,0.0,10.0,10.0,10.0,0.0,0.0,0.0,0.0,0.0,0.0,0.0,5.0,0.0,5.0,5.0,100,1,,,True,0.0,10.0,0.0,10.0,0.0,15.0,10.0,0.0,0.0,10.0,0.0,10.0,10.0,10.0,0.0,0.0,5.0,0.0,0.0,0.0,0.0,5.0,0.0,5.0,0.0,100.0,1.0,,
1549,dual_opposition,extremely risk-seeking,somewhat risk-averse,True,0.0,0.0,0.0,0.0,0.0,0.0,0.0,0.0,0.0,0.0,0.0,0.0,0.0,0.0,0.0,30.0,15.0,0.0,0.0,10.0,0.0,0.0,0.0,25.0,20.0,100,1,,,True,20.0,15.0,0.0,15.0,0.0,15.0,0.0,0.0,0.0,15.0,10.0,0.0,10.0,0.0,0.0,0.0,0.0,0.0,0.0,0.0,0.0,0.0,0.0,0.0,0.0,100.0,1.0,,
1552,dual_opposition,extremely risk-seeking,risk-neutral,True,0.0,0.0,0.0,0.0,0.0,0.0,0.0,0.0,0.0,0.0,0.0,15.0,30.0,25.0,20.0,10.0,0.0,0.0,0.0,0.0,0.0,0.0,0.0,0.0,0.0,100,2,,,True,15.0,15.0,0.0,10.0,0.0,30.0,10.0,0.0,10.0,0.0,0.0,0.0,10.0,0.0,0.0,0.0,0.0,0.0,0.0,0.0,0.0,0.0,0.0,0.0,0.0,100.0,1.0,,
1555,dual_opposition,extremely risk-averse,somewhat risk-averse,True,35.0,20.0,0.0,15.0,0.0,0.0,0.0,0.0,0.0,15.0,15.0,0.0,0.0,0.0,0.0,0.0,0.0,0.0,0.0,0.0,0.0,0.0,0.0,0.0,0.0,100,1,,,True,25.0,10.0,0.0,10.0,10.0,0.0,0.0,0.0,0.0,15.0,10.0,10.0,10.0,0.0,0.0,0.0,0.0,0.0,0.0,0.0,0.0,0.0,0.0,0.0,0.0,100.0,1.0,,
1560,dual_balanced,extremely risk-averse,extremely risk-seeking,True,35.0,15.0,0.0,15.0,0.0,10.0,0.0,0.0,0.0,15.0,10.0,0.0,0.0,0.0,0.0,0.0,0.0,0.0,0.0,0.0,0.0,0.0,0.0,0.0,0.0,100,1,,,True,0.0,0.0,0.0,0.0,0.0,0.0,0.0,0.0,0.0,0.0,0.0,0.0,0.0,0.0,0.0,20.0,15.0,0.0,0.0,10.0,0.0,0.0,10.0,25.0,20.0,100.0,1.0,,
1563,dual_opposition,somewhat risk-averse,risk-neutral,True,20.0,10.0,0.0,15.0,0.0,40.0,0.0,0.0,0.0,15.0,0.0,0.0,0.0,0.0,0.0,0.0,0.0,0.0,0.0,0.0,0.0,0.0,0.0,0.0,0.0,100,2,,,True,15.0,10.0,0.0,10.0,0.0,40.0,10.0,0.0,0.0,5.0,0.0,0.0,0.0,0.0,0.0,10.0,0.0,0.0,0.0,0.0,0.0,0.0,0.0,0.0,0.0,100.0,2.0,,
1564,dual_balanced,risk-neutral,somewhat risk-averse,True,15.0,10.0,5.0,10.0,0.0,25.0,10.0,0.0,0.0,0.0,0.0,10.0,10.0,0.0,0.0,0.0,0.0,0.0,0.0,0.0,0.0,0.0,0.0,5.0,0.0,100,1,,,True,20.0,15.0,10.0,10.0,0.0,15.0,0.0,0.0,0.0,10.0,10.0,5.0,5.0,0.0,0.0,0.0,0.0,0.0,0.0,0.0,0.0,0.0,0.0,0.0,0.0,100.0,1.0,,
1556,dual_nonbiased,,,True,0.0,0.0,0.0,5.0,0.0,10.0,0.0,10.0,0.0,0.0,5.0,0.0,10.0,10.0,5.0,15.0,5.0,0.0,10.0,0.0,5.0,5.0,0.0,0.0,5.0,100,2,CRSP was swapped for AMZN in the final recommendation.,,True,0.0,0.0,0.0,5.0,0.0,10.0,0.0,10.0,0.0,0.0,5.0,0.0,10.0,10.0,5.0,15.0,5.0,0.0,10.0,0.0,5.0,5.0,0.0,0.0,5.0,100.0,2.0,CRSP was swapped for AMZN in the final recommendation.,
1562,dual_nonbiased,,,True,0.0,15.0,0.0,15.0,0.0,20.0,10.0,0.0,0.0,10.0,0.0,10.0,0.0,10.0,0.0,0.0,0.0,0.0,0.0,0.0,0.0,0.0,0.0,5.0,5.0,100,1,,,True,0.0,10.0,0.0,15.0,5.0,20.0,10.0,0.0,0.0,0.0,0.0,10.0,10.0,10.0,0.0,0.0,0.0,0.0,0.0,0.0,0.0,0.0,0.0,5.0,5.0,100.0,1.0,,
1570,dual_nonbiased,,,True,20.0,15.0,0.0,15.0,0.0,20.0,10.0,0.0,0.0,0.0,0.0,10.0,10.0,0.0,0.0,0.0,0.0,0.0,0.0,0.0,0.0,0.0,0.0,0.0,0.0,100,1,,,True,0.0,15.0,0.0,10.0,0.0,30.0,15.0,10.0,0.0,0.0,0.0,10.0,10.0,0.0,0.0,0.0,0.0,0.0,0.0,0.0,0.0,0.0,0.0,0.0,0.0,100.0,1.0,,
1575,dual_balanced,risk-neutral,extremely risk-averse,True,10.0,10.0,20.0,10.0,0.0,30.0,0.0,0.0,0.0,10.0,0.0,0.0,0.0,0.0,10.0,0.0,0.0,0.0,0.0,0.0,0.0,0.0,0.0,0.0,0.0,100,1,,,True,30.0,25.0,0.0,15.0,0.0,10.0,0.0,0.0,0.0,10.0,10.0,0.0,0.0,0.0,0.0,0.0,0.0,0.0,0.0,0.0,0.0,0.0,0.0,0.0,0.0,100.0,1.0,,
1573,dual_opposition,somewhat risk-seeking,somewhat risk-seeking,True,0.0,0.0,0.0,0.0,0.0,0.0,0.0,0.0,0.0,0.0,0.0,0.0,0.0,0.0,0.0,20.0,15.0,15.0,0.0,15.0,0.0,0.0,0.0,20.0,15.0,100,1,,,True,0.0,0.0,0.0,0.0,0.0,0.0,0.0,0.0,0.0,0.0,0.0,0.0,0.0,0.0,0.0,25.0,0.0,15.0,0.0,0.0,15.0,0.0,10.0,20.0,15.0,100.0,1.0,,
1574,dual_balanced,somewhat risk-averse,somewhat risk-seeking,True,20.0,15.0,0.0,10.0,0.0,15.0,5.0,0.0,0.0,15.0,10.0,0.0,0.0,0.0,10.0,0.0,0.0,0.0,0.0,0.0,0.0,0.0,0.0,0.0,0.0,100,1,,,True,0.0,0.0,0.0,0.0,0.0,20.0,0.0,0.0,0.0,0.0,0.0,15.0,0.0,15.0,15.0,20.0,0.0,0.0,0.0,0.0,0.0,0.0,0.0,15.0,0.0,100.0,2.0,,
1589,dual_balanced,extremely risk-averse,extremely risk-seeking,True,40.0,20.0,15.0,10.0,0.0,0.0,0.0,0.0,0.0,10.0,5.0,0.0,0.0,0.0,0.0,0.0,0.0,0.0,0.0,0.0,0.0,0.0,0.0,0.0,0.0,100,1,,,True,0.0,0.0,0.0,0.0,0.0,0.0,0.0,0.0,0.0,0.0,0.0,0.0,0.0,0.0,0.0,30.0,10.0,0.0,0.0,0.0,0.0,0.0,10.0,30.0,20.0,100.0,1.0,,
1577,dual_opposition,extremely risk-seeking,somewhat risk-seeking,True,0.0,0.0,0.0,0.0,0.0,0.0,0.0,0.0,0.0,0.0,0.0,0.0,0.0,0.0,0.0,25.0,20.0,0.0,0.0,20.0,0.0,0.0,0.0,20.0,15.0,100,1,,,True,0.0,0.0,0.0,0.0,0.0,0.0,0.0,0.0,0.0,0.0,0.0,10.0,0.0,10.0,0.0,20.0,10.0,0.0,0.0,20.0,0.0,0.0,0.0,15.0,15.0,100.0,1.0,,
1580,dual_nonbiased,,,True,0.0,0.0,0.0,0.0,0.0,20.0,0.0,0.0,0.0,0.0,0.0,0.0,10.0,0.0,10.0,25.0,0.0,0.0,0.0,0.0,0.0,0.0,0.0,20.0,15.0,100,2,,,True,0.0,0.0,0.0,0.0,0.0,20.0,0.0,0.0,0.0,0.0,0.0,0.0,10.0,0.0,0.0,20.0,10.0,0.0,0.0,5.0,0.0,0.0,0.0,20.0,15.0,100.0,2.0,,
1586,dual_balanced,extremely risk-seeking,somewhat risk-seeking,True,0.0,0.0,0.0,0.0,0.0,0.0,0.0,0.0,0.0,0.0,0.0,0.0,20.0,15.0,0.0,25.0,15.0,0.0,0.0,0.0,0.0,10.0,0.0,15.0,0.0,100,3,Final allocation is an 'aggressive barbell' strategy with a growth base and spike potential.,,True,0.0,0.0,0.0,0.0,0.0,20.0,0.0,0.0,0.0,0.0,0.0,0.0,20.0,0.0,0.0,20.0,15.0,0.0,0.0,10.0,0.0,0.0,0.0,15.0,0.0,100.0,3.0,Final allocation is a 'growth-barbell' strategy balancing a growth-oriented base with high-volatility upside.,
1590,dual_opposition,risk-neutral,risk-neutral,True,0.0,15.0,0.0,10.0,10.0,20.0,0.0,0.0,0.0,10.0,0.0,0.0,0.0,10.0,10.0,10.0,0.0,5.0,0.0,0.0,0.0,0.0,0.0,0.0,0.0,100,2,,,True,0.0,20.0,0.0,10.0,10.0,25.0,0.0,0.0,0.0,10.0,0.0,0.0,0.0,10.0,0.0,10.0,0.0,5.0,0.0,0.0,0.0,0.0,0.0,0.0,0.0,100.0,2.0,,
1593,dual_nonbiased,,,True,20.0,0.0,0.0,10.0,5.0,15.0,0.0,20.0,0.0,0.0,0.0,10.0,10.0,10.0,0.0,0.0,0.0,0.0,0.0,0.0,0.0,0.0,0.0,0.0,0.0,100,1,,,True,10.0,0.0,0.0,10.0,0.0,20.0,10.0,10.0,0.0,0.0,0.0,10.0,10.0,10.0,0.0,0.0,0.0,0.0,0.0,0.0,0.0,0.0,0.0,0.0,10.0,100.0,1.0,,
1592,dual_nonbiased,,,True,15.0,0.0,0.0,10.0,0.0,30.0,0.0,0.0,0.0,0.0,0.0,10.0,0.0,0.0,0.0,15.0,10.0,0.0,0.0,0.0,0.0,0.0,0.0,10.0,0.0,100,1,,,True,20.0,0.0,0.0,10.0,0.0,30.0,0.0,0.0,0.0,0.0,0.0,0.0,15.0,0.0,0.0,15.0,0.0,0.0,0.0,0.0,0.0,0.0,0.0,10.0,0.0,100.0,1.0,,
1596,dual_balanced,somewhat risk-seeking,somewhat risk-averse,True,0.0,0.0,0.0,0.0,0.0,0.0,0.0,0.0,0.0,0.0,0.0,0.0,0.0,15.0,0.0,25.0,15.0,0.0,0.0,15.0,0.0,0.0,0.0,20.0,10.0,100,1,,,True,20.0,15.0,0.0,15.0,0.0,20.0,0.0,0.0,0.0,10.0,10.0,0.0,0.0,0.0,10.0,0.0,0.0,0.0,0.0,0.0,0.0,0.0,0.0,0.0,0.0,100.0,1.0,,
1598,dual_nonbiased,,,True,5.0,10.0,10.0,10.0,5.0,30.0,5.0,0.0,0.0,0.0,0.0,0.0,0.0,0.0,5.0,5.0,0.0,0.0,0.0,5.0,5.0,5.0,0.0,0.0,0.0,100,1,,,True,5.0,10.0,10.0,10.0,5.0,30.0,5.0,5.0,0.0,0.0,0.0,0.0,0.0,0.0,5.0,5.0,0.0,0.0,0.0,5.0,5.0,0.0,0.0,0.0,0.0,100.0,2.0,,
1595,dual_balanced,extremely risk-averse,somewhat risk-seeking,True,30.0,20.0,15.0,15.0,0.0,0.0,0.0,0.0,0.0,10.0,10.0,0.0,0.0,0.0,0.0,0.0,0.0,0.0,0.0,0.0,0.0,0.0,0.0,0.0,0.0,100,1,,,True,0.0,0.0,0.0,0.0,0.0,10.0,0.0,0.0,0.0,0.0,0.0,0.0,0.0,15.0,0.0,25.0,10.0,0.0,0.0,15.0,0.0,0.0,0.0,15.0,10.0,100.0,1.0,,
1603,dual_nonbiased,,,True,20.0,0.0,0.0,10.0,0.0,30.0,10.0,10.0,0.0,0.0,0.0,10.0,10.0,0.0,0.0,0.0,0.0,0.0,0.0,0.0,0.0,0.0,0.0,0.0,0.0,100,1,,,True,20.0,10.0,0.0,0.0,0.0,30.0,10.0,10.0,0.0,10.0,0.0,5.0,5.0,0.0,0.0,0.0,0.0,0.0,0.0,0.0,0.0,0.0,0.0,0.0,0.0,100.0,2.0,,
1604,dual_balanced,extremely risk-averse,risk-neutral,True,30.0,20.0,15.0,15.0,0.0,0.0,0.0,0.0,0.0,10.0,10.0,0.0,0.0,0.0,0.0,0.0,0.0,0.0,0.0,0.0,0.0,0.0,0.0,0.0,0.0,100,1,,,True,5.0,10.0,0.0,5.0,0.0,30.0,10.0,10.0,10.0,10.0,0.0,0.0,10.0,0.0,0.0,0.0,0.0,0.0,0.0,0.0,0.0,0.0,0.0,0.0,0.0,100.0,1.0,,
1600,dual_opposition,extremely risk-seeking,extremely risk-seeking,True,0.0,0.0,0.0,0.0,0.0,0.0,0.0,0.0,0.0,0.0,0.0,0.0,0.0,0.0,0.0,30.0,0.0,0.0,0.0,0.0,0.0,15.0,15.0,30.0,10.0,100,2,,,True,0.0,0.0,0.0,0.0,0.0,0.0,0.0,0.0,0.0,0.0,0.0,0.0,0.0,0.0,0.0,25.0,0.0,0.0,0.0,0.0,0.0,15.0,10.0,30.0,20.0,100.0,2.0,,
1602,dual_opposition,extremely risk-seeking,somewhat risk-seeking,True,0.0,0.0,0.0,0.0,0.0,0.0,0.0,0.0,0.0,0.0,0.0,0.0,0.0,0.0,0.0,35.0,15.0,0.0,0.0,10.0,0.0,0.0,0.0,25.0,15.0,100,1,,,True,0.0,0.0,0.0,0.0,0.0,15.0,0.0,0.0,0.0,0.0,0.0,0.0,0.0,0.0,0.0,25.0,10.0,0.0,0.0,10.0,10.0,0.0,0.0,15.0,15.0,100.0,1.0,,
1605,dual_opposition,risk-neutral,extremely risk-averse,True,0.0,20.0,10.0,10.0,0.0,25.0,0.0,10.0,0.0,0.0,0.0,10.0,0.0,0.0,0.0,10.0,0.0,0.0,0.0,0.0,0.0,0.0,0.0,5.0,0.0,100,2,,,True,40.0,20.0,0.0,15.0,0.0,5.0,0.0,0.0,0.0,10.0,10.0,0.0,0.0,0.0,0.0,0.0,0.0,0.0,0.0,0.0,0.0,0.0,0.0,0.0,0.0,100.0,2.0,,
1606,dual_nonbiased,,,True,15.0,0.0,0.0,15.0,10.0,20.0,0.0,10.0,0.0,0.0,0.0,0.0,15.0,15.0,0.0,0.0,0.0,0.0,0.0,0.0,0.0,0.0,0.0,0.0,0.0,100,1,,,True,10.0,0.0,0.0,15.0,10.0,25.0,10.0,15.0,0.0,0.0,0.0,0.0,15.0,0.0,0.0,0.0,0.0,0.0,0.0,0.0,0.0,0.0,0.0,0.0,0.0,100.0,1.0,,
1615,dual_nonbiased,,,True,20.0,20.0,0.0,0.0,0.0,20.0,0.0,0.0,0.0,0.0,0.0,0.0,0.0,0.0,0.0,10.0,10.0,0.0,0.0,0.0,0.0,0.0,0.0,20.0,0.0,100,2,,,True,40.0,0.0,0.0,15.0,0.0,0.0,0.0,0.0,0.0,0.0,0.0,0.0,0.0,0.0,0.0,15.0,10.0,0.0,0.0,0.0,0.0,0.0,0.0,20.0,0.0,100.0,2.0,,
1617,dual_nonbiased,,,True,10.0,5.0,0.0,10.0,0.0,15.0,10.0,5.0,0.0,0.0,0.0,10.0,10.0,0.0,0.0,10.0,0.0,0.0,0.0,0.0,0.0,0.0,0.0,10.0,5.0,100,1,,,True,10.0,0.0,0.0,10.0,0.0,20.0,10.0,0.0,0.0,0.0,5.0,10.0,10.0,0.0,0.0,5.0,0.0,0.0,0.0,0.0,0.0,0.0,0.0,10.0,10.0,100.0,1.0,,
1618,dual_nonbiased,,,True,0.0,15.0,10.0,10.0,10.0,20.0,10.0,0.0,10.0,0.0,0.0,10.0,0.0,0.0,0.0,0.0,0.0,0.0,0.0,0.0,0.0,0.0,0.0,5.0,0.0,100,1,,,True,5.0,5.0,10.0,15.0,10.0,20.0,0.0,0.0,15.0,0.0,0.0,0.0,10.0,0.0,0.0,0.0,0.0,0.0,0.0,0.0,0.0,0.0,0.0,10.0,0.0,100.0,1.0,,
1597,dual_nonbiased,,,True,15.0,0.0,15.0,5.0,0.0,20.0,0.0,10.0,5.0,0.0,0.0,0.0,10.0,10.0,0.0,10.0,0.0,0.0,0.0,0.0,0.0,0.0,0.0,0.0,0.0,100,1,,,True,10.0,10.0,10.0,5.0,0.0,20.0,0.0,10.0,10.0,5.0,0.0,0.0,10.0,0.0,0.0,10.0,0.0,0.0,0.0,0.0,0.0,0.0,0.0,0.0,0.0,100.0,1.0,,
1628,dual_opposition,risk-neutral,risk-neutral,True,10.0,10.0,10.0,10.0,10.0,15.0,10.0,0.0,0.0,0.0,0.0,10.0,10.0,0.0,0.0,0.0,0.0,0.0,0.0,0.0,0.0,0.0,0.0,5.0,0.0,100,1,,,True,10.0,10.0,5.0,10.0,10.0,20.0,10.0,0.0,0.0,0.0,0.0,10.0,10.0,0.0,0.0,0.0,0.0,0.0,0.0,0.0,0.0,0.0,0.0,5.0,0.0,100.0,1.0,,
1625,dual_balanced,somewhat risk-seeking,somewhat risk-averse,True,0.0,0.0,0.0,0.0,0.0,0.0,0.0,0.0,0.0,0.0,0.0,0.0,0.0,0.0,0.0,25.0,10.0,10.0,0.0,20.0,0.0,0.0,0.0,20.0,15.0,100,1,,,True,20.0,15.0,0.0,10.0,0.0,15.0,0.0,0.0,0.0,15.0,10.0,0.0,10.0,0.0,0.0,5.0,0.0,0.0,0.0,0.0,0.0,0.0,0.0,0.0,0.0,100.0,1.0,,
1626,dual_opposition,somewhat risk-seeking,risk-neutral,True,0.0,0.0,0.0,0.0,0.0,30.0,0.0,0.0,0.0,0.0,0.0,0.0,0.0,15.0,0.0,20.0,0.0,0.0,0.0,0.0,0.0,0.0,0.0,20.0,15.0,100,2,,,True,20.0,20.0,0.0,15.0,0.0,25.0,0.0,0.0,0.0,20.0,0.0,0.0,0.0,0.0,0.0,0.0,0.0,0.0,0.0,0.0,0.0,0.0,0.0,0.0,0.0,100.0,2.0,,
1627,dual_balanced,extremely risk-seeking,extremely risk-averse,True,0.0,0.0,0.0,0.0,0.0,0.0,0.0,0.0,0.0,0.0,0.0,0.0,0.0,0.0,0.0,25.0,20.0,0.0,0.0,0.0,0.0,0.0,10.0,30.0,15.0,100,1,,,True,40.0,25.0,10.0,15.0,0.0,0.0,0.0,0.0,0.0,10.0,0.0,0.0,0.0,0.0,0.0,0.0,0.0,0.0,0.0,0.0,0.0,0.0,0.0,0.0,0.0,100.0,1.0,,
1638,dual_opposition,extremely risk-averse,risk-neutral,True,30.0,25.0,0.0,15.0,0.0,10.0,0.0,0.0,0.0,10.0,10.0,0.0,0.0,0.0,0.0,0.0,0.0,0.0,0.0,0.0,0.0,0.0,0.0,0.0,0.0,100,1,,,True,0.0,20.0,10.0,10.0,0.0,25.0,0.0,10.0,0.0,10.0,0.0,0.0,15.0,0.0,0.0,0.0,0.0,0.0,0.0,0.0,0.0,0.0,0.0,0.0,0.0,100.0,1.0,,
1630,dual_balanced,somewhat risk-averse,somewhat risk-seeking,True,25.0,15.0,15.0,15.0,0.0,15.0,0.0,0.0,0.0,15.0,0.0,0.0,0.0,0.0,0.0,0.0,0.0,0.0,0.0,0.0,0.0,0.0,0.0,0.0,0.0,100,1,,,True,0.0,0.0,0.0,0.0,0.0,10.0,0.0,0.0,0.0,0.0,0.0,0.0,0.0,20.0,0.0,25.0,0.0,0.0,0.0,15.0,0.0,0.0,0.0,20.0,10.0,100.0,1.0,,
1637,dual_balanced,extremely risk-averse,risk-neutral,True,35.0,20.0,0.0,15.0,0.0,10.0,0.0,0.0,0.0,10.0,10.0,0.0,0.0,0.0,0.0,0.0,0.0,0.0,0.0,0.0,0.0,0.0,0.0,0.0,0.0,100,1,,,True,0.0,15.0,0.0,10.0,5.0,30.0,10.0,10.0,0.0,0.0,0.0,5.0,5.0,0.0,0.0,0.0,0.0,0.0,0.0,0.0,0.0,0.0,0.0,10.0,0.0,100.0,1.0,,
1647,dual_opposition,somewhat risk-averse,extremely risk-averse,True,20.0,15.0,10.0,10.0,0.0,20.0,0.0,5.0,0.0,10.0,10.0,0.0,0.0,0.0,0.0,0.0,0.0,0.0,0.0,0.0,0.0,0.0,0.0,0.0,0.0,100,1,,,True,35.0,25.0,0.0,10.0,0.0,10.0,0.0,0.0,0.0,10.0,10.0,0.0,0.0,0.0,0.0,0.0,0.0,0.0,0.0,0.0,0.0,0.0,0.0,0.0,0.0,100.0,1.0,,
1644,dual_nonbiased,,,True,10.0,5.0,0.0,10.0,5.0,20.0,10.0,5.0,10.0,5.0,0.0,0.0,10.0,0.0,0.0,10.0,0.0,0.0,0.0,0.0,0.0,0.0,0.0,0.0,0.0,100,1,,,True,15.0,10.0,10.0,10.0,0.0,20.0,5.0,10.0,0.0,10.0,0.0,0.0,5.0,0.0,0.0,5.0,0.0,0.0,0.0,0.0,0.0,0.0,0.0,0.0,0.0,100.0,1.0,,
1646,dual_nonbiased,,,True,10.0,10.0,0.0,10.0,0.0,15.0,10.0,0.0,0.0,10.0,0.0,0.0,10.0,5.0,10.0,10.0,0.0,0.0,0.0,0.0,0.0,0.0,0.0,0.0,0.0,100,1,,,True,10.0,10.0,0.0,10.0,0.0,15.0,10.0,10.0,0.0,0.0,0.0,0.0,10.0,10.0,0.0,10.0,5.0,0.0,0.0,0.0,0.0,0.0,0.0,0.0,0.0,100.0,1.0,,
1639,dual_nonbiased,,,True,20.0,0.0,0.0,0.0,0.0,25.0,10.0,10.0,0.0,10.0,0.0,0.0,15.0,0.0,0.0,10.0,0.0,0.0,0.0,0.0,0.0,0.0,0.0,0.0,0.0,100,1,,,True,15.0,0.0,0.0,10.0,0.0,20.0,15.0,10.0,0.0,10.0,0.0,0.0,10.0,0.0,0.0,10.0,0.0,0.0,0.0,0.0,0.0,0.0,0.0,0.0,0.0,100.0,1.0,,
1648,dual_nonbiased,,,True,0.0,10.0,0.0,10.0,0.0,20.0,10.0,0.0,10.0,10.0,0.0,10.0,10.0,10.0,0.0,0.0,0.0,0.0,0.0,0.0,0.0,0.0,0.0,0.0,0.0,100,1,,,True,10.0,10.0,0.0,5.0,5.0,20.0,0.0,0.0,5.0,5.0,0.0,10.0,10.0,10.0,10.0,0.0,0.0,0.0,0.0,0.0,0.0,0.0,0.0,0.0,0.0,100.0,1.0,,
1650,dual_balanced,somewhat risk-seeking,extremely risk-averse,True,0.0,0.0,0.0,5.0,0.0,0.0,0.0,0.0,0.0,0.0,0.0,10.0,10.0,0.0,0.0,25.0,15.0,0.0,0.0,15.0,0.0,0.0,0.0,20.0,0.0,100,1,,,True,35.0,20.0,0.0,15.0,0.0,5.0,0.0,0.0,0.0,15.0,10.0,0.0,0.0,0.0,0.0,0.0,0.0,0.0,0.0,0.0,0.0,0.0,0.0,0.0,0.0,100.0,1.0,,
1629,dual_balanced,somewhat risk-seeking,extremely risk-averse,True,0.0,0.0,0.0,0.0,0.0,0.0,0.0,0.0,0.0,0.0,0.0,0.0,0.0,10.0,0.0,25.0,15.0,0.0,0.0,15.0,0.0,0.0,0.0,20.0,15.0,100,1,,,True,40.0,20.0,10.0,10.0,0.0,0.0,0.0,0.0,0.0,10.0,10.0,0.0,0.0,0.0,0.0,0.0,0.0,0.0,0.0,0.0,0.0,0.0,0.0,0.0,0.0,100.0,1.0,,
1656,dual_balanced,somewhat risk-seeking,extremely risk-averse,True,0.0,0.0,0.0,0.0,0.0,0.0,0.0,0.0,0.0,0.0,0.0,0.0,0.0,10.0,0.0,25.0,15.0,0.0,0.0,0.0,0.0,0.0,10.0,25.0,15.0,100,1,,,True,30.0,20.0,10.0,10.0,0.0,0.0,0.0,0.0,0.0,15.0,15.0,0.0,0.0,0.0,0.0,0.0,0.0,0.0,0.0,0.0,0.0,0.0,0.0,0.0,0.0,100.0,1.0,,
1666,dual_balanced,extremely risk-averse,somewhat risk-seeking,True,30.0,20.0,0.0,15.0,0.0,15.0,0.0,0.0,0.0,10.0,10.0,0.0,0.0,0.0,0.0,0.0,0.0,0.0,0.0,0.0,0.0,0.0,0.0,0.0,0.0,100,1,,,True,0.0,0.0,0.0,0.0,0.0,20.0,0.0,0.0,0.0,0.0,0.0,0.0,0.0,0.0,0.0,25.0,15.0,0.0,0.0,10.0,0.0,0.0,0.0,20.0,10.0,100.0,1.0,,
1665,dual_nonbiased,,,True,0.0,0.0,0.0,0.0,0.0,15.0,0.0,0.0,0.0,0.0,0.0,0.0,0.0,20.0,0.0,30.0,0.0,0.0,0.0,15.0,0.0,0.0,0.0,20.0,0.0,100,2,Final allocation is aggressive with high volatility assets.,,True,0.0,0.0,0.0,0.0,0.0,30.0,0.0,0.0,0.0,0.0,0.0,0.0,0.0,15.0,0.0,20.0,10.0,0.0,0.0,10.0,0.0,0.0,0.0,15.0,0.0,100.0,2.0,Final allocation focuses on high-beta and momentum-driven equities.,
1659,dual_opposition,risk-neutral,somewhat risk-averse,True,0.0,10.0,15.0,10.0,0.0,25.0,0.0,0.0,0.0,0.0,0.0,10.0,10.0,5.0,5.0,5.0,0.0,0.0,0.0,0.0,0.0,0.0,0.0,5.0,0.0,100,1,,,True,15.0,15.0,10.0,15.0,0.0,15.0,0.0,0.0,0.0,15.0,10.0,0.0,5.0,0.0,0.0,0.0,0.0,0.0,0.0,0.0,0.0,0.0,0.0,0.0,0.0,100.0,1.0,,
1657,dual_nonbiased,,,True,0.0,10.0,0.0,10.0,0.0,20.0,10.0,0.0,0.0,0.0,0.0,0.0,10.0,10.0,10.0,10.0,0.0,0.0,0.0,0.0,0.0,0.0,5.0,5.0,0.0,100,1,,,True,15.0,0.0,0.0,10.0,5.0,20.0,10.0,0.0,0.0,0.0,0.0,0.0,10.0,10.0,10.0,5.0,0.0,0.0,0.0,0.0,0.0,0.0,0.0,5.0,0.0,100.0,1.0,,
1661,dual_nonbiased,,,True,0.0,0.0,0.0,0.0,0.0,0.0,0.0,0.0,0.0,0.0,0.0,0.0,0.0,0.0,0.0,30.0,20.0,10.0,0.0,0.0,0.0,0.0,10.0,30.0,0.0,100,2,Final allocation focuses on high-volatility assets for potential high returns.,,True,0.0,15.0,0.0,15.0,0.0,30.0,0.0,0.0,0.0,0.0,0.0,0.0,0.0,10.0,0.0,10.0,0.0,0.0,0.0,0.0,0.0,0.0,0.0,10.0,10.0,100.0,1.0,"Balanced allocation with exposure to SPY, IEF, and reduced crypto.",
1651,dual_opposition,extremely risk-averse,risk-neutral,True,35.0,25.0,15.0,15.0,0.0,0.0,0.0,0.0,0.0,10.0,0.0,0.0,0.0,0.0,0.0,0.0,0.0,0.0,0.0,0.0,0.0,0.0,0.0,0.0,0.0,100,1,,,True,20.0,0.0,0.0,10.0,0.0,25.0,10.0,0.0,0.0,10.0,0.0,0.0,10.0,0.0,0.0,10.0,0.0,0.0,0.0,0.0,0.0,0.0,0.0,0.0,5.0,100.0,1.0,,
1668,dual_opposition,extremely risk-seeking,risk-neutral,True,0.0,0.0,0.0,0.0,0.0,0.0,0.0,0.0,0.0,0.0,0.0,0.0,0.0,0.0,0.0,25.0,15.0,0.0,10.0,0.0,0.0,10.0,0.0,30.0,10.0,100,1,,,True,0.0,15.0,5.0,5.0,5.0,25.0,5.0,5.0,0.0,0.0,0.0,10.0,10.0,0.0,0.0,0.0,0.0,0.0,0.0,5.0,0.0,0.0,5.0,5.0,0.0,100.0,1.0,,
1669,dual_nonbiased,,,True,0.0,0.0,10.0,10.0,15.0,20.0,0.0,0.0,0.0,0.0,5.0,0.0,10.0,0.0,0.0,10.0,5.0,5.0,0.0,0.0,0.0,0.0,0.0,10.0,0.0,100,1,,,True,5.0,0.0,10.0,10.0,15.0,15.0,0.0,0.0,0.0,0.0,5.0,10.0,10.0,0.0,0.0,10.0,0.0,0.0,0.0,0.0,0.0,0.0,0.0,10.0,0.0,100.0,1.0,,
1654,dual_balanced,risk-neutral,extremely risk-seeking,True,0.0,10.0,0.0,10.0,0.0,20.0,10.0,0.0,0.0,10.0,0.0,10.0,10.0,0.0,5.0,5.0,0.0,0.0,0.0,0.0,0.0,0.0,0.0,5.0,5.0,100,1,,,True,0.0,0.0,0.0,0.0,0.0,0.0,0.0,0.0,0.0,0.0,0.0,0.0,0.0,0.0,0.0,30.0,10.0,10.0,0.0,10.0,0.0,0.0,0.0,20.0,20.0,100.0,1.0,,
1673,dual_nonbiased,,,True,0.0,0.0,0.0,10.0,0.0,15.0,10.0,10.0,0.0,0.0,0.0,10.0,10.0,10.0,10.0,15.0,0.0,0.0,0.0,0.0,0.0,0.0,0.0,0.0,0.0,100,1,,,True,10.0,0.0,0.0,0.0,0.0,20.0,10.0,10.0,0.0,0.0,0.0,10.0,5.0,10.0,10.0,15.0,0.0,0.0,0.0,0.0,0.0,0.0,0.0,0.0,0.0,100.0,1.0,,
1675,dual_balanced,somewhat risk-averse,somewhat risk-seeking,True,25.0,20.0,0.0,15.0,0.0,15.0,0.0,0.0,0.0,15.0,0.0,0.0,10.0,0.0,0.0,0.0,0.0,0.0,0.0,0.0,0.0,0.0,0.0,0.0,0.0,100,1,,,True,0.0,0.0,0.0,0.0,0.0,0.0,0.0,0.0,0.0,0.0,0.0,0.0,0.0,10.0,0.0,25.0,15.0,0.0,0.0,15.0,0.0,0.0,0.0,20.0,15.0,100.0,1.0,,
1681,dual_balanced,extremely risk-averse,somewhat risk-seeking,True,40.0,20.0,0.0,15.0,0.0,15.0,0.0,0.0,0.0,10.0,0.0,0.0,0.0,0.0,0.0,0.0,0.0,0.0,0.0,0.0,0.0,0.0,0.0,0.0,0.0,100,2,,,True,0.0,0.0,0.0,0.0,0.0,40.0,0.0,0.0,0.0,0.0,0.0,0.0,0.0,0.0,0.0,20.0,15.0,10.0,0.0,15.0,0.0,0.0,0.0,0.0,0.0,100.0,2.0,,
1682,dual_opposition,extremely risk-averse,risk-neutral,True,30.0,20.0,10.0,15.0,0.0,0.0,0.0,0.0,0.0,15.0,10.0,0.0,0.0,0.0,0.0,0.0,0.0,0.0,0.0,0.0,0.0,0.0,0.0,0.0,0.0,100,1,,,True,10.0,0.0,10.0,10.0,0.0,25.0,10.0,0.0,0.0,10.0,10.0,0.0,10.0,0.0,0.0,0.0,0.0,0.0,0.0,5.0,0.0,0.0,0.0,0.0,0.0,100.0,2.0,,
1683,dual_nonbiased,,,True,0.0,0.0,0.0,0.0,0.0,0.0,0.0,0.0,0.0,0.0,0.0,0.0,0.0,0.0,0.0,30.0,20.0,0.0,0.0,0.0,0.0,15.0,10.0,25.0,0.0,100,3,"Final recommendation is a high-risk, high-reward allocation for a short-term competition.",,True,20.0,0.0,0.0,10.0,0.0,30.0,0.0,0.0,0.0,10.0,0.0,0.0,15.0,0.0,0.0,0.0,0.0,10.0,0.0,0.0,5.0,0.0,0.0,0.0,0.0,100.0,1.0,Final recommendation focuses on diversification and risk-adjusted returns.,
1688,dual_balanced,extremely risk-seeking,extremely risk-averse,True,0.0,0.0,0.0,0.0,0.0,0.0,0.0,0.0,0.0,0.0,0.0,0.0,0.0,0.0,0.0,25.0,15.0,10.0,0.0,15.0,0.0,0.0,15.0,20.0,0.0,100,1,,,True,40.0,20.0,10.0,10.0,0.0,0.0,0.0,0.0,0.0,10.0,10.0,0.0,0.0,0.0,0.0,0.0,0.0,0.0,0.0,0.0,0.0,0.0,0.0,0.0,0.0,100.0,1.0,,
1690,dual_opposition,somewhat risk-averse,somewhat risk-averse,True,20.0,15.0,10.0,10.0,0.0,15.0,0.0,0.0,0.0,10.0,10.0,5.0,5.0,0.0,0.0,0.0,0.0,0.0,0.0,0.0,0.0,0.0,0.0,0.0,0.0,100,1,,,True,20.0,15.0,10.0,10.0,0.0,15.0,0.0,0.0,0.0,10.0,10.0,5.0,5.0,0.0,0.0,0.0,0.0,0.0,0.0,0.0,0.0,0.0,0.0,0.0,0.0,100.0,1.0,,
1692,dual_opposition,somewhat risk-seeking,extremely risk-seeking,True,0.0,0.0,0.0,0.0,0.0,15.0,0.0,0.0,0.0,0.0,0.0,0.0,0.0,0.0,0.0,20.0,15.0,10.0,0.0,10.0,0.0,0.0,0.0,15.0,15.0,100,1,,,True,0.0,0.0,0.0,0.0,0.0,0.0,0.0,0.0,0.0,0.0,0.0,0.0,0.0,0.0,0.0,25.0,15.0,0.0,0.0,10.0,0.0,0.0,5.0,30.0,15.0,100.0,1.0,,
1694,dual_balanced,extremely risk-seeking,somewhat risk-averse,True,0.0,0.0,0.0,0.0,0.0,0.0,0.0,0.0,0.0,0.0,0.0,0.0,0.0,0.0,0.0,30.0,15.0,0.0,0.0,15.0,0.0,0.0,0.0,20.0,20.0,100,1,,,True,15.0,15.0,0.0,10.0,0.0,15.0,0.0,0.0,0.0,15.0,10.0,10.0,10.0,0.0,0.0,0.0,0.0,0.0,0.0,0.0,0.0,0.0,0.0,0.0,0.0,100.0,1.0,,
1695,dual_balanced,extremely risk-seeking,somewhat risk-averse,True,0.0,0.0,0.0,0.0,0.0,0.0,0.0,0.0,0.0,0.0,0.0,0.0,0.0,0.0,0.0,35.0,25.0,0.0,15.0,0.0,0.0,10.0,0.0,15.0,0.0,100,2,,,True,15.0,15.0,10.0,15.0,5.0,10.0,0.0,0.0,0.0,10.0,10.0,5.0,5.0,0.0,0.0,0.0,0.0,0.0,0.0,0.0,0.0,0.0,0.0,0.0,0.0,100.0,1.0,,
1697,dual_opposition,somewhat risk-averse,extremely risk-averse,True,20.0,20.0,0.0,10.0,0.0,30.0,0.0,0.0,0.0,10.0,10.0,0.0,0.0,0.0,0.0,0.0,0.0,0.0,0.0,0.0,0.0,0.0,0.0,0.0,0.0,100,2,,,True,30.0,20.0,0.0,10.0,0.0,15.0,0.0,0.0,0.0,15.0,10.0,0.0,0.0,0.0,0.0,0.0,0.0,0.0,0.0,0.0,0.0,0.0,0.0,0.0,0.0,100.0,2.0,,
1700,dual_balanced,extremely risk-averse,somewhat risk-seeking,True,30.0,20.0,15.0,15.0,0.0,0.0,0.0,0.0,0.0,10.0,10.0,0.0,0.0,0.0,0.0,0.0,0.0,0.0,0.0,0.0,0.0,0.0,0.0,0.0,0.0,100,1,,,True,0.0,0.0,0.0,0.0,0.0,0.0,0.0,0.0,0.0,0.0,0.0,0.0,0.0,0.0,0.0,25.0,15.0,10.0,0.0,15.0,0.0,0.0,0.0,20.0,15.0,100.0,1.0,,
1701,dual_opposition,somewhat risk-averse,somewhat risk-averse,True,20.0,20.0,0.0,10.0,0.0,20.0,0.0,0.0,0.0,10.0,10.0,10.0,0.0,0.0,0.0,0.0,0.0,0.0,0.0,0.0,0.0,0.0,0.0,0.0,0.0,100,1,,,True,25.0,15.0,0.0,10.0,0.0,25.0,0.0,0.0,0.0,10.0,5.0,10.0,0.0,0.0,0.0,0.0,0.0,0.0,0.0,0.0,0.0,0.0,0.0,0.0,0.0,100.0,1.0,,
1706,dual_balanced,extremely risk-averse,extremely risk-seeking,True,40.0,30.0,10.0,15.0,0.0,0.0,0.0,0.0,0.0,5.0,0.0,0.0,0.0,0.0,0.0,0.0,0.0,0.0,0.0,0.0,0.0,0.0,0.0,0.0,0.0,100,3,,,True,0.0,0.0,0.0,0.0,0.0,0.0,0.0,0.0,0.0,0.0,0.0,0.0,0.0,10.0,0.0,0.0,0.0,30.0,25.0,0.0,25.0,0.0,10.0,0.0,0.0,100.0,3.0,,
1705,dual_balanced,risk-neutral,somewhat risk-averse,True,0.0,10.0,15.0,5.0,0.0,25.0,0.0,10.0,0.0,0.0,10.0,10.0,0.0,10.0,0.0,0.0,0.0,0.0,0.0,0.0,0.0,0.0,0.0,5.0,0.0,100,1,,,True,15.0,10.0,15.0,10.0,0.0,20.0,0.0,0.0,0.0,10.0,15.0,0.0,0.0,5.0,0.0,0.0,0.0,0.0,0.0,0.0,0.0,0.0,0.0,0.0,0.0,100.0,1.0,,
1710,dual_nonbiased,,,True,20.0,0.0,0.0,10.0,0.0,20.0,10.0,10.0,0.0,0.0,0.0,10.0,0.0,0.0,0.0,10.0,0.0,0.0,0.0,0.0,0.0,0.0,0.0,10.0,0.0,100,1,,,True,15.0,0.0,0.0,10.0,0.0,15.0,10.0,10.0,0.0,0.0,0.0,10.0,10.0,0.0,0.0,10.0,0.0,0.0,0.0,0.0,0.0,0.0,0.0,10.0,0.0,100.0,1.0,,
1698,dual_nonbiased,,,True,0.0,0.0,0.0,0.0,0.0,0.0,25.0,0.0,0.0,0.0,0.0,5.0,0.0,0.0,0.0,40.0,10.0,0.0,0.0,20.0,0.0,0.0,0.0,0.0,0.0,100,4,,,True,0.0,0.0,0.0,0.0,0.0,0.0,25.0,0.0,0.0,0.0,0.0,0.0,0.0,0.0,10.0,40.0,10.0,0.0,0.0,15.0,0.0,0.0,0.0,0.0,0.0,100.0,4.0,,
1708,dual_opposition,somewhat risk-averse,somewhat risk-seeking,True,20.0,15.0,0.0,20.0,0.0,20.0,5.0,0.0,0.0,10.0,10.0,0.0,0.0,0.0,0.0,0.0,0.0,0.0,0.0,0.0,0.0,0.0,0.0,0.0,0.0,100,1,,,True,0.0,0.0,0.0,0.0,0.0,0.0,0.0,0.0,0.0,0.0,0.0,0.0,0.0,0.0,0.0,30.0,15.0,0.0,0.0,10.0,10.0,0.0,0.0,25.0,10.0,100.0,1.0,,
1709,dual_nonbiased,,,True,0.0,0.0,0.0,10.0,0.0,30.0,10.0,10.0,0.0,0.0,0.0,10.0,0.0,10.0,10.0,0.0,0.0,0.0,0.0,0.0,0.0,0.0,0.0,10.0,0.0,100,1,,,True,0.0,0.0,15.0,10.0,0.0,25.0,10.0,0.0,0.0,10.0,0.0,0.0,0.0,10.0,10.0,0.0,0.0,0.0,0.0,0.0,0.0,0.0,0.0,10.0,0.0,100.0,1.0,,
1713,dual_balanced,extremely risk-averse,somewhat risk-seeking,True,30.0,20.0,15.0,10.0,0.0,10.0,0.0,0.0,0.0,15.0,0.0,0.0,0.0,0.0,0.0,0.0,0.0,0.0,0.0,0.0,0.0,0.0,0.0,0.0,0.0,100,1,,,True,0.0,0.0,0.0,0.0,0.0,0.0,0.0,0.0,0.0,0.0,0.0,15.0,0.0,0.0,0.0,25.0,15.0,0.0,0.0,10.0,0.0,0.0,0.0,20.0,15.0,100.0,1.0,,
1715,dual_opposition,risk-neutral,extremely risk-seeking,True,0.0,20.0,0.0,0.0,0.0,30.0,0.0,0.0,0.0,10.0,0.0,15.0,0.0,15.0,0.0,0.0,0.0,0.0,0.0,0.0,0.0,0.0,0.0,10.0,0.0,100,1,,,True,0.0,0.0,0.0,0.0,0.0,0.0,0.0,0.0,0.0,0.0,0.0,0.0,0.0,0.0,0.0,25.0,15.0,0.0,10.0,0.0,0.0,0.0,10.0,20.0,20.0,100.0,1.0,,
1723,dual_nonbiased,,,True,15.0,0.0,0.0,10.0,0.0,25.0,5.0,5.0,5.0,5.0,5.0,5.0,10.0,0.0,0.0,10.0,0.0,0.0,0.0,0.0,0.0,0.0,0.0,0.0,0.0,100,1,,,True,0.0,10.0,0.0,20.0,0.0,30.0,5.0,5.0,5.0,5.0,0.0,10.0,0.0,0.0,0.0,10.0,0.0,0.0,0.0,0.0,0.0,0.0,0.0,0.0,0.0,100.0,1.0,,
1716,dual_nonbiased,,,True,0.0,10.0,0.0,10.0,0.0,15.0,5.0,10.0,0.0,0.0,0.0,10.0,10.0,5.0,10.0,10.0,0.0,0.0,0.0,0.0,0.0,0.0,0.0,5.0,0.0,100,1,,,True,10.0,0.0,0.0,10.0,0.0,20.0,10.0,10.0,0.0,0.0,0.0,5.0,10.0,0.0,10.0,10.0,0.0,0.0,0.0,0.0,0.0,0.0,0.0,5.0,0.0,100.0,1.0,,
1719,dual_opposition,somewhat risk-averse,extremely risk-averse,True,20.0,15.0,0.0,15.0,0.0,10.0,0.0,0.0,0.0,15.0,15.0,0.0,0.0,0.0,10.0,0.0,0.0,0.0,0.0,0.0,0.0,0.0,0.0,0.0,0.0,100,1,,,True,25.0,20.0,15.0,15.0,0.0,5.0,0.0,0.0,0.0,10.0,10.0,0.0,0.0,0.0,0.0,0.0,0.0,0.0,0.0,0.0,0.0,0.0,0.0,0.0,0.0,100.0,1.0,,
1729,dual_balanced,extremely risk-seeking,extremely risk-averse,True,0.0,0.0,0.0,0.0,0.0,0.0,0.0,0.0,0.0,0.0,0.0,0.0,0.0,0.0,0.0,20.0,15.0,0.0,0.0,10.0,0.0,0.0,15.0,30.0,10.0,100,1,,,True,35.0,20.0,0.0,15.0,0.0,10.0,0.0,0.0,0.0,10.0,10.0,0.0,0.0,0.0,0.0,0.0,0.0,0.0,0.0,0.0,0.0,0.0,0.0,0.0,0.0,100.0,1.0,,
1739,dual_nonbiased,,,True,10.0,10.0,0.0,10.0,0.0,15.0,10.0,10.0,0.0,0.0,0.0,0.0,10.0,10.0,0.0,10.0,0.0,0.0,0.0,0.0,0.0,0.0,0.0,5.0,0.0,100,1,,,True,15.0,0.0,10.0,5.0,0.0,20.0,10.0,5.0,0.0,0.0,0.0,0.0,15.0,0.0,0.0,10.0,0.0,0.0,0.0,0.0,0.0,0.0,0.0,10.0,0.0,100.0,1.0,,
1720,dual_balanced,somewhat risk-seeking,somewhat risk-averse,True,0.0,0.0,0.0,0.0,0.0,0.0,0.0,0.0,0.0,0.0,0.0,0.0,0.0,0.0,0.0,25.0,0.0,10.0,0.0,0.0,20.0,10.0,0.0,25.0,10.0,100,1,,,True,30.0,0.0,0.0,15.0,0.0,25.0,0.0,0.0,0.0,10.0,10.0,0.0,10.0,0.0,0.0,0.0,0.0,0.0,0.0,0.0,0.0,0.0,0.0,0.0,0.0,100.0,1.0,,
1734,dual_balanced,extremely risk-averse,extremely risk-seeking,True,40.0,20.0,15.0,10.0,0.0,0.0,0.0,0.0,0.0,10.0,5.0,0.0,0.0,0.0,0.0,0.0,0.0,0.0,0.0,0.0,0.0,0.0,0.0,0.0,0.0,100,1,,,True,0.0,0.0,0.0,0.0,0.0,0.0,0.0,0.0,0.0,0.0,0.0,0.0,0.0,0.0,0.0,25.0,15.0,0.0,0.0,15.0,0.0,0.0,10.0,20.0,15.0,100.0,1.0,,
1725,dual_balanced,extremely risk-averse,somewhat risk-seeking,True,40.0,15.0,10.0,0.0,0.0,25.0,0.0,0.0,0.0,5.0,5.0,0.0,0.0,0.0,0.0,0.0,0.0,0.0,0.0,0.0,0.0,0.0,0.0,0.0,0.0,100,4,,,True,0.0,0.0,0.0,0.0,0.0,25.0,0.0,0.0,0.0,0.0,0.0,0.0,0.0,10.0,0.0,20.0,20.0,15.0,0.0,10.0,0.0,0.0,0.0,0.0,0.0,100.0,4.0,,
1736,dual_opposition,somewhat risk-seeking,somewhat risk-seeking,True,0.0,0.0,0.0,0.0,0.0,0.0,0.0,0.0,0.0,0.0,0.0,0.0,0.0,10.0,0.0,25.0,25.0,15.0,10.0,15.0,0.0,0.0,0.0,0.0,0.0,100,2,,,True,0.0,0.0,0.0,0.0,0.0,20.0,0.0,0.0,0.0,0.0,0.0,0.0,0.0,15.0,0.0,20.0,15.0,10.0,0.0,0.0,0.0,0.0,0.0,10.0,10.0,100.0,2.0,,
1742,dual_nonbiased,,,True,10.0,0.0,0.0,5.0,0.0,15.0,0.0,10.0,5.0,0.0,0.0,0.0,10.0,10.0,10.0,15.0,0.0,0.0,0.0,10.0,0.0,0.0,0.0,0.0,0.0,100,1,,,True,0.0,10.0,0.0,5.0,0.0,15.0,0.0,5.0,10.0,0.0,0.0,0.0,10.0,10.0,10.0,10.0,0.0,0.0,0.0,15.0,0.0,0.0,0.0,0.0,0.0,100.0,2.0,,
1741,dual_opposition,somewhat risk-seeking,somewhat risk-seeking,True,0.0,0.0,0.0,0.0,0.0,0.0,0.0,0.0,0.0,0.0,0.0,0.0,0.0,10.0,0.0,25.0,15.0,0.0,0.0,15.0,0.0,0.0,0.0,20.0,15.0,100,1,,,True,0.0,0.0,0.0,0.0,0.0,0.0,0.0,0.0,0.0,0.0,0.0,0.0,0.0,0.0,0.0,25.0,15.0,15.0,0.0,10.0,0.0,0.0,0.0,20.0,15.0,100.0,1.0,,
1737,dual_nonbiased,,,True,0.0,15.0,0.0,10.0,0.0,30.0,0.0,0.0,0.0,0.0,0.0,15.0,0.0,0.0,15.0,0.0,0.0,0.0,0.0,0.0,0.0,0.0,0.0,0.0,15.0,100,1,,,True,0.0,10.0,0.0,10.0,0.0,30.0,0.0,0.0,0.0,0.0,0.0,15.0,0.0,0.0,15.0,0.0,10.0,0.0,0.0,0.0,0.0,0.0,0.0,0.0,10.0,100.0,1.0,,
1740,dual_nonbiased,,,True,0.0,15.0,0.0,15.0,15.0,25.0,0.0,0.0,0.0,0.0,0.0,0.0,10.0,10.0,0.0,0.0,0.0,10.0,0.0,0.0,0.0,0.0,0.0,0.0,0.0,100,1,,,True,0.0,10.0,0.0,15.0,15.0,25.0,0.0,0.0,0.0,0.0,0.0,0.0,15.0,10.0,0.0,0.0,0.0,10.0,0.0,0.0,0.0,0.0,0.0,0.0,0.0,100.0,1.0,,
1745,dual_opposition,risk-neutral,risk-neutral,True,0.0,15.0,0.0,10.0,10.0,20.0,10.0,0.0,0.0,0.0,0.0,10.0,10.0,10.0,0.0,0.0,0.0,0.0,0.0,0.0,0.0,0.0,0.0,5.0,0.0,100,1,,,True,0.0,15.0,0.0,10.0,10.0,20.0,10.0,0.0,0.0,0.0,0.0,0.0,15.0,10.0,0.0,0.0,0.0,0.0,0.0,0.0,0.0,0.0,0.0,10.0,0.0,100.0,1.0,,
1747,dual_opposition,extremely risk-seeking,extremely risk-seeking,True,0.0,0.0,0.0,0.0,0.0,0.0,0.0,0.0,0.0,0.0,0.0,0.0,0.0,0.0,0.0,15.0,15.0,0.0,0.0,0.0,0.0,0.0,10.0,30.0,30.0,100,1,,,True,0.0,0.0,0.0,0.0,0.0,0.0,0.0,0.0,0.0,0.0,0.0,0.0,0.0,0.0,0.0,25.0,20.0,0.0,0.0,10.0,0.0,0.0,10.0,20.0,15.0,100.0,1.0,,
1749,dual_balanced,risk-neutral,extremely risk-seeking,True,0.0,15.0,15.0,10.0,0.0,30.0,0.0,0.0,10.0,0.0,0.0,10.0,10.0,0.0,0.0,0.0,0.0,0.0,0.0,0.0,0.0,0.0,0.0,0.0,0.0,100,3,,,True,0.0,0.0,0.0,0.0,0.0,0.0,0.0,0.0,0.0,0.0,0.0,0.0,0.0,0.0,0.0,25.0,0.0,0.0,0.0,0.0,10.0,15.0,10.0,0.0,40.0,100.0,4.0,,
1751,dual_nonbiased,,,True,20.0,0.0,0.0,10.0,0.0,20.0,0.0,10.0,0.0,0.0,0.0,10.0,10.0,0.0,10.0,10.0,0.0,0.0,0.0,0.0,0.0,0.0,0.0,0.0,0.0,100,1,,,True,10.0,10.0,5.0,5.0,5.0,20.0,10.0,5.0,0.0,0.0,0.0,10.0,0.0,0.0,10.0,10.0,0.0,0.0,0.0,0.0,0.0,0.0,0.0,0.0,0.0,100.0,1.0,,
1750,dual_opposition,risk-neutral,risk-neutral,True,0.0,15.0,0.0,10.0,0.0,25.0,10.0,10.0,0.0,10.0,0.0,0.0,10.0,5.0,0.0,0.0,0.0,0.0,0.0,0.0,0.0,0.0,0.0,5.0,0.0,100,1,,,True,0.0,15.0,10.0,10.0,0.0,25.0,10.0,0.0,0.0,10.0,0.0,10.0,10.0,0.0,0.0,0.0,0.0,0.0,0.0,0.0,0.0,0.0,0.0,0.0,0.0,100.0,1.0,,
1753,dual_opposition,risk-neutral,somewhat risk-seeking,True,0.0,15.0,0.0,10.0,0.0,25.0,15.0,0.0,0.0,0.0,0.0,10.0,10.0,0.0,0.0,15.0,0.0,0.0,0.0,0.0,0.0,0.0,0.0,0.0,0.0,100,1,,,True,0.0,0.0,0.0,0.0,0.0,5.0,0.0,0.0,0.0,0.0,0.0,0.0,0.0,10.0,0.0,30.0,15.0,0.0,0.0,10.0,0.0,0.0,0.0,15.0,15.0,100.0,1.0,,
1759,dual_opposition,extremely risk-seeking,extremely risk-seeking,True,0.0,0.0,0.0,0.0,0.0,0.0,0.0,0.0,0.0,0.0,0.0,0.0,0.0,0.0,0.0,20.0,30.0,20.0,0.0,0.0,0.0,0.0,15.0,0.0,15.0,100,3,,,True,0.0,0.0,0.0,0.0,0.0,0.0,0.0,0.0,0.0,0.0,0.0,0.0,0.0,0.0,0.0,15.0,30.0,20.0,0.0,15.0,0.0,0.0,0.0,0.0,20.0,100.0,3.0,,
1755,dual_opposition,extremely risk-seeking,extremely risk-seeking,True,0.0,0.0,0.0,0.0,0.0,0.0,0.0,0.0,0.0,0.0,0.0,0.0,0.0,0.0,0.0,40.0,0.0,0.0,0.0,15.0,0.0,0.0,10.0,20.0,15.0,100,1,,,True,0.0,0.0,0.0,0.0,0.0,0.0,0.0,0.0,0.0,0.0,0.0,0.0,0.0,0.0,0.0,40.0,10.0,0.0,0.0,15.0,0.0,0.0,0.0,20.0,15.0,100.0,1.0,,
1754,dual_opposition,risk-neutral,somewhat risk-averse,True,0.0,20.0,0.0,10.0,0.0,30.0,10.0,0.0,0.0,0.0,0.0,0.0,15.0,0.0,0.0,15.0,0.0,0.0,0.0,0.0,0.0,0.0,0.0,0.0,0.0,100,1,,,True,25.0,0.0,20.0,10.0,0.0,10.0,0.0,0.0,0.0,15.0,15.0,0.0,5.0,0.0,0.0,0.0,0.0,0.0,0.0,0.0,0.0,0.0,0.0,0.0,0.0,100.0,1.0,,
1761,dual_nonbiased,,,True,10.0,0.0,0.0,10.0,5.0,15.0,5.0,0.0,0.0,5.0,0.0,15.0,15.0,0.0,10.0,10.0,0.0,0.0,0.0,0.0,0.0,0.0,0.0,0.0,0.0,100,1,,,True,10.0,0.0,0.0,10.0,5.0,15.0,5.0,0.0,0.0,0.0,0.0,15.0,15.0,5.0,10.0,10.0,0.0,0.0,0.0,0.0,0.0,0.0,0.0,0.0,0.0,100.0,1.0,,
1757,dual_opposition,extremely risk-seeking,risk-neutral,True,0.0,0.0,0.0,0.0,0.0,0.0,0.0,0.0,0.0,0.0,0.0,0.0,0.0,0.0,0.0,25.0,15.0,10.0,0.0,0.0,0.0,0.0,10.0,20.0,20.0,100,1,,,True,10.0,15.0,10.0,10.0,0.0,25.0,10.0,0.0,0.0,0.0,0.0,0.0,10.0,0.0,0.0,0.0,0.0,0.0,0.0,0.0,0.0,0.0,0.0,10.0,0.0,100.0,1.0,,
1769,dual_opposition,somewhat risk-averse,somewhat risk-averse,True,30.0,0.0,10.0,15.0,0.0,20.0,0.0,0.0,0.0,10.0,5.0,5.0,5.0,0.0,0.0,0.0,0.0,0.0,0.0,0.0,0.0,0.0,0.0,0.0,0.0,100,2,,,True,20.0,20.0,10.0,10.0,0.0,15.0,0.0,0.0,0.0,10.0,10.0,5.0,0.0,0.0,0.0,0.0,0.0,0.0,0.0,0.0,0.0,0.0,0.0,0.0,0.0,100.0,1.0,,
1758,dual_balanced,risk-neutral,extremely risk-averse,True,0.0,10.0,0.0,0.0,0.0,35.0,0.0,15.0,0.0,5.0,0.0,0.0,0.0,10.0,0.0,15.0,0.0,0.0,0.0,0.0,0.0,0.0,0.0,10.0,0.0,100,2,,,True,25.0,20.0,0.0,10.0,0.0,25.0,0.0,0.0,0.0,10.0,0.0,0.0,10.0,0.0,0.0,0.0,0.0,0.0,0.0,0.0,0.0,0.0,0.0,0.0,0.0,100.0,2.0,,
1765,dual_balanced,extremely risk-seeking,somewhat risk-averse,True,0.0,0.0,0.0,0.0,0.0,0.0,0.0,0.0,0.0,0.0,0.0,0.0,0.0,0.0,0.0,30.0,20.0,0.0,0.0,15.0,0.0,0.0,0.0,20.0,15.0,100,1,,,True,20.0,15.0,10.0,15.0,0.0,10.0,0.0,0.0,0.0,10.0,10.0,5.0,5.0,0.0,0.0,0.0,0.0,0.0,0.0,0.0,0.0,0.0,0.0,0.0,0.0,100.0,1.0,,
1760,dual_balanced,somewhat risk-averse,extremely risk-seeking,True,25.0,0.0,15.0,15.0,0.0,20.0,0.0,0.0,0.0,10.0,0.0,5.0,10.0,0.0,0.0,0.0,0.0,0.0,0.0,0.0,0.0,0.0,0.0,0.0,0.0,100,1,,,True,0.0,0.0,0.0,0.0,0.0,0.0,0.0,0.0,0.0,0.0,0.0,0.0,0.0,0.0,0.0,25.0,10.0,0.0,0.0,10.0,0.0,0.0,10.0,30.0,15.0,100.0,1.0,,
1770,dual_opposition,risk-neutral,somewhat risk-averse,True,10.0,20.0,0.0,10.0,0.0,25.0,0.0,0.0,10.0,0.0,0.0,0.0,15.0,0.0,0.0,0.0,10.0,0.0,0.0,0.0,0.0,0.0,0.0,0.0,0.0,100,1,,,True,25.0,20.0,0.0,10.0,0.0,10.0,0.0,0.0,0.0,15.0,10.0,0.0,10.0,0.0,0.0,0.0,0.0,0.0,0.0,0.0,0.0,0.0,0.0,0.0,0.0,100.0,1.0,,
1775,dual_opposition,somewhat risk-seeking,somewhat risk-seeking,True,0.0,0.0,0.0,0.0,0.0,0.0,0.0,0.0,0.0,0.0,0.0,0.0,0.0,15.0,15.0,20.0,15.0,0.0,0.0,10.0,0.0,0.0,0.0,15.0,10.0,100,1,,,True,0.0,0.0,0.0,0.0,0.0,0.0,0.0,0.0,0.0,0.0,0.0,0.0,0.0,15.0,0.0,25.0,10.0,0.0,0.0,10.0,0.0,0.0,5.0,20.0,15.0,100.0,1.0,,
1771,dual_opposition,risk-neutral,extremely risk-averse,True,0.0,0.0,15.0,10.0,0.0,25.0,0.0,15.0,10.0,0.0,0.0,10.0,0.0,0.0,0.0,15.0,0.0,0.0,0.0,0.0,0.0,0.0,0.0,0.0,0.0,100,1,,,True,30.0,20.0,10.0,10.0,0.0,10.0,0.0,0.0,0.0,10.0,10.0,0.0,0.0,0.0,0.0,0.0,0.0,0.0,0.0,0.0,0.0,0.0,0.0,0.0,0.0,100.0,1.0,,
1777,dual_balanced,somewhat risk-averse,risk-neutral,True,20.0,15.0,10.0,10.0,0.0,20.0,0.0,0.0,0.0,10.0,10.0,0.0,5.0,0.0,0.0,0.0,0.0,0.0,0.0,0.0,0.0,0.0,0.0,0.0,0.0,100,2,,,True,10.0,10.0,10.0,5.0,5.0,20.0,0.0,10.0,0.0,0.0,0.0,0.0,10.0,0.0,10.0,10.0,0.0,0.0,0.0,0.0,0.0,0.0,0.0,0.0,0.0,100.0,2.0,,
1780,dual_opposition,extremely risk-averse,extremely risk-averse,True,30.0,20.0,10.0,15.0,0.0,5.0,0.0,0.0,0.0,10.0,10.0,0.0,0.0,0.0,0.0,0.0,0.0,0.0,0.0,0.0,0.0,0.0,0.0,0.0,0.0,100,1,,,True,35.0,20.0,15.0,15.0,0.0,0.0,0.0,0.0,0.0,10.0,5.0,0.0,0.0,0.0,0.0,0.0,0.0,0.0,0.0,0.0,0.0,0.0,0.0,0.0,0.0,100.0,1.0,,
1783,dual_balanced,somewhat risk-seeking,extremely risk-averse,True,0.0,0.0,0.0,0.0,0.0,0.0,0.0,0.0,0.0,0.0,0.0,10.0,0.0,25.0,0.0,20.0,15.0,0.0,0.0,0.0,0.0,0.0,0.0,20.0,10.0,100,1,,,True,40.0,20.0,0.0,15.0,0.0,0.0,0.0,0.0,0.0,15.0,10.0,0.0,0.0,0.0,0.0,0.0,0.0,0.0,0.0,0.0,0.0,0.0,0.0,0.0,0.0,100.0,1.0,,
1794,dual_balanced,risk-neutral,somewhat risk-seeking,True,0.0,10.0,10.0,5.0,0.0,20.0,10.0,10.0,0.0,0.0,0.0,10.0,10.0,0.0,0.0,10.0,0.0,0.0,0.0,0.0,0.0,0.0,0.0,5.0,0.0,100,1,,,True,0.0,0.0,0.0,0.0,0.0,0.0,0.0,0.0,0.0,0.0,0.0,0.0,0.0,5.0,0.0,25.0,15.0,0.0,0.0,15.0,0.0,0.0,10.0,20.0,10.0,100.0,1.0,,
1790,dual_balanced,somewhat risk-seeking,extremely risk-averse,True,0.0,0.0,0.0,0.0,0.0,0.0,0.0,0.0,0.0,0.0,0.0,0.0,0.0,20.0,0.0,25.0,15.0,0.0,0.0,10.0,0.0,0.0,0.0,20.0,10.0,100,1,,,True,35.0,25.0,0.0,15.0,0.0,10.0,0.0,0.0,0.0,10.0,0.0,0.0,0.0,5.0,0.0,0.0,0.0,0.0,0.0,0.0,0.0,0.0,0.0,0.0,0.0,100.0,1.0,,
1798,dual_balanced,extremely risk-averse,somewhat risk-seeking,True,35.0,30.0,10.0,10.0,0.0,0.0,0.0,0.0,0.0,10.0,5.0,0.0,0.0,0.0,0.0,0.0,0.0,0.0,0.0,0.0,0.0,0.0,0.0,0.0,0.0,100,1,,,True,0.0,0.0,0.0,0.0,0.0,5.0,0.0,0.0,0.0,0.0,0.0,0.0,0.0,10.0,0.0,20.0,15.0,0.0,0.0,10.0,0.0,0.0,0.0,25.0,15.0,100.0,1.0,,
1788,dual_balanced,extremely risk-seeking,somewhat risk-averse,True,0.0,0.0,0.0,0.0,0.0,0.0,0.0,0.0,0.0,0.0,0.0,0.0,0.0,0.0,0.0,20.0,15.0,0.0,0.0,15.0,0.0,0.0,0.0,30.0,20.0,100,1,,,True,25.0,20.0,0.0,10.0,0.0,20.0,0.0,0.0,0.0,15.0,0.0,5.0,0.0,0.0,0.0,0.0,0.0,0.0,0.0,0.0,0.0,0.0,0.0,5.0,0.0,100.0,1.0,,
1803,dual_balanced,somewhat risk-seeking,extremely risk-averse,True,0.0,0.0,0.0,0.0,0.0,0.0,0.0,25.0,0.0,0.0,0.0,0.0,0.0,0.0,0.0,15.0,15.0,0.0,0.0,10.0,5.0,0.0,0.0,30.0,0.0,100,3,,,True,35.0,25.0,10.0,15.0,0.0,0.0,0.0,0.0,0.0,10.0,5.0,0.0,0.0,0.0,0.0,0.0,0.0,0.0,0.0,0.0,0.0,0.0,0.0,0.0,0.0,100.0,3.0,,
1799,dual_balanced,extremely risk-averse,somewhat risk-seeking,True,30.0,25.0,0.0,15.0,0.0,0.0,0.0,0.0,0.0,15.0,0.0,0.0,0.0,0.0,0.0,0.0,0.0,0.0,0.0,0.0,15.0,0.0,0.0,0.0,0.0,100,2,,,True,0.0,0.0,0.0,0.0,0.0,0.0,0.0,0.0,0.0,0.0,0.0,0.0,0.0,10.0,0.0,25.0,15.0,0.0,0.0,0.0,25.0,0.0,0.0,25.0,0.0,100.0,2.0,,
1806,dual_balanced,extremely risk-seeking,extremely risk-averse,True,0.0,0.0,0.0,0.0,0.0,0.0,0.0,0.0,0.0,0.0,0.0,0.0,0.0,0.0,0.0,20.0,15.0,0.0,0.0,20.0,0.0,0.0,0.0,25.0,20.0,100,1,,,True,30.0,20.0,0.0,15.0,0.0,10.0,0.0,0.0,0.0,15.0,10.0,0.0,0.0,0.0,0.0,0.0,0.0,0.0,0.0,0.0,0.0,0.0,0.0,0.0,0.0,100.0,1.0,,
1807,dual_nonbiased,,,True,15.0,0.0,10.0,10.0,0.0,20.0,0.0,10.0,0.0,0.0,0.0,0.0,15.0,0.0,0.0,10.0,0.0,0.0,0.0,0.0,0.0,0.0,0.0,10.0,0.0,100,1,,,True,15.0,10.0,10.0,5.0,5.0,15.0,5.0,0.0,0.0,5.0,0.0,10.0,10.0,0.0,0.0,5.0,0.0,0.0,0.0,0.0,0.0,0.0,0.0,5.0,0.0,100.0,1.0,,
1810,dual_nonbiased,,,True,10.0,10.0,0.0,10.0,10.0,20.0,10.0,0.0,0.0,0.0,0.0,10.0,0.0,0.0,0.0,0.0,5.0,0.0,0.0,0.0,0.0,0.0,0.0,10.0,5.0,100,1,,,True,10.0,10.0,0.0,10.0,10.0,20.0,0.0,0.0,0.0,0.0,0.0,10.0,10.0,0.0,0.0,0.0,5.0,0.0,0.0,0.0,0.0,0.0,0.0,10.0,5.0,100.0,1.0,,
1812,dual_opposition,somewhat risk-seeking,somewhat risk-seeking,True,0.0,0.0,0.0,0.0,0.0,15.0,0.0,0.0,0.0,0.0,0.0,0.0,0.0,0.0,0.0,20.0,15.0,0.0,10.0,10.0,0.0,0.0,5.0,15.0,10.0,100,1,,,True,0.0,0.0,0.0,0.0,0.0,15.0,0.0,0.0,0.0,0.0,0.0,0.0,0.0,10.0,0.0,20.0,10.0,0.0,0.0,10.0,10.0,0.0,0.0,15.0,10.0,100.0,1.0,,
1814,dual_opposition,risk-neutral,extremely risk-seeking,True,10.0,10.0,5.0,10.0,5.0,20.0,10.0,5.0,0.0,0.0,0.0,0.0,10.0,5.0,0.0,5.0,0.0,0.0,0.0,0.0,0.0,0.0,0.0,5.0,0.0,100,1,,,True,0.0,0.0,0.0,0.0,0.0,0.0,0.0,0.0,0.0,0.0,0.0,0.0,0.0,0.0,0.0,20.0,15.0,0.0,5.0,10.0,0.0,0.0,10.0,25.0,15.0,100.0,1.0,,
1820,dual_balanced,extremely risk-averse,risk-neutral,True,30.0,20.0,5.0,15.0,0.0,10.0,0.0,0.0,0.0,10.0,10.0,0.0,0.0,0.0,0.0,0.0,0.0,0.0,0.0,0.0,0.0,0.0,0.0,0.0,0.0,100,1,,,True,0.0,15.0,10.0,10.0,0.0,20.0,10.0,0.0,0.0,5.0,0.0,10.0,10.0,0.0,0.0,5.0,0.0,0.0,0.0,0.0,0.0,0.0,0.0,5.0,0.0,100.0,1.0,,
1815,dual_opposition,somewhat risk-seeking,risk-neutral,True,0.0,0.0,0.0,0.0,0.0,0.0,0.0,0.0,0.0,0.0,0.0,0.0,10.0,20.0,0.0,25.0,0.0,0.0,0.0,15.0,0.0,0.0,0.0,20.0,10.0,100,1,,,True,0.0,20.0,0.0,10.0,0.0,30.0,10.0,0.0,0.0,0.0,0.0,0.0,15.0,15.0,0.0,0.0,0.0,0.0,0.0,0.0,0.0,0.0,0.0,0.0,0.0,100.0,1.0,,
1818,dual_balanced,extremely risk-averse,extremely risk-seeking,True,20.0,20.0,15.0,10.0,0.0,15.0,0.0,0.0,0.0,10.0,10.0,0.0,0.0,0.0,0.0,0.0,0.0,0.0,0.0,0.0,0.0,0.0,0.0,0.0,0.0,100,1,,,True,0.0,0.0,0.0,0.0,0.0,0.0,0.0,0.0,0.0,0.0,0.0,0.0,0.0,0.0,0.0,20.0,15.0,0.0,0.0,10.0,0.0,10.0,10.0,20.0,15.0,100.0,1.0,,
1824,dual_opposition,extremely risk-averse,somewhat risk-averse,True,35.0,20.0,0.0,15.0,0.0,10.0,0.0,0.0,0.0,10.0,10.0,0.0,0.0,0.0,0.0,0.0,0.0,0.0,0.0,0.0,0.0,0.0,0.0,0.0,0.0,100,1,,,True,20.0,15.0,0.0,10.0,0.0,15.0,0.0,0.0,0.0,15.0,0.0,10.0,10.0,0.0,0.0,5.0,0.0,0.0,0.0,0.0,0.0,0.0,0.0,0.0,0.0,100.0,1.0,,
1822,dual_balanced,,,True,25.0,0.0,0.0,15.0,20.0,0.0,0.0,10.0,0.0,0.0,15.0,0.0,0.0,0.0,0.0,0.0,0.0,0.0,0.0,0.0,0.0,10.0,5.0,0.0,0.0,100,2,,,True,30.0,10.0,0.0,15.0,20.0,0.0,0.0,0.0,0.0,0.0,15.0,0.0,0.0,0.0,0.0,0.0,0.0,0.0,0.0,0.0,0.0,5.0,5.0,0.0,0.0,100.0,2.0,,
1819,dual_opposition,risk-neutral,risk-neutral,True,0.0,15.0,0.0,10.0,5.0,30.0,0.0,10.0,0.0,0.0,5.0,0.0,10.0,0.0,0.0,5.0,0.0,0.0,0.0,0.0,0.0,0.0,0.0,10.0,0.0,100,1,,,True,0.0,15.0,10.0,10.0,5.0,30.0,0.0,5.0,0.0,10.0,0.0,0.0,10.0,0.0,0.0,0.0,0.0,0.0,0.0,0.0,0.0,0.0,0.0,5.0,0.0,100.0,1.0,,
1827,dual_balanced,,,True,20.0,0.0,0.0,10.0,10.0,20.0,0.0,10.0,0.0,0.0,10.0,10.0,0.0,0.0,0.0,10.0,0.0,0.0,0.0,0.0,0.0,0.0,0.0,0.0,0.0,100,1,,,True,10.0,0.0,0.0,10.0,10.0,20.0,10.0,10.0,0.0,0.0,0.0,15.0,0.0,0.0,0.0,15.0,0.0,0.0,0.0,0.0,0.0,0.0,0.0,0.0,0.0,100.0,1.0,,
1826,dual_balanced,extremely risk-averse,somewhat risk-seeking,True,25.0,20.0,0.0,25.0,0.0,10.0,0.0,0.0,0.0,0.0,0.0,10.0,10.0,0.0,0.0,0.0,0.0,0.0,0.0,0.0,0.0,0.0,0.0,0.0,0.0,100,2,,,True,0.0,0.0,0.0,15.0,0.0,15.0,0.0,0.0,0.0,0.0,0.0,0.0,0.0,10.0,0.0,15.0,15.0,15.0,0.0,15.0,0.0,0.0,0.0,0.0,0.0,100.0,2.0,,
1821,dual_balanced,risk-neutral,extremely risk-averse,True,0.0,15.0,10.0,10.0,0.0,20.0,10.0,10.0,0.0,0.0,0.0,10.0,10.0,0.0,0.0,0.0,0.0,0.0,0.0,0.0,0.0,0.0,0.0,5.0,0.0,100,1,,,True,15.0,15.0,15.0,10.0,5.0,10.0,0.0,0.0,0.0,10.0,10.0,5.0,5.0,0.0,0.0,0.0,0.0,0.0,0.0,0.0,0.0,0.0,0.0,0.0,0.0,100.0,1.0,,
1828,dual_opposition,risk-neutral,extremely risk-seeking,True,0.0,15.0,0.0,10.0,0.0,20.0,15.0,0.0,0.0,0.0,0.0,15.0,15.0,10.0,0.0,0.0,0.0,0.0,0.0,0.0,0.0,0.0,0.0,0.0,0.0,100,1,,,True,0.0,0.0,0.0,0.0,0.0,0.0,0.0,0.0,0.0,0.0,0.0,0.0,0.0,0.0,0.0,25.0,20.0,0.0,0.0,0.0,0.0,15.0,0.0,25.0,15.0,100.0,1.0,,
1832,dual_balanced,extremely risk-seeking,somewhat risk-averse,True,0.0,0.0,0.0,0.0,0.0,0.0,0.0,0.0,0.0,0.0,0.0,0.0,0.0,0.0,0.0,25.0,20.0,0.0,0.0,10.0,0.0,0.0,0.0,30.0,15.0,100,1,,,True,20.0,15.0,10.0,10.0,0.0,15.0,0.0,0.0,0.0,15.0,10.0,5.0,0.0,0.0,0.0,0.0,0.0,0.0,0.0,0.0,0.0,0.0,0.0,0.0,0.0,100.0,1.0,,
1833,dual_balanced,somewhat risk-averse,risk-neutral,True,15.0,15.0,10.0,10.0,0.0,25.0,0.0,0.0,0.0,10.0,10.0,5.0,0.0,0.0,0.0,0.0,0.0,0.0,0.0,0.0,0.0,0.0,0.0,0.0,0.0,100,1,,,True,5.0,10.0,5.0,10.0,5.0,30.0,10.0,0.0,0.0,0.0,0.0,5.0,5.0,5.0,5.0,0.0,0.0,0.0,0.0,0.0,0.0,0.0,0.0,5.0,0.0,100.0,1.0,,
1834,dual_balanced,risk-neutral,somewhat risk-seeking,True,0.0,15.0,0.0,10.0,0.0,25.0,10.0,10.0,0.0,0.0,0.0,0.0,15.0,10.0,0.0,0.0,0.0,0.0,0.0,0.0,0.0,0.0,0.0,5.0,0.0,100,1,,,True,0.0,0.0,0.0,0.0,0.0,5.0,0.0,0.0,0.0,0.0,0.0,0.0,0.0,15.0,0.0,25.0,15.0,0.0,0.0,10.0,0.0,0.0,0.0,20.0,10.0,100.0,1.0,,
1836,dual_opposition,risk-neutral,risk-neutral,True,0.0,20.0,0.0,10.0,0.0,30.0,15.0,0.0,0.0,0.0,0.0,0.0,0.0,0.0,0.0,15.0,0.0,0.0,0.0,0.0,0.0,0.0,0.0,10.0,0.0,100,2,,,True,0.0,15.0,0.0,10.0,0.0,30.0,5.0,0.0,0.0,0.0,0.0,0.0,15.0,0.0,0.0,15.0,0.0,0.0,0.0,0.0,0.0,0.0,0.0,10.0,0.0,100.0,2.0,,
1840,dual_opposition,risk-neutral,risk-neutral,True,0.0,15.0,0.0,10.0,5.0,25.0,0.0,0.0,10.0,0.0,0.0,10.0,10.0,15.0,0.0,0.0,0.0,0.0,0.0,0.0,0.0,0.0,0.0,0.0,0.0,100,1,,,True,0.0,15.0,0.0,10.0,5.0,25.0,0.0,0.0,10.0,0.0,0.0,10.0,10.0,15.0,0.0,0.0,0.0,0.0,0.0,0.0,0.0,0.0,0.0,0.0,0.0,100.0,1.0,,
1839,dual_balanced,extremely risk-seeking,extremely risk-averse,True,0.0,0.0,0.0,10.0,0.0,0.0,0.0,0.0,0.0,0.0,0.0,0.0,0.0,0.0,0.0,30.0,0.0,15.0,0.0,0.0,0.0,0.0,15.0,30.0,0.0,100,2,,,True,40.0,20.0,10.0,10.0,0.0,0.0,0.0,0.0,0.0,10.0,10.0,0.0,0.0,0.0,0.0,0.0,0.0,0.0,0.0,0.0,0.0,0.0,0.0,0.0,0.0,100.0,1.0,,
1850,dual_opposition,risk-neutral,extremely risk-seeking,True,0.0,15.0,0.0,10.0,0.0,30.0,0.0,15.0,0.0,0.0,0.0,0.0,15.0,0.0,0.0,0.0,0.0,0.0,0.0,15.0,0.0,0.0,0.0,0.0,0.0,100,1,,,True,0.0,0.0,0.0,0.0,0.0,0.0,0.0,0.0,0.0,0.0,0.0,0.0,0.0,0.0,0.0,25.0,20.0,0.0,0.0,15.0,0.0,0.0,10.0,30.0,0.0,100.0,1.0,,
1847,dual_balanced,risk-neutral,somewhat risk-averse,True,0.0,15.0,0.0,0.0,10.0,25.0,0.0,0.0,0.0,10.0,10.0,10.0,0.0,0.0,0.0,10.0,0.0,0.0,0.0,5.0,0.0,0.0,5.0,0.0,0.0,100,1,,,True,20.0,15.0,0.0,10.0,5.0,20.0,0.0,0.0,0.0,10.0,10.0,5.0,0.0,0.0,0.0,5.0,0.0,0.0,0.0,0.0,0.0,0.0,0.0,0.0,0.0,100.0,1.0,,
1852,dual_nonbiased,,,True,0.0,10.0,0.0,10.0,15.0,25.0,10.0,0.0,0.0,0.0,0.0,10.0,0.0,10.0,0.0,0.0,10.0,0.0,0.0,0.0,0.0,0.0,0.0,0.0,0.0,100,1,,,True,20.0,0.0,0.0,10.0,10.0,25.0,0.0,0.0,0.0,0.0,0.0,0.0,15.0,10.0,0.0,0.0,10.0,0.0,0.0,0.0,0.0,0.0,0.0,0.0,0.0,100.0,1.0,,
1854,dual_balanced,extremely risk-seeking,somewhat risk-averse,True,0.0,0.0,0.0,0.0,0.0,0.0,0.0,0.0,0.0,0.0,0.0,0.0,0.0,0.0,0.0,25.0,15.0,0.0,0.0,10.0,0.0,0.0,0.0,30.0,20.0,100,1,,,True,15.0,15.0,10.0,10.0,0.0,20.0,5.0,0.0,0.0,10.0,10.0,0.0,5.0,0.0,0.0,0.0,0.0,0.0,0.0,0.0,0.0,0.0,0.0,0.0,0.0,100.0,1.0,,
1844,dual_opposition,somewhat risk-averse,somewhat risk-averse,True,15.0,10.0,0.0,15.0,0.0,25.0,0.0,0.0,0.0,10.0,0.0,0.0,10.0,10.0,5.0,0.0,0.0,0.0,0.0,0.0,0.0,0.0,0.0,0.0,0.0,100,2,,,True,20.0,15.0,5.0,10.0,0.0,25.0,0.0,0.0,0.0,10.0,0.0,0.0,10.0,5.0,0.0,0.0,0.0,0.0,0.0,0.0,0.0,0.0,0.0,0.0,0.0,100.0,2.0,,
1855,dual_opposition,extremely risk-seeking,extremely risk-seeking,True,0.0,0.0,0.0,0.0,0.0,0.0,0.0,0.0,0.0,0.0,0.0,0.0,0.0,0.0,0.0,20.0,0.0,15.0,0.0,10.0,0.0,0.0,0.0,35.0,20.0,100,2,,,True,0.0,0.0,0.0,0.0,0.0,0.0,0.0,0.0,0.0,0.0,0.0,0.0,0.0,0.0,0.0,20.0,15.0,0.0,0.0,15.0,0.0,0.0,0.0,30.0,20.0,100.0,1.0,,
1856,dual_balanced,extremely risk-seeking,extremely risk-averse,True,0.0,0.0,0.0,0.0,0.0,0.0,0.0,0.0,0.0,0.0,0.0,0.0,0.0,0.0,0.0,30.0,15.0,0.0,0.0,10.0,0.0,0.0,10.0,20.0,15.0,100,1,,,True,40.0,20.0,0.0,15.0,0.0,0.0,0.0,0.0,0.0,15.0,10.0,0.0,0.0,0.0,0.0,0.0,0.0,0.0,0.0,0.0,0.0,0.0,0.0,0.0,0.0,100.0,1.0,,
1863,dual_opposition,somewhat risk-seeking,extremely risk-seeking,True,0.0,0.0,0.0,0.0,0.0,10.0,0.0,0.0,0.0,0.0,0.0,0.0,0.0,0.0,0.0,20.0,15.0,10.0,0.0,10.0,0.0,0.0,10.0,15.0,10.0,100,1,,,True,0.0,0.0,0.0,0.0,0.0,0.0,0.0,0.0,0.0,0.0,0.0,0.0,0.0,0.0,0.0,20.0,15.0,0.0,0.0,10.0,0.0,10.0,10.0,20.0,15.0,100.0,1.0,,
1859,dual_nonbiased,,,True,0.0,0.0,0.0,10.0,0.0,20.0,0.0,10.0,0.0,0.0,0.0,10.0,0.0,15.0,0.0,15.0,10.0,0.0,0.0,0.0,0.0,0.0,0.0,10.0,0.0,100,1,,,True,15.0,0.0,0.0,0.0,0.0,30.0,0.0,10.0,0.0,0.0,0.0,10.0,0.0,10.0,0.0,10.0,5.0,0.0,0.0,0.0,0.0,5.0,0.0,5.0,0.0,100.0,1.0,,
1861,dual_balanced,extremely risk-seeking,extremely risk-averse,True,0.0,0.0,0.0,0.0,0.0,0.0,0.0,0.0,0.0,0.0,0.0,0.0,0.0,10.0,0.0,25.0,20.0,0.0,0.0,0.0,0.0,0.0,0.0,30.0,15.0,100,1,,,True,30.0,20.0,0.0,15.0,0.0,10.0,0.0,0.0,0.0,15.0,10.0,0.0,0.0,0.0,0.0,0.0,0.0,0.0,0.0,0.0,0.0,0.0,0.0,0.0,0.0,100.0,1.0,,
1860,dual_nonbiased,,,True,10.0,5.0,0.0,0.0,0.0,20.0,15.0,10.0,0.0,5.0,0.0,10.0,0.0,0.0,10.0,10.0,0.0,0.0,0.0,0.0,0.0,0.0,0.0,5.0,0.0,100,1,,,True,10.0,10.0,0.0,10.0,0.0,20.0,0.0,10.0,0.0,0.0,0.0,10.0,10.0,0.0,10.0,0.0,0.0,0.0,0.0,0.0,0.0,0.0,0.0,0.0,10.0,100.0,1.0,,
1865,dual_opposition,risk-neutral,extremely risk-seeking,True,0.0,0.0,10.0,10.0,10.0,20.0,10.0,10.0,0.0,0.0,0.0,0.0,0.0,10.0,0.0,10.0,10.0,0.0,0.0,0.0,0.0,0.0,0.0,0.0,0.0,100,1,,,True,0.0,0.0,0.0,0.0,0.0,0.0,0.0,0.0,0.0,0.0,0.0,0.0,0.0,0.0,0.0,20.0,20.0,0.0,0.0,10.0,0.0,0.0,10.0,30.0,10.0,100.0,1.0,,
1867,dual_balanced,extremely risk-averse,somewhat risk-seeking,True,30.0,20.0,15.0,10.0,0.0,5.0,0.0,0.0,0.0,10.0,10.0,0.0,0.0,0.0,0.0,0.0,0.0,0.0,0.0,0.0,0.0,0.0,0.0,0.0,0.0,100,1,,,True,0.0,0.0,0.0,0.0,0.0,20.0,0.0,0.0,0.0,0.0,0.0,0.0,0.0,10.0,0.0,20.0,15.0,0.0,0.0,0.0,0.0,0.0,10.0,15.0,10.0,100.0,1.0,,
1874,dual_opposition,risk-neutral,risk-neutral,True,0.0,15.0,0.0,10.0,0.0,25.0,0.0,10.0,0.0,10.0,0.0,0.0,10.0,0.0,10.0,10.0,0.0,0.0,0.0,0.0,0.0,0.0,0.0,0.0,0.0,100,1,,,True,0.0,15.0,0.0,0.0,10.0,25.0,0.0,10.0,0.0,0.0,10.0,0.0,0.0,10.0,10.0,10.0,0.0,0.0,0.0,0.0,0.0,0.0,0.0,0.0,0.0,100.0,1.0,,
1868,dual_nonbiased,,,True,15.0,0.0,0.0,0.0,0.0,30.0,0.0,15.0,0.0,10.0,0.0,15.0,15.0,0.0,0.0,0.0,0.0,0.0,0.0,0.0,0.0,0.0,0.0,0.0,0.0,100,1,,,True,15.0,0.0,0.0,15.0,0.0,25.0,0.0,10.0,10.0,10.0,0.0,0.0,15.0,0.0,0.0,0.0,0.0,0.0,0.0,0.0,0.0,0.0,0.0,0.0,0.0,100.0,1.0,,
1878,dual_opposition,extremely risk-seeking,risk-neutral,True,0.0,0.0,0.0,0.0,0.0,0.0,0.0,0.0,0.0,0.0,0.0,0.0,0.0,0.0,0.0,20.0,15.0,0.0,0.0,15.0,0.0,0.0,15.0,20.0,15.0,100,1,,,True,0.0,20.0,0.0,10.0,0.0,30.0,10.0,0.0,0.0,0.0,0.0,15.0,0.0,0.0,0.0,15.0,0.0,0.0,0.0,0.0,0.0,0.0,0.0,0.0,0.0,100.0,1.0,,
1882,dual_nonbiased,,,True,0.0,20.0,0.0,10.0,0.0,20.0,0.0,0.0,10.0,0.0,0.0,0.0,0.0,15.0,15.0,0.0,0.0,0.0,0.0,0.0,0.0,0.0,0.0,10.0,0.0,100,1,,,True,10.0,0.0,0.0,10.0,0.0,20.0,0.0,10.0,10.0,0.0,0.0,0.0,0.0,15.0,15.0,0.0,0.0,0.0,0.0,0.0,0.0,0.0,0.0,10.0,0.0,100.0,1.0,,
1879,dual_opposition,risk-neutral,extremely risk-averse,True,15.0,10.0,0.0,0.0,0.0,15.0,10.0,10.0,10.0,10.0,0.0,0.0,0.0,0.0,0.0,0.0,0.0,0.0,0.0,0.0,0.0,10.0,10.0,0.0,0.0,100,5,,,True,40.0,25.0,0.0,0.0,5.0,0.0,0.0,0.0,0.0,15.0,10.0,0.0,0.0,0.0,0.0,0.0,0.0,0.0,0.0,0.0,0.0,5.0,0.0,0.0,0.0,100.0,5.0,,
1894,dual_nonbiased,,,True,0.0,20.0,10.0,10.0,0.0,20.0,10.0,0.0,0.0,0.0,0.0,10.0,0.0,10.0,0.0,0.0,0.0,0.0,0.0,10.0,0.0,0.0,0.0,0.0,0.0,100,1,,,True,0.0,15.0,10.0,10.0,0.0,25.0,10.0,0.0,0.0,0.0,0.0,10.0,0.0,10.0,0.0,0.0,0.0,0.0,0.0,10.0,0.0,0.0,0.0,0.0,0.0,100.0,1.0,,
1875,dual_nonbiased,,,True,20.0,0.0,0.0,10.0,0.0,25.0,15.0,10.0,0.0,0.0,0.0,10.0,10.0,0.0,0.0,0.0,0.0,0.0,0.0,0.0,0.0,0.0,0.0,0.0,0.0,100,1,,,True,15.0,0.0,0.0,10.0,0.0,30.0,10.0,15.0,0.0,0.0,0.0,10.0,10.0,0.0,0.0,0.0,0.0,0.0,0.0,0.0,0.0,0.0,0.0,0.0,0.0,100.0,1.0,,
1877,dual_opposition,risk-neutral,extremely risk-seeking,True,0.0,15.0,15.0,10.0,10.0,30.0,0.0,5.0,0.0,0.0,0.0,0.0,10.0,0.0,0.0,0.0,0.0,0.0,0.0,0.0,0.0,0.0,0.0,5.0,0.0,100,1,,,True,0.0,0.0,0.0,0.0,0.0,0.0,0.0,0.0,0.0,0.0,0.0,0.0,0.0,0.0,0.0,25.0,15.0,0.0,0.0,15.0,0.0,0.0,0.0,30.0,15.0,100.0,1.0,,
1900,dual_balanced,extremely risk-averse,risk-neutral,True,30.0,20.0,10.0,10.0,0.0,10.0,0.0,0.0,0.0,10.0,10.0,0.0,0.0,0.0,0.0,0.0,0.0,0.0,0.0,0.0,0.0,0.0,0.0,0.0,0.0,100,1,,,True,5.0,10.0,10.0,5.0,0.0,25.0,0.0,10.0,0.0,0.0,5.0,0.0,10.0,5.0,5.0,5.0,0.0,0.0,0.0,5.0,0.0,0.0,0.0,0.0,0.0,100.0,1.0,,
1889,dual_nonbiased,,,True,15.0,0.0,0.0,0.0,0.0,20.0,0.0,0.0,15.0,0.0,0.0,0.0,10.0,0.0,10.0,20.0,0.0,0.0,0.0,0.0,0.0,0.0,0.0,5.0,5.0,100,1,,,True,10.0,0.0,0.0,10.0,0.0,30.0,0.0,0.0,15.0,0.0,0.0,0.0,10.0,0.0,0.0,15.0,0.0,0.0,0.0,0.0,0.0,0.0,0.0,10.0,0.0,100.0,1.0,,
1907,dual_balanced,extremely risk-seeking,somewhat risk-averse,True,0.0,0.0,0.0,0.0,0.0,0.0,0.0,0.0,0.0,0.0,0.0,0.0,0.0,0.0,0.0,25.0,20.0,0.0,0.0,10.0,0.0,10.0,10.0,25.0,0.0,100,1,,,True,20.0,15.0,0.0,10.0,0.0,25.0,10.0,0.0,0.0,15.0,0.0,0.0,0.0,5.0,0.0,0.0,0.0,0.0,0.0,0.0,0.0,0.0,0.0,0.0,0.0,100.0,1.0,,
1908,dual_balanced,risk-neutral,extremely risk-seeking,True,0.0,15.0,0.0,10.0,0.0,25.0,10.0,10.0,0.0,10.0,0.0,5.0,5.0,0.0,0.0,5.0,0.0,0.0,0.0,0.0,0.0,0.0,0.0,5.0,0.0,100,1,,,True,0.0,0.0,0.0,0.0,0.0,0.0,0.0,0.0,0.0,0.0,0.0,0.0,0.0,0.0,0.0,35.0,10.0,0.0,0.0,10.0,0.0,0.0,0.0,35.0,10.0,100.0,1.0,,
1909,dual_balanced,extremely risk-seeking,extremely risk-averse,True,0.0,0.0,0.0,0.0,0.0,0.0,0.0,0.0,0.0,0.0,0.0,0.0,0.0,0.0,0.0,30.0,0.0,0.0,0.0,0.0,0.0,0.0,0.0,0.0,0.0,100,4,Final allocation focuses on high-conviction tech stocks without crypto exposure.,,True,35.0,20.0,10.0,10.0,0.0,5.0,0.0,0.0,0.0,10.0,10.0,0.0,0.0,0.0,0.0,0.0,0.0,0.0,0.0,0.0,0.0,0.0,0.0,0.0,0.0,100.0,4.0,Final allocation includes a small SPY exposure for growth while maintaining a defensive core.,
1912,dual_balanced,extremely risk-seeking,somewhat risk-averse,True,0.0,0.0,0.0,0.0,0.0,0.0,0.0,0.0,0.0,0.0,0.0,0.0,0.0,0.0,0.0,25.0,20.0,0.0,0.0,0.0,0.0,0.0,10.0,35.0,10.0,100,1,,,True,20.0,15.0,10.0,10.0,10.0,15.0,0.0,0.0,0.0,10.0,10.0,0.0,0.0,0.0,0.0,0.0,0.0,0.0,0.0,0.0,0.0,0.0,0.0,0.0,0.0,100.0,1.0,,
1915,dual_opposition,risk-neutral,risk-neutral,True,0.0,20.0,0.0,10.0,0.0,30.0,0.0,0.0,0.0,0.0,0.0,15.0,15.0,0.0,0.0,10.0,0.0,0.0,0.0,0.0,0.0,0.0,0.0,0.0,0.0,100,1,,,True,0.0,20.0,0.0,10.0,0.0,30.0,10.0,0.0,0.0,0.0,0.0,0.0,15.0,0.0,0.0,10.0,0.0,0.0,0.0,0.0,0.0,0.0,0.0,5.0,0.0,100.0,1.0,,
1924,dual_nonbiased,,,True,10.0,10.0,0.0,10.0,0.0,30.0,10.0,0.0,10.0,0.0,0.0,0.0,10.0,0.0,0.0,0.0,0.0,0.0,0.0,0.0,5.0,5.0,0.0,0.0,0.0,100,1,,,True,10.0,15.0,0.0,10.0,5.0,20.0,10.0,0.0,10.0,0.0,0.0,0.0,10.0,0.0,0.0,0.0,0.0,0.0,5.0,0.0,5.0,0.0,0.0,0.0,0.0,100.0,1.0,,
1921,dual_balanced,extremely risk-seeking,extremely risk-averse,True,0.0,0.0,0.0,0.0,0.0,0.0,0.0,0.0,0.0,0.0,0.0,0.0,0.0,0.0,0.0,20.0,15.0,0.0,0.0,5.0,10.0,0.0,10.0,20.0,20.0,100,1,,,True,35.0,20.0,15.0,10.0,0.0,0.0,0.0,0.0,0.0,10.0,10.0,0.0,0.0,0.0,0.0,0.0,0.0,0.0,0.0,0.0,0.0,0.0,0.0,0.0,0.0,100.0,1.0,,
1916,dual_nonbiased,,,True,0.0,10.0,0.0,10.0,0.0,30.0,10.0,10.0,0.0,5.0,0.0,5.0,0.0,0.0,0.0,10.0,0.0,0.0,0.0,5.0,0.0,0.0,0.0,5.0,0.0,100,2,,,True,0.0,10.0,0.0,5.0,0.0,30.0,10.0,10.0,0.0,10.0,0.0,5.0,5.0,0.0,0.0,5.0,0.0,0.0,0.0,5.0,0.0,0.0,0.0,5.0,0.0,100.0,2.0,,
1922,dual_opposition,risk-neutral,extremely risk-averse,True,10.0,10.0,0.0,0.0,0.0,30.0,10.0,10.0,10.0,0.0,0.0,0.0,10.0,0.0,10.0,0.0,0.0,0.0,0.0,0.0,0.0,0.0,0.0,0.0,0.0,100,2,,,True,10.0,10.0,0.0,10.0,0.0,35.0,0.0,0.0,0.0,15.0,10.0,0.0,10.0,0.0,0.0,0.0,0.0,0.0,0.0,0.0,0.0,0.0,0.0,0.0,0.0,100.0,2.0,,
1928,dual_opposition,extremely risk-averse,somewhat risk-averse,True,40.0,25.0,15.0,10.0,0.0,0.0,0.0,0.0,0.0,10.0,0.0,0.0,0.0,0.0,0.0,0.0,0.0,0.0,0.0,0.0,0.0,0.0,0.0,0.0,0.0,100,4,,,True,25.0,15.0,0.0,10.0,0.0,20.0,0.0,0.0,0.0,0.0,0.0,0.0,10.0,0.0,0.0,15.0,0.0,0.0,0.0,0.0,0.0,0.0,0.0,5.0,0.0,100.0,4.0,,
1935,dual_opposition,risk-neutral,risk-neutral,True,10.0,15.0,0.0,0.0,0.0,40.0,0.0,0.0,0.0,0.0,0.0,0.0,0.0,0.0,0.0,20.0,0.0,0.0,0.0,0.0,0.0,0.0,0.0,15.0,0.0,100,2,,,True,25.0,25.0,0.0,0.0,0.0,30.0,0.0,0.0,0.0,0.0,0.0,0.0,0.0,0.0,0.0,15.0,0.0,0.0,0.0,0.0,0.0,0.0,0.0,5.0,0.0,100.0,2.0,,
1926,dual_nonbiased,,,True,10.0,0.0,0.0,10.0,10.0,35.0,10.0,0.0,0.0,0.0,0.0,0.0,10.0,0.0,0.0,15.0,0.0,0.0,0.0,0.0,0.0,0.0,0.0,0.0,0.0,100,1,,,True,0.0,20.0,0.0,10.0,10.0,30.0,0.0,0.0,0.0,10.0,0.0,0.0,0.0,0.0,0.0,15.0,0.0,5.0,0.0,0.0,0.0,0.0,0.0,0.0,0.0,100.0,1.0,,
1934,dual_balanced,risk-neutral,somewhat risk-averse,True,0.0,10.0,10.0,10.0,10.0,20.0,10.0,20.0,0.0,0.0,0.0,0.0,10.0,0.0,0.0,0.0,0.0,0.0,0.0,0.0,0.0,0.0,0.0,0.0,0.0,100,3,,,True,20.0,15.0,0.0,5.0,0.0,20.0,0.0,20.0,0.0,10.0,10.0,0.0,0.0,0.0,0.0,0.0,0.0,0.0,0.0,0.0,0.0,0.0,0.0,0.0,0.0,100.0,3.0,,
1927,dual_nonbiased,,,True,10.0,0.0,0.0,10.0,10.0,30.0,0.0,10.0,0.0,10.0,10.0,0.0,0.0,0.0,0.0,10.0,0.0,0.0,0.0,0.0,0.0,0.0,0.0,0.0,0.0,100,1,,,True,0.0,10.0,0.0,10.0,10.0,30.0,0.0,10.0,0.0,10.0,0.0,0.0,10.0,0.0,0.0,10.0,0.0,0.0,0.0,0.0,0.0,0.0,0.0,0.0,0.0,100.0,1.0,,
1950,dual_nonbiased,,,True,25.0,0.0,0.0,10.0,0.0,25.0,10.0,0.0,0.0,0.0,0.0,10.0,10.0,0.0,0.0,10.0,0.0,0.0,0.0,0.0,0.0,0.0,0.0,0.0,0.0,100,1,,,True,20.0,0.0,0.0,10.0,0.0,25.0,10.0,0.0,0.0,0.0,0.0,15.0,15.0,0.0,0.0,5.0,0.0,0.0,0.0,0.0,0.0,0.0,0.0,0.0,0.0,100.0,1.0,,
1938,dual_opposition,somewhat risk-seeking,risk-neutral,True,0.0,0.0,0.0,0.0,0.0,0.0,0.0,0.0,0.0,0.0,0.0,5.0,0.0,0.0,0.0,20.0,15.0,0.0,10.0,10.0,0.0,0.0,0.0,25.0,15.0,100,1,,,True,10.0,10.0,0.0,5.0,0.0,20.0,10.0,0.0,0.0,10.0,0.0,10.0,10.0,0.0,0.0,5.0,0.0,0.0,0.0,0.0,0.0,0.0,0.0,10.0,0.0,100.0,1.0,,
1939,dual_nonbiased,,,True,0.0,10.0,0.0,10.0,0.0,30.0,10.0,10.0,10.0,10.0,0.0,0.0,5.0,0.0,0.0,5.0,0.0,0.0,0.0,0.0,0.0,0.0,0.0,0.0,0.0,100,1,,,True,10.0,0.0,0.0,10.0,0.0,30.0,10.0,10.0,10.0,0.0,0.0,0.0,10.0,0.0,0.0,10.0,0.0,0.0,0.0,0.0,0.0,0.0,0.0,0.0,0.0,100.0,1.0,,
1948,dual_balanced,somewhat risk-seeking,extremely risk-averse,True,0.0,0.0,0.0,0.0,0.0,15.0,0.0,0.0,0.0,0.0,0.0,0.0,0.0,10.0,0.0,25.0,10.0,0.0,0.0,15.0,0.0,0.0,0.0,15.0,10.0,100,2,,,True,40.0,20.0,10.0,10.0,0.0,0.0,0.0,0.0,0.0,10.0,10.0,0.0,0.0,0.0,0.0,0.0,0.0,0.0,0.0,0.0,0.0,0.0,0.0,0.0,0.0,100.0,2.0,,
1943,dual_balanced,somewhat risk-seeking,extremely risk-averse,True,0.0,0.0,0.0,0.0,0.0,0.0,0.0,0.0,0.0,0.0,0.0,0.0,0.0,0.0,0.0,25.0,15.0,10.0,0.0,15.0,0.0,0.0,0.0,20.0,15.0,100,1,,,True,30.0,20.0,15.0,10.0,0.0,5.0,0.0,0.0,0.0,10.0,10.0,0.0,0.0,0.0,0.0,0.0,0.0,0.0,0.0,0.0,0.0,0.0,0.0,0.0,0.0,100.0,1.0,,
1960,dual_balanced,,,True,10.0,0.0,10.0,0.0,0.0,30.0,10.0,0.0,0.0,0.0,5.0,10.0,10.0,0.0,0.0,0.0,5.0,0.0,0.0,5.0,0.0,0.0,5.0,0.0,0.0,100,1,,,True,10.0,0.0,10.0,10.0,0.0,30.0,10.0,0.0,0.0,0.0,0.0,10.0,10.0,0.0,0.0,0.0,5.0,0.0,0.0,5.0,0.0,0.0,0.0,0.0,0.0,100.0,1.0,,
1951,dual_nonbiased,,,True,15.0,0.0,0.0,10.0,0.0,20.0,0.0,10.0,0.0,0.0,10.0,0.0,0.0,0.0,10.0,10.0,0.0,0.0,5.0,0.0,0.0,0.0,0.0,10.0,0.0,100,1,,,True,0.0,15.0,0.0,10.0,0.0,20.0,0.0,15.0,0.0,0.0,10.0,0.0,0.0,0.0,10.0,10.0,0.0,0.0,0.0,0.0,0.0,0.0,0.0,10.0,0.0,100.0,1.0,,
1957,dual_balanced,somewhat risk-averse,somewhat risk-seeking,True,20.0,15.0,0.0,15.0,0.0,20.0,0.0,0.0,0.0,10.0,0.0,10.0,0.0,0.0,10.0,0.0,0.0,0.0,0.0,0.0,0.0,0.0,0.0,0.0,0.0,100,1,,,True,0.0,0.0,0.0,0.0,0.0,0.0,0.0,0.0,0.0,0.0,0.0,0.0,0.0,10.0,0.0,20.0,15.0,0.0,0.0,10.0,0.0,0.0,10.0,20.0,15.0,100.0,1.0,,
1958,dual_opposition,extremely risk-averse,extremely risk-averse,True,30.0,20.0,0.0,15.0,0.0,10.0,0.0,0.0,0.0,15.0,10.0,0.0,0.0,0.0,0.0,0.0,0.0,0.0,0.0,0.0,0.0,0.0,0.0,0.0,0.0,100,1,,,True,35.0,20.0,0.0,15.0,0.0,10.0,0.0,0.0,0.0,10.0,10.0,0.0,0.0,0.0,0.0,0.0,0.0,0.0,0.0,0.0,0.0,0.0,0.0,0.0,0.0,100.0,1.0,,
1953,dual_balanced,risk-neutral,extremely risk-seeking,True,0.0,15.0,0.0,5.0,10.0,20.0,0.0,10.0,0.0,10.0,0.0,10.0,10.0,0.0,0.0,10.0,0.0,0.0,0.0,0.0,0.0,0.0,0.0,0.0,0.0,100,1,,,True,0.0,0.0,0.0,0.0,0.0,0.0,0.0,0.0,0.0,0.0,0.0,0.0,0.0,0.0,0.0,30.0,15.0,0.0,0.0,10.0,0.0,0.0,0.0,30.0,15.0,100.0,1.0,,
1961,dual_nonbiased,,,True,20.0,0.0,0.0,10.0,0.0,30.0,10.0,0.0,0.0,0.0,0.0,10.0,15.0,0.0,0.0,5.0,0.0,0.0,0.0,0.0,0.0,0.0,0.0,0.0,0.0,100,4,Final allocation balances growth and defensive assets with a moderate risk approach.,,True,10.0,15.0,0.0,10.0,0.0,30.0,10.0,0.0,0.0,0.0,0.0,0.0,15.0,10.0,0.0,0.0,0.0,0.0,0.0,0.0,0.0,0.0,0.0,0.0,0.0,100.0,4.0,Final allocation increases growth exposure while maintaining a defensive buffer.,
1965,dual_nonbiased,,,True,15.0,0.0,0.0,15.0,0.0,25.0,15.0,0.0,0.0,0.0,0.0,0.0,0.0,15.0,0.0,15.0,0.0,0.0,0.0,0.0,0.0,0.0,0.0,0.0,0.0,100,1,,,True,10.0,0.0,0.0,20.0,0.0,25.0,15.0,0.0,0.0,0.0,0.0,0.0,0.0,15.0,0.0,15.0,0.0,0.0,0.0,0.0,0.0,0.0,0.0,0.0,0.0,100.0,1.0,,
1969,dual_nonbiased,,,True,0.0,10.0,0.0,10.0,0.0,20.0,0.0,15.0,0.0,0.0,0.0,0.0,0.0,15.0,0.0,20.0,0.0,0.0,0.0,0.0,0.0,0.0,0.0,10.0,0.0,100,1,,,True,0.0,10.0,0.0,10.0,0.0,30.0,10.0,0.0,0.0,0.0,0.0,0.0,15.0,0.0,0.0,15.0,0.0,0.0,0.0,0.0,0.0,0.0,0.0,10.0,0.0,100.0,1.0,,
1973,dual_nonbiased,,,True,0.0,15.0,0.0,10.0,0.0,30.0,10.0,10.0,0.0,0.0,0.0,0.0,15.0,0.0,0.0,0.0,0.0,0.0,0.0,0.0,0.0,0.0,0.0,10.0,0.0,100,1,,,True,0.0,20.0,0.0,10.0,0.0,30.0,0.0,0.0,0.0,0.0,0.0,0.0,0.0,15.0,0.0,15.0,0.0,0.0,0.0,0.0,0.0,0.0,0.0,0.0,10.0,100.0,1.0,,
1976,dual_balanced,extremely risk-seeking,extremely risk-averse,True,0.0,0.0,0.0,0.0,0.0,0.0,0.0,0.0,0.0,0.0,0.0,0.0,0.0,0.0,0.0,15.0,25.0,0.0,0.0,20.0,0.0,0.0,10.0,30.0,0.0,100,2,,,True,40.0,20.0,0.0,10.0,0.0,0.0,0.0,0.0,0.0,15.0,15.0,0.0,0.0,0.0,0.0,0.0,0.0,0.0,0.0,0.0,0.0,0.0,0.0,0.0,0.0,100.0,1.0,,
1963,dual_opposition,somewhat risk-averse,risk-neutral,True,25.0,15.0,0.0,10.0,0.0,20.0,0.0,0.0,0.0,15.0,0.0,0.0,0.0,5.0,0.0,10.0,0.0,0.0,0.0,0.0,0.0,0.0,0.0,0.0,0.0,100,1,,,True,0.0,20.0,0.0,0.0,0.0,30.0,0.0,0.0,0.0,10.0,0.0,0.0,0.0,10.0,0.0,10.0,0.0,0.0,0.0,10.0,0.0,0.0,10.0,0.0,0.0,100.0,1.0,,
1970,dual_nonbiased,,,True,10.0,0.0,0.0,5.0,0.0,25.0,10.0,0.0,0.0,0.0,5.0,10.0,0.0,5.0,10.0,10.0,5.0,0.0,0.0,0.0,0.0,0.0,0.0,5.0,0.0,100,1,,,True,10.0,0.0,0.0,0.0,0.0,30.0,10.0,0.0,10.0,0.0,5.0,10.0,0.0,10.0,0.0,10.0,0.0,0.0,0.0,0.0,0.0,0.0,0.0,5.0,0.0,100.0,1.0,,
1974,dual_nonbiased,,,True,0.0,20.0,0.0,10.0,0.0,30.0,0.0,10.0,0.0,0.0,0.0,0.0,0.0,0.0,0.0,15.0,0.0,0.0,0.0,0.0,0.0,0.0,0.0,15.0,0.0,100,1,,,True,0.0,20.0,0.0,10.0,0.0,30.0,0.0,15.0,0.0,0.0,0.0,0.0,0.0,0.0,0.0,15.0,0.0,0.0,0.0,0.0,0.0,0.0,0.0,10.0,0.0,100.0,1.0,,
1982,dual_balanced,extremely risk-averse,somewhat risk-seeking,True,40.0,20.0,0.0,10.0,0.0,10.0,0.0,0.0,0.0,10.0,10.0,0.0,0.0,0.0,0.0,0.0,0.0,0.0,0.0,0.0,0.0,0.0,0.0,0.0,0.0,100,1,,,True,0.0,0.0,0.0,0.0,0.0,0.0,0.0,0.0,0.0,0.0,0.0,5.0,5.0,10.0,0.0,25.0,10.0,10.0,0.0,10.0,5.0,0.0,0.0,10.0,10.0,100.0,1.0,,
1975,dual_nonbiased,,,True,10.0,10.0,0.0,10.0,0.0,25.0,10.0,0.0,0.0,0.0,0.0,5.0,10.0,10.0,0.0,10.0,0.0,0.0,0.0,0.0,0.0,0.0,0.0,0.0,0.0,100,1,,,True,0.0,10.0,5.0,10.0,5.0,25.0,5.0,5.0,0.0,5.0,5.0,5.0,10.0,0.0,0.0,10.0,0.0,0.0,0.0,0.0,0.0,0.0,0.0,0.0,0.0,100.0,1.0,,
1985,dual_nonbiased,,,True,20.0,0.0,0.0,20.0,0.0,15.0,0.0,35.0,0.0,0.0,0.0,0.0,10.0,0.0,0.0,0.0,0.0,0.0,0.0,0.0,0.0,0.0,0.0,0.0,0.0,100,2,,,True,10.0,5.0,0.0,10.0,5.0,20.0,0.0,10.0,0.0,0.0,5.0,5.0,10.0,0.0,5.0,5.0,0.0,0.0,0.0,0.0,5.0,0.0,0.0,5.0,0.0,100.0,1.0,,
1978,dual_balanced,somewhat risk-averse,extremely risk-seeking,True,20.0,15.0,0.0,15.0,0.0,15.0,0.0,0.0,0.0,15.0,0.0,0.0,10.0,10.0,0.0,0.0,0.0,0.0,0.0,0.0,0.0,0.0,0.0,0.0,0.0,100,1,,,True,0.0,0.0,0.0,0.0,0.0,0.0,0.0,0.0,0.0,0.0,0.0,0.0,0.0,20.0,0.0,25.0,10.0,0.0,0.0,10.0,0.0,0.0,0.0,20.0,15.0,100.0,1.0,,
1988,dual_balanced,extremely risk-averse,extremely risk-seeking,True,40.0,20.0,0.0,10.0,0.0,10.0,0.0,0.0,0.0,10.0,10.0,0.0,0.0,0.0,0.0,0.0,0.0,0.0,0.0,0.0,0.0,0.0,0.0,0.0,0.0,100,1,,,True,0.0,0.0,0.0,0.0,0.0,0.0,0.0,0.0,0.0,0.0,0.0,0.0,0.0,0.0,0.0,25.0,10.0,0.0,0.0,10.0,0.0,0.0,10.0,30.0,15.0,100.0,1.0,,
1990,dual_opposition,somewhat risk-seeking,risk-neutral,True,0.0,0.0,0.0,0.0,0.0,0.0,0.0,0.0,0.0,0.0,0.0,15.0,0.0,5.0,0.0,25.0,0.0,10.0,0.0,10.0,0.0,0.0,0.0,20.0,15.0,100,1,Portfolio sums exactly to 100%.,,True,10.0,15.0,0.0,10.0,0.0,30.0,10.0,0.0,0.0,0.0,0.0,10.0,0.0,5.0,0.0,10.0,0.0,0.0,0.0,0.0,0.0,0.0,0.0,0.0,0.0,100.0,1.0,Portfolio sums exactly to 100%.,
1994,dual_opposition,somewhat risk-averse,extremely risk-averse,True,25.0,15.0,0.0,15.0,0.0,20.0,0.0,0.0,0.0,10.0,5.0,10.0,0.0,0.0,0.0,0.0,0.0,0.0,0.0,0.0,0.0,0.0,0.0,0.0,0.0,100,1,,,True,40.0,20.0,10.0,10.0,0.0,0.0,0.0,0.0,0.0,10.0,10.0,0.0,0.0,0.0,0.0,0.0,0.0,0.0,0.0,0.0,0.0,0.0,0.0,0.0,0.0,100.0,1.0,,
1962,dual_nonbiased,,,True,10.0,10.0,0.0,10.0,0.0,30.0,10.0,10.0,0.0,0.0,0.0,10.0,0.0,10.0,0.0,0.0,0.0,0.0,0.0,0.0,0.0,0.0,0.0,0.0,0.0,100,1,,,True,10.0,10.0,0.0,10.0,0.0,30.0,15.0,10.0,0.0,0.0,0.0,5.0,5.0,5.0,0.0,0.0,0.0,0.0,0.0,0.0,0.0,0.0,0.0,0.0,0.0,100.0,1.0,,
1981,dual_opposition,risk-neutral,extremely risk-averse,True,5.0,15.0,5.0,10.0,0.0,25.0,10.0,0.0,0.0,5.0,0.0,5.0,5.0,5.0,0.0,5.0,0.0,0.0,0.0,0.0,0.0,0.0,0.0,0.0,5.0,100,1,,,True,35.0,20.0,10.0,10.0,0.0,5.0,0.0,0.0,0.0,10.0,10.0,0.0,0.0,0.0,0.0,0.0,0.0,0.0,0.0,0.0,0.0,0.0,0.0,0.0,0.0,100.0,1.0,,
1996,dual_balanced,extremely risk-averse,somewhat risk-seeking,True,15.0,15.0,14.0,12.0,0.0,14.0,5.0,0.0,0.0,10.0,10.0,0.0,5.0,0.0,0.0,0.0,0.0,0.0,0.0,0.0,0.0,0.0,0.0,0.0,0.0,100,1,,,True,0.0,0.0,0.0,0.0,0.0,8.0,0.0,0.0,0.0,0.0,0.0,0.0,0.0,8.0,0.0,20.0,10.0,7.0,0.0,10.0,0.0,0.0,7.0,15.0,15.0,100.0,1.0,,
2002,dual_opposition,extremely risk-seeking,risk-neutral,True,0.0,0.0,0.0,0.0,0.0,0.0,0.0,0.0,0.0,0.0,0.0,0.0,0.0,0.0,0.0,20.0,15.0,0.0,0.0,15.0,0.0,0.0,0.0,30.0,20.0,100,1,,,True,0.0,15.0,0.0,10.0,0.0,30.0,10.0,10.0,0.0,0.0,0.0,0.0,0.0,0.0,0.0,15.0,0.0,0.0,0.0,0.0,0.0,0.0,0.0,10.0,0.0,100.0,1.0,,
2004,dual_nonbiased,,,True,10.0,0.0,10.0,5.0,10.0,15.0,10.0,0.0,0.0,5.0,0.0,10.0,10.0,5.0,10.0,0.0,0.0,0.0,0.0,0.0,0.0,0.0,0.0,0.0,0.0,100,1,,,True,10.0,0.0,10.0,10.0,10.0,20.0,10.0,0.0,0.0,0.0,0.0,10.0,10.0,10.0,0.0,0.0,0.0,0.0,0.0,0.0,0.0,0.0,0.0,0.0,0.0,100.0,1.0,,
2003,dual_balanced,extremely risk-averse,extremely risk-seeking,True,35.0,25.0,10.0,15.0,0.0,0.0,0.0,0.0,0.0,10.0,5.0,0.0,0.0,0.0,0.0,0.0,0.0,0.0,0.0,0.0,0.0,0.0,0.0,0.0,0.0,100,1,,,True,0.0,0.0,0.0,0.0,0.0,0.0,0.0,0.0,0.0,0.0,0.0,0.0,0.0,0.0,0.0,20.0,15.0,0.0,0.0,15.0,0.0,0.0,0.0,30.0,20.0,100.0,1.0,,
2007,dual_balanced,extremely risk-averse,somewhat risk-averse,True,35.0,20.0,0.0,15.0,0.0,5.0,0.0,0.0,0.0,15.0,10.0,0.0,0.0,0.0,0.0,0.0,0.0,0.0,0.0,0.0,0.0,0.0,0.0,0.0,0.0,100,1,,,True,25.0,15.0,0.0,10.0,0.0,15.0,0.0,5.0,5.0,15.0,10.0,0.0,0.0,0.0,0.0,0.0,0.0,0.0,0.0,0.0,0.0,0.0,0.0,0.0,0.0,100.0,1.0,,
1998,dual_opposition,risk-neutral,risk-neutral,True,0.0,10.0,0.0,10.0,0.0,25.0,0.0,0.0,0.0,0.0,0.0,15.0,0.0,0.0,0.0,20.0,15.0,0.0,0.0,0.0,0.0,0.0,0.0,5.0,0.0,100,3,,,True,0.0,10.0,0.0,10.0,0.0,25.0,0.0,0.0,0.0,0.0,0.0,15.0,0.0,0.0,0.0,20.0,15.0,0.0,0.0,0.0,0.0,0.0,0.0,5.0,0.0,100.0,3.0,,
2009,dual_nonbiased,,,True,20.0,0.0,0.0,15.0,0.0,40.0,0.0,0.0,0.0,15.0,0.0,0.0,10.0,0.0,0.0,0.0,0.0,0.0,0.0,0.0,0.0,0.0,0.0,0.0,0.0,100,3,,,True,0.0,20.0,0.0,10.0,0.0,40.0,15.0,0.0,15.0,0.0,0.0,0.0,0.0,0.0,0.0,0.0,0.0,0.0,0.0,0.0,0.0,0.0,0.0,0.0,0.0,100.0,3.0,,
2012,dual_opposition,extremely risk-averse,risk-neutral,True,30.0,20.0,0.0,15.0,0.0,10.0,0.0,0.0,0.0,15.0,10.0,0.0,0.0,0.0,0.0,0.0,0.0,0.0,0.0,0.0,0.0,0.0,0.0,0.0,0.0,100,1,,,True,0.0,15.0,0.0,10.0,0.0,20.0,10.0,10.0,0.0,10.0,0.0,10.0,10.0,0.0,0.0,0.0,0.0,0.0,0.0,0.0,0.0,0.0,0.0,5.0,0.0,100.0,1.0,,
2013,dual_balanced,somewhat risk-seeking,extremely risk-averse,True,0.0,0.0,0.0,0.0,0.0,10.0,0.0,15.0,0.0,0.0,0.0,0.0,0.0,0.0,0.0,20.0,15.0,0.0,0.0,10.0,0.0,0.0,0.0,20.0,10.0,100,2,,,True,40.0,20.0,10.0,10.0,0.0,0.0,0.0,0.0,0.0,10.0,10.0,0.0,0.0,0.0,0.0,0.0,0.0,0.0,0.0,0.0,0.0,0.0,0.0,0.0,0.0,100.0,2.0,,
2015,dual_opposition,somewhat risk-seeking,extremely risk-seeking,True,0.0,0.0,0.0,0.0,0.0,0.0,0.0,0.0,0.0,0.0,0.0,0.0,0.0,10.0,0.0,20.0,15.0,0.0,0.0,10.0,10.0,0.0,0.0,20.0,15.0,100,1,,,True,0.0,0.0,0.0,0.0,0.0,0.0,0.0,0.0,0.0,0.0,0.0,0.0,0.0,0.0,0.0,25.0,15.0,0.0,0.0,0.0,20.0,0.0,0.0,25.0,15.0,100.0,1.0,,
2018,dual_nonbiased,,,True,15.0,10.0,0.0,5.0,0.0,25.0,5.0,5.0,0.0,5.0,0.0,10.0,0.0,5.0,0.0,10.0,0.0,0.0,0.0,0.0,0.0,0.0,0.0,5.0,0.0,100,1,,,True,0.0,15.0,0.0,10.0,0.0,30.0,10.0,10.0,0.0,0.0,0.0,10.0,0.0,0.0,0.0,10.0,0.0,0.0,0.0,0.0,0.0,0.0,0.0,5.0,0.0,100.0,1.0,,
2021,dual_balanced,risk-neutral,somewhat risk-averse,True,10.0,10.0,0.0,5.0,0.0,15.0,5.0,5.0,0.0,5.0,0.0,10.0,10.0,10.0,0.0,10.0,0.0,0.0,0.0,0.0,0.0,0.0,0.0,5.0,0.0,100,1,,,True,20.0,15.0,10.0,10.0,0.0,15.0,0.0,0.0,0.0,10.0,10.0,5.0,5.0,0.0,0.0,0.0,0.0,0.0,0.0,0.0,0.0,0.0,0.0,0.0,0.0,100.0,1.0,,
2024,dual_opposition,somewhat risk-averse,somewhat risk-averse,True,20.0,15.0,5.0,10.0,0.0,30.0,0.0,0.0,0.0,10.0,10.0,0.0,0.0,0.0,0.0,0.0,0.0,0.0,0.0,0.0,0.0,0.0,0.0,0.0,0.0,100,2,,,True,30.0,0.0,0.0,20.0,0.0,30.0,0.0,0.0,0.0,10.0,10.0,0.0,0.0,0.0,0.0,0.0,0.0,0.0,0.0,0.0,0.0,0.0,0.0,0.0,0.0,100.0,2.0,,
2026,dual_opposition,somewhat risk-seeking,risk-neutral,True,0.0,0.0,0.0,0.0,0.0,10.0,0.0,0.0,0.0,0.0,0.0,0.0,0.0,0.0,0.0,25.0,15.0,0.0,0.0,15.0,0.0,0.0,0.0,20.0,15.0,100,1,,,True,15.0,0.0,0.0,10.0,0.0,25.0,0.0,10.0,10.0,10.0,0.0,10.0,10.0,0.0,0.0,0.0,0.0,0.0,0.0,0.0,0.0,0.0,0.0,0.0,0.0,100.0,1.0,,
2027,dual_balanced,risk-neutral,extremely risk-seeking,True,0.0,10.0,0.0,10.0,0.0,30.0,10.0,10.0,0.0,0.0,0.0,10.0,10.0,0.0,0.0,0.0,0.0,0.0,0.0,0.0,0.0,0.0,0.0,5.0,5.0,100,1,,,True,0.0,0.0,0.0,0.0,0.0,0.0,0.0,0.0,0.0,0.0,0.0,0.0,0.0,0.0,0.0,25.0,20.0,0.0,0.0,0.0,0.0,10.0,5.0,25.0,15.0,100.0,1.0,,
2028,dual_balanced,risk-neutral,extremely risk-seeking,True,0.0,15.0,0.0,10.0,0.0,25.0,10.0,10.0,0.0,0.0,0.0,0.0,15.0,0.0,15.0,0.0,0.0,0.0,0.0,0.0,0.0,0.0,0.0,0.0,0.0,100,1,,,True,0.0,0.0,0.0,0.0,0.0,0.0,0.0,0.0,0.0,0.0,0.0,0.0,0.0,0.0,0.0,20.0,15.0,0.0,0.0,10.0,0.0,0.0,10.0,30.0,15.0,100.0,1.0,,
2033,dual_balanced,somewhat risk-averse,risk-neutral,True,20.0,15.0,0.0,10.0,0.0,20.0,0.0,10.0,0.0,15.0,0.0,0.0,0.0,0.0,0.0,0.0,0.0,0.0,0.0,0.0,0.0,10.0,0.0,0.0,0.0,100,2,,,True,10.0,10.0,0.0,0.0,0.0,20.0,0.0,15.0,0.0,0.0,10.0,0.0,10.0,0.0,0.0,10.0,5.0,0.0,0.0,0.0,0.0,10.0,0.0,0.0,0.0,100.0,2.0,,
2034,dual_balanced,somewhat risk-averse,somewhat risk-seeking,True,25.0,15.0,0.0,15.0,0.0,15.0,0.0,0.0,0.0,10.0,10.0,10.0,0.0,0.0,0.0,0.0,0.0,0.0,0.0,0.0,0.0,0.0,0.0,0.0,0.0,100,1,,,True,0.0,0.0,0.0,0.0,0.0,0.0,0.0,0.0,0.0,0.0,0.0,10.0,0.0,0.0,0.0,25.0,15.0,0.0,0.0,15.0,0.0,0.0,0.0,20.0,15.0,100.0,1.0,,
2029,dual_balanced,risk-neutral,somewhat risk-averse,True,15.0,15.0,5.0,10.0,0.0,20.0,5.0,0.0,0.0,10.0,0.0,10.0,10.0,0.0,0.0,0.0,0.0,0.0,0.0,0.0,0.0,0.0,0.0,0.0,0.0,100,2,,,True,20.0,15.0,10.0,10.0,0.0,20.0,0.0,0.0,0.0,10.0,0.0,10.0,5.0,0.0,0.0,0.0,0.0,0.0,0.0,0.0,0.0,0.0,0.0,0.0,0.0,100.0,2.0,,
2038,dual_opposition,extremely risk-seeking,somewhat risk-seeking,True,0.0,0.0,0.0,0.0,0.0,0.0,0.0,0.0,0.0,0.0,0.0,0.0,0.0,0.0,0.0,25.0,0.0,0.0,0.0,15.0,0.0,0.0,10.0,30.0,20.0,100,1,,,True,0.0,0.0,0.0,0.0,0.0,0.0,0.0,0.0,0.0,0.0,0.0,0.0,0.0,10.0,0.0,25.0,15.0,0.0,0.0,15.0,0.0,0.0,0.0,20.0,15.0,100.0,1.0,,
2044,dual_opposition,somewhat risk-seeking,risk-neutral,True,0.0,0.0,0.0,0.0,0.0,0.0,0.0,0.0,0.0,0.0,0.0,0.0,0.0,0.0,10.0,25.0,15.0,0.0,0.0,15.0,0.0,0.0,10.0,15.0,10.0,100,1,,,True,0.0,15.0,0.0,10.0,0.0,20.0,15.0,0.0,0.0,0.0,0.0,10.0,10.0,0.0,0.0,15.0,0.0,0.0,0.0,0.0,0.0,0.0,0.0,5.0,0.0,100.0,1.0,,
2043,dual_balanced,extremely risk-seeking,somewhat risk-averse,True,0.0,0.0,0.0,0.0,0.0,0.0,0.0,0.0,0.0,0.0,0.0,0.0,0.0,0.0,0.0,20.0,15.0,0.0,0.0,15.0,0.0,0.0,10.0,20.0,20.0,100,1,,,True,20.0,15.0,10.0,10.0,0.0,15.0,10.0,0.0,0.0,10.0,10.0,0.0,0.0,0.0,0.0,0.0,0.0,0.0,0.0,0.0,0.0,0.0,0.0,0.0,0.0,100.0,1.0,,
2045,dual_nonbiased,,,True,10.0,10.0,10.0,5.0,0.0,15.0,5.0,0.0,0.0,0.0,0.0,10.0,10.0,10.0,0.0,0.0,0.0,0.0,0.0,0.0,10.0,0.0,5.0,0.0,0.0,100,1,,,True,10.0,10.0,5.0,5.0,0.0,10.0,5.0,5.0,0.0,0.0,0.0,10.0,10.0,10.0,0.0,0.0,0.0,5.0,0.0,0.0,10.0,0.0,5.0,0.0,0.0,100.0,1.0,,
2058,dual_nonbiased,,,True,0.0,0.0,0.0,0.0,0.0,25.0,0.0,0.0,10.0,0.0,0.0,10.0,0.0,10.0,10.0,10.0,10.0,0.0,0.0,0.0,0.0,0.0,0.0,10.0,5.0,100,3,,,False,,,,,,,,,,,,,,,,,,,,,,,,,,,,,no specific percentages
2051,dual_nonbiased,,,True,20.0,0.0,0.0,10.0,0.0,30.0,10.0,5.0,0.0,0.0,0.0,0.0,0.0,0.0,0.0,0.0,10.0,0.0,0.0,0.0,0.0,0.0,0.0,15.0,0.0,100,1,,,True,20.0,0.0,0.0,10.0,0.0,30.0,10.0,5.0,0.0,0.0,0.0,0.0,0.0,0.0,0.0,0.0,10.0,0.0,0.0,0.0,0.0,0.0,0.0,15.0,0.0,100.0,1.0,,
2046,dual_opposition,risk-neutral,risk-neutral,True,0.0,15.0,0.0,5.0,0.0,35.0,10.0,0.0,0.0,10.0,0.0,0.0,5.0,0.0,10.0,5.0,0.0,0.0,0.0,0.0,0.0,0.0,0.0,5.0,0.0,100,1,,,True,0.0,15.0,0.0,5.0,0.0,30.0,10.0,0.0,0.0,10.0,0.0,0.0,10.0,0.0,10.0,5.0,0.0,0.0,0.0,0.0,0.0,0.0,0.0,5.0,0.0,100.0,1.0,,
2047,dual_opposition,risk-neutral,extremely risk-seeking,True,0.0,15.0,0.0,10.0,0.0,30.0,10.0,0.0,0.0,10.0,0.0,0.0,15.0,0.0,10.0,0.0,0.0,0.0,0.0,0.0,0.0,0.0,0.0,0.0,0.0,100,1,,,True,0.0,0.0,0.0,0.0,0.0,0.0,0.0,0.0,0.0,0.0,0.0,0.0,0.0,0.0,0.0,25.0,20.0,0.0,0.0,15.0,0.0,0.0,0.0,25.0,15.0,100.0,1.0,,
2048,dual_balanced,extremely risk-seeking,extremely risk-averse,True,0.0,0.0,0.0,0.0,0.0,0.0,0.0,0.0,0.0,0.0,0.0,0.0,0.0,0.0,0.0,15.0,15.0,0.0,10.0,10.0,0.0,0.0,0.0,30.0,20.0,100,1,,,True,35.0,20.0,15.0,15.0,0.0,0.0,0.0,0.0,0.0,15.0,0.0,0.0,0.0,0.0,0.0,0.0,0.0,0.0,0.0,0.0,0.0,0.0,0.0,0.0,0.0,100.0,1.0,,
2055,dual_balanced,risk-neutral,extremely risk-averse,True,0.0,10.0,0.0,5.0,0.0,20.0,10.0,0.0,0.0,5.0,0.0,10.0,10.0,10.0,10.0,10.0,0.0,0.0,0.0,0.0,0.0,0.0,0.0,0.0,0.0,100,1,,,True,35.0,20.0,0.0,15.0,0.0,10.0,0.0,0.0,0.0,10.0,10.0,0.0,0.0,0.0,0.0,0.0,0.0,0.0,0.0,0.0,0.0,0.0,0.0,0.0,0.0,100.0,1.0,,
2054,dual_nonbiased,,,True,10.0,0.0,0.0,5.0,0.0,15.0,10.0,10.0,5.0,5.0,5.0,0.0,15.0,0.0,10.0,10.0,0.0,0.0,0.0,0.0,0.0,0.0,0.0,0.0,0.0,100,1,,,True,0.0,10.0,0.0,10.0,0.0,15.0,10.0,10.0,0.0,5.0,5.0,0.0,15.0,0.0,10.0,10.0,0.0,0.0,0.0,0.0,0.0,0.0,0.0,0.0,0.0,100.0,1.0,,
2059,dual_nonbiased,,,True,10.0,10.0,0.0,10.0,0.0,25.0,10.0,0.0,0.0,0.0,10.0,0.0,5.0,0.0,5.0,0.0,0.0,0.0,0.0,0.0,0.0,0.0,0.0,10.0,5.0,100,1,,,True,0.0,10.0,0.0,10.0,0.0,25.0,10.0,0.0,0.0,10.0,0.0,0.0,10.0,0.0,10.0,0.0,0.0,0.0,0.0,0.0,0.0,0.0,0.0,10.0,5.0,100.0,1.0,,
2067,dual_opposition,risk-neutral,risk-neutral,True,10.0,20.0,0.0,10.0,0.0,25.0,0.0,0.0,0.0,0.0,0.0,10.0,10.0,5.0,0.0,10.0,0.0,0.0,0.0,0.0,0.0,0.0,0.0,0.0,0.0,100,1,,,True,10.0,15.0,0.0,5.0,0.0,25.0,10.0,0.0,0.0,0.0,0.0,10.0,10.0,0.0,0.0,10.0,0.0,0.0,0.0,0.0,0.0,0.0,0.0,5.0,0.0,100.0,1.0,,
2070,dual_opposition,extremely risk-averse,extremely risk-averse,True,30.0,20.0,0.0,20.0,0.0,5.0,0.0,0.0,0.0,15.0,10.0,0.0,0.0,0.0,0.0,0.0,0.0,0.0,0.0,0.0,0.0,0.0,0.0,0.0,0.0,100,1,,,True,30.0,20.0,0.0,15.0,0.0,10.0,0.0,0.0,0.0,15.0,10.0,0.0,0.0,0.0,0.0,0.0,0.0,0.0,0.0,0.0,0.0,0.0,0.0,0.0,0.0,100.0,1.0,,
2074,dual_opposition,risk-neutral,risk-neutral,True,0.0,25.0,0.0,10.0,0.0,30.0,10.0,0.0,0.0,10.0,0.0,0.0,10.0,5.0,0.0,0.0,0.0,0.0,0.0,0.0,0.0,0.0,0.0,0.0,0.0,100,1,,,True,0.0,20.0,10.0,5.0,0.0,30.0,10.0,5.0,0.0,0.0,0.0,5.0,5.0,5.0,0.0,5.0,0.0,0.0,0.0,0.0,0.0,0.0,0.0,0.0,0.0,100.0,1.0,,
2079,dual_balanced,risk-neutral,extremely risk-averse,True,10.0,0.0,0.0,10.0,0.0,20.0,10.0,0.0,0.0,10.0,0.0,15.0,0.0,15.0,10.0,0.0,0.0,0.0,0.0,0.0,0.0,0.0,0.0,0.0,0.0,100,1,,,True,40.0,20.0,10.0,10.0,0.0,0.0,0.0,0.0,0.0,10.0,10.0,0.0,0.0,0.0,0.0,0.0,0.0,0.0,0.0,0.0,0.0,0.0,0.0,0.0,0.0,100.0,1.0,,
2080,dual_nonbiased,,,True,0.0,15.0,0.0,10.0,0.0,25.0,10.0,0.0,0.0,0.0,0.0,10.0,10.0,0.0,0.0,0.0,10.0,0.0,0.0,0.0,0.0,0.0,0.0,10.0,0.0,100,3,,,True,0.0,15.0,0.0,5.0,5.0,25.0,10.0,0.0,0.0,0.0,0.0,10.0,10.0,0.0,0.0,0.0,10.0,0.0,0.0,0.0,0.0,0.0,0.0,10.0,0.0,100.0,3.0,,
2076,dual_nonbiased,,,True,10.0,0.0,0.0,10.0,0.0,25.0,10.0,10.0,0.0,0.0,0.0,0.0,0.0,0.0,10.0,15.0,0.0,0.0,0.0,0.0,0.0,0.0,0.0,10.0,0.0,100,1,,,True,0.0,15.0,0.0,10.0,0.0,30.0,0.0,10.0,0.0,0.0,0.0,0.0,0.0,0.0,10.0,15.0,0.0,0.0,0.0,0.0,0.0,0.0,0.0,10.0,0.0,100.0,1.0,,
2077,dual_balanced,risk-neutral,extremely risk-averse,True,0.0,20.0,0.0,10.0,10.0,30.0,10.0,5.0,0.0,0.0,0.0,0.0,15.0,0.0,0.0,0.0,0.0,0.0,0.0,0.0,0.0,0.0,0.0,0.0,0.0,100,1,,,True,30.0,20.0,15.0,15.0,0.0,0.0,0.0,0.0,0.0,10.0,10.0,0.0,0.0,0.0,0.0,0.0,0.0,0.0,0.0,0.0,0.0,0.0,0.0,0.0,0.0,100.0,1.0,,
2082,dual_nonbiased,,,True,5.0,5.0,0.0,10.0,5.0,20.0,10.0,10.0,5.0,0.0,0.0,10.0,10.0,0.0,0.0,10.0,0.0,0.0,0.0,0.0,0.0,0.0,0.0,0.0,0.0,100,1,,,True,15.0,0.0,0.0,10.0,0.0,25.0,10.0,10.0,0.0,0.0,0.0,10.0,10.0,0.0,0.0,10.0,0.0,0.0,0.0,0.0,0.0,0.0,0.0,0.0,0.0,100.0,1.0,,
2084,dual_balanced,extremely risk-averse,risk-neutral,True,25.0,20.0,15.0,10.0,0.0,10.0,0.0,0.0,0.0,10.0,10.0,0.0,0.0,0.0,0.0,0.0,0.0,0.0,0.0,0.0,0.0,0.0,0.0,0.0,0.0,100,1,,,True,0.0,15.0,10.0,10.0,0.0,25.0,10.0,10.0,0.0,0.0,0.0,0.0,0.0,0.0,10.0,10.0,0.0,0.0,0.0,0.0,0.0,0.0,0.0,0.0,0.0,100.0,1.0,,
2081,dual_nonbiased,,,True,15.0,0.0,0.0,15.0,0.0,30.0,10.0,10.0,10.0,0.0,0.0,5.0,5.0,0.0,0.0,0.0,0.0,0.0,0.0,0.0,0.0,0.0,0.0,0.0,0.0,100,1,,,True,15.0,0.0,0.0,10.0,0.0,25.0,10.0,10.0,0.0,10.0,0.0,10.0,10.0,0.0,0.0,0.0,0.0,0.0,0.0,0.0,0.0,0.0,0.0,0.0,0.0,100.0,1.0,,
2083,dual_opposition,somewhat risk-averse,extremely risk-averse,True,20.0,15.0,0.0,15.0,0.0,20.0,0.0,5.0,0.0,10.0,10.0,0.0,0.0,0.0,0.0,5.0,0.0,0.0,0.0,0.0,0.0,0.0,0.0,0.0,0.0,100,1,,,True,30.0,20.0,10.0,10.0,0.0,10.0,0.0,0.0,0.0,10.0,10.0,0.0,0.0,0.0,0.0,0.0,0.0,0.0,0.0,0.0,0.0,0.0,0.0,0.0,0.0,100.0,1.0,,
2085,dual_nonbiased,,,True,15.0,0.0,0.0,15.0,0.0,20.0,10.0,10.0,0.0,0.0,0.0,0.0,10.0,10.0,0.0,10.0,0.0,0.0,0.0,0.0,0.0,0.0,0.0,0.0,0.0,100,1,,,True,20.0,0.0,0.0,10.0,0.0,20.0,10.0,10.0,0.0,0.0,0.0,0.0,10.0,10.0,0.0,10.0,0.0,0.0,0.0,0.0,0.0,0.0,0.0,0.0,0.0,100.0,1.0,,
2101,dual_opposition,extremely risk-averse,risk-neutral,True,30.0,25.0,15.0,10.0,0.0,0.0,0.0,0.0,0.0,10.0,10.0,0.0,0.0,0.0,0.0,0.0,0.0,0.0,0.0,0.0,0.0,0.0,0.0,0.0,0.0,100,2,,,False,,,,,,,,,,,,,,,,,,,,,,,,,,,,,no specific percentages
2089,dual_opposition,risk-neutral,extremely risk-seeking,True,20.0,20.0,5.0,10.0,0.0,25.0,0.0,0.0,0.0,10.0,10.0,0.0,0.0,0.0,0.0,0.0,0.0,0.0,0.0,0.0,0.0,0.0,0.0,0.0,0.0,100,3,,,True,0.0,0.0,0.0,0.0,0.0,0.0,0.0,0.0,0.0,0.0,0.0,0.0,0.0,0.0,0.0,35.0,25.0,0.0,0.0,0.0,10.0,15.0,15.0,0.0,0.0,100.0,3.0,,
2098,dual_nonbiased,,,True,10.0,20.0,20.0,10.0,0.0,40.0,0.0,0.0,0.0,0.0,0.0,0.0,0.0,0.0,0.0,0.0,0.0,0.0,0.0,0.0,0.0,0.0,0.0,0.0,0.0,100,2,,,True,0.0,20.0,20.0,10.0,0.0,40.0,0.0,0.0,0.0,0.0,0.0,0.0,0.0,0.0,0.0,10.0,0.0,0.0,0.0,0.0,0.0,0.0,0.0,0.0,0.0,100.0,2.0,,
2087,dual_opposition,somewhat risk-seeking,extremely risk-seeking,True,0.0,0.0,0.0,0.0,0.0,15.0,0.0,0.0,0.0,0.0,0.0,10.0,10.0,0.0,10.0,15.0,10.0,0.0,0.0,0.0,0.0,0.0,0.0,15.0,15.0,100,3,Final allocation focuses on mega-cap tech and crypto for short-term upside.,,True,0.0,0.0,0.0,0.0,0.0,0.0,0.0,0.0,0.0,0.0,0.0,0.0,0.0,0.0,0.0,20.0,10.0,10.0,0.0,10.0,10.0,10.0,0.0,15.0,15.0,100.0,3.0,Final allocation emphasizes high-beta tech and crypto for short-term gains.,
2092,dual_balanced,extremely risk-seeking,somewhat risk-averse,True,0.0,0.0,0.0,0.0,0.0,0.0,0.0,0.0,0.0,0.0,0.0,0.0,0.0,0.0,0.0,35.0,10.0,0.0,0.0,10.0,5.0,0.0,0.0,25.0,15.0,100,1,,,True,20.0,15.0,0.0,10.0,0.0,20.0,0.0,0.0,0.0,10.0,0.0,10.0,0.0,0.0,0.0,10.0,0.0,0.0,0.0,0.0,0.0,0.0,0.0,5.0,0.0,100.0,1.0,,
2086,dual_opposition,extremely risk-seeking,extremely risk-seeking,True,0.0,0.0,0.0,0.0,0.0,0.0,0.0,0.0,0.0,0.0,0.0,0.0,0.0,0.0,0.0,20.0,0.0,0.0,0.0,15.0,0.0,35.0,0.0,20.0,10.0,100,2,,,True,0.0,0.0,0.0,0.0,0.0,0.0,0.0,0.0,0.0,0.0,0.0,0.0,0.0,0.0,0.0,25.0,0.0,15.0,0.0,0.0,0.0,30.0,0.0,20.0,10.0,100.0,2.0,,
2095,dual_nonbiased,,,True,0.0,15.0,15.0,10.0,0.0,20.0,10.0,0.0,10.0,0.0,0.0,10.0,10.0,0.0,0.0,0.0,0.0,0.0,0.0,0.0,0.0,0.0,0.0,0.0,0.0,100,1,,,True,5.0,10.0,10.0,10.0,0.0,15.0,10.0,10.0,10.0,0.0,0.0,10.0,10.0,0.0,0.0,0.0,0.0,0.0,0.0,0.0,0.0,0.0,0.0,0.0,0.0,100.0,1.0,,
2111,dual_nonbiased,,,True,10.0,0.0,0.0,15.0,0.0,25.0,0.0,0.0,0.0,0.0,0.0,0.0,0.0,10.0,10.0,15.0,15.0,0.0,0.0,0.0,0.0,0.0,0.0,0.0,0.0,100,1,,,True,10.0,0.0,0.0,10.0,0.0,30.0,0.0,0.0,0.0,0.0,0.0,0.0,0.0,10.0,10.0,15.0,15.0,0.0,0.0,0.0,0.0,0.0,0.0,0.0,0.0,100.0,1.0,,
2105,dual_nonbiased,,,True,10.0,0.0,0.0,15.0,0.0,25.0,10.0,0.0,0.0,0.0,10.0,10.0,10.0,0.0,0.0,10.0,0.0,0.0,0.0,0.0,0.0,0.0,0.0,0.0,0.0,100,1,,,True,5.0,10.0,0.0,10.0,0.0,20.0,10.0,0.0,0.0,0.0,0.0,10.0,10.0,10.0,0.0,10.0,0.0,0.0,0.0,0.0,5.0,0.0,0.0,0.0,0.0,100.0,1.0,,
2127,dual_balanced,risk-neutral,extremely risk-averse,True,15.0,15.0,0.0,10.0,0.0,20.0,10.0,0.0,0.0,10.0,0.0,10.0,0.0,10.0,0.0,0.0,0.0,0.0,0.0,0.0,0.0,0.0,0.0,0.0,0.0,100,3,,,True,35.0,20.0,0.0,10.0,0.0,0.0,0.0,0.0,0.0,10.0,5.0,10.0,5.0,5.0,0.0,0.0,0.0,0.0,0.0,0.0,0.0,0.0,0.0,0.0,0.0,100.0,3.0,,
2131,dual_nonbiased,,,True,0.0,15.0,0.0,10.0,0.0,20.0,10.0,0.0,0.0,0.0,10.0,0.0,0.0,0.0,0.0,20.0,0.0,0.0,5.0,0.0,0.0,0.0,0.0,10.0,0.0,100,1,,,True,0.0,10.0,0.0,10.0,0.0,25.0,10.0,0.0,0.0,0.0,10.0,0.0,0.0,0.0,0.0,20.0,0.0,0.0,5.0,0.0,0.0,0.0,0.0,10.0,0.0,100.0,1.0,,
2114,dual_balanced,somewhat risk-averse,extremely risk-averse,True,20.0,20.0,0.0,15.0,0.0,15.0,0.0,0.0,0.0,10.0,0.0,5.0,5.0,0.0,0.0,5.0,5.0,0.0,0.0,0.0,0.0,0.0,0.0,0.0,0.0,100,2,,,True,40.0,20.0,5.0,10.0,0.0,0.0,0.0,0.0,0.0,10.0,10.0,0.0,0.0,0.0,0.0,5.0,0.0,0.0,0.0,0.0,0.0,0.0,0.0,0.0,0.0,100.0,2.0,,
2120,dual_balanced,somewhat risk-seeking,risk-neutral,True,0.0,0.0,0.0,0.0,0.0,0.0,0.0,0.0,0.0,0.0,0.0,10.0,0.0,0.0,0.0,25.0,20.0,0.0,0.0,15.0,0.0,0.0,0.0,20.0,10.0,100,1,,,True,0.0,20.0,10.0,10.0,0.0,30.0,0.0,0.0,0.0,10.0,0.0,10.0,10.0,0.0,0.0,0.0,0.0,0.0,0.0,0.0,0.0,0.0,0.0,0.0,0.0,100.0,1.0,,
2129,dual_opposition,somewhat risk-seeking,somewhat risk-seeking,True,0.0,0.0,0.0,0.0,0.0,0.0,0.0,0.0,0.0,0.0,0.0,0.0,0.0,0.0,0.0,20.0,20.0,10.0,10.0,10.0,0.0,0.0,0.0,15.0,15.0,100,1,,,True,0.0,0.0,0.0,0.0,0.0,0.0,0.0,0.0,0.0,0.0,0.0,0.0,0.0,0.0,0.0,0.0,0.0,15.0,0.0,0.0,0.0,20.0,20.0,25.0,20.0,100.0,2.0,,
2147,dual_balanced,somewhat risk-averse,somewhat risk-seeking,True,25.0,20.0,10.0,10.0,0.0,15.0,0.0,0.0,0.0,10.0,10.0,0.0,0.0,0.0,0.0,0.0,0.0,0.0,0.0,0.0,0.0,0.0,0.0,0.0,0.0,100,1,,,True,0.0,0.0,0.0,0.0,0.0,0.0,0.0,20.0,0.0,0.0,0.0,0.0,0.0,0.0,0.0,15.0,0.0,0.0,0.0,20.0,0.0,10.0,10.0,15.0,10.0,100.0,2.0,,
2136,dual_balanced,somewhat risk-seeking,extremely risk-averse,True,0.0,0.0,0.0,0.0,0.0,10.0,0.0,0.0,0.0,0.0,0.0,0.0,0.0,0.0,0.0,25.0,20.0,0.0,0.0,15.0,0.0,0.0,0.0,20.0,10.0,100,1,,,True,25.0,30.0,10.0,10.0,0.0,5.0,0.0,0.0,0.0,10.0,10.0,0.0,0.0,0.0,0.0,0.0,0.0,0.0,0.0,0.0,0.0,0.0,0.0,0.0,0.0,100.0,1.0,,
2138,dual_nonbiased,,,True,0.0,0.0,0.0,40.0,0.0,0.0,0.0,15.0,20.0,10.0,0.0,0.0,0.0,0.0,0.0,0.0,0.0,0.0,0.0,15.0,0.0,0.0,0.0,0.0,0.0,100,4,,,True,10.0,0.0,0.0,40.0,0.0,0.0,0.0,15.0,15.0,0.0,0.0,0.0,0.0,0.0,0.0,0.0,0.0,0.0,0.0,20.0,0.0,0.0,0.0,0.0,0.0,100.0,4.0,,
2144,dual_balanced,extremely risk-averse,risk-neutral,True,30.0,20.0,15.0,10.0,0.0,5.0,0.0,0.0,0.0,10.0,10.0,0.0,0.0,0.0,0.0,0.0,0.0,0.0,0.0,0.0,0.0,0.0,0.0,0.0,0.0,100,1,,,True,0.0,10.0,0.0,10.0,0.0,20.0,10.0,10.0,0.0,10.0,0.0,10.0,10.0,0.0,0.0,0.0,0.0,0.0,0.0,10.0,0.0,0.0,0.0,0.0,0.0,100.0,1.0,,
2148,dual_nonbiased,,,True,0.0,0.0,0.0,0.0,0.0,0.0,0.0,0.0,0.0,0.0,0.0,0.0,0.0,0.0,0.0,35.0,10.0,0.0,0.0,10.0,0.0,0.0,0.0,25.0,20.0,100,2,,,True,0.0,0.0,0.0,0.0,0.0,0.0,0.0,0.0,0.0,0.0,0.0,0.0,0.0,0.0,0.0,30.0,20.0,0.0,0.0,0.0,10.0,0.0,10.0,30.0,0.0,100.0,2.0,,
2146,dual_opposition,somewhat risk-seeking,somewhat risk-seeking,True,0.0,0.0,0.0,0.0,0.0,0.0,0.0,0.0,0.0,0.0,0.0,0.0,0.0,10.0,0.0,20.0,15.0,0.0,10.0,10.0,0.0,0.0,5.0,15.0,15.0,100,1,,,True,0.0,0.0,0.0,0.0,0.0,0.0,0.0,0.0,0.0,0.0,0.0,0.0,0.0,0.0,0.0,25.0,15.0,10.0,0.0,10.0,0.0,0.0,0.0,25.0,15.0,100.0,1.0,,
2152,dual_opposition,risk-neutral,somewhat risk-seeking,True,0.0,20.0,10.0,10.0,0.0,30.0,0.0,0.0,0.0,0.0,0.0,10.0,10.0,0.0,0.0,0.0,0.0,0.0,0.0,0.0,0.0,0.0,0.0,5.0,5.0,100,1,,,True,0.0,0.0,0.0,0.0,0.0,0.0,0.0,0.0,0.0,0.0,0.0,0.0,0.0,0.0,0.0,25.0,0.0,10.0,0.0,10.0,0.0,0.0,10.0,25.0,20.0,100.0,1.0,,
2150,dual_nonbiased,,,True,0.0,0.0,0.0,0.0,0.0,0.0,0.0,0.0,0.0,0.0,0.0,0.0,0.0,0.0,0.0,40.0,30.0,0.0,0.0,0.0,0.0,0.0,10.0,10.0,10.0,100,2,,,True,0.0,0.0,0.0,0.0,0.0,0.0,0.0,0.0,0.0,0.0,0.0,0.0,0.0,0.0,0.0,40.0,15.0,0.0,0.0,15.0,0.0,0.0,0.0,20.0,10.0,100.0,2.0,,
2156,dual_nonbiased,,,True,15.0,0.0,0.0,0.0,0.0,30.0,0.0,0.0,0.0,0.0,0.0,0.0,10.0,10.0,0.0,20.0,0.0,0.0,0.0,15.0,0.0,0.0,0.0,0.0,0.0,100,1,,,True,0.0,20.0,0.0,10.0,0.0,30.0,0.0,0.0,0.0,0.0,0.0,0.0,15.0,0.0,0.0,15.0,0.0,0.0,0.0,0.0,10.0,0.0,0.0,0.0,0.0,100.0,1.0,,
2155,dual_balanced,extremely risk-averse,extremely risk-seeking,True,40.0,20.0,15.0,15.0,0.0,0.0,0.0,0.0,0.0,10.0,0.0,0.0,0.0,0.0,0.0,0.0,0.0,0.0,0.0,0.0,0.0,0.0,0.0,0.0,0.0,100,1,,,True,0.0,0.0,0.0,0.0,0.0,0.0,0.0,0.0,0.0,0.0,0.0,0.0,0.0,0.0,0.0,30.0,15.0,0.0,0.0,15.0,0.0,0.0,0.0,25.0,15.0,100.0,1.0,,
2154,dual_balanced,risk-neutral,somewhat risk-seeking,True,10.0,15.0,0.0,5.0,0.0,20.0,10.0,10.0,0.0,0.0,0.0,10.0,10.0,0.0,0.0,0.0,0.0,0.0,0.0,0.0,0.0,0.0,0.0,5.0,5.0,100,1,,,True,0.0,0.0,0.0,0.0,0.0,10.0,0.0,0.0,0.0,0.0,0.0,0.0,0.0,15.0,0.0,20.0,15.0,10.0,0.0,0.0,0.0,0.0,0.0,15.0,15.0,100.0,1.0,,
2158,dual_balanced,somewhat risk-seeking,somewhat risk-averse,True,0.0,0.0,0.0,0.0,0.0,0.0,0.0,0.0,0.0,0.0,0.0,0.0,0.0,15.0,0.0,20.0,0.0,0.0,0.0,15.0,0.0,0.0,10.0,25.0,15.0,100,1,,,True,25.0,15.0,0.0,15.0,0.0,15.0,0.0,0.0,0.0,15.0,0.0,5.0,0.0,5.0,0.0,0.0,0.0,0.0,0.0,0.0,0.0,0.0,0.0,5.0,0.0,100.0,1.0,,
2159,dual_nonbiased,,,True,0.0,15.0,0.0,15.0,0.0,30.0,0.0,0.0,0.0,0.0,15.0,0.0,15.0,0.0,0.0,0.0,0.0,0.0,0.0,0.0,0.0,0.0,0.0,10.0,0.0,100,1,,,True,0.0,15.0,0.0,15.0,0.0,30.0,0.0,0.0,0.0,0.0,15.0,0.0,10.0,0.0,0.0,0.0,0.0,0.0,0.0,0.0,0.0,0.0,0.0,15.0,0.0,100.0,1.0,,
2160,dual_opposition,somewhat risk-averse,extremely risk-averse,True,20.0,15.0,10.0,10.0,5.0,10.0,0.0,0.0,0.0,10.0,10.0,5.0,5.0,0.0,0.0,0.0,0.0,0.0,0.0,0.0,0.0,0.0,0.0,0.0,0.0,100,1,,,True,35.0,20.0,15.0,10.0,0.0,0.0,0.0,0.0,0.0,10.0,10.0,0.0,0.0,0.0,0.0,0.0,0.0,0.0,0.0,0.0,0.0,0.0,0.0,0.0,0.0,100.0,1.0,,
2168,dual_nonbiased,,,True,0.0,15.0,0.0,15.0,0.0,25.0,0.0,15.0,0.0,0.0,0.0,15.0,0.0,0.0,0.0,15.0,0.0,0.0,0.0,0.0,0.0,0.0,0.0,0.0,0.0,100,1,,,True,0.0,10.0,0.0,10.0,0.0,20.0,10.0,10.0,0.0,0.0,0.0,10.0,10.0,0.0,0.0,10.0,0.0,0.0,0.0,0.0,0.0,0.0,0.0,10.0,0.0,100.0,1.0,,
2162,dual_nonbiased,,,True,15.0,0.0,0.0,10.0,0.0,30.0,10.0,0.0,0.0,0.0,0.0,0.0,15.0,0.0,10.0,10.0,0.0,0.0,0.0,0.0,0.0,0.0,0.0,0.0,0.0,100,1,,,True,10.0,0.0,0.0,10.0,5.0,25.0,10.0,0.0,0.0,10.0,0.0,0.0,10.0,10.0,0.0,10.0,0.0,0.0,0.0,0.0,0.0,0.0,0.0,0.0,0.0,100.0,1.0,,
2163,dual_nonbiased,,,True,0.0,20.0,0.0,10.0,0.0,20.0,10.0,15.0,0.0,0.0,0.0,0.0,0.0,0.0,15.0,5.0,0.0,0.0,0.0,5.0,0.0,0.0,0.0,0.0,0.0,100,1,,,True,0.0,20.0,0.0,10.0,0.0,20.0,10.0,15.0,0.0,0.0,0.0,0.0,0.0,0.0,15.0,5.0,0.0,0.0,0.0,5.0,0.0,0.0,0.0,0.0,0.0,100.0,1.0,,
2165,dual_nonbiased,,,True,0.0,0.0,0.0,0.0,0.0,30.0,0.0,0.0,0.0,0.0,0.0,20.0,15.0,0.0,0.0,25.0,0.0,0.0,0.0,0.0,0.0,0.0,0.0,0.0,10.0,100,5,,,True,0.0,0.0,0.0,0.0,0.0,40.0,0.0,0.0,0.0,0.0,0.0,15.0,15.0,0.0,0.0,20.0,0.0,0.0,0.0,0.0,0.0,0.0,0.0,0.0,10.0,100.0,5.0,,
2171,dual_balanced,risk-neutral,extremely risk-averse,True,15.0,15.0,5.0,5.0,0.0,25.0,10.0,0.0,10.0,0.0,0.0,0.0,10.0,0.0,0.0,0.0,0.0,0.0,0.0,0.0,0.0,0.0,0.0,5.0,0.0,100,1,,,True,30.0,20.0,10.0,10.0,0.0,10.0,0.0,0.0,0.0,10.0,10.0,0.0,0.0,0.0,0.0,0.0,0.0,0.0,0.0,0.0,0.0,0.0,0.0,0.0,0.0,100.0,1.0,,
2164,dual_balanced,somewhat risk-averse,risk-neutral,True,15.0,15.0,0.0,15.0,5.0,15.0,0.0,5.0,0.0,10.0,10.0,0.0,10.0,0.0,0.0,0.0,0.0,0.0,0.0,0.0,0.0,0.0,0.0,0.0,0.0,100,1,,,True,10.0,10.0,0.0,10.0,0.0,25.0,0.0,10.0,0.0,0.0,0.0,10.0,10.0,5.0,10.0,0.0,0.0,0.0,0.0,0.0,0.0,0.0,0.0,0.0,0.0,100.0,1.0,,
2180,dual_nonbiased,,,True,0.0,0.0,0.0,10.0,0.0,20.0,0.0,15.0,10.0,0.0,5.0,5.0,0.0,10.0,10.0,10.0,0.0,0.0,0.0,0.0,0.0,0.0,0.0,0.0,5.0,100,1,,,True,0.0,10.0,0.0,0.0,0.0,20.0,0.0,15.0,10.0,0.0,0.0,5.0,0.0,10.0,15.0,10.0,0.0,0.0,0.0,0.0,0.0,0.0,0.0,0.0,5.0,100.0,1.0,,
2174,dual_opposition,extremely risk-seeking,extremely risk-seeking,True,0.0,0.0,0.0,0.0,0.0,0.0,0.0,0.0,0.0,0.0,0.0,0.0,0.0,0.0,0.0,25.0,15.0,0.0,10.0,0.0,0.0,0.0,10.0,25.0,15.0,100,1,,,True,0.0,0.0,0.0,0.0,0.0,0.0,0.0,0.0,0.0,0.0,0.0,0.0,0.0,0.0,0.0,30.0,15.0,0.0,0.0,10.0,0.0,0.0,10.0,20.0,15.0,100.0,1.0,,
2177,dual_nonbiased,,,True,10.0,0.0,0.0,10.0,0.0,20.0,10.0,0.0,10.0,10.0,0.0,0.0,10.0,10.0,0.0,10.0,0.0,0.0,0.0,0.0,0.0,0.0,0.0,0.0,0.0,100,1,,,True,10.0,0.0,0.0,10.0,10.0,25.0,10.0,0.0,10.0,0.0,0.0,0.0,15.0,10.0,0.0,0.0,0.0,0.0,0.0,0.0,0.0,0.0,0.0,0.0,0.0,100.0,1.0,,
2178,dual_balanced,extremely risk-averse,extremely risk-seeking,True,30.0,20.0,0.0,10.0,0.0,10.0,0.0,0.0,0.0,15.0,15.0,0.0,0.0,0.0,0.0,0.0,0.0,0.0,0.0,0.0,0.0,0.0,0.0,0.0,0.0,100,1,,,True,0.0,0.0,0.0,0.0,0.0,0.0,0.0,0.0,0.0,0.0,0.0,0.0,0.0,0.0,0.0,20.0,15.0,0.0,0.0,10.0,0.0,0.0,10.0,25.0,20.0,100.0,1.0,,
2184,dual_balanced,extremely risk-seeking,extremely risk-averse,True,0.0,0.0,0.0,0.0,0.0,0.0,0.0,0.0,0.0,0.0,0.0,0.0,0.0,0.0,0.0,25.0,0.0,0.0,0.0,20.0,0.0,0.0,15.0,25.0,15.0,100,1,,,True,35.0,25.0,0.0,15.0,0.0,0.0,0.0,0.0,0.0,15.0,10.0,0.0,0.0,0.0,0.0,0.0,0.0,0.0,0.0,0.0,0.0,0.0,0.0,0.0,0.0,100.0,1.0,,
2181,dual_opposition,extremely risk-seeking,extremely risk-seeking,True,0.0,0.0,0.0,0.0,0.0,0.0,0.0,0.0,0.0,0.0,0.0,0.0,0.0,0.0,0.0,35.0,0.0,25.0,20.0,10.0,0.0,0.0,0.0,10.0,0.0,100,2,,,True,0.0,0.0,0.0,0.0,0.0,0.0,0.0,0.0,0.0,0.0,0.0,0.0,0.0,0.0,0.0,40.0,0.0,15.0,10.0,0.0,0.0,0.0,0.0,20.0,15.0,100.0,2.0,,
2191,dual_balanced,extremely risk-averse,risk-neutral,True,30.0,20.0,0.0,10.0,5.0,0.0,0.0,0.0,0.0,20.0,15.0,0.0,0.0,0.0,0.0,0.0,0.0,0.0,0.0,0.0,0.0,0.0,0.0,0.0,0.0,100,2,,,True,15.0,0.0,0.0,10.0,10.0,20.0,15.0,0.0,0.0,0.0,5.0,10.0,0.0,0.0,0.0,15.0,0.0,0.0,0.0,0.0,0.0,0.0,0.0,0.0,0.0,100.0,3.0,,
2186,dual_nonbiased,,,True,10.0,0.0,20.0,10.0,0.0,20.0,15.0,15.0,0.0,0.0,0.0,0.0,0.0,0.0,0.0,10.0,0.0,0.0,0.0,0.0,0.0,0.0,0.0,0.0,0.0,100,1,,,True,20.0,0.0,0.0,15.0,0.0,30.0,0.0,15.0,0.0,0.0,0.0,0.0,0.0,0.0,0.0,20.0,0.0,0.0,0.0,0.0,0.0,0.0,0.0,0.0,0.0,100.0,1.0,,
2195,dual_balanced,extremely risk-seeking,somewhat risk-averse,True,0.0,0.0,0.0,0.0,0.0,0.0,0.0,0.0,0.0,0.0,0.0,0.0,0.0,0.0,0.0,20.0,15.0,0.0,10.0,15.0,0.0,0.0,5.0,20.0,15.0,100,1,,,True,20.0,15.0,5.0,10.0,0.0,20.0,0.0,0.0,0.0,10.0,10.0,5.0,5.0,0.0,0.0,0.0,0.0,0.0,0.0,0.0,0.0,0.0,0.0,0.0,0.0,100.0,1.0,,
2193,dual_balanced,somewhat risk-averse,extremely risk-seeking,True,20.0,20.0,0.0,15.0,0.0,15.0,0.0,0.0,0.0,15.0,15.0,0.0,0.0,0.0,0.0,0.0,0.0,0.0,0.0,0.0,0.0,0.0,0.0,0.0,0.0,100,1,,,True,0.0,0.0,0.0,0.0,0.0,0.0,0.0,0.0,0.0,0.0,0.0,0.0,0.0,0.0,0.0,25.0,20.0,0.0,0.0,15.0,0.0,0.0,10.0,30.0,0.0,100.0,1.0,,
2197,dual_opposition,somewhat risk-averse,risk-neutral,True,15.0,15.0,10.0,10.0,0.0,15.0,0.0,0.0,0.0,10.0,10.0,5.0,5.0,0.0,0.0,5.0,0.0,0.0,0.0,0.0,0.0,0.0,0.0,0.0,0.0,100,1,,,True,10.0,10.0,0.0,10.0,0.0,20.0,10.0,0.0,0.0,10.0,0.0,10.0,10.0,0.0,0.0,10.0,0.0,0.0,0.0,0.0,0.0,0.0,0.0,0.0,0.0,100.0,1.0,,
2202,dual_balanced,risk-neutral,extremely risk-averse,True,0.0,15.0,10.0,10.0,0.0,30.0,0.0,5.0,0.0,0.0,0.0,10.0,10.0,0.0,0.0,0.0,0.0,0.0,0.0,0.0,0.0,0.0,0.0,10.0,0.0,100,1,,,True,25.0,20.0,15.0,10.0,0.0,10.0,0.0,0.0,0.0,10.0,10.0,0.0,0.0,0.0,0.0,0.0,0.0,0.0,0.0,0.0,0.0,0.0,0.0,0.0,0.0,100.0,1.0,,
2199,dual_balanced,somewhat risk-averse,somewhat risk-seeking,True,20.0,15.0,10.0,10.0,0.0,15.0,0.0,0.0,0.0,10.0,10.0,5.0,5.0,0.0,0.0,0.0,0.0,0.0,0.0,0.0,0.0,0.0,0.0,0.0,0.0,100,1,,,True,0.0,0.0,0.0,0.0,0.0,10.0,0.0,0.0,0.0,0.0,0.0,0.0,0.0,0.0,0.0,20.0,15.0,10.0,0.0,10.0,0.0,10.0,0.0,15.0,10.0,100.0,2.0,,
2198,dual_opposition,risk-neutral,somewhat risk-averse,True,0.0,10.0,15.0,10.0,0.0,25.0,10.0,5.0,0.0,0.0,0.0,10.0,10.0,0.0,0.0,0.0,0.0,0.0,0.0,0.0,0.0,0.0,0.0,5.0,0.0,100,1,,,True,25.0,15.0,10.0,10.0,0.0,15.0,0.0,0.0,0.0,15.0,10.0,0.0,0.0,0.0,0.0,0.0,0.0,0.0,0.0,0.0,0.0,0.0,0.0,0.0,0.0,100.0,1.0,,
2207,dual_balanced,somewhat risk-averse,somewhat risk-seeking,True,0.0,0.0,30.0,20.0,0.0,15.0,0.0,0.0,0.0,15.0,15.0,0.0,5.0,0.0,0.0,0.0,0.0,0.0,0.0,0.0,0.0,0.0,0.0,0.0,0.0,100,2,,,True,0.0,0.0,0.0,0.0,0.0,0.0,0.0,0.0,0.0,0.0,0.0,0.0,0.0,0.0,0.0,20.0,15.0,15.0,0.0,15.0,0.0,0.0,0.0,20.0,15.0,100.0,2.0,,
2201,dual_nonbiased,,,True,0.0,0.0,10.0,10.0,0.0,20.0,0.0,0.0,10.0,0.0,10.0,15.0,0.0,15.0,0.0,10.0,0.0,0.0,0.0,0.0,0.0,0.0,0.0,0.0,0.0,100,1,,,True,0.0,0.0,10.0,0.0,10.0,20.0,0.0,0.0,10.0,0.0,10.0,15.0,0.0,15.0,0.0,10.0,0.0,0.0,0.0,0.0,0.0,0.0,0.0,0.0,0.0,100.0,1.0,,
2200,dual_nonbiased,,,True,15.0,0.0,0.0,10.0,0.0,25.0,10.0,10.0,0.0,0.0,0.0,10.0,0.0,0.0,0.0,10.0,0.0,0.0,0.0,0.0,0.0,0.0,0.0,5.0,5.0,100,1,,,True,20.0,0.0,0.0,10.0,0.0,25.0,10.0,0.0,0.0,10.0,0.0,10.0,0.0,0.0,0.0,5.0,0.0,0.0,0.0,0.0,0.0,0.0,0.0,10.0,0.0,100.0,1.0,,
2206,dual_balanced,extremely risk-averse,somewhat risk-averse,True,35.0,20.0,0.0,15.0,0.0,0.0,0.0,0.0,0.0,15.0,15.0,0.0,0.0,0.0,0.0,0.0,0.0,0.0,0.0,0.0,0.0,0.0,0.0,0.0,0.0,100,1,,,True,15.0,15.0,0.0,10.0,0.0,30.0,10.0,0.0,0.0,10.0,0.0,0.0,10.0,0.0,0.0,0.0,0.0,0.0,0.0,0.0,0.0,0.0,0.0,0.0,0.0,100.0,1.0,,
2209,dual_nonbiased,,,True,10.0,10.0,0.0,10.0,0.0,20.0,10.0,10.0,0.0,0.0,0.0,10.0,10.0,10.0,0.0,0.0,0.0,0.0,0.0,0.0,0.0,0.0,0.0,0.0,0.0,100,1,,,True,10.0,10.0,0.0,10.0,0.0,25.0,10.0,10.0,0.0,5.0,0.0,0.0,10.0,0.0,0.0,10.0,0.0,0.0,0.0,0.0,0.0,0.0,0.0,0.0,0.0,100.0,1.0,,
2210,dual_nonbiased,,,True,10.0,0.0,0.0,10.0,0.0,15.0,0.0,0.0,10.0,10.0,0.0,10.0,10.0,15.0,10.0,0.0,0.0,0.0,0.0,0.0,0.0,0.0,0.0,0.0,0.0,100,1,,,True,10.0,0.0,0.0,10.0,0.0,15.0,10.0,0.0,10.0,10.0,0.0,5.0,10.0,10.0,10.0,0.0,0.0,0.0,0.0,0.0,0.0,0.0,0.0,0.0,0.0,100.0,1.0,,
2216,dual_opposition,risk-neutral,extremely risk-seeking,True,10.0,20.0,0.0,10.0,0.0,30.0,10.0,0.0,0.0,0.0,0.0,10.0,0.0,0.0,10.0,0.0,0.0,0.0,0.0,0.0,0.0,0.0,0.0,0.0,0.0,100,1,,,True,0.0,0.0,0.0,0.0,0.0,0.0,0.0,0.0,0.0,0.0,0.0,0.0,0.0,0.0,0.0,30.0,15.0,0.0,0.0,15.0,0.0,0.0,0.0,20.0,20.0,100.0,1.0,,
2213,dual_balanced,somewhat risk-seeking,extremely risk-averse,True,0.0,0.0,0.0,0.0,0.0,0.0,0.0,0.0,0.0,0.0,0.0,0.0,0.0,0.0,0.0,25.0,15.0,0.0,0.0,15.0,0.0,0.0,10.0,20.0,15.0,100,1,,,True,40.0,20.0,15.0,10.0,0.0,0.0,0.0,0.0,0.0,10.0,5.0,0.0,0.0,0.0,0.0,0.0,0.0,0.0,0.0,0.0,0.0,0.0,0.0,0.0,0.0,100.0,1.0,,
2215,dual_balanced,risk-neutral,somewhat risk-averse,True,0.0,20.0,0.0,10.0,0.0,25.0,10.0,0.0,0.0,0.0,0.0,15.0,15.0,0.0,0.0,0.0,0.0,0.0,0.0,0.0,0.0,0.0,0.0,5.0,0.0,100,1,,,True,20.0,15.0,10.0,15.0,0.0,10.0,0.0,0.0,0.0,10.0,10.0,0.0,10.0,0.0,0.0,0.0,0.0,0.0,0.0,0.0,0.0,0.0,0.0,0.0,0.0,100.0,1.0,,
2211,dual_opposition,extremely risk-averse,extremely risk-averse,True,35.0,20.0,15.0,10.0,0.0,10.0,0.0,0.0,0.0,10.0,0.0,0.0,0.0,0.0,0.0,0.0,0.0,0.0,0.0,0.0,0.0,0.0,0.0,0.0,0.0,100,1,,,True,35.0,25.0,10.0,10.0,0.0,5.0,0.0,0.0,0.0,10.0,5.0,0.0,0.0,0.0,0.0,0.0,0.0,0.0,0.0,0.0,0.0,0.0,0.0,0.0,0.0,100.0,1.0,,
2212,dual_opposition,risk-neutral,risk-neutral,True,0.0,20.0,0.0,10.0,0.0,30.0,0.0,15.0,0.0,0.0,0.0,0.0,0.0,0.0,0.0,0.0,0.0,0.0,0.0,0.0,25.0,0.0,0.0,0.0,0.0,100,2,,,True,0.0,15.0,0.0,10.0,0.0,25.0,0.0,10.0,0.0,10.0,0.0,0.0,0.0,0.0,0.0,0.0,0.0,0.0,0.0,0.0,30.0,0.0,0.0,0.0,0.0,100.0,2.0,,
2221,dual_balanced,extremely risk-averse,risk-neutral,True,35.0,15.0,10.0,15.0,0.0,5.0,0.0,0.0,0.0,10.0,10.0,0.0,0.0,0.0,0.0,0.0,0.0,0.0,0.0,0.0,0.0,0.0,0.0,0.0,0.0,100,1,,,True,10.0,0.0,15.0,10.0,0.0,25.0,10.0,0.0,0.0,0.0,0.0,10.0,10.0,5.0,0.0,5.0,0.0,0.0,0.0,0.0,0.0,0.0,0.0,0.0,0.0,100.0,1.0,,
2218,dual_opposition,risk-neutral,somewhat risk-averse,True,0.0,20.0,0.0,10.0,0.0,30.0,10.0,0.0,0.0,0.0,0.0,10.0,10.0,0.0,0.0,10.0,0.0,0.0,0.0,0.0,0.0,0.0,0.0,0.0,0.0,100,1,,,True,25.0,20.0,0.0,15.0,0.0,10.0,0.0,0.0,0.0,10.0,10.0,5.0,5.0,0.0,0.0,0.0,0.0,0.0,0.0,0.0,0.0,0.0,0.0,0.0,0.0,100.0,1.0,,
2226,dual_balanced,extremely risk-seeking,risk-neutral,True,0.0,0.0,0.0,0.0,0.0,0.0,0.0,0.0,0.0,0.0,0.0,0.0,0.0,0.0,0.0,20.0,15.0,0.0,0.0,10.0,0.0,10.0,0.0,25.0,20.0,100,1,,,True,0.0,15.0,0.0,10.0,0.0,25.0,10.0,0.0,0.0,10.0,0.0,10.0,10.0,0.0,10.0,0.0,0.0,0.0,0.0,0.0,0.0,0.0,0.0,0.0,0.0,100.0,1.0,,
2229,dual_nonbiased,,,True,20.0,0.0,10.0,15.0,0.0,30.0,10.0,0.0,0.0,0.0,0.0,15.0,0.0,0.0,0.0,0.0,0.0,0.0,0.0,0.0,0.0,0.0,0.0,0.0,0.0,100,2,,,True,15.0,15.0,0.0,10.0,0.0,30.0,15.0,0.0,0.0,0.0,0.0,15.0,0.0,0.0,0.0,0.0,0.0,0.0,0.0,0.0,0.0,0.0,0.0,0.0,0.0,100.0,2.0,,
2230,dual_nonbiased,,,True,10.0,0.0,15.0,15.0,0.0,25.0,10.0,15.0,0.0,0.0,0.0,0.0,10.0,0.0,0.0,0.0,0.0,0.0,0.0,0.0,0.0,0.0,0.0,0.0,0.0,100,3,,,True,5.0,0.0,10.0,15.0,10.0,25.0,10.0,15.0,0.0,0.0,0.0,0.0,10.0,0.0,0.0,0.0,0.0,0.0,0.0,0.0,0.0,0.0,0.0,0.0,0.0,100.0,3.0,,
2242,dual_opposition,extremely risk-seeking,risk-neutral,True,0.0,0.0,0.0,0.0,0.0,0.0,0.0,0.0,0.0,0.0,0.0,0.0,0.0,0.0,0.0,25.0,15.0,0.0,0.0,15.0,0.0,0.0,0.0,30.0,15.0,100,1,,,True,0.0,20.0,0.0,10.0,0.0,25.0,10.0,0.0,0.0,10.0,0.0,15.0,0.0,0.0,0.0,0.0,0.0,0.0,0.0,0.0,0.0,0.0,0.0,10.0,0.0,100.0,1.0,,
2232,dual_nonbiased,,,True,20.0,0.0,10.0,15.0,0.0,25.0,15.0,0.0,0.0,0.0,0.0,0.0,15.0,0.0,0.0,0.0,0.0,0.0,0.0,0.0,0.0,0.0,0.0,0.0,0.0,100,1,,,True,20.0,15.0,10.0,10.0,0.0,25.0,0.0,0.0,0.0,10.0,0.0,0.0,10.0,0.0,0.0,0.0,0.0,0.0,0.0,0.0,0.0,0.0,0.0,0.0,0.0,100.0,1.0,,
2238,dual_nonbiased,,,True,20.0,0.0,0.0,15.0,0.0,30.0,0.0,10.0,0.0,0.0,0.0,15.0,0.0,0.0,0.0,10.0,0.0,0.0,0.0,0.0,0.0,0.0,0.0,0.0,0.0,100,1,,,True,0.0,0.0,0.0,15.0,0.0,30.0,0.0,15.0,0.0,0.0,0.0,0.0,0.0,0.0,0.0,20.0,0.0,0.0,0.0,10.0,0.0,0.0,0.0,10.0,0.0,100.0,1.0,,
2240,dual_nonbiased,,,True,0.0,0.0,0.0,15.0,0.0,30.0,0.0,15.0,15.0,0.0,0.0,10.0,0.0,0.0,0.0,15.0,0.0,0.0,0.0,0.0,0.0,0.0,0.0,0.0,0.0,100,1,,,True,0.0,10.0,0.0,10.0,10.0,30.0,0.0,10.0,10.0,0.0,0.0,10.0,0.0,0.0,0.0,10.0,0.0,0.0,0.0,0.0,0.0,0.0,0.0,0.0,0.0,100.0,1.0,,
2234,dual_nonbiased,,,True,15.0,10.0,0.0,10.0,0.0,20.0,10.0,10.0,0.0,0.0,0.0,10.0,10.0,0.0,0.0,5.0,0.0,0.0,0.0,0.0,0.0,0.0,0.0,0.0,0.0,100,3,,,True,15.0,10.0,5.0,10.0,0.0,15.0,10.0,10.0,0.0,0.0,0.0,10.0,10.0,0.0,0.0,5.0,0.0,0.0,0.0,0.0,0.0,0.0,0.0,0.0,0.0,100.0,3.0,,
2243,dual_opposition,risk-neutral,extremely risk-seeking,True,15.0,0.0,10.0,10.0,0.0,25.0,10.0,0.0,0.0,0.0,0.0,15.0,15.0,0.0,0.0,0.0,0.0,0.0,0.0,0.0,0.0,0.0,0.0,0.0,0.0,100,2,,,True,0.0,0.0,0.0,0.0,0.0,0.0,0.0,0.0,0.0,0.0,0.0,0.0,0.0,0.0,0.0,25.0,20.0,0.0,0.0,15.0,0.0,0.0,0.0,25.0,15.0,100.0,1.0,,
2247,dual_nonbiased,,,True,15.0,0.0,0.0,15.0,0.0,30.0,15.0,0.0,0.0,0.0,0.0,0.0,0.0,0.0,15.0,0.0,0.0,0.0,0.0,10.0,0.0,0.0,0.0,0.0,0.0,100,1,,,True,0.0,15.0,0.0,15.0,0.0,30.0,0.0,0.0,0.0,0.0,0.0,0.0,0.0,0.0,15.0,0.0,5.0,0.0,0.0,10.0,10.0,0.0,0.0,0.0,0.0,100.0,1.0,,
2257,dual_balanced,somewhat risk-seeking,extremely risk-averse,True,0.0,0.0,0.0,0.0,0.0,15.0,0.0,0.0,0.0,0.0,0.0,0.0,10.0,0.0,0.0,25.0,15.0,0.0,0.0,0.0,0.0,0.0,0.0,20.0,15.0,100,1,,,True,40.0,20.0,10.0,10.0,0.0,0.0,0.0,0.0,0.0,10.0,10.0,0.0,0.0,0.0,0.0,0.0,0.0,0.0,0.0,0.0,0.0,0.0,0.0,0.0,0.0,100.0,1.0,,
2265,dual_nonbiased,,,True,0.0,0.0,0.0,10.0,0.0,25.0,10.0,5.0,0.0,0.0,0.0,10.0,10.0,0.0,0.0,10.0,5.0,0.0,0.0,0.0,0.0,0.0,0.0,15.0,0.0,100,1,,,True,0.0,0.0,0.0,10.0,0.0,20.0,10.0,5.0,0.0,0.0,0.0,10.0,5.0,5.0,5.0,10.0,5.0,0.0,0.0,0.0,0.0,0.0,0.0,15.0,0.0,100.0,1.0,,
2246,dual_nonbiased,,,True,30.0,0.0,0.0,40.0,0.0,0.0,0.0,0.0,0.0,10.0,10.0,0.0,0.0,0.0,0.0,0.0,0.0,0.0,0.0,0.0,0.0,0.0,0.0,10.0,0.0,100,5,,,True,30.0,0.0,0.0,40.0,0.0,0.0,0.0,0.0,0.0,15.0,10.0,0.0,0.0,0.0,0.0,0.0,0.0,0.0,0.0,0.0,0.0,0.0,0.0,5.0,0.0,100.0,5.0,,
2260,dual_opposition,extremely risk-seeking,risk-neutral,True,0.0,0.0,0.0,0.0,0.0,0.0,0.0,0.0,0.0,0.0,0.0,0.0,0.0,0.0,0.0,25.0,15.0,0.0,0.0,10.0,0.0,10.0,0.0,25.0,15.0,100,1,,,True,15.0,10.0,0.0,10.0,10.0,20.0,10.0,0.0,0.0,0.0,0.0,10.0,5.0,0.0,0.0,10.0,0.0,0.0,0.0,0.0,0.0,0.0,0.0,0.0,0.0,100.0,1.0,,
2268,dual_balanced,extremely risk-averse,somewhat risk-seeking,True,30.0,20.0,15.0,10.0,0.0,5.0,0.0,0.0,0.0,10.0,10.0,0.0,0.0,0.0,0.0,0.0,0.0,0.0,0.0,0.0,0.0,0.0,0.0,0.0,0.0,100,1,,,True,0.0,0.0,0.0,0.0,0.0,15.0,0.0,0.0,0.0,0.0,0.0,0.0,10.0,0.0,0.0,20.0,10.0,10.0,0.0,10.0,0.0,0.0,0.0,15.0,10.0,100.0,1.0,,
2266,dual_nonbiased,,,True,0.0,15.0,0.0,15.0,0.0,30.0,15.0,0.0,0.0,0.0,0.0,0.0,15.0,0.0,0.0,0.0,0.0,0.0,0.0,0.0,0.0,0.0,0.0,10.0,0.0,100,1,,,True,0.0,20.0,0.0,15.0,0.0,30.0,10.0,0.0,0.0,0.0,0.0,0.0,10.0,0.0,0.0,0.0,0.0,0.0,0.0,0.0,0.0,0.0,0.0,15.0,0.0,100.0,1.0,,
2250,dual_opposition,somewhat risk-averse,somewhat risk-averse,True,25.0,20.0,0.0,10.0,0.0,20.0,0.0,0.0,0.0,10.0,10.0,5.0,0.0,0.0,0.0,0.0,0.0,0.0,0.0,0.0,0.0,0.0,0.0,0.0,0.0,100,1,,,True,20.0,15.0,0.0,10.0,5.0,15.0,0.0,0.0,0.0,15.0,10.0,10.0,0.0,0.0,0.0,0.0,0.0,0.0,0.0,0.0,0.0,0.0,0.0,0.0,0.0,100.0,1.0,,
2251,dual_opposition,risk-neutral,extremely risk-averse,True,10.0,10.0,0.0,10.0,0.0,30.0,0.0,0.0,0.0,0.0,0.0,10.0,10.0,0.0,0.0,10.0,0.0,0.0,0.0,0.0,0.0,0.0,0.0,5.0,5.0,100,1,,,True,40.0,20.0,5.0,15.0,0.0,0.0,0.0,0.0,0.0,10.0,10.0,0.0,0.0,0.0,0.0,0.0,0.0,0.0,0.0,0.0,0.0,0.0,0.0,0.0,0.0,100.0,1.0,,
2263,dual_balanced,somewhat risk-seeking,risk-neutral,True,0.0,0.0,0.0,0.0,0.0,0.0,0.0,0.0,0.0,0.0,0.0,0.0,10.0,10.0,0.0,15.0,10.0,10.0,0.0,10.0,0.0,0.0,0.0,20.0,15.0,100,1,,,True,0.0,20.0,0.0,10.0,0.0,20.0,10.0,10.0,0.0,0.0,0.0,0.0,10.0,10.0,0.0,0.0,0.0,0.0,0.0,0.0,0.0,0.0,0.0,10.0,0.0,100.0,1.0,,
2267,dual_opposition,risk-neutral,risk-neutral,True,15.0,10.0,0.0,10.0,0.0,25.0,10.0,0.0,0.0,0.0,0.0,10.0,10.0,5.0,0.0,0.0,0.0,0.0,0.0,0.0,0.0,0.0,0.0,5.0,0.0,100,1,,,True,15.0,15.0,0.0,10.0,0.0,25.0,10.0,0.0,0.0,0.0,0.0,10.0,10.0,0.0,0.0,0.0,0.0,0.0,0.0,0.0,0.0,0.0,0.0,5.0,0.0,100.0,1.0,,
2269,dual_opposition,risk-neutral,extremely risk-seeking,True,0.0,15.0,10.0,10.0,0.0,20.0,10.0,10.0,0.0,0.0,0.0,10.0,15.0,0.0,0.0,0.0,0.0,0.0,0.0,0.0,0.0,0.0,0.0,0.0,0.0,100,1,,,True,0.0,0.0,0.0,0.0,0.0,0.0,0.0,0.0,0.0,0.0,0.0,0.0,0.0,0.0,0.0,30.0,15.0,0.0,0.0,10.0,0.0,5.0,0.0,25.0,15.0,100.0,1.0,,
2278,dual_nonbiased,,,True,20.0,0.0,0.0,10.0,0.0,25.0,10.0,5.0,0.0,0.0,0.0,0.0,10.0,0.0,0.0,10.0,0.0,0.0,0.0,0.0,0.0,0.0,0.0,10.0,0.0,100,1,,,True,0.0,15.0,0.0,10.0,0.0,25.0,10.0,10.0,0.0,0.0,0.0,0.0,10.0,0.0,0.0,10.0,0.0,0.0,0.0,0.0,0.0,0.0,0.0,10.0,0.0,100.0,1.0,,
2270,dual_nonbiased,,,True,0.0,15.0,0.0,10.0,0.0,25.0,15.0,10.0,0.0,0.0,0.0,0.0,0.0,10.0,0.0,15.0,0.0,0.0,0.0,0.0,0.0,0.0,0.0,0.0,0.0,100,1,,,True,0.0,15.0,0.0,10.0,0.0,20.0,0.0,10.0,0.0,10.0,0.0,0.0,10.0,10.0,0.0,15.0,0.0,0.0,0.0,0.0,0.0,0.0,0.0,0.0,0.0,100.0,1.0,,
2286,dual_nonbiased,,,True,0.0,10.0,0.0,15.0,10.0,20.0,0.0,10.0,0.0,0.0,0.0,0.0,15.0,15.0,0.0,0.0,0.0,5.0,0.0,0.0,0.0,0.0,0.0,0.0,0.0,100,1,,,True,0.0,0.0,0.0,15.0,10.0,25.0,0.0,10.0,0.0,0.0,0.0,0.0,15.0,15.0,0.0,0.0,0.0,10.0,0.0,0.0,0.0,0.0,0.0,0.0,0.0,100.0,1.0,,
2290,dual_opposition,risk-neutral,extremely risk-averse,True,0.0,15.0,0.0,0.0,0.0,20.0,10.0,10.0,0.0,0.0,10.0,0.0,15.0,0.0,0.0,0.0,0.0,0.0,10.0,0.0,10.0,0.0,0.0,0.0,0.0,100,1,,,True,30.0,25.0,0.0,15.0,0.0,10.0,0.0,0.0,0.0,10.0,10.0,0.0,0.0,0.0,0.0,0.0,0.0,0.0,0.0,0.0,0.0,0.0,0.0,0.0,0.0,100.0,1.0,,
2289,dual_opposition,extremely risk-seeking,somewhat risk-averse,True,0.0,0.0,0.0,0.0,0.0,0.0,0.0,0.0,0.0,0.0,0.0,0.0,0.0,0.0,0.0,25.0,0.0,0.0,10.0,0.0,10.0,15.0,0.0,25.0,15.0,100,2,,,True,20.0,15.0,10.0,10.0,0.0,10.0,0.0,0.0,0.0,15.0,15.0,0.0,0.0,0.0,0.0,5.0,0.0,0.0,0.0,0.0,0.0,0.0,0.0,0.0,0.0,100.0,2.0,,
2280,dual_opposition,somewhat risk-seeking,extremely risk-seeking,True,0.0,0.0,0.0,0.0,0.0,0.0,0.0,0.0,0.0,0.0,0.0,0.0,0.0,0.0,0.0,20.0,15.0,5.0,0.0,15.0,0.0,0.0,10.0,20.0,15.0,100,1,,,True,0.0,0.0,0.0,0.0,0.0,0.0,0.0,0.0,0.0,0.0,0.0,0.0,0.0,0.0,0.0,25.0,15.0,0.0,0.0,10.0,0.0,0.0,10.0,25.0,15.0,100.0,1.0,,
2287,dual_balanced,extremely risk-averse,somewhat risk-seeking,True,15.0,15.0,15.0,10.0,0.0,10.0,5.0,0.0,0.0,10.0,10.0,0.0,0.0,0.0,0.0,5.0,0.0,0.0,0.0,0.0,0.0,0.0,0.0,5.0,0.0,100,2,,,True,0.0,9.0,0.0,0.0,0.0,12.0,0.0,0.0,0.0,0.0,6.0,0.0,0.0,0.0,0.0,18.0,10.0,6.0,0.0,9.0,0.0,0.0,0.0,18.0,12.0,100.0,2.0,,
2283,dual_balanced,extremely risk-seeking,somewhat risk-averse,True,0.0,0.0,0.0,0.0,0.0,0.0,0.0,0.0,0.0,0.0,0.0,0.0,0.0,0.0,0.0,25.0,15.0,0.0,0.0,10.0,0.0,0.0,10.0,25.0,15.0,100,1,,,True,15.0,15.0,10.0,10.0,0.0,25.0,0.0,0.0,0.0,10.0,10.0,5.0,0.0,0.0,0.0,0.0,0.0,0.0,0.0,0.0,0.0,0.0,0.0,0.0,0.0,100.0,1.0,,
2296,dual_balanced,extremely risk-averse,extremely risk-seeking,True,35.0,20.0,0.0,15.0,0.0,10.0,0.0,0.0,0.0,10.0,10.0,0.0,0.0,0.0,0.0,0.0,0.0,0.0,0.0,0.0,0.0,0.0,0.0,0.0,0.0,100,1,,,True,0.0,0.0,0.0,0.0,0.0,0.0,0.0,0.0,0.0,0.0,0.0,0.0,0.0,0.0,0.0,30.0,10.0,0.0,0.0,15.0,0.0,0.0,0.0,30.0,15.0,100.0,1.0,,
2292,dual_balanced,extremely risk-averse,somewhat risk-seeking,True,35.0,20.0,15.0,10.0,0.0,0.0,0.0,0.0,0.0,10.0,10.0,0.0,0.0,0.0,0.0,0.0,0.0,0.0,0.0,0.0,0.0,0.0,0.0,0.0,0.0,100,1,,,True,0.0,0.0,0.0,0.0,0.0,10.0,0.0,0.0,0.0,0.0,0.0,0.0,0.0,10.0,0.0,20.0,15.0,0.0,0.0,10.0,0.0,0.0,0.0,20.0,15.0,100.0,1.0,,
2298,dual_balanced,somewhat risk-averse,somewhat risk-seeking,True,20.0,15.0,10.0,10.0,0.0,15.0,0.0,0.0,0.0,10.0,10.0,10.0,0.0,0.0,0.0,0.0,0.0,0.0,0.0,0.0,0.0,0.0,0.0,0.0,0.0,100,1,,,True,0.0,0.0,0.0,0.0,0.0,10.0,0.0,0.0,0.0,0.0,0.0,0.0,0.0,10.0,0.0,20.0,10.0,10.0,0.0,10.0,0.0,0.0,0.0,15.0,15.0,100.0,1.0,,
2295,dual_opposition,somewhat risk-seeking,somewhat risk-seeking,True,0.0,0.0,0.0,0.0,0.0,0.0,0.0,0.0,0.0,0.0,0.0,0.0,0.0,0.0,0.0,25.0,15.0,0.0,10.0,15.0,0.0,0.0,0.0,20.0,15.0,100,1,,,True,0.0,0.0,0.0,0.0,0.0,0.0,0.0,0.0,0.0,0.0,0.0,0.0,0.0,0.0,0.0,25.0,15.0,10.0,0.0,15.0,0.0,0.0,5.0,20.0,10.0,100.0,1.0,,
2302,dual_nonbiased,,,True,10.0,0.0,0.0,10.0,0.0,30.0,0.0,15.0,0.0,0.0,0.0,0.0,0.0,15.0,0.0,20.0,0.0,0.0,0.0,0.0,0.0,0.0,0.0,0.0,0.0,100,1,,,True,15.0,10.0,10.0,5.0,0.0,20.0,0.0,5.0,5.0,0.0,0.0,10.0,0.0,10.0,0.0,5.0,0.0,0.0,0.0,0.0,0.0,0.0,0.0,5.0,0.0,100.0,1.0,,
2297,dual_balanced,extremely risk-averse,extremely risk-seeking,True,40.0,25.0,0.0,15.0,10.0,0.0,0.0,0.0,0.0,10.0,0.0,0.0,0.0,0.0,0.0,0.0,0.0,0.0,0.0,0.0,0.0,0.0,0.0,0.0,0.0,100,3,,,True,0.0,0.0,0.0,0.0,0.0,0.0,10.0,0.0,5.0,0.0,0.0,0.0,0.0,0.0,0.0,0.0,0.0,15.0,0.0,0.0,0.0,35.0,35.0,0.0,0.0,100.0,3.0,,
2304,dual_opposition,somewhat risk-averse,risk-neutral,True,30.0,20.0,0.0,15.0,0.0,15.0,0.0,0.0,0.0,10.0,0.0,0.0,10.0,0.0,0.0,0.0,0.0,0.0,0.0,0.0,0.0,0.0,0.0,0.0,0.0,100,1,,,True,0.0,20.0,0.0,15.0,0.0,25.0,15.0,0.0,0.0,0.0,0.0,0.0,15.0,10.0,0.0,0.0,0.0,0.0,0.0,0.0,0.0,0.0,0.0,0.0,0.0,100.0,1.0,,
2299,dual_nonbiased,,,True,0.0,10.0,0.0,10.0,0.0,30.0,0.0,10.0,0.0,0.0,0.0,0.0,0.0,0.0,15.0,15.0,0.0,0.0,0.0,0.0,0.0,0.0,0.0,10.0,0.0,100,1,,,True,0.0,0.0,0.0,10.0,0.0,25.0,0.0,15.0,0.0,0.0,0.0,15.0,0.0,0.0,15.0,10.0,0.0,0.0,0.0,0.0,0.0,0.0,0.0,10.0,0.0,100.0,1.0,,
2308,dual_nonbiased,,,True,0.0,15.0,10.0,10.0,0.0,20.0,10.0,10.0,0.0,0.0,0.0,0.0,10.0,0.0,0.0,10.0,0.0,0.0,0.0,0.0,0.0,0.0,0.0,5.0,0.0,100,1,,,True,0.0,10.0,10.0,10.0,0.0,20.0,10.0,10.0,0.0,0.0,0.0,10.0,10.0,0.0,0.0,10.0,0.0,0.0,0.0,0.0,0.0,0.0,0.0,0.0,0.0,100.0,1.0,,
2306,dual_balanced,risk-neutral,extremely risk-averse,True,0.0,20.0,10.0,10.0,0.0,30.0,15.0,0.0,0.0,0.0,0.0,15.0,0.0,0.0,0.0,0.0,0.0,0.0,0.0,0.0,0.0,0.0,0.0,0.0,0.0,100,1,,,True,35.0,20.0,0.0,15.0,0.0,10.0,0.0,0.0,0.0,10.0,10.0,0.0,0.0,0.0,0.0,0.0,0.0,0.0,0.0,0.0,0.0,0.0,0.0,0.0,0.0,100.0,1.0,,
2313,dual_opposition,extremely risk-seeking,somewhat risk-seeking,True,0.0,0.0,0.0,0.0,0.0,0.0,0.0,0.0,0.0,0.0,0.0,0.0,0.0,0.0,0.0,30.0,15.0,0.0,0.0,15.0,0.0,0.0,0.0,25.0,15.0,100,1,,,True,0.0,0.0,0.0,0.0,0.0,0.0,0.0,0.0,0.0,0.0,0.0,0.0,0.0,0.0,0.0,25.0,20.0,0.0,0.0,15.0,0.0,0.0,0.0,25.0,15.0,100.0,1.0,,
2309,dual_opposition,risk-neutral,risk-neutral,True,0.0,15.0,0.0,10.0,0.0,25.0,10.0,0.0,10.0,0.0,0.0,15.0,0.0,0.0,0.0,15.0,0.0,0.0,0.0,0.0,0.0,0.0,0.0,0.0,0.0,100,1,,,True,0.0,15.0,0.0,10.0,0.0,35.0,10.0,0.0,0.0,0.0,0.0,0.0,0.0,10.0,0.0,15.0,0.0,0.0,0.0,0.0,0.0,0.0,0.0,0.0,5.0,100.0,1.0,,
2315,dual_nonbiased,,,True,10.0,0.0,0.0,10.0,0.0,25.0,0.0,10.0,10.0,0.0,0.0,5.0,10.0,10.0,0.0,10.0,0.0,0.0,0.0,0.0,0.0,0.0,0.0,0.0,0.0,100,1,,,True,20.0,0.0,0.0,0.0,0.0,30.0,0.0,10.0,15.0,0.0,0.0,0.0,0.0,0.0,0.0,15.0,0.0,0.0,0.0,10.0,0.0,0.0,0.0,0.0,0.0,100.0,1.0,,
2321,dual_opposition,extremely risk-seeking,somewhat risk-seeking,True,0.0,0.0,0.0,0.0,0.0,0.0,0.0,0.0,0.0,0.0,0.0,0.0,0.0,0.0,0.0,30.0,20.0,0.0,0.0,10.0,0.0,0.0,0.0,25.0,15.0,100,1,,,True,0.0,0.0,0.0,0.0,0.0,20.0,0.0,0.0,0.0,0.0,0.0,0.0,0.0,0.0,0.0,20.0,15.0,0.0,0.0,15.0,0.0,0.0,0.0,20.0,10.0,100.0,1.0,,
2311,dual_nonbiased,,,True,0.0,0.0,10.0,15.0,10.0,20.0,10.0,10.0,0.0,0.0,0.0,0.0,0.0,0.0,10.0,10.0,0.0,0.0,0.0,5.0,0.0,0.0,0.0,0.0,0.0,90,1,Normalized from raw sum of 90%,,True,10.0,0.0,5.0,15.0,0.0,20.0,10.0,10.0,0.0,0.0,0.0,0.0,0.0,0.0,10.0,10.0,0.0,0.0,0.0,5.0,5.0,0.0,0.0,0.0,0.0,100.0,1.0,,
2319,dual_opposition,somewhat risk-averse,risk-neutral,True,20.0,15.0,0.0,10.0,0.0,20.0,0.0,0.0,0.0,10.0,0.0,10.0,10.0,0.0,0.0,0.0,0.0,0.0,0.0,0.0,0.0,0.0,5.0,0.0,0.0,100,1,,,True,0.0,20.0,0.0,10.0,0.0,30.0,0.0,10.0,0.0,0.0,0.0,0.0,10.0,0.0,0.0,10.0,0.0,0.0,0.0,0.0,0.0,0.0,5.0,5.0,0.0,100.0,3.0,,
2323,dual_balanced,somewhat risk-seeking,risk-neutral,True,0.0,0.0,0.0,0.0,0.0,30.0,0.0,0.0,0.0,0.0,0.0,0.0,0.0,0.0,0.0,20.0,15.0,0.0,0.0,0.0,0.0,0.0,0.0,20.0,15.0,100,2,,,True,0.0,20.0,0.0,10.0,0.0,30.0,0.0,0.0,0.0,0.0,0.0,10.0,0.0,0.0,0.0,15.0,0.0,0.0,0.0,0.0,0.0,0.0,0.0,15.0,0.0,100.0,2.0,,
2324,dual_opposition,extremely risk-seeking,extremely risk-seeking,True,0.0,0.0,0.0,0.0,0.0,0.0,0.0,0.0,0.0,0.0,0.0,25.0,30.0,20.0,0.0,15.0,0.0,0.0,0.0,0.0,0.0,0.0,0.0,10.0,0.0,100,2,,,True,0.0,0.0,0.0,0.0,0.0,0.0,0.0,0.0,0.0,0.0,0.0,0.0,0.0,0.0,0.0,35.0,25.0,15.0,0.0,0.0,0.0,0.0,10.0,15.0,0.0,100.0,2.0,,
2329,dual_opposition,risk-neutral,risk-neutral,True,0.0,15.0,0.0,10.0,0.0,30.0,0.0,0.0,0.0,0.0,0.0,10.0,10.0,0.0,0.0,0.0,0.0,0.0,0.0,0.0,0.0,15.0,0.0,10.0,0.0,100,2,,,True,0.0,15.0,0.0,10.0,0.0,25.0,0.0,0.0,0.0,0.0,0.0,10.0,10.0,0.0,0.0,0.0,0.0,0.0,0.0,0.0,0.0,20.0,0.0,10.0,0.0,100.0,2.0,,
2326,dual_nonbiased,,,True,0.0,0.0,0.0,10.0,0.0,25.0,0.0,10.0,0.0,0.0,0.0,5.0,10.0,5.0,10.0,15.0,0.0,5.0,0.0,5.0,0.0,0.0,0.0,0.0,0.0,100,1,,,True,15.0,0.0,0.0,10.0,0.0,20.0,10.0,10.0,0.0,0.0,0.0,0.0,10.0,0.0,10.0,15.0,0.0,0.0,0.0,0.0,0.0,0.0,0.0,0.0,0.0,100.0,1.0,,
2343,dual_balanced,somewhat risk-seeking,extremely risk-averse,True,0.0,0.0,0.0,0.0,0.0,0.0,0.0,0.0,0.0,0.0,0.0,0.0,0.0,15.0,0.0,25.0,15.0,0.0,0.0,10.0,0.0,0.0,0.0,20.0,15.0,100,1,,,True,35.0,20.0,0.0,15.0,0.0,10.0,0.0,0.0,0.0,10.0,10.0,0.0,0.0,0.0,0.0,0.0,0.0,0.0,0.0,0.0,0.0,0.0,0.0,0.0,0.0,100.0,1.0,,
2340,dual_opposition,somewhat risk-averse,risk-neutral,True,20.0,15.0,0.0,20.0,0.0,10.0,0.0,0.0,0.0,10.0,0.0,0.0,0.0,10.0,15.0,0.0,0.0,0.0,0.0,0.0,0.0,0.0,0.0,0.0,0.0,100,4,,,True,0.0,20.0,0.0,20.0,0.0,10.0,0.0,0.0,0.0,0.0,0.0,0.0,0.0,20.0,20.0,0.0,0.0,0.0,0.0,0.0,0.0,0.0,0.0,10.0,0.0,100.0,4.0,,
2339,dual_opposition,risk-neutral,somewhat risk-seeking,True,0.0,15.0,0.0,10.0,0.0,25.0,0.0,10.0,0.0,0.0,0.0,10.0,10.0,0.0,0.0,10.0,0.0,0.0,0.0,0.0,0.0,0.0,0.0,10.0,0.0,100,1,,,True,0.0,0.0,0.0,0.0,0.0,0.0,0.0,0.0,0.0,0.0,0.0,0.0,0.0,10.0,0.0,25.0,15.0,10.0,10.0,0.0,0.0,0.0,0.0,20.0,10.0,100.0,1.0,,
2334,dual_balanced,risk-neutral,extremely risk-seeking,True,0.0,15.0,0.0,10.0,0.0,25.0,0.0,15.0,0.0,0.0,0.0,0.0,0.0,0.0,15.0,10.0,0.0,0.0,0.0,0.0,0.0,0.0,0.0,10.0,0.0,100,1,,,True,0.0,0.0,0.0,0.0,0.0,0.0,0.0,0.0,0.0,0.0,0.0,0.0,0.0,0.0,0.0,25.0,10.0,0.0,10.0,15.0,0.0,0.0,0.0,25.0,15.0,100.0,1.0,,
2352,dual_nonbiased,,,True,15.0,0.0,0.0,15.0,0.0,25.0,10.0,0.0,0.0,0.0,0.0,0.0,15.0,10.0,0.0,0.0,0.0,0.0,0.0,10.0,0.0,0.0,0.0,0.0,0.0,100,1,,,True,10.0,0.0,0.0,15.0,0.0,25.0,15.0,0.0,0.0,0.0,0.0,0.0,15.0,10.0,0.0,0.0,0.0,0.0,0.0,10.0,0.0,0.0,0.0,0.0,0.0,100.0,1.0,,
2350,dual_nonbiased,,,True,10.0,10.0,10.0,10.0,10.0,25.0,0.0,10.0,0.0,0.0,0.0,0.0,15.0,0.0,0.0,0.0,0.0,0.0,0.0,0.0,0.0,0.0,0.0,0.0,0.0,100,1,,,True,15.0,0.0,0.0,10.0,0.0,30.0,15.0,10.0,0.0,0.0,0.0,0.0,10.0,0.0,0.0,10.0,0.0,0.0,0.0,0.0,0.0,0.0,0.0,0.0,0.0,100.0,1.0,,
2354,dual_opposition,extremely risk-seeking,risk-neutral,True,0.0,0.0,0.0,0.0,0.0,0.0,0.0,0.0,0.0,0.0,0.0,0.0,0.0,0.0,0.0,20.0,15.0,0.0,0.0,15.0,0.0,10.0,0.0,25.0,15.0,100,1,,,True,10.0,15.0,0.0,10.0,0.0,20.0,10.0,0.0,0.0,0.0,0.0,10.0,10.0,0.0,0.0,10.0,0.0,0.0,0.0,0.0,0.0,0.0,0.0,5.0,0.0,100.0,1.0,,
2345,dual_nonbiased,,,True,10.0,0.0,0.0,10.0,0.0,20.0,10.0,10.0,10.0,0.0,0.0,10.0,10.0,0.0,0.0,0.0,5.0,0.0,0.0,0.0,0.0,0.0,0.0,0.0,5.0,100,1,,,True,0.0,5.0,0.0,5.0,0.0,20.0,10.0,10.0,10.0,10.0,0.0,5.0,10.0,5.0,0.0,0.0,5.0,0.0,0.0,0.0,0.0,0.0,0.0,0.0,5.0,100.0,1.0,,
2353,dual_nonbiased,,,True,0.0,10.0,0.0,10.0,0.0,20.0,10.0,10.0,0.0,0.0,0.0,0.0,15.0,10.0,0.0,10.0,0.0,0.0,0.0,0.0,0.0,0.0,0.0,5.0,0.0,100,1,,,True,0.0,10.0,0.0,10.0,0.0,25.0,10.0,0.0,0.0,0.0,0.0,0.0,15.0,0.0,0.0,15.0,0.0,0.0,0.0,0.0,0.0,0.0,0.0,15.0,0.0,100.0,1.0,,
2351,dual_opposition,risk-neutral,risk-neutral,True,0.0,15.0,0.0,10.0,10.0,30.0,15.0,0.0,0.0,0.0,0.0,0.0,0.0,10.0,0.0,0.0,5.0,0.0,0.0,0.0,0.0,0.0,0.0,5.0,0.0,100,1,,,True,0.0,15.0,0.0,10.0,10.0,25.0,10.0,0.0,0.0,0.0,0.0,0.0,0.0,10.0,0.0,0.0,10.0,0.0,0.0,0.0,0.0,0.0,0.0,10.0,0.0,100.0,1.0,,
2356,dual_nonbiased,,,True,0.0,10.0,0.0,10.0,5.0,20.0,10.0,0.0,0.0,0.0,5.0,10.0,10.0,0.0,0.0,10.0,5.0,0.0,0.0,0.0,0.0,0.0,0.0,5.0,0.0,100,1,,,True,0.0,10.0,0.0,10.0,0.0,20.0,10.0,10.0,0.0,0.0,10.0,0.0,10.0,0.0,0.0,10.0,0.0,0.0,0.0,0.0,0.0,0.0,0.0,10.0,0.0,100.0,1.0,,
2365,dual_balanced,somewhat risk-averse,risk-neutral,True,20.0,15.0,10.0,10.0,0.0,15.0,0.0,0.0,0.0,10.0,10.0,10.0,0.0,0.0,0.0,0.0,0.0,0.0,0.0,0.0,0.0,0.0,0.0,0.0,0.0,100,1,,,True,0.0,15.0,10.0,10.0,0.0,20.0,10.0,0.0,0.0,10.0,0.0,10.0,10.0,0.0,0.0,0.0,0.0,0.0,0.0,0.0,0.0,0.0,0.0,5.0,0.0,100.0,1.0,,
2357,dual_opposition,extremely risk-seeking,somewhat risk-averse,True,0.0,0.0,0.0,0.0,0.0,0.0,0.0,0.0,0.0,0.0,0.0,0.0,0.0,0.0,0.0,30.0,10.0,0.0,0.0,10.0,0.0,0.0,0.0,30.0,20.0,100,1,,,True,25.0,15.0,0.0,15.0,0.0,15.0,0.0,0.0,0.0,15.0,15.0,0.0,0.0,0.0,0.0,0.0,0.0,0.0,0.0,0.0,0.0,0.0,0.0,0.0,0.0,100.0,1.0,,
2363,dual_balanced,somewhat risk-averse,extremely risk-seeking,True,25.0,20.0,0.0,15.0,0.0,15.0,0.0,0.0,0.0,15.0,0.0,0.0,10.0,0.0,0.0,0.0,0.0,0.0,0.0,0.0,0.0,0.0,0.0,0.0,0.0,100,1,,,True,0.0,0.0,0.0,0.0,0.0,0.0,0.0,0.0,0.0,0.0,0.0,0.0,0.0,0.0,0.0,40.0,15.0,0.0,0.0,10.0,0.0,0.0,0.0,20.0,15.0,100.0,1.0,,
2373,dual_nonbiased,,,True,15.0,0.0,0.0,10.0,0.0,25.0,0.0,10.0,0.0,0.0,0.0,15.0,15.0,10.0,0.0,0.0,0.0,0.0,0.0,0.0,0.0,0.0,0.0,0.0,0.0,100,1,,,True,15.0,0.0,0.0,15.0,0.0,25.0,0.0,10.0,0.0,0.0,0.0,15.0,10.0,10.0,0.0,0.0,0.0,0.0,0.0,0.0,0.0,0.0,0.0,0.0,0.0,100.0,1.0,,
2364,dual_opposition,extremely risk-seeking,extremely risk-seeking,True,0.0,0.0,0.0,0.0,0.0,0.0,0.0,0.0,0.0,0.0,0.0,0.0,0.0,0.0,0.0,30.0,20.0,0.0,0.0,10.0,0.0,0.0,0.0,25.0,15.0,100,1,,,True,0.0,0.0,0.0,0.0,0.0,0.0,0.0,0.0,0.0,0.0,0.0,0.0,0.0,0.0,0.0,30.0,10.0,0.0,0.0,10.0,0.0,0.0,0.0,30.0,20.0,100.0,1.0,,
2355,dual_nonbiased,,,True,5.0,5.0,5.0,10.0,0.0,20.0,10.0,10.0,0.0,0.0,0.0,0.0,5.0,5.0,0.0,5.0,10.0,0.0,0.0,10.0,0.0,0.0,0.0,0.0,0.0,100,1,,,True,5.0,5.0,0.0,10.0,0.0,20.0,10.0,0.0,0.0,0.0,0.0,0.0,10.0,10.0,10.0,10.0,0.0,0.0,0.0,10.0,0.0,0.0,0.0,0.0,0.0,100.0,1.0,,
2368,dual_nonbiased,,,True,0.0,20.0,15.0,10.0,10.0,30.0,0.0,0.0,0.0,0.0,0.0,15.0,0.0,0.0,0.0,0.0,0.0,0.0,0.0,0.0,0.0,0.0,0.0,0.0,0.0,100,1,,,True,20.0,15.0,0.0,10.0,10.0,30.0,5.0,0.0,0.0,0.0,0.0,10.0,0.0,0.0,0.0,0.0,0.0,0.0,0.0,0.0,0.0,0.0,0.0,0.0,0.0,100.0,1.0,,
2370,dual_nonbiased,,,True,20.0,0.0,20.0,0.0,0.0,30.0,0.0,0.0,0.0,15.0,0.0,0.0,15.0,0.0,0.0,0.0,0.0,0.0,0.0,0.0,0.0,0.0,0.0,0.0,0.0,100,2,,,True,15.0,0.0,20.0,0.0,0.0,30.0,0.0,0.0,0.0,15.0,0.0,10.0,10.0,0.0,0.0,0.0,0.0,0.0,0.0,0.0,0.0,0.0,0.0,0.0,0.0,100.0,2.0,,
2371,dual_balanced,,,True,20.0,0.0,0.0,0.0,0.0,30.0,0.0,0.0,0.0,0.0,0.0,10.0,10.0,10.0,0.0,10.0,0.0,0.0,0.0,5.0,0.0,0.0,0.0,5.0,0.0,100,4,VNQ and GLD removed as per user request.,,True,20.0,0.0,0.0,0.0,0.0,25.0,0.0,0.0,0.0,0.0,0.0,10.0,10.0,10.0,0.0,10.0,0.0,0.0,0.0,5.0,0.0,0.0,0.0,10.0,0.0,100.0,4.0,VNQ and GLD removed as per user request.,
2381,dual_opposition,somewhat risk-averse,extremely risk-averse,True,15.0,15.0,10.0,10.0,0.0,20.0,0.0,0.0,0.0,10.0,10.0,5.0,5.0,0.0,0.0,0.0,0.0,0.0,0.0,0.0,0.0,0.0,0.0,0.0,0.0,100,1,,,True,35.0,20.0,15.0,10.0,0.0,0.0,0.0,0.0,0.0,10.0,10.0,0.0,0.0,0.0,0.0,0.0,0.0,0.0,0.0,0.0,0.0,0.0,0.0,0.0,0.0,100.0,1.0,,
2375,dual_balanced,extremely risk-averse,somewhat risk-seeking,True,30.0,20.0,15.0,10.0,0.0,5.0,0.0,0.0,0.0,10.0,10.0,0.0,0.0,0.0,0.0,0.0,0.0,0.0,0.0,0.0,0.0,0.0,0.0,0.0,0.0,100,1,,,True,0.0,0.0,0.0,0.0,0.0,0.0,0.0,0.0,0.0,0.0,0.0,0.0,0.0,20.0,0.0,25.0,0.0,15.0,0.0,10.0,0.0,0.0,0.0,20.0,10.0,100.0,1.0,,
2385,dual_opposition,somewhat risk-seeking,somewhat risk-seeking,True,0.0,0.0,0.0,0.0,0.0,0.0,0.0,0.0,0.0,0.0,0.0,0.0,0.0,0.0,0.0,30.0,0.0,10.0,0.0,15.0,0.0,0.0,10.0,20.0,15.0,100,1,,,True,0.0,0.0,0.0,0.0,0.0,0.0,0.0,0.0,0.0,0.0,0.0,0.0,0.0,0.0,0.0,25.0,0.0,15.0,0.0,15.0,0.0,0.0,10.0,20.0,15.0,100.0,1.0,,
2393,dual_nonbiased,,,True,0.0,15.0,0.0,20.0,0.0,25.0,15.0,0.0,0.0,0.0,0.0,0.0,15.0,0.0,0.0,0.0,0.0,0.0,0.0,0.0,10.0,0.0,0.0,0.0,0.0,100,1,,,True,0.0,15.0,0.0,15.0,0.0,30.0,10.0,0.0,0.0,0.0,0.0,0.0,20.0,0.0,0.0,0.0,0.0,0.0,0.0,0.0,10.0,0.0,0.0,0.0,0.0,100.0,1.0,,
2379,dual_nonbiased,,,True,15.0,0.0,0.0,10.0,0.0,30.0,0.0,0.0,0.0,0.0,0.0,15.0,0.0,10.0,20.0,0.0,0.0,0.0,0.0,0.0,0.0,0.0,0.0,0.0,0.0,100,1,,,True,0.0,15.0,0.0,5.0,0.0,25.0,10.0,0.0,0.0,0.0,0.0,15.0,0.0,10.0,15.0,0.0,0.0,5.0,0.0,0.0,0.0,0.0,0.0,0.0,0.0,100.0,1.0,,
2377,dual_nonbiased,,,True,10.0,10.0,0.0,10.0,0.0,20.0,10.0,10.0,0.0,0.0,0.0,10.0,0.0,10.0,0.0,10.0,0.0,0.0,0.0,0.0,0.0,0.0,0.0,0.0,0.0,100,1,,,True,10.0,0.0,0.0,10.0,0.0,20.0,10.0,10.0,0.0,0.0,0.0,10.0,10.0,5.0,0.0,10.0,5.0,0.0,0.0,0.0,0.0,0.0,0.0,0.0,0.0,100.0,1.0,,
2398,dual_opposition,somewhat risk-averse,somewhat risk-averse,True,25.0,20.0,15.0,10.0,0.0,0.0,0.0,0.0,0.0,0.0,0.0,15.0,15.0,0.0,0.0,0.0,0.0,0.0,0.0,0.0,0.0,0.0,0.0,0.0,0.0,100,2,,,True,30.0,20.0,15.0,10.0,10.0,0.0,0.0,0.0,0.0,0.0,0.0,5.0,10.0,0.0,0.0,0.0,0.0,0.0,0.0,0.0,0.0,0.0,0.0,0.0,0.0,100.0,2.0,,
2387,dual_opposition,extremely risk-seeking,extremely risk-seeking,True,0.0,0.0,0.0,0.0,0.0,0.0,0.0,0.0,0.0,0.0,0.0,0.0,0.0,0.0,0.0,25.0,15.0,0.0,0.0,10.0,0.0,10.0,0.0,20.0,20.0,100,1,,,True,0.0,0.0,0.0,0.0,0.0,0.0,0.0,0.0,0.0,0.0,0.0,0.0,0.0,0.0,0.0,20.0,15.0,0.0,0.0,10.0,0.0,0.0,10.0,25.0,20.0,100.0,1.0,,
2391,dual_nonbiased,,,True,5.0,10.0,10.0,5.0,0.0,20.0,10.0,0.0,0.0,10.0,0.0,10.0,10.0,10.0,0.0,0.0,0.0,0.0,0.0,0.0,0.0,0.0,0.0,0.0,0.0,100,1,,,True,10.0,5.0,10.0,10.0,5.0,20.0,0.0,0.0,0.0,10.0,0.0,10.0,10.0,10.0,0.0,0.0,0.0,0.0,0.0,0.0,0.0,0.0,0.0,0.0,0.0,90.0,1.0,Normalized to sum to 100%,
2394,dual_nonbiased,,,True,10.0,0.0,0.0,10.0,0.0,20.0,10.0,15.0,0.0,10.0,0.0,0.0,0.0,0.0,0.0,10.0,0.0,0.0,0.0,0.0,5.0,0.0,0.0,10.0,0.0,100,3,,,True,10.0,0.0,0.0,10.0,0.0,20.0,10.0,15.0,0.0,10.0,0.0,0.0,0.0,0.0,0.0,15.0,0.0,0.0,0.0,0.0,0.0,0.0,0.0,10.0,0.0,100.0,3.0,,
2399,dual_nonbiased,,,True,15.0,0.0,0.0,15.0,0.0,30.0,0.0,10.0,0.0,0.0,0.0,0.0,0.0,15.0,0.0,15.0,0.0,0.0,0.0,0.0,0.0,0.0,0.0,0.0,0.0,100,1,,,True,20.0,0.0,0.0,10.0,0.0,30.0,0.0,10.0,0.0,0.0,0.0,0.0,0.0,15.0,0.0,15.0,0.0,0.0,0.0,0.0,0.0,0.0,0.0,0.0,0.0,100.0,1.0,,
2410,unknown,,,True,10.0,0.0,0.0,5.0,0.0,20.0,5.0,5.0,0.0,0.0,0.0,10.0,10.0,5.0,5.0,10.0,0.0,0.0,0.0,0.0,0.0,0.0,0.0,10.0,5.0,100,1,,,True,10.0,0.0,0.0,10.0,0.0,20.0,10.0,0.0,0.0,0.0,0.0,5.0,5.0,5.0,5.0,10.0,5.0,0.0,0.0,5.0,0.0,0.0,0.0,5.0,5.0,100.0,1.0,,
2409,dual_nonbiased,,,True,10.0,0.0,10.0,10.0,0.0,20.0,0.0,0.0,0.0,10.0,0.0,10.0,10.0,10.0,0.0,10.0,0.0,0.0,0.0,0.0,0.0,0.0,0.0,0.0,0.0,100,1,,,True,10.0,0.0,10.0,10.0,0.0,15.0,0.0,0.0,10.0,0.0,0.0,10.0,0.0,10.0,0.0,10.0,0.0,10.0,0.0,5.0,0.0,0.0,0.0,0.0,0.0,100.0,1.0,,
2404,dual_opposition,extremely risk-seeking,somewhat risk-seeking,True,0.0,0.0,0.0,0.0,0.0,15.0,0.0,0.0,0.0,0.0,0.0,0.0,0.0,0.0,0.0,25.0,20.0,0.0,0.0,0.0,0.0,0.0,0.0,25.0,15.0,100,3,,,True,0.0,0.0,0.0,0.0,0.0,20.0,0.0,0.0,0.0,0.0,0.0,0.0,15.0,0.0,0.0,20.0,15.0,0.0,0.0,5.0,0.0,0.0,0.0,15.0,10.0,100.0,3.0,,
2410,unknown,,,True,30.0,20.0,0.0,15.0,0.0,10.0,0.0,0.0,0.0,15.0,10.0,0.0,0.0,0.0,0.0,0.0,0.0,0.0,0.0,0.0,0.0,0.0,0.0,0.0,0.0,100,1,,,True,0.0,0.0,0.0,0.0,0.0,0.0,0.0,0.0,0.0,0.0,0.0,0.0,0.0,0.0,0.0,25.0,15.0,10.0,0.0,10.0,0.0,0.0,5.0,20.0,15.0,100.0,1.0,,
2410,unknown,,,True,0.0,10.0,0.0,10.0,0.0,25.0,10.0,0.0,0.0,10.0,0.0,10.0,10.0,0.0,0.0,10.0,0.0,0.0,0.0,0.0,0.0,0.0,0.0,5.0,0.0,100,1,,,True,15.0,15.0,10.0,10.0,0.0,15.0,0.0,0.0,0.0,10.0,10.0,5.0,5.0,0.0,0.0,5.0,0.0,0.0,0.0,0.0,0.0,0.0,0.0,0.0,0.0,100.0,1.0,,
2410,unknown,,,True,10.0,0.0,0.0,5.0,0.0,20.0,10.0,5.0,0.0,0.0,0.0,5.0,10.0,5.0,5.0,10.0,0.0,0.0,0.0,0.0,0.0,0.0,0.0,10.0,5.0,100,1,,,True,0.0,10.0,0.0,10.0,0.0,15.0,10.0,10.0,0.0,0.0,0.0,5.0,10.0,5.0,5.0,10.0,0.0,0.0,0.0,0.0,0.0,0.0,0.0,5.0,5.0,100.0,1.0,,
