participantId,wave,ai_group,pre_m2_bear,post_m2_bear,pre_m2_neutral,post_m2_neutral,pre_m2_bull,post_m2_bull,pre_m2_bull_q4,post_m2_bull_q4,pre_m2_bull_gt2,post_m2_bull_gt2,pre_m2_all,post_m2_all
1898,wave3,Somewhat Risk-Seeking,0.0210560549939955,0.0080827545010339,0.0030251179723365,0.0019769789095373,-0.0109944265756669,-0.0047305656777325,-0.0136635378396368,-0.0066678508005436,-0.0112488377308723,-0.0051143819981819,0.0043630731685434,0.0017762655761752
132,wave3,Somewhat Risk-Averse,-0.008713227144514,-0.008713227144514,0.0077047302382719,0.0077047302382719,0.0163173208372266,0.0163173208372266,0.0163021353154327,0.0163021353154327,0.0166121205432668,0.0166121205432668,0.0051013372481038,0.0051013372481038
1848,wave3,Default,-0.0169335458148199,-0.0105152705148765,0.0008815908060268,0.0010604482952012,0.006749390773383,0.0004311491722117,0.0078637365445976,0.0002357044847009,0.0065830115531326,0.0001630959529133,-0.0031033100136639,-0.0030103992398107
522,wave3,Extremely Risk-Averse,-0.0059315738362023,-0.0059315738362023,-0.0033087014970346,-0.0033087014970346,-0.0062877925010022,-0.0062877925010022,-0.0070187420869049,-0.0070187420869049,-0.0066209166645855,-0.0066209166645855,-0.0051771738574762,-0.0051771738574762
2285,wave3,Default,0.0246938572081907,0.0300360329951777,-0.0084262231168177,-0.0024638811028196,-0.0337311721936887,-0.0264513798890474,-0.0381878998881431,-0.0308032854557722,-0.034524853904876,-0.0271491328435721,-0.0058195732985425,0.0003753400338433
1910,wave3,Extremely Risk-Seeking,-0.0187272294801142,-0.0187272294801142,0.0058047009757151,0.0058047009757151,0.0214438884265346,0.0214438884265346,0.0236177023797196,0.0236177023797196,0.0218212067929031,0.0218212067929031,0.0028386257810725,0.0028386257810725
1631,wave3,Somewhat Risk-Seeking,0.0222235949595545,0.0222235949595545,-0.00545993207035,-0.00545993207035,-0.0252762703988833,-0.0252762703988833,-0.0296632064616944,-0.0296632064616944,-0.0256892133288321,-0.0256892133288321,-0.002835919069461,-0.002835919069461
716,wave3,Extremely Risk-Seeking,0.0091832956109876,-0.0205740626706436,0.0074840726942344,0.006388750084643,0.0041265259534416,0.023648858572099,0.0022190837740659,0.0258655498279926,0.0046277683123497,0.0240861416514326,0.0069309572880658,0.0031525213491951
1040,wave3,Somewhat Risk-Seeking,0.0327749123549058,-0.0038038663139468,-0.0023389171849671,0.0116980260861038,-0.0284763328215203,0.0193858658836184,-0.0328316384402723,0.019564957868705,-0.0291748889476922,0.0200378590572318,0.0006550655041179,0.0090917360380323
1893,wave3,Default,-0.0025787616522241,0.0018895258540815,0.0054717180580298,0.0077904976227906,0.0160534720873668,0.010908726538509,0.0160163771972388,0.0096532498881812,0.0166835360608434,0.0112754676045217,0.0063159963605106,0.006862344796978
2128,wave3,Extremely Risk-Seeking,0.024763389579928,-0.0211347206936531,-0.0007291013526743,0.0030569839965492,-0.0167547979268913,0.0216195174719438,-0.019585630750511,0.0235203432801521,-0.0171043994874033,0.0220536213876728,0.0024284422650115,0.0011794367541256
1199,wave3,Extremely Risk-Averse,-0.0034091587455471,0.0138460303389476,-0.0029419607455781,-0.0047183623534089,-0.006700187373579,-0.0199418559857088,-0.0075326618682533,-0.0229587174007958,-0.0069693457411669,-0.020421134840028,-0.0043513039784583,-0.0036040427532297
2014,wave3,Extremely Risk-Seeking,0.0019761696630453,0.0019761696630453,0.0019211471007256,0.0019211471007256,-0.0014299009279506,-0.0014299009279506,-0.0017815849738645,-0.0017815849738645,-0.0017262323637943,-0.0017262323637943,0.0008217945869778,0.0008217945869778
602,wave3,Extremely Risk-Averse,-0.0003536456225557,0.0256015153711284,0.0029305462668371,0.0019082721825081,0.0093550501321376,-0.0153908969437965,0.008820945191201,-0.0192244288164534,0.009214725275885,-0.0160915396213636,0.0039779622834623,0.0040409442341189
1677,wave3,Somewhat Risk-Seeking,0.0123815191965111,-0.0205376598083422,-0.0060101402110929,0.0038296840378901,-0.0146389121673194,0.0229700658341404,-0.0176456856446666,0.0249089382985038,-0.015330594386048,0.023469044285143,-0.0027538380463609,0.0020862891741168
987,wave3,Extremely Risk-Averse,-0.0217821726789694,-0.0140664951376295,0.0019097816200276,0.0038631850954632,0.0170820826475648,0.0135367233307904,0.0201596887267047,0.0154875951421787,0.0174115106388482,0.0137527531844254,-0.0009318536573211,0.0011094410629162
2225,wave3,Somewhat Risk-Seeking,-0.0098678377091015,-0.0131720564964301,0.00547983454637,0.0069948558763125,0.0180510548788341,0.0212080825254579,0.0186547871407957,0.0227923033103435,0.0184209877502418,0.0217910209296612,0.0045537799900524,0.00500907044076
1117,wave3,Somewhat Risk-Averse,-0.0015728524917852,0.0288332405593821,-0.0004009969282793,-0.0070353834036076,0.0004029496327206,-0.033740433536474,-0.0010235623186634,-0.0386370018597026,0.0004654519920225,-0.0345064926831942,-0.0005237088705455,-0.0039789756094666
1809,wave3,Default,0.0202955181157796,0.0202955181157796,0.0056780421765872,0.0056780421765872,-0.0027804125846825,-0.0027804125846825,-0.0056599302449557,-0.0056599302449557,-0.0025345255761909,-0.0025345255761909,0.0077323149615787,0.0077323149615787
877,wave3,Somewhat Risk-Averse,-0.0114930896821062,-0.0114930896821062,0.0068490604411142,0.0068490604411142,0.0173268347673107,0.0173268347673107,0.0186176979909233,0.0186176979909233,0.0178861991780564,0.0178861991780564,0.0042259856530809,0.0042259856530809
106,wave3,Risk-Neutral,-0.0109305851364378,-0.0094026926582024,-0.0020824623298632,-0.0029969690096333,0.0060196378710964,0.0047627393092713,0.0056921791636329,0.004271693607333,0.0059490941834942,0.0046779047727116,-0.0023312898450528,-0.0025453625320429
1537,wave3,Somewhat Risk-Averse,-0.0160112768227222,0.0011771460400293,0.0029085432528544,0.0090955542415495,0.0149164725449327,0.0067579513716431,0.0160706730166348,0.0058628015563526,0.0150863431661483,0.0067430840321606,0.0006031592122424,0.0056747761961477
1316,wave3,Somewhat Risk-Averse,0.0255738364429884,0.0255738364429884,-0.0033786818111744,-0.0033786818111744,-0.0279623140368901,-0.0279623140368901,-0.0320537828474275,-0.0320537828474275,-0.0287083226553005,-0.0287083226553005,-0.0019214886290597,-0.0019214886290597
719,wave3,Extremely Risk-Seeking,0.0306709598202044,0.0306709598202044,-0.0024771954203723,-0.0024771954203723,-0.0234879327811337,-0.0234879327811337,-0.0278108579152866,-0.0278108579152866,-0.0239896231539664,-0.0239896231539664,0.0015711048712307,0.0015711048712307
2228,wave3,Risk-Neutral,-0.0046462703538716,-0.0046462703538716,0.0023559765101825,0.0023559765101825,-9.9869920390835e-05,-9.9869920390835e-05,-0.0011149232520501,-0.0011149232520501,-0.0001875064772474,-0.0001875064772474,-0.0007986649647826,-0.0007986649647826
549,wave3,Somewhat Risk-Averse,-0.0159290134617539,0.0300204969897594,0.0050843408999662,-0.0055639948002305,0.0213550550327703,-0.0344266750601296,0.0228872343846329,-0.039252035271663,0.0218310458037996,-0.0352043975028093,0.0035024861750318,-0.0033220095734862
2102,wave3,Default,-0.0194453286294676,-0.0174874819427522,0.0005934769599499,0.0033417994779051,0.0142602295753066,0.0155082469274606,0.0154532878905612,0.017018902957598,0.0142731711587157,0.0157141342184144,-0.0015318502034082,0.0004524078759531
1557,wave3,Default,-0.0179175098741707,-0.0201878255497406,0.0032254519298263,0.0061086762423138,0.0207258809065744,0.0241472276060683,0.0223273229204892,0.0268341671415215,0.0210859951650567,0.02474954887016,0.0020105257525502,0.0033543290279425
596,wave3,Risk-Neutral,0.0148048801211421,0.0148048801211421,0.0013445673135506,0.0013445673135506,-0.0083765436619488,-0.0083765436619488,-0.0107436336849102,-0.0107436336849102,-0.0088853674393412,-0.0088853674393412,0.0025917363586565,0.0025917363586565
866,wave3,Default,-0.0072026426146241,-0.0121253376246649,0.0070417553868579,0.00729179095302,0.0213902248282212,0.0225451314534786,0.0230864955707319,0.0243140069001348,0.0222325928666328,0.0233641992853072,0.0070764672542905,0.0059030059038341
367,wave3,Default,-0.0195454908456811,-0.0117001368397209,0.0012311963179781,0.0018961334166322,0.0145164309313919,0.0077851250456936,0.0158443454249244,0.0077847124035917,0.0147829505778797,0.0079479417556192,-0.0012674940825661,-0.000674543363494
870,wave3,Risk-Neutral,0.0294333991909861,0.0294333991909861,0.0023738246010011,0.0023738246010011,-0.0174072100824799,-0.0174072100824799,-0.0216288838505333,-0.0216288838505333,-0.01793595008764,-0.01793595008764,0.0048015003651309,0.0048015003651309
2132,wave3,Somewhat Risk-Averse,0.0291394608510074,0.0286684821801694,-0.0063158865611031,-0.0074728591194088,-0.0342340648873086,-0.0354808118398161,-0.0388926665970802,-0.0403860919299043,-0.0350623407355485,-0.036297467151249,-0.0038019479202433,-0.0047600581198209
2122,wave3,Extremely Risk-Seeking,0.0332005652439626,0.0332005652439626,-0.0020903503299242,-0.0020903503299242,-0.0298010405623934,-0.0298010405623934,-0.0342232873760492,-0.0342232873760492,-0.0305633220049818,-0.0305633220049818,0.0004379492444943,0.0004379492444943
212,wave3,Somewhat Risk-Averse,0.0074419921178539,0.0074419921178539,-7.922801871036835e-05,-7.922801871036835e-05,-0.0136289418328748,-0.0136289418328748,-0.0161101596675856,-0.0161101596675856,-0.0142085212739742,-0.0142085212739742,-0.0020899648125338,-0.0020899648125338
1773,wave3,Extremely Risk-Averse,0.0215589239188006,0.0301078601770689,-0.0041170778773062,-0.0055211796376367,-0.0154078259489524,-0.0344683293989844,-0.0186823311274711,-0.0391391934995541,-0.0156158453337109,-0.035340211201263,0.0006809629765366,-0.0032925097739705
1148,wave3,Somewhat Risk-Seeking,0.0219346194853559,-0.0125530903094097,-0.0031536358885381,0.0037414658223086,-0.0231263550519361,0.0113173511487763,-0.026736791960391,0.0123881767912604,-0.0236362777444533,0.0117519421470824,-0.0014474058701174,0.000833450467413
1869,wave3,Somewhat Risk-Seeking,0.0002506003732984,-0.0030071976561452,0.0035170295173598,0.0051172108370324,0.0010991792876383,0.0050195076894442,0.0006894211827494,0.0050190722473637,0.0013079807080047,0.0053271150964922,0.0016211015634655,0.0023748172503158
548,wave3,Somewhat Risk-Averse,0.0069149312931171,0.0173623034482652,0.0027053456094847,-0.0013646375140282,0.0025592815617785,-0.0110634045742631,0.0008831746531247,-0.0140690271240138,0.0024510758524981,-0.0114147190789252,0.0040606879060544,0.001646609145043
1831,wave3,Default,-0.015961847054282,-0.0053881777007893,0.0053706296572404,0.0047020486690577,0.0101289858270896,0.0095386855977079,0.0107453781735052,0.0094890119746038,0.0103572193894369,0.0098889913388547,-0.0001574832977813,0.0029497725360814
1363,wave3,Risk-Neutral,0.0261790991773111,0.0005315387681961,-0.0013075858276593,0.0017181816464805,-0.0231502855209317,0.001874096972991,-0.026559985436006,0.0017315176772389,-0.0237647970689366,0.0017929724816626,0.0005749024914705,0.0013743939735399
1530,wave3,Risk-Neutral,0.0159542066736948,-0.0003908681707192,0.0024941089592904,0.0058428292278473,-0.0116755996408149,0.0068353308903651,-0.0135787793282319,0.0064258793559857,-0.0121167289849584,0.0068621231232775,0.0022574261669573,0.004094686876921
172,wave3,Risk-Neutral,0.028856583822583,0.0197746654446033,-0.0031321703170227,-0.0074706003822697,-0.0307607005733454,-0.0209605656277588,-0.035185772137036,-0.0247174697123909,-0.0314870694642905,-0.0213957221292032,-0.0016778662967661,-0.0028826733696133
1473,wave3,Extremely Risk-Seeking,-0.0155816639360793,-0.0155816639360793,0.0025957893870784,0.0025957893870784,0.0102545345508836,0.0102545345508836,0.0106169247787452,0.0106169247787452,0.0103475835293517,0.0103475835293517,-0.0009126083405477,-0.0009126083405477
1244,wave3,Somewhat Risk-Averse,0.021179131427086,0.021179131427086,-0.0022975270703319,-0.0022975270703319,-0.0239175722693199,-0.0239175722693199,-0.0265956187623114,-0.0265956187623114,-0.0246045949226792,-0.0246045949226792,-0.0016782744227051,-0.0016782744227051
1936,wave3,Default,0.0222304153196818,0.015481841670623,-0.0042476854605588,-0.0021741343502707,-0.0209496808566416,-0.0116518083029084,-0.0245515509409185,-0.013812067760028,-0.0214019529715506,-0.0120056612095689,-0.0009869746018477,0.000553647042409
441,wave3,Somewhat Risk-Averse,0.0007148800721352,0.0007148800721352,0.0004862970398554,0.0004862970398554,0.0049932794192639,0.0049932794192639,0.0050535970944943,0.0050535970944943,0.0049518652396396,0.0049518652396396,0.0020657920384518,0.0020657920384518
533,wave3,Extremely Risk-Seeking,-0.0002044575094776,-0.0115024962676603,-0.0046063276661289,0.0080403779968292,-0.0011195483106742,0.0218182540846603,-0.0027344562426675,0.0239950159022884,-0.0008757136792363,0.0225553509061218,-0.0019751566513019,0.0061175271869819
2019,wave3,Somewhat Risk-Averse,0.0229324121607791,0.0279962306895218,-0.0083531667065647,-0.0059485648088939,-0.0329075818129831,-0.0335983377573178,-0.0370492286964195,-0.0379068556718107,-0.0336913078915402,-0.0345056908536689,-0.0061080621475877,-0.0038489302838966
438,wave3,Risk-Neutral,0.0002868600777204,0.0316902905919171,-0.0013587194395714,-0.0020744069876385,-0.0052170939591954,-0.023709669810774,-0.005436817135204,-0.0266418314207047,-0.0056698310531188,-0.024286460360964,-0.0020967725198807,0.0019712306222401
1312,wave3,Risk-Neutral,-0.0039366123199271,-0.0039366123199271,0.0107580759737189,0.0107580759737189,0.0197965009728636,0.0197965009728636,0.0208592308551932,0.0208592308551932,0.0207017029660334,0.0207017029660334,0.0088714924704358,0.0088714924704358
1892,wave3,Extremely Risk-Averse,0.0252495351587938,0.0288373088321497,0.0052118454144048,0.0016843130346877,-0.008591318930369,-0.0176716240558067,-0.0120194775765749,-0.0216058197436388,-0.0087247642367122,-0.0181243808332231,0.0072913017899854,0.0042849349585283
2392,wave3,Extremely Risk-Averse,-0.0143485336005487,-0.0143485336005487,0.0073595553655511,0.0073595553655511,0.023847536259249,0.023847536259249,0.0255309141171484,0.0255309141171484,0.0242828981949022,0.0242828981949022,0.0056184465695157,0.0056184465695157
1335,wave3,Somewhat Risk-Seeking,-0.008019096175129,-0.0204819358100892,0.0046026207900039,0.005249020446965,0.0117536950405772,0.0201489461259361,0.0120784756312861,0.0222665365798667,0.0120975978225266,0.0206242740784566,0.0027779489598086,0.0016364510617967
471,wave3,Somewhat Risk-Seeking,-0.0081983804636849,-0.0178448255778615,0.0079660154738528,0.005732726567262,0.0203208515714768,0.0224594146572395,0.021349929127687,0.0240058038240721,0.020849497933337,0.0229977643750603,0.0066953793003674,0.0034476973108908
581,wave3,Risk-Neutral,-0.0177724355509755,-0.0177724355509755,0.0060046300000422,0.0060046300000422,0.0240390094869397,0.0240390094869397,0.0259630474082252,0.0259630474082252,0.0246633954299342,0.0246633954299342,0.0040892211463498,0.0040892211463498
205,wave3,Extremely Risk-Averse,-0.0018836114633202,0.0196075234793941,0.0112598740151097,0.0073867734467778,0.0168699173929512,-8.389940745772735e-05,0.017249136448896,-0.0028738841314348,0.017576719854085,0.0001411541176499,0.0087471784686125,0.0089711086832168
1756,wave3,Extremely Risk-Seeking,-0.0213959298321323,-0.0177602803961179,0.0007923214388117,0.0005859687731067,0.009907158114689,0.0135596163298683,0.0115216749040448,0.0152542061911873,0.0100001506273013,0.0138996253241233,-0.0035681701123171,-0.001206002541531
432,wave3,Risk-Neutral,0.0302353923285304,0.023117794155449,-0.0019052203534742,-0.0048599973102219,-0.0275222269246417,-0.0230790578099471,-0.0313205664157328,-0.0272381394453516,-0.0283081655227013,-0.0235659466641957,0.0002706556674646,-0.0016050814948232
1074,wave3,Risk-Neutral,0.0288865786970632,0.010698919036296,-0.003591625416442,0.002996655020493,-0.029901736139911,-0.0029937857670184,-0.0339770627032542,-0.0056995748029133,-0.0306669156132349,-0.0026455523342617,-0.0015343266963374,0.0035676145559466
1070,wave3,Default,0.0304730871355917,0.0304730871355917,-0.0012600659660161,-0.0012600659660161,-0.0243248695457977,-0.0243248695457977,-0.0272470831404209,-0.0272470831404209,-0.0251193599114982,-0.0251193599114982,0.0016311652863315,0.0016311652863315
1421,wave3,Risk-Neutral,-0.0066079181849451,-0.0100823818103279,0.0007495235220153,0.0014917309096078,0.0013351000174962,0.004765100136218,0.0004732866751745,0.0047054911590893,0.0010106731107938,0.0045941515471958,-0.0015091565516039,-0.0012768894540722
1588,wave3,Extremely Risk-Seeking,0.0263744268209848,0.0150444943436348,0.0071756609153161,0.0125406935680541,-0.0062863793122797,0.0067742453725658,-0.0097896286157514,0.0049934905225896,-0.0063450714385549,0.0071580345664846,0.0090890817487547,0.0114524739292316
1503,wave3,Extremely Risk-Averse,0.0036868619242302,0.0036868619242302,0.0057560019228752,0.0057560019228752,0.0008855354026078,0.0008855354026078,-0.0003231140173547,-0.0003231140173547,0.0009996664415126,0.0009996664415126,0.0034413736079975,0.0034413736079975
2121,wave3,Extremely Risk-Seeking,-0.0221926400311846,-0.018056825147473,0.0005809536739315,0.0063629945386594,0.0149543963695191,0.0208117373383518,0.0167098742165589,0.0229576876865676,0.0153030984656083,0.0213696308777471,-0.0022208229574833,0.0030372531110613
1735,wave3,Extremely Risk-Averse,-0.0031252344610839,0.0297189164011812,-0.0001093629224785,-0.0057438342581111,-0.0027858227684605,-0.0344834347132737,-0.0042836526689125,-0.0391343461284737,-0.002660583134676,-0.0353538088834904,-0.0020079765347238,-0.0035014025315795
2376,wave3,Somewhat Risk-Seeking,-0.0086790556491019,-0.0068679617888132,0.0062497355637691,0.0082313771052509,0.0156793757107171,0.0200290423654309,0.0166743196368681,0.021554465154386,0.0163944273415994,0.0205979827850834,0.004415555091103,0.0071301407082526
2049,wave3,Extremely Risk-Seeking,0.0020746277267552,0.0020746277267552,0.0008099432559384,0.0008099432559384,-0.0015416522635916,-0.0015416522635916,-0.0032589901726769,-0.0032589901726769,-0.0016455106300947,-0.0016455106300947,0.0004474162045488,0.0004474162045488
607,wave3,Extremely Risk-Averse,-0.0126162600348499,-0.0094241725599739,0.0113386368633324,0.0074977186481016,0.0215015115777408,0.0153487546267301,0.0234346891080724,0.0166498972471156,0.0220394606321141,0.0155630699019994,0.0067384617699775,0.0044722361085634
249,wave3,Somewhat Risk-Averse,0.0102936234358067,0.0296155788070532,-0.0024788927325819,-0.0065446419536141,-0.0060677435349673,-0.0347723930589998,-0.0089527180160394,-0.039626304311453,-0.0064449739773599,-0.0357239611417993,0.0005842163691491,-0.0038988552190226
372,wave3,Default,0.0261207009154956,0.0261207009154956,-0.0054421941118939,-0.0054421941118939,-0.0317966931551085,-0.0317966931551085,-0.0360833994556254,-0.0360833994556254,-0.0325781421296202,-0.0325781421296202,-0.0037049917521906,-0.0037049917521906
2107,wave3,Extremely Risk-Averse,0.0261207009154956,0.0297189164011812,-0.0054421941118939,-0.0057438342581111,-0.0317966931551085,-0.0344834347132737,-0.0360833994556254,-0.0391343461284737,-0.0325781421296202,-0.0353538088834904,-0.0037049917521906,-0.0035014025315795
2125,wave3,Somewhat Risk-Seeking,-0.0140139562142189,-0.0252289913908879,0.0044671305221674,0.0040243094195873,0.011557557733574,0.0232310102432307,0.012185556149247,0.0253684165710612,0.011613668799851,0.0236390965833804,0.0006679031466963,0.0006733781046205
1897,wave3,Extremely Risk-Seeking,-0.0015874900041733,-0.0015874900041733,-0.0018754609521765,-0.0018754609521765,-0.0008483837297115,-0.0008483837297115,-0.0011594315342563,-0.0011594315342563,-0.0008612437670724,-0.0008612437670724,-0.0014368413096221,-0.0014368413096221
560,wave3,Default,0.0188775561897307,0.0288461834918524,-0.0085774915050292,-0.0058517724861718,-0.0257231682886097,-0.0307213179016854,-0.0308058035688634,-0.0359136214642434,-0.0266159957026245,-0.0314270885618644,-0.0051389158805236,-0.0025736158188979
289,wave3,Default,0.0126341531008801,-0.0054262210698834,0.003138191627797,0.0018731117507178,-0.0036242446035983,0.006851306393004,-0.0060549069976087,0.0057898905182822,-0.0040501405010363,0.0067224381911849,0.0040499284685818,0.0010989220130677
1261,wave3,Extremely Risk-Seeking,0.0186078162563524,-0.0142489132322419,0.0054248959313026,0.0070774058822776,0.0026016384812649,0.0207458699131091,0.0012010734007005,0.0226184357355322,0.0028294396750282,0.0214375834690309,0.0088802458791334,0.0045232137735999
25,wave3,Default,0.0054924664257447,-0.0106503454159926,0.0014728691532821,-0.0007233922554808,0.0020747479503863,0.0123853732860691,-0.0003144315798238,0.0129644422290958,0.0016914569566577,0.012825729954125,0.003014310924944,0.0003378657581699
1787,wave3,Risk-Neutral,-0.0168933511277259,-0.0006416551018544,-0.0009574571243447,-0.0015489535264679,0.0173364833028426,0.0030352930585419,0.0183408367284511,0.0024924467493745,0.0177238544512217,0.0031745952688412,-0.0001709570532725,0.0002826900309958
1012,wave3,Somewhat Risk-Averse,-0.0148821001380395,0.0320478298569322,0.0080133889392656,-0.0012409123278478,0.0210628501971429,-0.0297423654876376,0.0226905856497874,-0.0350137955159596,0.0215107838119557,-0.0303844211275669,0.004729356232539,0.0003558345047783
2235,wave3,Extremely Risk-Averse,0.0295228375398714,0.0294573452919873,-0.0018700915907182,-0.0057619893895596,-0.0241497630594981,-0.0346390211898225,-0.0277264944382821,-0.0391081279353917,-0.0248701047590245,-0.0355227188283186,0.001169533806963,-0.003646585037664
1979,wave3,Somewhat Risk-Averse,-0.0050593345504531,-0.0050593345504531,0.0103884773181555,0.0103884773181555,0.0215853785552445,0.0215853785552445,0.0225851914582738,0.0225851914582738,0.02224423325287,0.02224423325287,0.0089706335131912,0.0089706335131912
1540,wave3,Extremely Risk-Seeking,-0.0091047571980899,-0.0091047571980899,0.0094696773260418,0.0094696773260418,0.0235061597817606,0.0235061597817606,0.0250682396309321,0.0250682396309321,0.0244375864927135,0.0244375864927135,0.0079560940529151,0.0079560940529151
1679,wave3,Extremely Risk-Seeking,0.012282145907428,-0.0176358102810303,0.0016663649669029,0.0055313671450553,-0.0061390131843844,0.0187362724865522,-0.0084646110177121,0.0204499081259879,-0.006249512312627,0.0192878525500769,0.0026037434557917,0.0022085624608614
965,wave3,Risk-Neutral,-0.0014869831297694,0.0157657199730292,0.0034287202691487,0.0023283520658048,0.008117379099442,-0.0082412341951313,0.0075113008841174,-0.0108312081582195,0.0080038424863023,-0.0086544402387343,0.0033529920868885,0.0032848686321685
1407,wave3,Extremely Risk-Seeking,0.0197486419307938,-0.0008464336897674,-0.001791743504259,0.0061103648724499,-0.0132043271846656,0.0125579768346269,-0.0160539599300156,0.0131758658003189,-0.0133296865910596,0.0133043537188132,0.0015862717542265,0.0059405313640517
663,wave3,Somewhat Risk-Seeking,-0.0144521743683309,-0.0144521743683309,0.0073903026768325,0.0073903026768325,0.0209158732920969,0.0209158732920969,0.0219902569471165,0.0219902569471165,0.0212588688613246,0.0212588688613246,0.0046162913460215,0.0046162913460215
2217,wave3,Extremely Risk-Averse,-0.02076439497964,-0.0078046872171033,0.0014384829940913,0.0021365467014922,0.0163070594267843,0.0044348743366785,0.0183780542913669,0.0042096948564593,0.016662375896573,0.0044892250054834,-0.0010077914409898,-0.000412659401667
2239,wave3,Extremely Risk-Averse,0.0135133289070779,0.0309591093397897,0.0031653584167629,-0.0058768945086458,-0.0038871413145399,-0.035699684969834,-0.0067973524873459,-0.040451233943141,-0.0037113923029059,-0.0365822777187919,0.0042645259140659,-0.0035377154442187
1995,wave3,Somewhat Risk-Averse,-0.0135863588391056,-0.0135863588391056,0.0041882987454099,0.0041882987454099,0.0148232563340175,0.0148232563340175,0.0164312890331628,0.0164312890331628,0.0151658059526701,0.0151658059526701,0.001806931484136,0.001806931484136
1583,wave3,Somewhat Risk-Averse,0.0019408697228246,0.0267342437516551,0.0024916402547185,-0.0034125245007143,0.004915322629915,-0.023569153522767,0.0039804575443126,-0.0287812228105392,0.0046685211555173,-0.0242464614568854,0.003116329100111,-8.04250410340974e-05
1707,wave3,Risk-Neutral,-0.008912044135898,-0.0056286158957666,0.0010655587807171,0.0057560287108725,0.0133119598571409,0.0156113846156044,0.014737772283778,0.0163606449667111,0.0137018284990445,0.0161315741601409,0.0018222910892599,0.0052459515297801
466,wave3,Somewhat Risk-Averse,-0.0065180365344656,0.0287154943981024,-0.0017208256307387,-0.0050188222487434,-0.001383995759076,-0.0324868541935464,-0.0017936688206351,-0.0370569851602921,-0.0014189912552194,-0.0333092027210049,-0.0032085359503113,-0.002928772912242
2066,wave3,Somewhat Risk-Averse,-0.0208545336431316,0.0164216720769486,0.0019887389386965,1.2143723732252615e-05,0.0162876110398365,-0.0186083099269226,0.0184104241446421,-0.0224781039910013,0.016561352785719,-0.019302522072914,-0.0008611504941346,-0.0007252857373738
506,wave3,Extremely Risk-Seeking,-0.0086071764663727,-0.0138799512715072,0.0030220118762942,0.0087287657272927,0.0093757173692745,0.0163875783788336,0.009299340652353,0.0171178370270892,0.0095747983999172,0.0169857755581894,0.0012624334412261,0.0037423919591872
1704,wave3,Somewhat Risk-Seeking,0.0139891282391754,-0.0017881246725797,0.0058637846327456,0.0063258095097287,0.0037768882510093,0.0137978971197916,0.001903731562531,0.0137853152044693,0.004125298345072,0.0143911061560632,0.0078778413211298,0.0061117287479624
1478,wave3,Risk-Neutral,-0.0196811693068652,-0.0202431562063339,0.0066730414760499,0.0063059727514273,0.0210491246934614,0.0242177841314376,0.0232185976662138,0.0269160460527087,0.0214804208520463,0.024811891469559,0.0026778706912549,0.0034250918577385
924,wave3,Somewhat Risk-Seeking,0.0135872391896359,0.0135872391896359,-0.0041823577808819,-0.0041823577808819,-0.0123905897364548,-0.0123905897364548,-0.0161914852230725,-0.0161914852230725,-0.0123856889946882,-0.0123856889946882,-0.0009932711760204,-0.0009932711760204
2369,wave3,Extremely Risk-Averse,-0.0096055973367454,0.0304867362620223,0.0084032029826795,-0.0068923962227111,0.0196353285507138,-0.035632692300922,0.0209712801736322,-0.0406619215928129,0.0202095991349941,-0.036451335668188,0.0061429187406928,-0.0040110087406342
469,wave3,Extremely Risk-Averse,-0.0146094373134181,-0.0146094373134181,0.0013408780412051,0.0013408780412051,0.0143050053575374,0.0143050053575374,0.0147089858061984,0.0147089858061984,0.0143388752429114,0.0143388752429114,0.0003448683440932,0.0003448683440932
35,wave3,Extremely Risk-Seeking,0.0045718510125507,0.0045718510125507,0.0023402014756337,0.0023402014756337,0.0131626819896821,0.0131626819896821,0.013738706288955,0.013738706288955,0.0136158233879246,0.0136158233879246,0.0066942608822751,0.0066942608822751
2134,wave3,Default,-0.0108591550045085,0.0031754836876436,0.005631392690718,0.0060850917500115,0.0111638017243114,0.0005776552970862,0.0115605460016634,-0.0014362476523833,0.0115331671293376,0.0006927871620145,0.0019764278226887,0.0032776804782645
985,wave3,Default,0.0131561277797304,0.0131561277797304,0.0002856907965891,0.0002856907965891,-0.0117161968930254,-0.0117161968930254,-0.014894949324355,-0.014894949324355,-0.0122787727561783,-0.0122787727561783,0.0005753857212487,0.0005753857212487
385,wave3,Somewhat Risk-Averse,-0.0129290888213137,-0.0129290888213137,0.0083202319180464,0.0083202319180464,0.0235799269300062,0.0235799269300062,0.025863835445986,0.025863835445986,0.0243435577942531,0.0243435577942531,0.0063224590952821,0.0063224590952821
817,wave3,Extremely Risk-Seeking,0.0305516021681638,0.0305516021681638,4.929550635420596e-05,4.929550635420596e-05,-0.0189249525688085,-0.0189249525688085,-0.023071795630453,-0.023071795630453,-0.0193223037070507,-0.0193223037070507,0.0038943508055995,0.0038943508055995
1946,wave3,Default,0.0304331436057003,0.0297634170090832,0.0005659916312097,0.0009897144586713,-0.0225541662691387,-0.0215322406565703,-0.0269927025776745,-0.0260050138736326,-0.0228841755110311,-0.0218402189781272,0.0028163762145087,0.0030749150520295
1989,wave3,Default,0.0054750323448702,0.0054750323448702,0.0056616529583128,0.0056616529583128,0.0017867083337516,0.0017867083337516,-3.2789305037723895e-05,-3.2789305037723895e-05,0.0019257984755871,0.0019257984755871,0.0043069631964385,0.0043069631964385
2196,wave3,Extremely Risk-Seeking,-0.0035586470300185,-0.0164563840358221,0.0087471921676824,0.0061635743219422,0.0182880119765191,0.020455570169277,0.0185176875252768,0.0220068239718857,0.0185981312600916,0.0209357224486478,0.007824950805552,0.0033858753588457
659,wave3,Somewhat Risk-Averse,0.0319788948970657,0.0308855584492473,0.0046222839184723,0.0030559587132329,-0.0134675817783647,-0.0194523806605092,-0.0173393019392776,-0.0237423974647696,-0.013687274443318,-0.019709479058827,0.0077131033990088,0.0048308057267898
1888,wave3,Risk-Neutral,-0.0096154749813432,0.0081727076584193,0.0061260309955106,-0.0028741613516222,0.0166456940881164,-0.0116331468321461,0.0173709698889525,-0.0136631030533001,0.017032286709009,-0.011721903488932,0.0043843435723428,-0.0021110633309878
1414,wave3,Extremely Risk-Seeking,-0.0037827426189094,-0.0206517977818295,0.0051954884636487,0.0054940169138739,0.0162901933346147,0.0226806634544329,0.0168269683345398,0.0249889894299193,0.0170072064941627,0.0232884740354413,0.005901414677908,0.0025057863516463
127,wave3,Risk-Neutral,0.011351092928549,0.0215494271958669,0.0012171976845131,-0.004685903021833,-0.0063674348973406,-0.0194940383253515,-0.007609357583292,-0.0231715262584394,-0.0065804751719217,-0.0197987673420546,0.0020674757981016,-0.0008744896749944
1717,wave3,Default,0.0295046305490417,0.0237224419434843,-0.0028513718420018,-0.0010966746185071,-0.0263762639733564,-0.0206649408578777,-0.0296763190029102,-0.0229943711699547,-0.027068405824151,-0.0213158805058301,9.414643820265796e-05,0.000654687912034
2276,wave3,Extremely Risk-Seeking,-0.0179277673538631,-0.0181003620175984,0.0085310441658427,0.0082706641086867,0.0239512602952769,0.0256122340773665,0.0263965935654856,0.0277784512035939,0.0247530009833273,0.0261088045125495,0.0048492438537977,0.0052589897675865
514,wave3,Extremely Risk-Seeking,-0.0255648308924951,-0.0255648308924951,0.0018152907324401,0.0018152907324401,0.0226767504778665,0.0226767504778665,0.0246565232912487,0.0246565232912487,0.023020022674187,0.023020022674187,-0.0003589361953122,-0.0003589361953122
69,wave3,Default,0.0232049702569774,0.0221399671129871,-0.008385790533911,-0.0076893039686174,-0.0276869497158379,-0.0308696498385727,-0.031425826140499,-0.0346992443910324,-0.028437060977917,-0.0315967410305339,-0.0042867310576791,-0.0054716291600463
2115,wave3,Extremely Risk-Averse,0.004620336891153,0.0308898766767099,0.0010892268581995,-0.0049404757602186,-0.0060653032728509,-0.0344008016657453,-0.0074832365045129,-0.0390333815859504,-0.0063175434375238,-0.0352772627422742,-0.0001193244815479,-0.0028158244941961
2065,wave3,Extremely Risk-Averse,0.0060341127429987,0.029767922657847,-0.0043210738946273,-0.0064691724625748,-0.0084929667926626,-0.0354165333134852,-0.0112556286960815,-0.0401539383894259,-0.0090135496156114,-0.0362900578828276,-0.0022587052675505,-0.0040377629435823
1883,wave3,Risk-Neutral,0.0233515757389731,0.0233515757389731,-0.0028955068968277,-0.0028955068968277,-0.0187819550251736,-0.0187819550251736,-0.0223366132428423,-0.0223366132428423,-0.0191219928721926,-0.0191219928721926,0.0005601671281618,0.0005601671281618
293,wave3,Default,0.0135929999833558,0.0135929999833558,0.0095400519281117,0.0095400519281117,0.0112398469335628,0.0112398469335628,0.0096957838558672,0.0096957838558672,0.0118792379704825,0.0118792379704825,0.011458815180785,0.011458815180785
2248,wave3,Extremely Risk-Seeking,0.012896499846208,0.0008807891302594,0.0004361630034556,0.0040000393207498,0.0002449529668756,0.0121168724029176,-0.0002841176675319,0.0122039119266242,0.0003022181278172,0.0124733525788821,0.0045283933376968,0.005666927325927
1851,wave3,Extremely Risk-Seeking,0.0267524459877417,0.0037415283046485,-1.6883154909040996e-05,-0.000244723746486,-0.0117901735468036,-0.0085432840799637,-0.0153063112544997,-0.0108636066119195,-0.0120511528139892,-0.0089798750027757,0.0049848782286662,-0.0016830460527423
1800,wave3,Extremely Risk-Averse,-0.0119848008870705,-0.0119848008870705,-0.0009731993004477,-0.0009731993004477,0.0135918669261859,0.0135918669261859,0.0144043218690522,0.0144043218690522,0.0139088110204323,0.0139088110204323,0.0002120191768924,0.0002120191768924
312,wave3,Default,0.0148984734682692,-0.0011946555880599,-0.0037089484906667,0.0011801819440287,-0.019119421438777,0.0002340397710031,-0.0222534405912426,-0.0003890038456986,-0.0193515283946701,0.0005029506520037,-0.0026426418230608,7.250622240924197e-05
2236,wave3,Somewhat Risk-Seeking,0.0221520858400221,-0.0196648562398215,0.0015466360818405,0.0043079395049232,-0.01101995711013,0.0224295412163529,-0.0150301329449415,0.02460340435552,-0.0114753641618478,0.0229053527665477,0.0042279069833943,0.0023563390289531
103,wave3,Somewhat Risk-Seeking,-0.0163359244161107,-0.0202815016926487,2.872944739447233e-06,0.0001322143082999,0.0146752595944687,0.0171933275681256,0.0154903120720734,0.0184891264910221,0.0149120288744792,0.0174349155790922,-0.0005529397523729,-0.0009860089240968
1271,wave3,Extremely Risk-Seeking,-0.0050243232532042,-0.008219226842125,0.009607717909874,0.0093692376145812,0.0239312583090978,0.0253908793911765,0.0254313996517067,0.0271805605763185,0.0247998055434319,0.0262492366631154,0.0095048209226698,0.008846641393903
1672,wave3,Somewhat Risk-Seeking,0.0145688626792601,-0.0177408504017884,0.0034822710933905,0.0047845585595582,0.0058064125084042,0.0228061779095553,0.0051376289887605,0.0240741446949671,0.0061669557231397,0.0232299963290219,0.0079552714346222,0.0032823697927641
2112,wave3,Risk-Neutral,-0.0222785008572981,-0.0032333150271497,0.0038858988221472,0.0011487321714389,0.0153819398678829,-0.004277729566895,0.0177124238991803,-0.0053366759353671,0.0156765969821979,-0.0043782738133877,-0.0010065685149901,-0.0021227865307035
1154,wave3,Somewhat Risk-Seeking,-0.0174529399906163,-0.0174529399906163,0.0038824257123365,0.0038824257123365,0.0243722281263441,0.0243722281263441,0.02617214881669,0.02617214881669,0.0250748150922983,0.0250748150922983,0.0036003975130027,0.0036003975130027
1652,wave3,Extremely Risk-Seeking,0.0071607258280074,-0.0207579554282552,0.0094883618520968,0.0058397912724583,0.006501429876189,0.0220391589208768,0.0055277715267431,0.0242186466637838,0.0069442665668028,0.0225660118330341,0.0077157470012962,0.002371527975731
2332,wave3,Somewhat Risk-Seeking,-0.0104585600232032,-0.0104585600232032,0.0062728897779082,0.0062728897779082,0.020968341446035,0.020968341446035,0.0223176142448431,0.0223176142448431,0.0216895733820646,0.0216895733820646,0.0055938053204823,0.0055938053204823
2173,wave3,Extremely Risk-Seeking,-0.008030807971416,-0.0174328144019352,0.0044144658350706,0.0044854716857659,0.0143565676119445,0.0201578957364518,0.0155158315534139,0.0216447249527695,0.0145676374877124,0.0206424746423982,0.0035795607376473,0.0024022341012867
888,wave3,Somewhat Risk-Averse,-0.0159321326001197,0.0291467188488549,0.0029063867977625,-0.0072818546717915,0.0184167479125621,-0.0337968693567069,0.0201618069067981,-0.0388905958224996,0.0185920374049273,-0.0345518377166836,0.0017963167415678,-0.0039752977481598
1408,wave3,Extremely Risk-Averse,0.0097395545912854,0.0266669672150524,-0.0008928513309566,-0.0043757364988022,-0.0069349378551608,-0.0254474031192303,-0.0092594802916272,-0.0299224132271888,-0.00744493434551,-0.0262926205291568,0.000638198480596,-0.0010500083437197
1601,wave3,Somewhat Risk-Averse,0.0292736474693952,0.0300278277321844,-0.0073296269261031,-0.0065512482446655,-0.0347124123983234,-0.0336634008277689,-0.0396814434587172,-0.0386220054820797,-0.0355076214893927,-0.0344721721035695,-0.0042542357377594,-0.0033936615886748
1453,wave3,Extremely Risk-Seeking,0.0327827032075458,0.0027467249699709,-0.0008455395885175,0.007524309126254,-0.0245176665350928,0.0031878040826114,-0.0285308136776319,0.0020942433216683,-0.0251078130585408,0.0035610444519057,0.0024752117521563,0.0044844063783133
2317,wave3,Somewhat Risk-Averse,-0.0037766317548134,0.0270777082045698,-0.0028303605704588,-0.0072045308210114,0.0030699364611955,-0.0323999523923241,0.0027348820670434,-0.036875508869527,0.0032056508526606,-0.0331746476469493,-0.0011780005313779,-0.0041737242595075
299,wave3,Risk-Neutral,-9.292929571284832e-05,0.0047148973096132,0.0023789368473503,0.0032825067040402,0.0081599558940494,0.0055761848433326,0.0078999712875748,0.0047634179847683,0.0082590193062017,0.0056167759159864,0.0034826678713127,0.0045252953544546
1835,wave3,Default,-0.0143608138162341,-0.008048782835876,0.0067519203451259,0.0072423203501085,0.0136206739487786,0.0117624484638334,0.0142216288143993,0.0120322245130558,0.0139459039506933,0.0120308665221769,0.0020009995795774,0.0036497818087444
165,wave3,Risk-Neutral,0.027253765922272,0.027253765922272,0.0027481951577101,0.0027481951577101,-0.0171692716433022,-0.0171692716433022,-0.0202619491819036,-0.0202619491819036,-0.0176986618225193,-0.0176986618225193,0.0042785060358114,0.0042785060358114
502,wave3,Default,0.0091443647585231,0.0165269193626338,0.0021143061521383,0.0018999039313116,-0.0070751353048851,-0.0078167609691098,-0.0094246537453936,-0.0106799113018756,-0.0070468656936428,-0.0077614680106113,0.0013940680989968,0.0035376965559832
176,wave3,Extremely Risk-Averse,-0.0119658432447615,-0.0119658432447615,0.0081815677187728,0.0081815677187728,0.0226002782595196,0.0226002782595196,0.023754222613286,0.023754222613286,0.0230650197288253,0.0230650197288253,0.0062708236196803,0.0062708236196803
62,wave3,Somewhat Risk-Seeking,-0.0096725484145016,-0.0096725484145016,0.0083261013552237,0.0083261013552237,0.0240225377009266,0.0240225377009266,0.0259241541912711,0.0259241541912711,0.024858097365576,0.024858097365576,0.0075582237581854,0.0075582237581854
1568,wave3,Somewhat Risk-Seeking,0.0003487148569552,-0.0103627973471881,0.0032419559281132,0.0066470377560422,0.0028948655634328,0.0232105019384294,0.00189946128539,0.0244048990392084,0.0029731925240033,0.0238807762911824,0.0021611795367516,0.0064981557164762
643,wave3,Somewhat Risk-Averse,-0.0059178617213308,-0.0059178617213308,-0.0033509731713717,-0.0033509731713717,0.0003663482401449,0.0003663482401449,0.0003188775711466,0.0003188775711466,0.0004623599475207,0.0004623599475207,-0.0029672591281518,-0.0029672591281518
2017,wave3,Default,0.0292775732417477,0.0281195251976719,-0.0066376348920856,-0.0061840607593329,-0.0353117542577554,-0.0339521862999365,-0.0399292352983459,-0.0383354178517497,-0.0362052820879149,-0.0348488587733438,-0.0042224505372295,-0.004004230867056
2041,wave3,Default,0.0077164213161453,0.0062395930514323,0.008305075420614,0.0073207017727955,-0.0002171135664824,0.001278957673408,-0.0022413103260814,-0.0010170508835038,-5.068835653632868e-05,0.0015900707479454,0.0052662553758934,0.0049449536987967
818,wave3,Extremely Risk-Averse,-0.0242650361681059,-0.0242650361681059,0.0036214062146324,0.0036214062146324,0.0210078667146769,0.0210078667146769,0.0241925256476766,0.0241925256476766,0.021658998983452,0.021658998983452,0.0001192544276179,0.0001192544276179
2277,wave3,Default,0.0247769277793431,0.0276494304075252,-0.0013608204075575,0.0003538814213214,-0.0182141030378885,-0.0148499861783365,-0.02246572831874,-0.0184002790303725,-0.0190381255197116,-0.0154244203870293,0.0017359094729012,0.0043869268159708
1141,wave3,Somewhat Risk-Averse,0.0137401663992309,0.0271281339794546,-0.004368713004295,-0.0063782430790356,-0.0224021795915699,-0.0341045362171205,-0.0250288539961489,-0.0382379601626075,-0.0231892362589133,-0.034987113593788,-0.0043435599009708,-0.0044503605877043
2367,wave3,Risk-Neutral,0.0116215907375766,0.0116215907375766,0.0009128787134455,0.0009128787134455,-0.0118553864333715,-0.0118553864333715,-0.0149956005697625,-0.0149956005697625,-0.0118087582448532,-0.0118087582448532,0.0002259377520564,0.0002259377520564
996,wave3,Somewhat Risk-Averse,0.0111968761070816,0.0131083427838449,-0.0012166083221922,-0.0016663020669794,-0.0120382443292446,-0.0141096639123873,-0.0134247389991792,-0.015782948218625,-0.0124848845797991,-0.0145851266302924,-0.0006856650444969,-0.0008887286354564
1937,wave3,Extremely Risk-Averse,-0.0118533543069156,0.0244943127855236,0.0028199864707456,-0.0038049516336562,0.0140220667009969,-0.0263958407334036,0.0145350137714217,-0.0321266576938975,0.0140587452452993,-0.0271962891489837,0.0016621862511717,-0.0019009867459787
2096,wave3,Extremely Risk-Seeking,0.0259218879694119,0.0026056170828189,0.0006485918422588,0.0084932761111341,-0.0230846446263869,0.0083182523919821,-0.0264920172154849,0.0075928090656674,-0.0237797664482283,0.0083695326486982,0.0011622615557313,0.0064711359345745
1621,wave3,Risk-Neutral,0.0314981633997922,0.0300450247948434,0.0024658605632015,0.0019257829207946,-0.0175363809510965,-0.0155048607577311,-0.0216627008430741,-0.0199552341333509,-0.0179473845426793,-0.0158290948905229,0.0054777367502301,0.0054908455741719
789,wave3,Extremely Risk-Averse,-0.0122527499832822,0.0305080600254751,0.0020419894643108,-0.0059689559817973,0.0114765823207331,-0.035450359299177,0.0130232515121678,-0.0401537478039023,0.011691117115731,-0.0363300762201557,0.0004209418035072,-0.0036356474335655
1116,wave3,Risk-Neutral,-0.0114618080173608,-0.0069725367666277,0.0049326596011444,0.0063262987830761,0.0197489743677321,0.0145735104620178,0.0208277616078951,0.015263829338357,0.0203823179217137,0.0147684110461757,0.0044062843280942,0.0046413860123718
104,wave3,Extremely Risk-Averse,-0.0066946430269709,0.0293021358168272,0.0021953660424422,-0.0049141756442623,0.0023145423381666,-0.0328174971147799,0.0019043778511672,-0.0374567499081601,0.0021068964179924,-0.0336412023644263,-0.0007300473549471,-0.0028085482799593
1171,wave3,Extremely Risk-Averse,0.0253485301121949,0.0313518366509648,-0.0014670857284452,-0.0054571464314094,-0.0230256142181018,-0.0347774376595282,-0.0266051161125599,-0.0395581813352898,-0.0238112319653776,-0.035657464738929,0.0002863570933069,-0.0029593768302058
301,wave3,Extremely Risk-Averse,0.0279720504764246,0.0289836138405652,-0.006771965155629,-0.0079081295874658,-0.0340812045077669,-0.0370576088984401,-0.0382058122592241,-0.0416976627468991,-0.034767139170064,-0.0378942080539431,-0.0042921784925991,-0.0053257837876336
812,wave3,Somewhat Risk-Averse,-0.0126861250519622,-0.0126861250519622,0.0007997967942616,0.0007997967942616,0.0105838061716031,0.0105838061716031,0.0115999235473736,0.0115999235473736,0.0109516193058313,0.0109516193058313,-0.00043493479986,-0.00043493479986
407,wave3,Risk-Neutral,0.0041305386477521,0.0263481239482532,0.0049655113253295,0.0003778379532218,0.0052406225112261,-0.0215805573381462,0.0039887845988219,-0.0264006917551875,0.0053743672567,-0.0217843691637294,0.0047787757723089,0.0017159593284881
1612,wave3,Extremely Risk-Seeking,0.0270532429997427,0.0270532429997427,-0.0016284527733676,-0.0016284527733676,-0.0246809240354702,-0.0246809240354702,-0.0290934166311298,-0.0290934166311298,-0.0255383393040389,-0.0255383393040389,0.0002491122454087,0.0002491122454087
2328,wave3,Extremely Risk-Averse,0.0001675439432663,0.0311915512782484,0.0118162269878935,0.0007291256900774,0.0147255852189659,-0.0216863536477123,0.0143705737664627,-0.0258456716811379,0.015158684393698,-0.0221907400585973,0.0089013227190075,0.0034130948155128
2205,wave3,Extremely Risk-Seeking,-0.0200758859676465,-0.0200758859676465,0.0013250173154845,0.0013250173154845,0.0173409696352333,0.0173409696352333,0.0200764263932756,0.0200764263932756,0.0175996313711906,0.0175996313711906,-0.0004710729873451,-0.0004710729873451
1699,wave3,Somewhat Risk-Seeking,0.0181985118831218,0.0036623636140353,0.0055648854960665,0.0033620909899714,-0.0026097602430671,-0.0001105282079558,-0.0049632877245617,-0.0014822661757964,-0.0025070541769385,-0.0001394220131433,0.0070521287331353,0.0023039901906742
1726,wave3,Risk-Neutral,0.0232595556009459,0.0316410450343632,-0.0005866426940348,-0.004305322771792,-0.0195817155438028,-0.0279563020028574,-0.0223274007999555,-0.0326836832843956,-0.0201808123875679,-0.0287133024544743,0.0010313960642019,-0.0002043331175851
121,wave3,Risk-Neutral,0.0142340591577864,0.0253912614972881,-0.0035121727418148,-0.0071951905045269,-0.018871897014566,-0.0267032723530225,-0.0215418722030114,-0.0304275084382838,-0.0194171322786365,-0.0273316224239128,-0.0027161797540676,-0.0028330460822422
1748,wave3,Somewhat Risk-Averse,0.0271923509520546,0.0271923509520546,0.0031638206435798,0.0031638206435798,-0.0146259367305285,-0.0146259367305285,-0.0179045640053938,-0.0179045640053938,-0.0150552635507259,-0.0150552635507259,0.0052446937369782,0.0052446937369782
1404,wave3,Somewhat Risk-Seeking,0.0092769849454741,-0.0151050659950571,-0.0027574704063581,0.0062776412593995,-0.0059825185413319,0.0200437649844567,-0.0082204385870544,0.0219714729766954,-0.0061566403999589,0.0206528347763671,0.0001808090660958,0.0037372148171028
1405,wave3,Somewhat Risk-Seeking,0.0317231702689563,0.0317231702689563,-0.0066443290548871,-0.0066443290548871,-0.0340454960045766,-0.0340454960045766,-0.039687723853103,-0.039687723853103,-0.0348079634070154,-0.0348079634070154,-0.0029866312654806,-0.0029866312654806
2358,wave3,Default,0.008233223941591,0.008233223941591,-0.0001833152959447,-0.0001833152959447,-0.0094779531341204,-0.0094779531341204,-0.0123278509022384,-0.0123278509022384,-0.0094137827934307,-0.0094137827934307,-0.0004761952854306,-0.0004761952854306
1064,wave3,Default,-0.0138069585994488,0.0036384565333651,-0.0008967115246578,-0.0053176163485825,0.0013778642298045,-0.0119797513572821,0.0026321374371966,-0.0135984629570444,0.0012076582361965,-0.0124817618490905,-0.0044441210094283,-0.0045524989691576
1184,wave3,Somewhat Risk-Seeking,0.0170780579479062,0.0170780579479062,-0.0035791164224195,-0.0035791164224195,-0.0233320473808547,-0.0233320473808547,-0.0255524233329578,-0.0255524233329578,-0.0240364846117899,-0.0240364846117899,-0.0032775161228925,-0.0032775161228925
841,wave3,Risk-Neutral,-0.0043920590924105,0.0141558578937805,-0.0001906068110155,-0.0013953365987639,0.0064350461749052,-0.0077360257200493,0.004953105545786,-0.0112475288825563,0.0063937766943029,-0.0081732738705213,0.0006179582821709,0.0016767246872109
1903,wave3,Risk-Neutral,0.0232005560618427,0.0317326812417523,0.0064688563448555,0.0016821280500207,-0.0051082335139244,-0.0235106517392675,-0.0075388973551129,-0.0278746736434601,-0.0049114716932318,-0.0239438681639109,0.0081881189424449,0.0033023841602068
855,wave3,Extremely Risk-Seeking,0.0017989065988719,-0.0183352443009502,-0.0016750169341381,0.0020115381216192,-0.0012481900105884,0.0151158674178761,-0.0037558534887458,0.01628997852361,-0.0016265643221665,0.0153302096219376,-0.0003739651480722,-0.0004041012996724
1872,wave3,Risk-Neutral,0.0143759533263593,0.0166305083763178,0.0048976610362478,0.003565191531407,-0.0020401246310111,-0.0022770822522088,-0.0040829681319489,-0.0050927913948215,-0.0020370426985524,-0.0019489076625187,0.0057450186706271,0.0059743569421102
2108,wave3,Extremely Risk-Seeking,-0.0035568226152459,-0.0168392809565383,0.0016620602596662,0.0073699406137669,0.0049071884998886,0.0229274023388886,0.0040282095518671,0.0248446778876738,0.0046879033549658,0.0234959120235777,0.0010037364265175,0.0044842426629381
1099,wave3,Somewhat Risk-Averse,0.0216338474911322,0.0179504769323063,0.0039509163331158,0.0060139488724393,-0.0019357600788984,0.0008998360020069,-0.0024016816969248,-0.0002042338662718,-0.0020848963788182,0.0007749042434396,0.0078854254684963,0.0082894893271151
1525,wave3,Risk-Neutral,-0.0262378745679407,-0.0262378745679407,0.0036773075711659,0.0036773075711659,0.0176842092310076,0.0176842092310076,0.0190363699032388,0.0190363699032388,0.0180259819892848,0.0180259819892848,-0.0016287218611906,-0.0016287218611906
445,wave3,Risk-Neutral,0.0240245496764346,0.0080041785219056,-0.0031726099682243,-0.001701285218091,-0.0212819171925669,-0.0060399562277354,-0.0250238477392935,-0.0087983870301437,-0.0216008788754153,-0.005939414629848,-0.0001414582053444,8.874860874040869e-05
1535,wave3,Extremely Risk-Seeking,-0.0052008074014437,-0.0179144502384465,0.0054479901444328,0.0051800616483713,0.0093711459905828,0.017459427775756,0.0087609014996237,0.0190022249765896,0.0097377267131025,0.0179178364785099,0.0032047274073477,0.001572790467204
2016,wave3,Somewhat Risk-Averse,-0.007212766090305,0.0243293028581905,0.0079044638709258,-3.2438045635311004e-05,0.0124232959245678,-0.0224725884318244,0.0131847972608836,-0.0263594805536452,0.0125881511440213,-0.0230254141643373,0.0043694865170382,0.0006084870283729
1906,wave3,Default,0.0105420722947253,0.0059775538481827,0.0005937816063161,-0.0001685587419012,-0.0078134745513848,-0.0070901047671684,-0.0094535351070587,-0.0092144561770097,-0.008140958785664,-0.0074218071939626,0.0011077764775325,-0.0004271959110961
1071,wave3,Extremely Risk-Averse,-0.0122130275551259,-0.0122130275551259,0.0080206397334166,0.0080206397334166,0.023955228698776,0.023955228698776,0.0259493962627421,0.0259493962627421,0.0247461813234864,0.0247461813234864,0.0065867301324042,0.0065867301324042
1327,wave3,Extremely Risk-Seeking,0.0133255571860516,-0.0012459249185977,0.0018731465234505,0.0004311804747528,-0.0034365395358177,0.0006181341136473,-0.0058781578749104,-0.0005573724560774,-0.0036122135534395,0.0005153552290522,0.003921983767842,-6.584301424882346e-05
554,wave3,Extremely Risk-Averse,-0.0003318442045583,-0.0003318442045583,0.0055446250776384,0.0055446250776384,0.0111872488633646,0.0111872488633646,0.0113073196914491,0.0113073196914491,0.0113876488434407,0.0113876488434407,0.0054666285217872,0.0054666285217872
75,wave3,Extremely Risk-Seeking,-0.0168652290204699,-0.0139278375645594,0.0073613921130471,0.0030514776304408,0.0217692684619843,0.0120474614979297,0.0235638910344623,0.0138017773980044,0.0222410100801338,0.0125077177925434,0.004086459358141,0.0003887265526457
690,wave3,Extremely Risk-Averse,0.0310468309461651,0.0301615135202607,-0.0023506230167165,-0.0026847730796818,-0.0289217762083265,-0.0292486164925605,-0.0334668046664932,-0.0337506345055713,-0.0296844111410497,-0.0300174636090679,-7.378656957844946e-05,-0.0005893342608152
1539,wave3,Default,0.0268491634422927,0.0329763026074383,0.0093002252487858,0.0073189119747928,-0.0039420831106282,-0.0104421637941227,-0.007381441135605,-0.0148008869352614,-0.0038055854838615,-0.0104923822261378,0.0107366535719943,0.0099526396821158
2091,wave3,Somewhat Risk-Seeking,0.0265375806058466,-0.0076311304303645,0.0108196948555946,0.0102855820943119,-0.0003546205263087,0.0204908617163357,-0.0032238611628654,0.0217732508958645,-0.0001285326556132,0.0207817947047778,0.0123351520499698,0.0077135197019968
2139,wave3,Extremely Risk-Averse,-0.0176683953789686,-0.0176683953789686,-0.0002162686417777,-0.0002162686417777,0.0129665018061796,0.0129665018061796,0.0143917784774111,0.0143917784774111,0.0131058846560884,0.0131058846560884,-0.0016402647900363,-0.0016402647900363
1804,wave3,Default,-0.0202192642517493,-0.0161341381532616,-0.0001994623390048,0.0015051556370285,0.0134983013424482,0.0127261610790281,0.0155325589648468,0.0144254521170176,0.0133801225456968,0.0127097363764442,-0.0023081076430299,-0.0006355928194605
1332,wave3,Default,0.0215681212237469,0.0330583195257972,-0.0056182722285939,-0.0030644244860572,-0.0150713094842494,-0.022075343876543,-0.0186564224124875,-0.0267225402887927,-0.0152742646461425,-0.0225325412802567,0.0002964908431735,0.0026430336644732
2123,wave3,Somewhat Risk-Seeking,0.0001366636773886,0.0001366636773886,0.0044594690947683,0.0044594690947683,0.0084119320385221,0.0084119320385221,0.0078583574761796,0.0078583574761796,0.0090858337341551,0.0090858337341551,0.0043359454953653,0.0043359454953653
1362,wave3,Extremely Risk-Averse,0.0012669954480351,0.0153002452547988,0.0063001955195638,0.0043968221046535,0.0009620822658246,-0.0121728948764888,-0.0005435734339393,-0.0155566273643194,0.0011571457669753,-0.0121901325160498,0.0028409596940583,0.0025068930278536
898,wave3,Extremely Risk-Averse,0.0339768361404466,0.0308898766767099,-0.0049459169958739,-0.0049404757602186,-0.0323665411613641,-0.0344008016657453,-0.0370974569728674,-0.0390333815859504,-0.0331015191450575,-0.0352772627422742,-0.0011095102306339,-0.0028158244941961
644,wave3,Risk-Neutral,-0.0069623706587255,-0.0069623706587255,0.0056051834986682,0.0056051834986682,0.0143416318663978,0.0143416318663978,0.0147625726451911,0.0147625726451911,0.014256914535669,0.014256914535669,0.0043273609140761,0.0043273609140761
1133,wave3,Default,0.0073540920773189,0.0207467408115554,0.0029928306134627,0.0020437903694094,0.00527361748832,-0.0031591444959737,0.0038584115426838,-0.006199498832022,0.005537307539268,-0.0029059762320546,0.0052082117178055,0.0065465699175159
800,wave3,Somewhat Risk-Seeking,0.0040195736315869,-0.0177259893891715,0.0074139418283877,0.007600550504236,0.0083175340806323,0.021731973626372,0.0070912966923445,0.0236362938050134,0.0084213110074584,0.0221148728967798,0.0065831713068063,0.0038665442321904
1522,wave3,Somewhat Risk-Averse,-0.0159456382017614,-0.0159456382017614,0.0011372442100184,0.0011372442100184,0.0113063983176785,0.0113063983176785,0.0123693220668017,0.0123693220668017,0.0113569123655274,0.0113569123655274,-0.0011687527150918,-0.0011687527150918
738,wave3,Risk-Neutral,0.0002030860473594,0.0002030860473594,0.0101038154299218,0.0101038154299218,0.0213649992984526,0.0213649992984526,0.0222698896919884,0.0222698896919884,0.0220756369064307,0.0220756369064307,0.0105575798423194,0.0105575798423194
174,wave3,Somewhat Risk-Seeking,-0.0137914342667706,-0.0143831410637304,0.0059996077617333,0.0058637487503854,0.0197881433839635,0.019376197214928,0.0210469674274237,0.0206960292633986,0.0201913186793464,0.0197777908380496,0.0039975387322672,0.0036175509882897
483,wave3,Risk-Neutral,-0.0015539838729331,-0.0015539838729331,0.0028227292433343,0.0028227292433343,-0.0002568391866726,-0.0002568391866726,-0.0022073550927208,-0.0022073550927208,-0.0002336184724673,-0.0002336184724673,0.0003357697386891,0.0003357697386891
1920,wave3,Extremely Risk-Averse,-0.0186000723290321,0.0143044192050621,-0.0004663241084499,-0.0023479151578294,0.0139865477133578,-0.015174607764294,0.0154680001961291,-0.0186823412474752,0.0140607746652826,-0.0158685968975419,-0.0016940393561299,-0.0010719150405501
1991,wave3,Somewhat Risk-Averse,0.0007462030246137,0.0301898848389278,0.0013870468428332,-0.0073713098096568,0.0064136577311472,-0.0358881636002105,0.0051746663135742,-0.0407609435908193,0.0063517015676693,-0.0367177053578681,0.0028498705080127,-0.0043546708428289
1103,wave3,Extremely Risk-Seeking,0.0122461678035842,0.0122461678035842,0.0006587756089459,0.0006587756089459,-0.0071510229642681,-0.0071510229642681,-0.0095131365807024,-0.0095131365807024,-0.0073616611257104,-0.0073616611257104,0.0019187498069672,0.0019187498069672
805,wave3,Risk-Neutral,0.0305868474270868,0.0305868474270868,-0.0045733325475874,-0.0045733325475874,-0.0273377265718078,-0.0273377265718078,-0.0310531963909937,-0.0310531963909937,-0.027917527276007,-0.027917527276007,-0.0004388564691684,-0.0004388564691684
2318,wave3,Default,-0.0013486544158774,0.0167689451313458,0.0052658122128066,0.003709275886403,0.0073668327857622,0.0013519158888427,0.0074897324651782,-0.0004061705427215,0.0075417359500696,0.001869453544626,0.0037604026467467,0.0072789117081255
2118,wave3,Somewhat Risk-Seeking,0.0089318125219854,-0.0212380911844728,-0.0038556366156476,0.0016920761791943,-0.0074500543922191,0.0227461685505459,-0.0100544968320488,0.0238256730947055,-0.0082781358369684,0.0231282825110492,-0.0007894035907806,0.0010663323007462
2187,wave3,Default,-0.0194534384277758,-0.0179060380067757,0.0053152754837885,0.0036917083854786,0.0220266345313194,0.0184532470375548,0.023392357864051,0.0199508902431594,0.022342351505687,0.0185876059431163,0.0026278346814197,0.0014115675794142
2307,wave3,Somewhat Risk-Seeking,-0.0097794256536113,-0.0126379196659838,0.0033632753429689,0.0048144919669775,0.0102953639765263,0.0125840057363115,0.0112564845516906,0.0134911648338655,0.0105761808630598,0.0130041561396405,0.0012917948938965,0.0015848694366308
2331,wave3,Default,0.0240399618530108,0.0231276300499635,-0.0052577695601024,-0.0056660256675772,-0.0294802951512652,-0.0267205830021971,-0.0333330282074282,-0.0304622767665466,-0.0302533526766302,-0.0273972909867579,-0.0035649912927317,-0.0030847357630394
396,wave3,Default,-0.0148648535667164,-0.0058199180366218,0.0031949894339924,0.006882464032548,0.0217599280913074,0.0181997431871841,0.0232843603737152,0.0190964342998766,0.0225690186413046,0.018933120743477,0.0033634584538592,0.0064204784118558
1911,wave3,Default,-0.0006643386658723,0.0225788970937621,0.0002755754551341,-0.0001847703726026,0.0074315117876038,-0.013700848165694,0.0064265529024553,-0.0175096166636554,0.007594670065197,-0.0141275430433079,0.0023488602987849,0.0028996599684829
1864,wave3,Default,-0.0166030099343212,-0.0066792653995491,0.0041051755039543,0.0030446227618692,0.0172901167047363,0.0095482212599107,0.0185169528245691,0.0093626575685806,0.0177165636231434,0.0100471778562691,0.0015958813408939,0.0019705310800647
2261,wave3,Risk-Neutral,0.003827520332849,0.003827520332849,0.0001542151675744,0.0001542151675744,-0.0024107594736848,-0.0024107594736848,-0.0036590052189696,-0.0036590052189696,-0.0021600347298699,-0.0021600347298699,0.0005238864459297,0.0005238864459297
1718,wave3,Somewhat Risk-Averse,-0.0086221008870744,0.0102469698573595,0.0070880225316865,0.0036351504596867,0.0143894533408213,-0.001899813732611,0.0138638636712424,-0.0036142833966337,0.0144279391949267,-0.0020892826096111,0.0042833969448753,0.0039943234967446
1871,wave3,Somewhat Risk-Averse,0.0254943869160101,0.0254943869160101,-0.0087126243841513,-0.0087126243841513,-0.0267478262517305,-0.0267478262517305,-0.0316848426480009,-0.0316848426480009,-0.0273006522447594,-0.0273006522447594,-0.0033186978101519,-0.0033186978101519
600,wave3,Default,-0.008278829760193,0.0085135947917027,0.0044154504044753,0.0020166814359104,0.0145281853848022,-0.0035759971221483,0.0148873740873899,-0.0061945010948776,0.0148290398167931,-0.0035053824349768,0.0035544048158632,0.0023182788622815
1318,wave3,Extremely Risk-Seeking,-0.0069095402663822,-0.010759615005978,0.0096008332363616,0.0087918374137007,0.0184922530908448,0.0215176291334765,0.0193146334703268,0.0233048984588661,0.0192503989120451,0.0222440277147434,0.0070596162673671,0.006515214455225
606,wave3,Somewhat Risk-Averse,-0.0138418801208868,-0.0138418801208868,0.0023350447825297,0.0023350447825297,0.0178795496955911,0.0178795496955911,0.0186677334839547,0.0186677334839547,0.0182531496668282,0.0182531496668282,0.0021241081519611,0.0021241081519611
411,wave3,Extremely Risk-Averse,-0.0050809089143537,0.0086964685135798,0.0072050381083309,0.0043038815086233,0.0030875378230562,-0.0033379123705304,0.0024750429482303,-0.0053552022667652,0.0031288455126454,-0.0034194521390219,0.0017338513058611,0.0032201448138386
1083,wave3,Extremely Risk-Seeking,0.0153399330516618,0.0153399330516618,0.0012709803017268,0.0012709803017268,-0.0110727224534005,-0.0110727224534005,-0.0145415871550717,-0.0145415871550717,-0.0114245357366866,-0.0114245357366866,0.0018464181853217,0.0018464181853217
1088,wave3,Risk-Neutral,-0.0001161612543633,0.0105277232105769,0.0003102212731323,-0.0017262732512901,-0.0022708459083069,-0.018732535041953,-0.0031517803188185,-0.0212273064324383,-0.0026485841097666,-0.0192121762165998,-0.0006928800169625,-0.0033113383208823
860,wave3,Default,0.0208891186471871,0.0208778853043311,0.0035198925077005,0.004274256362939,0.0007240126375435,0.001588874914479,-0.0007175200457806,-0.000179844519119,0.0005926573992252,0.001419485839839,0.0083806695309479,0.0089165324996075
995,wave3,Default,-0.0094822406916759,-0.0094822406916759,0.0018548619119077,0.0018548619119077,0.0096825829053981,0.0096825829053981,0.0097371947073636,0.0097371947073636,0.0097874950893521,0.0097874950893521,0.0006843468372712,0.0006843468372712
1491,wave3,Risk-Neutral,-0.0178135010865987,0.0075437929400323,-0.0001043174903805,-0.0035794715670468,0.0141828412982069,-0.0132566102477132,0.0150850455052454,-0.0159759354849246,0.0142111593490885,-0.0136926456745675,-0.0012456956783757,-0.0030971324350558
474,wave3,Risk-Neutral,0.0130319774805228,0.0252309337687539,9.28771391061486e-05,-0.0042601069784343,-0.0091399460579428,-0.0234299326741761,-0.0116952263493143,-0.0283526995433124,-0.0095631585403767,-0.0240772585798182,0.0013290645220302,-0.0008175808731121
1104,wave3,Somewhat Risk-Seeking,-0.0211099677220393,-0.0211099677220393,-0.0013486644293493,-0.0013486644293493,0.0156133210648734,0.0156133210648734,0.0166369498149673,0.0166369498149673,0.0158228269003444,0.0158228269003444,-0.0022823456432647,-0.0022823456432647
2300,wave3,Somewhat Risk-Seeking,-0.0064364764645648,-0.0198745100248025,0.0026320886826923,0.0037672257727339,0.0035126256619507,0.0183306474843517,0.0037813551025176,0.0199789370392965,0.0036206090531493,0.0187863027518896,-9.893674202240845e-05,0.0007392554148535
415,wave3,Risk-Neutral,-0.0131604357063963,-0.0131604357063963,0.0009891196908491,0.0009891196908491,0.0173134176606526,0.0173134176606526,0.0181764706743609,0.0181764706743609,0.0179484305579408,0.0179484305579408,0.0017144808078367,0.0017144808078367
1452,wave3,Somewhat Risk-Averse,-0.0194257958551487,-0.0194257958551487,-0.0006098443354543,-0.0006098443354543,0.012548269930276,0.012548269930276,0.0140040767706538,0.0140040767706538,0.0124463927623482,0.0124463927623482,-0.0024969528153523,-0.0024969528153523
2072,wave3,Extremely Risk-Seeking,0.0188425372325672,0.0188425372325672,0.0008495680568194,0.0008495680568194,-0.0104190570008948,-0.0104190570008948,-0.0130885982531581,-0.0130885982531581,-0.0105711560937695,-0.0105711560937695,0.0030923980000106,0.0030923980000106
2170,wave3,Risk-Neutral,-0.0022369943281638,0.0283122270812919,0.0002744603491228,-0.0020292570221034,0.0040648671252879,-0.0177644097455465,0.0037140578177477,-0.0219006038692928,0.0040733968206816,-0.0182873973105078,0.0007010405497968,0.0028425218167092
742,wave3,Somewhat Risk-Seeking,0.0118304861416527,-0.004969015271756,0.0038916590272715,0.0065373275689116,-0.0014589571784322,0.0172414598722404,-0.0035890474719122,0.0181397535215313,-0.0014217744669323,0.017744068913001,0.0047549278938526,0.0062697591961
2264,wave3,Extremely Risk-Averse,0.0218597498603347,0.0233210843722337,-0.0090133862239332,-0.0071728279335974,-0.0326565207497731,-0.0312750840313272,-0.0367642647824493,-0.0353230664051782,-0.033431112314873,-0.0320901952126905,-0.0066018998841616,-0.0050409623302787
703,wave3,Somewhat Risk-Seeking,-0.0135062670376617,-0.0133368621300393,0.0063397935520064,0.0072457230734739,0.0226192083504344,0.0230976128936849,0.024413046747465,0.025157155578261,0.0232169911326886,0.0236231847628718,0.0051501786487629,0.0056678524185007
188,wave3,Default,-0.0070098462690153,0.0210726327698678,0.008757743402393,0.0054437097232798,0.0173632749353787,-0.0116993627556399,0.0180264082410486,-0.0154384274963818,0.0179212775003375,-0.0118519551275397,0.0063689188321793,0.0049386820766143
759,wave3,Extremely Risk-Averse,-0.0117040742553096,0.0340097107850535,0.0090582487671351,-0.0015523629073361,0.0237658643137981,-0.0295976228485673,0.0257011894692198,-0.0343250967942958,0.0245560795406109,-0.0301625224188257,0.0070387686534496,0.0009547864387654
764,wave3,Somewhat Risk-Averse,-0.0196877313265466,0.0329704176023248,0.0045899990502264,-0.0039496772997376,0.0205110050866392,-0.0326684486693424,0.0222691724659512,-0.0373205124268617,0.0210753601707376,-0.0335313205969037,0.0018027068997116,-0.0012142173545714
1967,wave3,Extremely Risk-Seeking,0.0180276610609252,-0.0086683193644041,0.0064505104369392,0.0075370365957947,-0.0101751916142699,0.012580773171917,-0.0130948577017301,0.0130011392043911,-0.0102770059163207,0.0128983485331077,0.0047666224454918,0.0038142030034485
70,wave3,Somewhat Risk-Averse,-0.0016485203524212,0.0269828426941872,0.0090310669962012,-0.0026436365785735,0.0164526978751392,-0.0278033452579692,0.0173255328691445,-0.0324758151015268,0.0172120196852378,-0.0282083566329438,0.0079444119714791,-0.0011537950921305
18,wave3,Risk-Neutral,-0.0131542651042262,-0.0131542651042262,0.0024563491142968,0.0024563491142968,0.01133136311886,0.01133136311886,0.0121225969465295,0.0121225969465295,0.0115499796075349,0.0115499796075349,0.0002097648259168,0.0002097648259168
1089,wave3,Extremely Risk-Averse,0.0167543672010562,0.0299111332124205,-0.0037355748999121,-0.004497000322795,-0.0174099450137566,-0.0329359040841399,-0.0214580630528304,-0.0374524698319113,-0.0181115808890082,-0.0337944058844257,-0.0014623169190033,-0.0025060303427309
2401,wave3,Extremely Risk-Seeking,0.000554907494297,-0.0092148326433989,0.0089638144978601,0.0062510483771495,0.012327379715128,0.0148488279442376,0.0115183184056134,0.0151937952582921,0.0125012626847612,0.0150995094002684,0.0072809970463276,0.0039602697789238
1434,wave3,Default,0.0245247890624692,0.0266086750482853,0.002144174762819,0.0019184395324407,-0.0092552539421597,-0.0105356847736688,-0.011924505148965,-0.0138605845337059,-0.009523634925844,-0.0108284444937859,0.005806826678181,0.0059996578829134
1608,wave3,Extremely Risk-Seeking,0.0159758798294365,0.0159758798294365,0.0040210713111711,0.0040210713111711,-0.002357323829571,-0.002357323829571,-0.0047801602672051,-0.0047801602672051,-0.0025291792401995,-0.0025291792401995,0.0058810217656964,0.0058810217656964
2214,wave3,Risk-Neutral,0.0130375769754585,0.0220527283332378,0.0118244995315848,0.0057787136553719,0.0078310498604796,-0.0064209919814125,0.0066559445563149,-0.0101219726309806,0.0081376266432129,-0.0065343648181845,0.0108971374015403,0.0071376539705538
1283,wave3,Extremely Risk-Averse,0.0261207009154956,0.0315113221144316,-0.0054421941118939,-0.0054899271584164,-0.0317966931551085,-0.0355966357031755,-0.0360833994556254,-0.0402787306142447,-0.0325781421296202,-0.0364101066965966,-0.0037049917521906,-0.0031903300351759
1002,wave3,Somewhat Risk-Averse,0.0045076529017712,0.0045076529017712,-0.0055185908994697,-0.0055185908994697,-0.0074384022396989,-0.0074384022396989,-0.0091290369569628,-0.0091290369569628,-0.0076241818346122,-0.0076241818346122,-0.0028147808122888,-0.0028147808122888
1614,wave3,Somewhat Risk-Seeking,-0.0234664516728916,-0.0278918785377795,-0.0011809726480602,0.0007910575273893,0.0124609248796861,0.0200558317797177,0.0136405051919798,0.0224764930844271,0.0124463573980793,0.0202633569654041,-0.0040639428021434,-0.0023502652474236
592,wave3,Somewhat Risk-Seeking,-0.0062642797071836,-0.0190625578032693,0.0044240880210658,0.0060194323031882,0.0158205983167874,0.0227915553023554,0.0155571435093511,0.0247968417021869,0.0161796567414974,0.0232216766103095,0.0046602810722387,0.0032477688598811
890,wave3,Somewhat Risk-Averse,-0.0118057903798585,-0.0118057903798585,0.0081460586216024,0.0081460586216024,0.0237995622023568,0.0237995622023568,0.0250991816287538,0.0250991816287538,0.0244644491541138,0.0244644491541138,0.0067123934720325,0.0067123934720325
896,wave3,Risk-Neutral,-0.022012706363914,-0.0090654992301727,-0.0019454191354198,-0.0009723091924164,0.0113374851558477,0.0043695310599057,0.0127233339553879,0.0040073169066216,0.0114641181963027,0.004260914686021,-0.0042082743567759,-0.0018899912108627
2135,wave3,Extremely Risk-Seeking,-0.0180066545699451,-0.0171373055864431,0.0026843598906199,0.0056557645766417,0.019295518038071,0.023722514374935,0.020480414130606,0.0255853673689203,0.0198603102118919,0.0243216382764469,0.0013235693447539,0.0040793531602716
1383,wave3,Risk-Neutral,-0.011439316175281,0.0022378979356069,0.0037666748349088,0.0044715513660803,0.0176913680892215,0.0052518140471392,0.0184485678708752,0.0039964871953324,0.0183964450144408,0.005795802596352,0.0033393122665182,0.0039867891000919
1257,wave3,Risk-Neutral,-0.0149850749196957,-0.0149850749196957,0.0009724812488184,0.0009724812488184,0.016023620803558,0.016023620803558,0.0170926713946983,0.0170926713946983,0.0165443799301182,0.0165443799301182,0.0006701561020539,0.0006701561020539
2342,wave3,Somewhat Risk-Seeking,0.0247885804038992,-0.0173295419791137,0.0009795787076858,0.0080446366217234,-0.0180165546013602,0.0233780738136703,-0.0224349923380849,0.0255814548032237,-0.0181288681248355,0.0239467724629973,0.0025848572511244,0.0046956593700529
921,wave3,Somewhat Risk-Seeking,-0.0143507723496901,-0.010476809144324,0.0070709124468071,0.0083288087008565,0.0207539926916966,0.0219063402532675,0.0221980796772761,0.0237778492578657,0.0211802220528209,0.0225465412788611,0.0044897872541932,0.0065850388584469
2403,wave3,Somewhat Risk-Seeking,0.0086421174226205,-0.0045449906121836,0.0067122158275753,0.0082734567683932,0.0006420456430164,0.0193935561269287,-0.0012042683473317,0.0205975144542862,0.0007331975532521,0.0199615822471301,0.0053312754410605,0.0077069917376137
1774,wave3,Somewhat Risk-Averse,-0.0052673195284945,0.0119226394982798,0.0074846999784679,0.0043160819815414,0.0172826621821999,-0.0028604814116158,0.0176453574376273,-0.0055667549576281,0.0175157984199958,-0.0027081066012706,0.0064994071294866,0.0044595017231304
2338,wave3,Default,-0.0119686710220334,-0.0119686710220334,0.0030134396192688,0.0030134396192688,0.0110821008234692,0.0110821008234692,0.0121857513540853,0.0121857513540853,0.011581200837876,0.011581200837876,0.0007075357071405,0.0007075357071405
1346,wave3,Default,-0.0053227661825215,-0.0037901767700474,0.0097333158954071,0.0095895340055935,0.0230479513241281,0.0224834811991053,0.0245831623923366,0.0238252663771892,0.0238483793131305,0.0232760804469108,0.0091524757984765,0.0094275129834406
246,wave3,Risk-Neutral,0.0273476449895487,0.0230599832610989,-0.0044512285496437,-0.0049555623021531,-0.0303103343941958,-0.0297975083784506,-0.0347647386051222,-0.0340262408716316,-0.0311710744079075,-0.0306772820073014,-0.0024700853173376,-0.0038970436076756
1949,wave3,Risk-Neutral,-0.0192341749155725,-0.0164160654026555,0.0044379850359261,0.0063894295368875,0.0210049561275568,0.021217265128813,0.0226027918722581,0.0227896031755997,0.0214093672305719,0.0216717712810416,0.0020681285789664,0.003728570284692
2109,wave3,Somewhat Risk-Seeking,-0.0070993475866263,-0.0070993475866263,0.0083805017624007,0.0083805017624007,0.0213595540871477,0.0213595540871477,0.022800987909883,0.022800987909883,0.0220288201463981,0.0220288201463981,0.0075463888215033,0.0075463888215033
89,wave3,Extremely Risk-Seeking,-0.0154620897324284,-0.0203966646387595,-0.0002143822940754,0.0048878435202436,0.0086939358466626,0.0231696925419869,0.0094652342763737,0.0254072750559645,0.0088434878360099,0.023683946534852,-0.002328814852651,0.0025521847081242
1616,wave3,Extremely Risk-Seeking,0.0141009889017004,-0.0087355290782825,-0.0040525772359484,0.0094664097586337,-0.0180463425057643,0.0216665994985144,-0.0212640407410505,0.0231046423849471,-0.0187541502677392,0.0222429072243191,-0.0026651220759621,0.007464593321213
1307,wave3,Extremely Risk-Averse,-0.0054294803397853,-0.0032112696695156,0.0016532872109238,-7.784135365102944e-05,0.0052529364528601,0.0005864274083549,0.0058476292248669,0.0005685971106241,0.0056258836965841,0.0008072469772481,0.0004915319673688,-0.0009014019693338
1619,wave3,Extremely Risk-Seeking,-0.0162640392810152,-0.0162640392810152,0.0044812335844404,0.0044812335844404,0.0210966243865736,0.0210966243865736,0.0226844694259382,0.0226844694259382,0.0217719038610425,0.0217719038610425,0.0031037575078328,0.0031037575078328
2333,wave3,Default,0.0304205420737466,0.0304205420737466,-0.0054652237903697,-0.0054652237903697,-0.0309841084059266,-0.0309841084059266,-0.0363477030272325,-0.0363477030272325,-0.031738388257871,-0.031738388257871,-0.0020074662345925,-0.0020074662345925
394,wave3,Risk-Neutral,-0.0150512537253971,-0.0109753764515248,0.0068889534158324,0.0053902929674067,0.0205951975954796,0.0135566000571211,0.0213517762416202,0.0131311918227705,0.0210530769088923,0.0137916476909691,0.0041426069533071,0.0026554871596962
130,wave3,Somewhat Risk-Seeking,-0.0057750409252888,-0.0159529636885235,0.0054831677653406,0.0082794298449378,0.0065740040864583,0.0205128019451081,0.0066344270253622,0.022608798296236,0.0066663504254891,0.0208822625640445,0.0020919541698376,0.0042772901436983
2378,wave3,Default,-0.003177838032482,-0.003177838032482,0.0015779992918085,0.0015779992918085,0.0007229549907996,0.0007229549907996,-0.0005062281412979,-0.0005062281412979,0.0006648718656777,0.0006648718656777,-0.0002934476621292,-0.0002934476621292
1227,wave3,Somewhat Risk-Averse,-0.0198407733548805,-0.0198407733548805,0.000366123460548,0.000366123460548,0.0170251863776776,0.0170251863776776,0.0182685303098137,0.0182685303098137,0.0175538156966984,0.0175538156966984,-0.0008172169457279,-0.0008172169457279
476,wave3,Default,-0.0187741777204389,-0.0187741777204389,0.0034149267385289,0.0034149267385289,0.0207705642855865,0.0207705642855865,0.0223370042904074,0.0223370042904074,0.021170857607862,0.021170857607862,0.0018027777870224,0.0018027777870224
1204,wave3,Risk-Neutral,-0.0063169079437373,0.0241808539737307,0.0038397796052367,-0.0054913875248228,0.0067954912130103,-0.0278422530208229,0.0062479993984121,-0.0317409597240383,0.0072095062999294,-0.0283415984561205,0.0014379744361927,-0.0030494242588663
436,wave3,Somewhat Risk-Seeking,-0.0146671309075272,0.0024438807630841,0.0002981619597346,0.0010537696942711,0.011231428196021,-0.0027694663627727,0.0131323758927122,-0.0032475994234645,0.0113922804387381,-0.0026971719353406,-0.0010466755293885,0.0002422280058414
575,wave3,Extremely Risk-Seeking,0.0316530623456364,0.0316530623456364,-0.0011828428557143,-0.0011828428557143,-0.0287768791805471,-0.0287768791805471,-0.0334378345461717,-0.0334378345461717,-0.0294958181959048,-0.0294958181959048,0.0005655240137038,0.0005655240137038
1364,wave3,Extremely Risk-Seeking,-0.0191719657999305,-0.0167173047963152,0.0020181894549544,0.0019519396018565,0.0175988528226168,0.0164081982603464,0.0193615811359794,0.0182202371118524,0.017805385070316,0.0166474883889198,0.000147206032644,0.0005467452213584
1236,wave3,Default,-0.0091966235842,-0.0091966235842,0.0019284938381375,0.0019284938381375,0.0137415192128544,0.0137415192128544,0.0143814869896309,0.0143814869896309,0.0139279245251063,0.0139279245251063,0.0021579378592455,0.0021579378592455
2293,wave3,Somewhat Risk-Seeking,0.0295275033777879,0.0295275033777879,-0.0009132342080131,-0.0009132342080131,-0.0214698419409806,-0.0214698419409806,-0.0248257594588907,-0.0248257594588907,-0.0222505631032249,-0.0222505631032249,0.0023835070067729,0.0023835070067729
797,wave3,Extremely Risk-Seeking,-0.0014869831297694,-0.0014869831297694,0.0034287202691487,0.0034287202691487,0.008117379099442,0.008117379099442,0.0075113008841174,0.0075113008841174,0.0080038424863023,0.0080038424863023,0.0033529920868885,0.0033529920868885
547,wave3,Risk-Neutral,0.0208668419047238,0.0208668419047238,0.0070571373370482,0.0070571373370482,-0.0004437423805246,-0.0004437423805246,-0.0020114919141385,-0.0020114919141385,-0.000207079296735,-0.000207079296735,0.0091613754652267,0.0091613754652267
2185,wave3,Default,-0.0190301402059004,-0.0180640550188973,4.598271073343355e-05,0.0006275442539922,0.0153964892840019,0.0158680661787908,0.0166669986173634,0.0172332451620116,0.0154689573314372,0.0159434095865085,-0.001196655046209,-0.0005235240846743
1914,wave3,Default,0.0187847072275992,0.0244312901026089,-0.0012353069833823,-0.0016587914110363,-0.0181621942786081,-0.022988174198387,-0.0203819994539787,-0.0267144647745056,-0.0187249979173458,-0.0236753995561183,-0.0002036290170297,-7.091347581723101e-05
535,wave3,Extremely Risk-Averse,-0.0184728983362919,-0.0184728983362919,0.0044370515739377,0.0044370515739377,0.0224488532718572,0.0224488532718572,0.0240465580450285,0.0240465580450285,0.0230842284444039,0.0230842284444039,0.0028033288964656,0.0028033288964656
1017,wave3,Default,-0.0171780057216508,-0.0189669302804066,-0.0006773302536075,0.0026454004023631,0.0043342271597899,0.0131896219837677,0.0049449517098864,0.0147779490815748,0.0042751213501847,0.0134770727978724,-0.0045093973729437,-0.0010462438786717
1933,wave3,Default,0.0144222614659763,0.0144222614659763,0.0051248412349832,0.0051248412349832,-0.0068955875290264,-0.0068955875290264,-0.0098300414163308,-0.0098300414163308,-0.0071617026122491,-0.0071617026122491,0.004216612125019,0.004216612125019
360,wave3,Extremely Risk-Averse,-0.0176163488743365,0.0291338476876736,0.0010857101892426,-0.000990027660229,0.0192739962575043,-0.0239610323834323,0.0204840845666094,-0.0281259094726547,0.0194091788031449,-0.0245516380506764,0.0009143469398796,0.0013957325173063
2222,wave3,Somewhat Risk-Seeking,0.0110608973122325,0.0017145633114677,-0.008325896462894,-0.0013043824077558,-0.018460729955416,4.708365107492152e-05,-0.0223260953492598,-0.0027064636942248,-0.0189447889054771,0.0002850168481358,-0.0052400083538378,0.0001533196711143
867,wave3,Somewhat Risk-Seeking,-0.0076268834716889,-0.0169854808067372,0.0107007226466975,0.0077186879044872,0.0235160478638185,0.0227549998402394,0.0255191464393023,0.0247513233285774,0.0242819775411445,0.0232695102356338,0.0088621628639696,0.0044940821612501
321,wave3,Somewhat Risk-Averse,-0.0095843565838783,0.0084426568099847,0.0071751113556513,0.0020856384032814,0.0193602920916096,-0.0106267947106209,0.0207474882504288,-0.013376706533431,0.0198139189872219,-0.0112507805479581,0.0056494089036587,-3.4139251832438664e-05
640,wave3,Extremely Risk-Seeking,-0.0006148674494194,-0.0185993153466064,-0.0050933718086047,0.004269123263333,-0.0032676656344896,0.017502508088238,-0.0043991163277598,0.0190815423922913,-0.0033446138180975,0.0179383577591365,-0.0029906727343041,0.0010554585915058
479,wave3,Extremely Risk-Seeking,0.0231393311931151,-0.0033376001019488,-0.0012052945285681,0.0030089088181268,-0.0192479331690481,0.0028034266008208,-0.0231003352554697,0.0016282524018098,-0.019721487112226,0.0029519692009901,0.000896662938097,0.0008235652883343
2400,wave3,Somewhat Risk-Averse,0.0220889786491378,0.0298909101106101,0.0010834285706604,-0.004911132535951,-0.0196802260449877,-0.033530024439996,-0.0233078249348948,-0.0379800031608267,-0.0203808851101028,-0.0344328421621253,0.0011641101029604,-0.0028488116039527
1932,wave3,Extremely Risk-Averse,0.0037888625902575,0.0323061865915889,0.0064128541884474,-0.0040335793985146,0.0128263426291233,-0.0334803601475611,0.0122334638099513,-0.038358942086042,0.0130728482473305,-0.0343397990822131,0.007676798573025,-0.0017345010906158
1254,wave3,Risk-Neutral,-0.0052877759465358,0.0047570177153207,0.0051334932990995,0.0051725125356502,0.0112869557003496,0.0012569718329151,0.0116551456296322,-0.0004451936768139,0.0113783597486281,0.001251134675599,0.0037100139508797,0.0037279439672297
813,wave3,Extremely Risk-Seeking,-0.0110868419649469,-0.0161014236944072,0.0077348973074267,0.0048217506591689,0.022781802980954,0.0196743325897841,0.0241725627248793,0.0210037872106376,0.0235963448287222,0.0200175897167472,0.006475843684137,0.0027969722986129
543,wave3,Default,-0.014628907568118,-0.0096257271479225,0.0027871739195395,0.0027278154142622,0.0171328651045686,0.011582028133826,0.0180345007679362,0.0114316040900947,0.0173905006192881,0.0118485610993865,0.0017630794967762,0.0015606529944978
2316,wave3,Somewhat Risk-Seeking,0.0307990277939847,0.0305056845194157,-0.0039629571146485,-0.0042773518723696,-0.0281741095381986,-0.0282011996475727,-0.0325451660178791,-0.0324490483543796,-0.0288071818229446,-0.0287840725836458,-0.0004438446766522,-0.0006553906876772
2380,wave3,Default,0.0134060564605305,0.0170273708945916,0.0113663907133304,0.0093405298633106,0.0077715234767761,-5.002071716887282e-05,0.0067146754455908,-0.0024118933798757,0.0081933189260988,0.000245796520447,0.0108476706111475,0.0087722765549774
120,wave3,Default,-0.0099067058004132,-0.0108511336667876,0.0039369076968569,0.0069383204908107,0.0182195538124853,0.0194024928117235,0.0192164671731203,0.0200637430900721,0.0186706317972561,0.0199960055675686,0.0040833421275177,0.0051621321593391
266,wave3,Risk-Neutral,0.0317347430606645,0.0317347430606645,-0.0049114059775363,-0.0049114059775363,-0.0312622144437719,-0.0312622144437719,-0.0360050161380295,-0.0360050161380295,-0.0320902054733859,-0.0320902054733859,-0.0014775100161101,-0.0014775100161101
19,wave3,Extremely Risk-Seeking,0.0110662324252619,0.0039477151142533,0.0066833821569307,0.0069389365878044,3.93266546463753e-05,0.0084789444923384,-0.0021587438318081,0.0075708144810697,4.524336853744809e-05,0.0086343221187479,0.005929182384077,0.0064549004960422
794,wave3,Risk-Neutral,0.0295046305490417,0.0274363276561306,-0.0028513718420018,-0.0046939102247065,-0.0263762639733564,-0.0299377748952525,-0.0296763190029102,-0.0340382656269175,-0.027068405824151,-0.0306585058850799,9.414643820265796e-05,-0.0023970372858856
1358,wave3,Extremely Risk-Seeking,-0.0014834480737304,-0.0129347998605714,0.0061339042863332,0.0043290346105643,0.0110297899079002,0.0194269401821806,0.0104333804934187,0.0211377833508204,0.0114278246208875,0.0199725556189388,0.0052261894247261,0.0036066131958664
1121,wave3,Extremely Risk-Seeking,-0.0230146634541536,-0.0230146634541536,-0.001829533764295,-0.001829533764295,0.0135729475774031,0.0135729475774031,0.0156689692542969,0.0156689692542969,0.0137306357539422,0.0137306357539422,-0.0037582715918874,-0.0037582715918874
422,wave3,Risk-Neutral,-0.0125207412322412,0.0068708909268878,0.0035382809613836,0.0007008442655435,0.0086904740382842,-0.0061859413293353,0.0099317888786941,-0.007619156823404,0.0086921264858485,-0.0063519868658088,-9.957018050774366e-05,0.0004617839923979
1918,wave3,Extremely Risk-Seeking,-0.0171518348767346,-0.0171518348767346,0.0050135659406188,0.0050135659406188,0.0199896069222889,0.0199896069222889,0.021324141182125,0.021324141182125,0.0202182501242655,0.0202182501242655,0.0026156351939451,0.0026156351939451
67,wave3,Somewhat Risk-Averse,-0.012959082282089,-0.0101797460743906,0.0004310721267831,0.0031918315240391,0.0157835371710434,0.017323181902938,0.0172245622230839,0.0183043707006448,0.0161320050967581,0.0177238756322947,0.001085578941669,0.0034452452566123
1945,wave3,Somewhat Risk-Averse,-0.0055812217869801,-0.0055812217869801,0.0055438528881602,0.0055438528881602,0.0170564159306003,0.0170564159306003,0.017971051200004,0.017971051200004,0.0174926757943298,0.0174926757943298,0.005673095309066,0.005673095309066
2407,wave3,Default,-0.0015688889363261,-0.0015688889363261,0.0007926412138811,0.0007926412138811,0.0032236940102746,0.0032236940102746,0.0023266514392566,0.0023266514392566,0.003254678012798,0.003254678012798,0.0008158297167089,0.0008158297167089
93,wave3,Extremely Risk-Averse,0.030926336483857,0.030517774467166,-0.0048803340235234,-0.0053469033507364,-0.0322127349093632,-0.0347413032115384,-0.0372608244740341,-0.0393932280964819,-0.0330456287686966,-0.035618867229495,-0.0020538359561661,-0.0031888143403842
883,wave3,Somewhat Risk-Averse,-0.0139239592432604,0.0213643539143957,0.0079538655157908,0.0078875138222868,0.0238068317487559,-0.0022475604222105,0.0255424417073332,-0.0051684773320804,0.0244531720665423,-0.0019138117378845,0.0059443411861899,0.0090021225297824
624,wave3,Default,-0.006011299915509,-0.0069107280887689,0.0033174499996198,0.0023135732042284,0.0098669597323911,0.0129180295500936,0.0091710742734908,0.0126277226210044,0.0097784337483549,0.0132020114609779,0.0023904654505104,0.0027739085208754
974,wave3,Extremely Risk-Averse,-0.0034495646038255,0.0297189164011812,0.0044209610984134,-0.0057438342581111,0.0015918721304867,-0.0344834347132737,0.000743670280439,-0.0391343461284737,0.0017975796598897,-0.0353538088834904,0.0008522240228526,-0.0035014025315795
665,wave3,Extremely Risk-Seeking,-0.0102713941682951,-0.013325934901917,0.0067548147162696,0.0044652169092936,0.020066285461923,0.0162541424453116,0.0211670553064724,0.0166309033939474,0.020638233465222,0.0166228992937131,0.0055158052630322,0.0024632413144235
994,wave3,Extremely Risk-Averse,0.0285778193019481,0.0324049015410387,0.0039289432081753,-0.000256080856924,-0.0158859600673405,-0.027961794961391,-0.019032449043264,-0.0324437394693065,-0.0162589733810715,-0.0285701058768373,0.0055412608990982,0.0013966935862209
454,wave3,Risk-Neutral,-0.0113745520759924,-0.0113745520759924,0.0063141613261883,0.0063141613261883,0.0192601610153139,0.0192601610153139,0.0194425309045377,0.0194425309045377,0.0197877029998692,0.0197877029998692,0.0047322820914393,0.0047322820914393
1178,wave3,Extremely Risk-Averse,-0.0010239392414117,0.0336552157973255,0.0089634612410408,-0.0043611625851452,0.0203896690455424,-0.0337493852557593,0.0201841121852276,-0.0385284604329796,0.0207740044300976,-0.0345965536983803,0.0094433593675689,-0.0014833375295876
9,wave3,Default,-0.0111947015009956,-0.0087041193731133,0.0053962097283212,0.0040020839417652,0.01706214930546,0.0111494211427956,0.0180929002053396,0.0112656696597383,0.0178352853618762,0.0117837415732445,0.0037535403918056,0.0021479861812277
2001,wave3,Default,-0.014083918181539,-0.0130118060186885,0.0035632570815214,0.0066710077443424,0.0210321502600127,0.0222409563767236,0.0222851076030124,0.0233512613927098,0.0214460039051997,0.0226258002648015,0.0035037930816743,0.0052992074757348
1494,wave3,Somewhat Risk-Averse,-0.0008901368803343,-0.0008901368803343,0.0011399356238239,0.0011399356238239,-0.0080129706752146,-0.0080129706752146,-0.0090302155426651,-0.0090302155426651,-0.0082506016475938,-0.0082506016475938,-0.0025900221644186,-0.0025900221644186
1009,wave3,Somewhat Risk-Averse,0.016149502744397,0.0296982330115529,0.0006593459362579,-0.0057829266277888,-0.0057648535438323,-0.0341612604170787,-0.0085169949506401,-0.0391780800188953,-0.0060671171346137,-0.0350709810389931,0.0036831948354407,-0.0034138583263843
1763,wave3,Somewhat Risk-Seeking,0.017999741453061,0.017999741453061,-0.0036412240663326,-0.0036412240663326,-0.019345639784074,-0.019345639784074,-0.0230036302419394,-0.0230036302419394,-0.019933339261273,-0.019933339261273,-0.0016611541263241,-0.0016611541263241
1251,wave3,Somewhat Risk-Seeking,0.0291638287886758,-0.0167191563435748,-0.0049679181989718,-0.0004740771138854,-0.0327095325631402,0.0081205545227486,-0.0371097520925018,0.0086795732859816,-0.0335755233880076,0.0081272424202554,-0.0028365607703021,-0.0030257985367232
185,wave3,Somewhat Risk-Averse,-0.0134042386801876,-0.0134042386801876,0.0033082769682084,0.0033082769682084,0.0111550832774712,0.0111550832774712,0.0126083564876473,0.0126083564876473,0.0115577570703916,0.0115577570703916,0.0003512185511485,0.0003512185511485
1620,wave3,Extremely Risk-Averse,0.0164849494030892,0.0178296211830457,0.0096498172114237,0.0076225891192162,0.0028926546968366,-0.0007044214556507,0.0008469740388475,-0.0032577107793684,0.0033336291491901,-0.0002492646667728,0.0096758231271447,0.0082496493075816
991,wave3,Default,-0.0073613875330524,0.0175573409497916,0.0094089435495637,0.0071764022041655,0.0223676686142335,3.906366243792676e-05,0.0235321453471376,-0.0029220316242043,0.0230356984864968,0.0004457295540314,0.0081376248962289,0.0082582688566372
737,wave3,Extremely Risk-Seeking,0.0326998340692774,0.0223349814354062,-0.0005384953432264,0.0081390816303281,-0.0283666227641134,-0.0051785180710124,-0.0332874473038054,-0.0083924304892241,-0.0291793148182491,-0.0051247878755107,0.0012660171582931,0.0084320288289236
763,wave3,Risk-Neutral,0.0133751467445505,0.0064569628961794,0.006813788506404,0.0061128545324132,0.0086051821324699,0.0126592885799749,0.0077734359703815,0.0127925311455055,0.0086550571382312,0.0128986874243469,0.0095997556818287,0.0084111180617156
820,wave3,Default,0.0031048548980878,0.0124954376158553,0.0094975090940264,0.0078109786741289,0.0105366770347557,-0.0017504711283161,0.0100120889666855,-0.0043389583255172,0.0111587233541924,-0.0014605385822211,0.0077119134934911,0.0061843127951839
393,wave3,Risk-Neutral,0.0269117693006309,0.0247689148027407,-0.0019255363439133,-0.008185943537348,-0.020867566534542,-0.0317562011376621,-0.0261352435905301,-0.0362822378616734,-0.0215418615141044,-0.0325067365988633,0.0013749223617391,-0.0050558146839459
1091,wave3,Extremely Risk-Averse,-0.0113621648046106,0.0141314773422785,0.0007973664691976,-0.0006647907790929,0.003498947809975,-0.0177268234385433,0.0040836518082465,-0.0201687195791651,0.0037124602905454,-0.0180647579982398,-0.0023572271891067,-0.0014205112569602
2035,wave3,Extremely Risk-Averse,-0.007221891195505,0.0159692974933423,0.0033367310231926,-0.0008992270027392,0.0110256735991677,-0.0132240804957154,0.0115512060444285,-0.0164289837754361,0.0113188861095955,-0.0134649488824459,0.0023795814012981,0.0006162637572361
175,wave3,Somewhat Risk-Averse,5.707920825999611e-05,5.707920825999611e-05,0.0017858652855047,0.0017858652855047,0.0029891812143128,0.0029891812143128,0.0023331261197187,0.0023331261197187,0.0029429786856847,0.0029429786856847,0.0016106005812481,0.0016106005812481
2166,wave3,Somewhat Risk-Averse,0.0320904468382703,0.0320904468382703,-0.0041367062508432,-0.0041367062508432,-0.0292105505381369,-0.0292105505381369,-0.0338897658121295,-0.0338897658121295,-0.0299327921052314,-0.0299327921052314,-0.0004166445604704,-0.0004166445604704
1032,wave3,Risk-Neutral,-0.019096976978356,-0.019096976978356,0.0023179867925346,0.0023179867925346,0.0192638272860119,0.0192638272860119,0.0206291789398923,0.0206291789398923,0.0194880473161088,0.0194880473161088,0.000827360594581,0.000827360594581
1691,wave3,Extremely Risk-Seeking,0.0147479103006871,-0.0168200619528279,-0.0055245703974368,0.0054529014192553,-0.0168716770477017,0.0167531203859202,-0.0197876593917789,0.0181403014838607,-0.017193925003522,0.0171933146872723,-0.0025476114825837,0.0017930649683729
2303,wave3,Extremely Risk-Seeking,-0.0122727415769029,-0.0176456138476777,0.0029746247718874,0.0059064007267112,0.0095357676671221,0.0194157810073553,0.0109698861618585,0.0212976233421546,0.0099271136551935,0.0198686229171932,7.74318690676811e-05,0.0025567921244202
1837,wave3,Somewhat Risk-Averse,-0.0081089804521679,0.0309074874395994,0.006401663820058,-0.0039737703631145,0.0187083591917606,-0.0312059095197805,0.0198488329360411,-0.0361276450102389,0.0189078005714896,-0.0320246273958675,0.0056665612582928,-0.0014224921957212
648,wave3,Somewhat Risk-Seeking,0.0151725217952153,0.0151725217952153,0.0018833177778885,0.0018833177778885,-0.0094994096120108,-0.0094994096120108,-0.0126775763379452,-0.0126775763379452,-0.0093303729029714,-0.0093303729029714,0.0025192017824743,0.0025192017824743
871,wave2,Somewhat Risk-Averse,-0.0156306091360184,-0.0111881875523277,0.004892418203932,0.0039703087421181,0.0146725262326611,0.0099189280786733,0.0158795816362537,0.010528514958335,0.0152740942866645,0.0104221324911567,0.0013092373485863,0.0008984570564098
2157,wave2,Risk-Neutral,-0.017432067100281,-0.017432067100281,0.0058214224136338,0.0058214224136338,0.0237342886444556,0.0237342886444556,0.0255147059746618,0.0255147059746618,0.0241610505066562,0.0241610505066562,0.0040401171139092,0.0040401171139092
16,wave2,Somewhat Risk-Seeking,0.0205398305445114,-0.0057169477149581,0.0048480162425037,0.0106722909601046,-0.0023525347642609,0.0206153530303973,-0.0048804338535406,0.0219711934489484,-0.002378163975837,0.0214734168911946,0.0076801823600909,0.0085222406868736
1109,wave2,Somewhat Risk-Seeking,0.0051784919122219,0.0051784919122219,0.0068112690144536,0.0068112690144536,0.0057773925824774,0.0057773925824774,0.0046138846766493,0.0046138846766493,0.0059787215157553,0.0059787215157553,0.005921836485473,0.005921836485473
352,wave2,Risk-Neutral,0.0348962779965125,0.0348962779965125,-0.0025602822415587,-0.0025602822415587,-0.0315641775722647,-0.0315641775722647,-0.0365937030073456,-0.0365937030073456,-0.0323652374803154,-0.0323652374803154,0.0002590098144736,0.0002590098144736
60,wave2,Risk-Neutral,-0.0157945422067063,-0.0157945422067063,0.0049819602879383,0.0049819602879383,0.0175886305538591,0.0175886305538591,0.0192545796017979,0.0192545796017979,0.0183155731071266,0.0183155731071266,0.002257003915719,0.002257003915719
791,wave2,Extremely Risk-Averse,-0.0119816092080406,-0.0119816092080406,0.0058336643657955,0.0058336643657955,0.021003761640506,0.021003761640506,0.0225604670568942,0.0225604670568942,0.0214533851811496,0.0214533851811496,0.0049513953289108,0.0049513953289108
2349,wave2,Somewhat Risk-Averse,-0.0152050734462741,0.0304318508352468,0.0030360319128291,-0.0076599815530404,0.0139531633586363,-0.0362525223270209,0.0154325541903327,-0.0412907623835272,0.0144563751939524,-0.037075528654474,0.0005932021427347,-0.0044915988382809
929,wave2,Extremely Risk-Averse,-0.0043951811146646,0.0281199577142627,0.0064675865779658,-0.0023856018228795,0.0154384988151714,-0.0287931227038258,0.0154368449077515,-0.0326957778045056,0.0158040451737494,-0.0296074997714941,0.0058365793021428,-0.0010187467593764
214,wave2,Somewhat Risk-Averse,0.0305898610690452,0.0295117735958828,-0.0013567204452498,-0.0023436700332238,-0.0259792585500003,-0.0273280446458192,-0.030360468429599,-0.0316706726018563,-0.0264416340376258,-0.0278530715377093,0.0010861325045427,-5.1901637457751166e-05
1124,wave2,Extremely Risk-Averse,-0.0100572337078878,-0.0100572337078878,0.0081720511436359,0.0081720511436359,0.0207456083420552,0.0207456083420552,0.0221133085175014,0.0221133085175014,0.0213028075694849,0.0213028075694849,0.0062856462975634,0.0062856462975634
2036,wave2,Somewhat Risk-Averse,-0.0006081646072894,0.0102053448101506,-0.0002392789273498,0.0003349372640062,-0.0052643828535778,-0.0123623629581265,-0.006169823972401,-0.0145072616435942,-0.0056782089773471,-0.0129674100596231,-0.0020383839686178,-0.0006079412425965
1349,wave2,Risk-Neutral,-0.0112960422534859,-0.0112960422534859,-0.0006166471720173,-0.0006166471720173,0.0082611516509227,0.0082611516509227,0.0075661951088122,0.0075661951088122,0.0082018168156673,0.0082018168156673,-0.0012175494999235,-0.0012175494999235
1315,wave2,Somewhat Risk-Averse,0.0074731058950236,-0.0022673129630354,0.0017536340647525,-0.0001131799635592,-0.0073851034103321,-0.0027251047578042,-0.0094978438570852,-0.0041202672287171,-0.0075625846284528,-0.0027563096048243,0.0006131761647253,-0.0017028453559163
1156,wave2,Default,-0.0084085181158996,-0.0101793709558506,0.0031907652692043,0.0037820012086057,0.0175989453918655,0.0181352050717836,0.0180985870332915,0.0188533257559501,0.0181153646736067,0.0185818423751728,0.0041276414313612,0.0039126922992397
2372,wave2,Risk-Neutral,-0.0083643617289509,0.0015013396076437,0.0003570435425671,-0.0018850310584199,0.0098860581144053,-0.0026015228698565,0.0103519134566272,-0.0040430276734219,0.0102133362198909,-0.00253236729445,0.0006264126125259,-0.0009945227598051
2272,wave2,Risk-Neutral,0.0014914461490437,0.029803680706065,-0.0070503934820996,-0.0072674443032049,-0.0044901499383542,-0.029545203500047,-0.006055957983318,-0.0342158206688396,-0.0045358929058386,-0.0301953401212477,-0.0033474175279597,-0.0023332822165689
36,wave2,Extremely Risk-Averse,-0.0184309654091354,0.0187737846317039,0.0022550540095218,-0.0026742705946377,0.0201320263546177,-0.0191956546129029,0.0214324985268864,-0.0225709501853498,0.0204669662333322,-0.0198034463248198,0.0013181277044683,-0.0010310343902176
1309,wave2,Extremely Risk-Averse,-0.0058031158905852,0.0301405103793981,0.0031221424258223,-0.0046655116487671,0.0018454084384233,-0.0336610220049296,0.0021435225591408,-0.0383466323299999,0.0019617300187828,-0.0344661956278117,-0.0002806182624386,-0.0027274803204357
1090,wave2,Extremely Risk-Seeking,0.0130295173209151,0.0130295173209151,-0.0081466201730402,-0.0081466201730402,-0.0209715239143907,-0.0209715239143907,-0.0238831475962445,-0.0238831475962445,-0.0215324340847292,-0.0215324340847292,-0.0053611593468015,-0.0053611593468015
1768,wave2,Somewhat Risk-Seeking,-0.0146127071340585,-0.0171572264287085,-0.0008036086406073,0.0005283094472249,0.0096695690600594,0.0150113678957372,0.0099263250438592,0.015582633275485,0.009656600166818,0.0151639162246106,-0.0019162677952906,-0.0005398411620444
545,wave2,Extremely Risk-Averse,-0.0070257741195106,0.0210873853061311,0.0016061997990763,-0.0011637775932924,0.0015494539893105,-0.0185388272747793,0.0007678524014528,-0.0224068791075354,0.0015998766103547,-0.0189605853194312,-0.0012918257083458,0.0004625955576962
2073,wave2,Extremely Risk-Averse,-0.0220072490216456,-0.0136052162019909,0.0034355798940877,0.0059036445062487,0.0245080013227639,0.0204942600252694,0.0268020233860597,0.0218040896782949,0.0251681421984812,0.0210134814091175,0.0019778792464318,0.0042632187063921
1465,wave2,Extremely Risk-Seeking,0.0014258443525574,-0.0076618676418629,0.0004760320596171,0.0008586261563038,-0.0051667732536169,0.0028854995682607,-0.006801949623729,0.002503458625337,-0.0055140989094411,0.0027356276407104,-0.0010892633928976,-0.0013072484607982
97,wave2,Risk-Neutral,0.0251963566663174,0.0213314251123908,0.0014160046800381,-0.0017617162128305,-0.0186377281354716,-0.0179731343410022,-0.0215666591478729,-0.0207244824500316,-0.0191231435539303,-0.0182594983792867,0.0026589769188706,0.0005336057659634
847,wave2,Extremely Risk-Averse,0.0068468493375612,0.029287597352627,0.0019019014947244,0.0002777837372166,-0.0035933095467037,-0.0235987263688869,-0.0051755990090855,-0.0277131175052743,-0.0036992437612575,-0.024177331445737,0.0017183673452559,0.0019899398398892
561,wave2,Extremely Risk-Averse,0.0032263204480837,0.0288022096143108,0.0033899084458321,-0.0002650161688331,-0.0003758676506173,-0.0232194341175047,-0.0011730715507736,-0.0271055503534902,-0.0003245778488355,-0.0237419742455561,0.0020793129002334,0.001773842671148
1686,wave2,Somewhat Risk-Seeking,0.0181630566942399,0.0181630566942399,-0.0017003769531167,-0.0017003769531167,-0.0138583165869869,-0.0138583165869869,-0.017061026292116,-0.017061026292116,-0.0142870579401642,-0.0142870579401642,0.0008697045889894,0.0008697045889894
1165,wave2,Somewhat Risk-Seeking,-0.0039751252587241,-0.0147382065167736,-0.0039610868294602,0.0040196697110962,-0.0026374995870704,0.0149883893327293,-0.003368565383179,0.0156638388463556,-0.0029825910907201,0.0154229782666621,-0.0035243014361796,0.0014216834447743
122,wave2,Extremely Risk-Seeking,0.009695361981411,-0.0020192051154608,0.0049754866483886,0.0049252971692085,-0.0006576816900386,0.0080299780455026,-0.0031483058345176,0.0075498279674513,-0.0004717507455471,0.0079902971912257,0.0046708679579299,0.0036445675872535
636,wave2,Somewhat Risk-Seeking,-0.0108227516416317,-0.0131585496358175,0.0071979815345064,0.0085590819515049,0.0207774189350764,0.0245715245699152,0.022339421455424,0.0264720980891717,0.0214365360966498,0.025213644981215,0.0057166368892644,0.0066561798354867
704,wave2,Somewhat Risk-Seeking,-0.0152713057251335,-0.0184270396813846,0.0054525249093451,0.0045605185537227,0.0163887828620441,0.0166865907530783,0.0178426785209407,0.0181655451173411,0.0170480189611822,0.017134983545206,0.0021879892614765,0.0009377910905033
942,wave2,Extremely Risk-Seeking,-0.017661327002561,-0.0218170872811144,-0.0024099222155754,0.0060653545340672,0.0116482747383015,0.0242220820268009,0.0117156668240016,0.0265249025844733,0.0116535001805907,0.0247255855422938,-0.0028079033732275,0.0028214510516724
2030,wave2,Extremely Risk-Averse,0.0120258949770456,0.0247819125697328,0.0029828157628037,-0.0012342783037783,-0.0003354346213032,-0.0234763094237567,-0.0025570244858105,-0.0286732403375614,-0.0005378518801392,-0.0242558479294786,0.0048922685353703,2.4550565926488615e-05
189,wave2,Risk-Neutral,0.0124587202907932,0.0229415126770513,0.0042405206508609,-0.0024084139306204,-0.008318993521923,-0.0214151064895563,-0.0100106771280903,-0.0251482334666112,-0.0084697608819387,-0.0218217108161123,0.0027925236334301,-0.0002926989982122
2050,wave2,Somewhat Risk-Seeking,-0.016665544450898,-0.0167703384637233,0.005729917814055,0.0053898721881548,0.0241890536988541,0.0252158432667048,0.0260137678900144,0.0274967724975309,0.0248790610674927,0.0259721487222684,0.0044170000756683,0.0046113126263974
1873,wave2,Somewhat Risk-Averse,0.0282623429374101,0.0280891375246248,-0.0025201026006002,-0.0035378919008501,-0.0296431877626604,-0.0304578796055017,-0.0338987677542535,-0.0347746257871341,-0.0303532174520887,-0.0312185803742462,-0.0012995637822345,-0.001967910661044
2169,wave2,Risk-Neutral,0.0032922607118546,-0.0112484803353532,-0.004976449731993,-0.000111766764583,-0.0023942976567016,0.0065603691551406,-0.0020608096602041,0.0063780546065356,-0.002629456280366,0.0065654239129189,-0.0013572656241914,-0.0016008768195868
1172,wave2,Extremely Risk-Seeking,0.0242846350977306,-0.02015598166067,-0.0028939693989145,0.0026359113670094,-0.0142671642703254,0.0233523334278964,-0.0176091973159169,0.0252969716075985,-0.014530262165107,0.0238290187129189,0.0023777486080224,0.0019436611863468
1558,wave2,Somewhat Risk-Seeking,0.0132626992850225,-0.0007025219485752,-0.0007673453109671,0.0010779038821492,-0.0170423763497205,-0.0031115755811637,-0.0206892482358231,-0.0047651626003139,-0.0176498966262074,-0.0032408658905149,-0.0015161354870061,-0.0009132914101283
1417,wave2,Default,0.0047890715680381,0.0047890715680381,0.006924591269175,0.006924591269175,0.0009006269471662,0.0009006269471662,-0.0007711686064751,-0.0007711686064751,0.0008907814569856,0.0008907814569856,0.0042030864254501,0.0042030864254501
350,wave2,Default,0.0159150395014917,-0.0030472813499717,0.001552825774228,0.0049689124981921,-0.0180913377620697,0.0087796950546746,-0.0207653274370784,0.0090336111129702,-0.0185218293921142,0.0089355591600658,-0.0002089096429652,0.0035662444903008
1904,wave2,Risk-Neutral,0.0021319212340897,0.0181937702174795,0.0025947976745051,0.0026454448289586,0.0009711555782402,-0.0105713955617923,-0.0007679884263539,-0.0144147892748815,0.0009411604419329,-0.0107270894768637,0.001898862700187,0.0034230856327771
721,wave2,Risk-Neutral,-0.0198162431389714,-0.0198162431389714,0.0069857112464049,0.0069857112464049,0.0251407579677023,0.0251407579677023,0.0276268495001269,0.0276268495001269,0.025927110586201,0.025927110586201,0.0041016316864377,0.0041016316864377
2255,wave2,Extremely Risk-Averse,0.0277663959627024,0.0277663959627024,-0.0060133799626168,-0.0060133799626168,-0.0319074973357528,-0.0319074973357528,-0.0361179785798617,-0.0361179785798617,-0.0327408359351612,-0.0327408359351612,-0.0033832065490957,-0.0033832065490957
2405,wave2,Extremely Risk-Seeking,0.0181654329607579,-0.018615660522668,8.502747099628176e-06,0.0040330220604964,-0.0157742203734574,0.0175414548639792,-0.0201689982860628,0.0188281905540838,-0.0166373017417656,0.0179851548541558,0.0008003930290772,0.0009843937431056
355,wave2,Default,-0.0151207996364059,0.0010882086660123,-0.0001536718550263,-0.0002746104421106,0.012663782123253,-0.000901387676089,0.013072503380572,-0.0029163369975107,0.0128973042167546,-0.0009575861531128,-0.0008706715637052,-2.9111888527273306e-05
116,wave2,Risk-Neutral,-0.0087411534121595,-0.0051330464379162,0.0094535001307427,0.0092965634344804,0.0219145140116427,0.0197160398509184,0.023264753363101,0.0205364376003884,0.0225288311374895,0.0202080758378788,0.0075411086035274,0.0079590281695768
694,wave2,Extremely Risk-Seeking,0.029001129822098,0.0010308757584267,-0.0083074961063142,0.0019173756879194,-0.0370455167714468,0.0014207629548817,-0.0419387441629485,0.000142596086519,-0.0378909451104511,0.0017991102695701,-0.0054488663606704,0.0014560538935736
814,wave2,Extremely Risk-Averse,0.0102395700645847,0.0102395700645847,-0.002192807226892,-0.002192807226892,-0.0074827793331317,-0.0074827793331317,-0.0092754607057441,-0.0092754607057441,-0.0077593639146977,-0.0077593639146977,0.0001894623200951,0.0001894623200951
1929,wave2,Extremely Risk-Averse,-0.0160289604892174,-0.0084759406317415,0.0049567840982579,0.0048398482855214,0.0221165886675017,0.0187683305758557,0.0241851197795602,0.0196688131100475,0.023025642042568,0.0195875369930914,0.003680684499082,0.0050442053230255
618,wave2,Somewhat Risk-Seeking,-0.0139963778804046,-0.0139963778804046,0.0045797008783751,0.0045797008783751,0.0215953579207296,0.0215953579207296,0.0231302930682639,0.0231302930682639,0.0222945298148677,0.0222945298148677,0.0040592396277055,0.0040592396277055
2099,wave2,Somewhat Risk-Seeking,0.0325784204355166,-0.0161991288816363,-0.0017490687449797,0.0010056468518638,-0.0243374077171759,0.015619793847398,-0.0277213860832981,0.0172980451969204,-0.0250620903703811,0.0159602160159167,0.0021663938090833,0.0001415715453042
1523,wave2,Somewhat Risk-Seeking,-0.007110161833694,-0.007110161833694,-0.0023382483005761,-0.0023382483005761,-0.0009931466183134,-0.0009931466183134,-0.0014568412560994,-0.0014568412560994,-0.0012122931674675,-0.0012122931674675,-0.0034812231534199,-0.0034812231534199
1048,wave2,Extremely Risk-Averse,-0.013306188502289,-0.0024430280653343,0.0087990113711342,0.0077391226496123,0.018362370917873,0.0101842046451152,0.0197668006344938,0.0100554225901966,0.0188338823631894,0.0102474981617477,0.0046158204853535,0.0051585097166782
1931,wave2,Default,-0.0029178427903454,-0.0029178427903454,0.0042895126610267,0.0042895126610267,0.0114655054926603,0.0114655054926603,0.0122684260094998,0.0122684260094998,0.0116878628601357,0.0116878628601357,0.0042790520091903,0.0042790520091903
689,wave2,Default,0.0016753771180762,0.0079088363371235,-0.0033661393233805,-0.0065938116823485,4.869990678758935e-05,-0.0092307635858027,-0.0007097318872583,-0.0118114578815309,-0.0001780540076622,-0.0095371068264597,-0.0005456162541147,-0.0026361411528999
633,wave2,Extremely Risk-Averse,-0.0159172949480611,0.019344907948748,0.0011465153345709,-0.0056102012845573,0.0192957628248736,-0.0299831309751231,0.0209309716167321,-0.03487629345985,0.0197295791478468,-0.0307571081694454,0.0015085508027274,-0.0054160217946546
2,wave2,Somewhat Risk-Seeking,-0.017746468609314,-0.0169218217201659,0.0027983293660382,0.0030556805566577,0.0136782281716674,0.0148847634742396,0.0152175637593877,0.0165477959730437,0.0142300558882986,0.0154895802272515,-0.0004252899008052,0.0003378662081067
1100,wave2,Extremely Risk-Averse,-0.0187741777204389,0.0323760585125405,0.0034149267385289,-0.0061443798706531,0.0207705642855865,-0.0343553378397953,0.0223370042904074,-0.0394109946315235,0.021170857607862,-0.0352137553150753,0.0018027777870224,-0.0027057677226864
1825,wave2,Somewhat Risk-Seeking,0.0275370642776544,-0.005074546534891,-0.0023640993679276,0.0110101848477884,-0.0248723199984867,0.0213130437499413,-0.0274821390261178,0.0220240947254028,-0.0255018475748208,0.0222526924856872,0.0001017342764172,0.0090817058021874
78,wave2,Somewhat Risk-Averse,0.0017938433605601,0.0043634784286478,0.0050322884593576,0.0048570697200686,0.0067545530087416,0.0034191771348038,0.0067171304728814,0.0024675259893537,0.0073294058307064,0.0039279496165903,0.0045265833562548,0.0042128448265501
917,wave2,Default,-0.0188291635055288,0.0035880200811191,0.0027862098108388,0.00583094682249,0.0175963905746947,0.0084811393044507,0.0191119010196927,0.0072546303722089,0.0180002195936453,0.0089340850082056,0.0005164137745201,0.0059667857655597
437,wave2,Default,0.008685192135499,0.008685192135499,0.0056305694262982,0.0056305694262982,-0.0030506227377943,-0.0030506227377943,-0.0057242710257871,-0.0057242710257871,-0.0028140688603677,-0.0028140688603677,0.0037538899718614,0.0037538899718614
1567,wave2,Extremely Risk-Seeking,0.030382742264173,-0.0144544822500846,0.0019653087375974,0.0021554402871831,-0.0155424992866998,0.0099439101804308,-0.0190949912204222,0.0118863089070344,-0.0160552609146464,0.0102666155395937,0.0056040925826853,-0.0007868568030849
2104,wave2,Extremely Risk-Seeking,-0.0040343193912821,-0.0063624310632085,0.0054618286984059,0.006299263253929,0.0130129248751012,0.0163334001901057,0.0130523505855443,0.0170931419124351,0.0135996207842817,0.0170418386961959,0.0048130783377838,0.0054228708105876
38,wave2,Risk-Neutral,-0.0145773420806411,-0.0145773420806411,0.0040094119491954,0.0040094119491954,0.0167994081868836,0.0167994081868836,0.0184131042447615,0.0184131042447615,0.0171672795586037,0.0171672795586037,0.002075968074009,0.002075968074009
1531,wave2,Extremely Risk-Seeking,0.0283829241689828,0.0283829241689828,-0.0010138863701191,-0.0010138863701191,-0.0208527538263499,-0.0208527538263499,-0.0244438263483142,-0.0244438263483142,-0.0212948220313176,-0.0212948220313176,0.0021740588874846,0.0021740588874846
2279,wave2,Extremely Risk-Seeking,-0.0079536464616396,-0.0079536464616396,-0.002493622600052,-0.002493622600052,-0.0024172867424792,-0.0024172867424792,-0.0023038537287958,-0.0023038537287958,-0.0024412963921966,-0.0024412963921966,-0.0042892916568782,-0.0042892916568782
576,wave2,Somewhat Risk-Averse,-0.0065993237707253,-0.0065993237707253,0.0030683917637534,0.0030683917637534,0.0044891986410856,0.0044891986410856,0.0043536889837786,0.0043536889837786,0.0044790689131584,0.0044790689131584,0.0003177274089345,0.0003177274089345
1464,wave2,Risk-Neutral,-0.0028461345499712,-0.0028461345499712,3.619815985376875e-05,3.619815985376875e-05,-0.0001200525612901,-0.0001200525612901,-0.0008993244882207,-0.0008993244882207,-2.2323933392886497e-05,-2.2323933392886497e-05,-0.0009772874358023,-0.0009772874358023
1386,wave2,Extremely Risk-Seeking,0.0312018981388968,0.0103539039707044,-0.0025428070694375,0.0017755983652921,-0.0288631577706445,-0.0085163536877951,-0.0328866286388948,-0.0109387207225994,-0.0296010579658267,-0.0086039796415974,-6.649647242402973e-05,0.0012040307153586
1730,wave2,Somewhat Risk-Averse,-0.0047390853684685,-0.0047390853684685,0.0098056497233485,0.0098056497233485,0.0209852169812722,0.0209852169812722,0.021942338789542,0.021942338789542,0.0214875726833811,0.0214875726833811,0.0086832355444728,0.0086832355444728
325,wave2,Somewhat Risk-Averse,0.0131123679401545,0.0135818336729693,-0.0048469316513999,-0.0042238251425781,-0.0235665181104581,-0.0227874405314336,-0.0261454079093642,-0.0253529993866668,-0.0242879057732389,-0.0234770244951431,-0.0051005168519668,-0.0044766330995199
1045,wave2,Extremely Risk-Averse,-0.0001474464809223,0.0080737645470752,-0.0022854894314718,-0.004324687859377,-0.008148449219498,-0.0173572981514662,-0.0097598015439973,-0.0200332239188598,-0.0085678179956931,-0.0179744069749094,-0.0035278938760309,-0.0045362041455235
426,wave2,Extremely Risk-Seeking,0.0338876726088557,0.0156915462816767,0.0005839900299143,-0.0013984582588356,-0.0249870634088888,-0.0166099774981459,-0.0290634273384672,-0.0196207190774935,-0.0256066945419185,-0.0171497034513558,0.0031631221907126,-0.0007719104487552
1610,wave2,Somewhat Risk-Seeking,0.0272301817174347,0.0272301817174347,0.0006708887315996,0.0006708887315996,-0.0228349234835058,-0.0228349234835058,-0.0260552594218754,-0.0260552594218754,-0.0235476735652915,-0.0235476735652915,0.0016893431686925,0.0016893431686925
236,wave2,Risk-Neutral,0.0115242372286844,0.023626692777708,0.0044755010123919,-0.0038021664982238,-0.0002045324300351,-0.0240626004289478,-0.001364843317337,-0.0280336189308795,-0.0003721460409658,-0.0246662594602939,0.0052655553901115,-0.0014112182172389
1484,wave2,Somewhat Risk-Seeking,0.0093286019743869,0.0093286019743869,-0.0011726708208928,-0.0011726708208928,-0.0111512226459211,-0.0111512226459211,-0.0134831944157967,-0.0134831944157967,-0.0116224814465943,-0.0116224814465943,-0.0009983230743416,-0.0009983230743416
1220,wave2,Extremely Risk-Seeking,-0.0148647066445587,-0.0156507705507215,0.007508357858577,0.0069060648247634,0.0229766663674257,0.0221361710597964,0.0247693196521763,0.0238511047756996,0.0234324997329032,0.0225112858626415,0.0052053535472889,0.0044623160793969
247,wave2,Somewhat Risk-Averse,-0.0090527317756644,-0.0040469681004319,0.0113844523143206,0.0122199749623652,0.0239888748407137,0.0199098529852185,0.0256422791830595,0.0207363999328633,0.0247736470588394,0.0205799711533475,0.0087719221010633,0.0093591906303
1439,wave2,Extremely Risk-Seeking,0.0087086305932143,-0.0091597948485393,0.0103627650412604,0.0014418247996366,0.0112806512621592,0.0046033604115303,0.0105280741891052,0.0042688841164074,0.0118129896076404,0.0046979997252048,0.0101171976609357,-0.0010397322062996
1890,wave2,Somewhat Risk-Averse,0.0101904520821981,0.0297932304264576,0.000624955172597,-0.0047125102807216,-0.0061444260277937,-0.033121331705752,-0.0078655616006775,-0.0377096431601478,-0.0064638630842016,-0.0339756342560177,0.001557568365373,-0.0026789508900665
1565,wave2,Extremely Risk-Seeking,-0.0076143657845906,-0.0076143657845906,0.0018722934877575,0.0018722934877575,0.0096949629590889,0.0096949629590889,0.010265180893415,0.010265180893415,0.0098109865646457,0.0098109865646457,0.0013172882581952,0.0013172882581952
397,wave2,Somewhat Risk-Averse,-0.0078265543129007,-0.0078265543129007,0.003942095908434,0.003942095908434,0.0063090644102204,0.0063090644102204,0.0059129232097788,0.0059129232097788,0.00644920735925,0.00644920735925,0.0008062698848362,0.0008062698848362
730,wave2,Risk-Neutral,-0.0063185968295087,-0.0115547266145655,-0.0022970765594489,-0.000486916081889,0.0047149327209044,0.0131069245917503,0.0040823470342979,0.013253123680662,0.004825947460491,0.0136281745107687,-0.0012996323211204,0.0003556130834999
1337,wave2,Somewhat Risk-Seeking,0.0055152047070405,-0.0223455250629031,-0.0028171789305655,0.0056848586680938,-0.0124010234069894,0.0218650587088211,-0.0140678380225968,0.0243514740096433,-0.012916857196222,0.0222856786645865,-0.003234589728223,0.0017323621351493
627,wave2,Risk-Neutral,0.0008682925694037,0.003016924963959,0.0060942792875162,0.0063804626130349,0.0107344579307491,0.0079092807601745,0.0101017208060804,0.0070385297100459,0.0113135707914762,0.0083821442778198,0.0058988895412093,0.0057685123969144
345,wave2,Extremely Risk-Seeking,-0.0149447854299076,-0.0149447854299076,0.0035913624182404,0.0035913624182404,0.0165222901164767,0.0165222901164767,0.0174739646552157,0.0174739646552157,0.0167569233026465,0.0167569233026465,0.0017218037862415,0.0017218037862415
1901,wave2,Somewhat Risk-Averse,-0.0114555842276924,-0.0106790364730613,0.0055210900224663,0.0055091951783064,0.0158716821693426,0.0161332295947799,0.0172807813790766,0.0175458110420576,0.0164802092985968,0.0167614740310425,0.0033110342777833,0.0036533192818342
1122,wave2,Somewhat Risk-Averse,-0.0091811620689203,-0.0091811620689203,0.0037085511061662,0.0037085511061662,0.0089852759442844,0.0089852759442844,0.0087338963464608,0.0087338963464608,0.0092153846290719,0.0092153846290719,0.001169323800186,0.001169323800186
1964,wave2,Extremely Risk-Seeking,-0.0142312549384384,-0.0142312549384384,0.0086799214173788,0.0086799214173788,0.0247202581542665,0.0247202581542665,0.0264333089279408,0.0264333089279408,0.0255060398550504,0.0255060398550504,0.0063882295346162,0.0063882295346162
1384,wave2,Somewhat Risk-Averse,0.0031356776778747,0.0031356776778747,0.0084028359552282,0.0084028359552282,0.0095339546531456,0.0095339546531456,0.0081386857824006,0.0081386857824006,0.0099489547329573,0.0099489547329573,0.0070233061078331,0.0070233061078331
882,wave2,Extremely Risk-Seeking,-0.0011737772382771,-0.0011737772382771,0.0011199888709754,0.0011199888709754,0.0037427196201504,0.0037427196201504,0.003057494009242,0.003057494009242,0.0033973850619741,0.0033973850619741,0.0012297113556844,0.0012297113556844
1977,wave2,Extremely Risk-Seeking,0.032824778133887,0.0260353991183658,-0.0008881131718887,-0.0010073076570837,-0.0252434128961,-0.0221396671617397,-0.0293076332956334,-0.0254143252616442,-0.0258727493271188,-0.0225883324944028,0.0022330070781891,0.0009640227211525
126,wave2,Extremely Risk-Averse,0.0099724160985795,0.0254949284158754,8.91611658036341e-05,-0.0016106245082555,-0.0095594932654131,-0.0247717141196299,-0.0117193221161942,-0.0286323769175454,-0.0096267683275032,-0.0253405277934314,0.0001674095451769,-0.0002949927867997
1585,wave2,Extremely Risk-Seeking,0.0111684686197026,0.0031572095335034,0.0005318850408057,0.0003927218232821,-0.0064004974366309,-0.0021817758494364,-0.0085728235556745,-0.0037827775143535,-0.0067204469420684,-0.0024241629667963,0.0017673799827847,0.0004560908801803
1348,wave2,Risk-Neutral,-0.0068585919628004,-0.0068585919628004,0.0060850782091538,0.0060850782091538,0.013099219897301,0.013099219897301,0.0133592087576635,0.0133592087576635,0.0137323544692615,0.0137323544692615,0.0041073501513612,0.0041073501513612
2237,wave2,Extremely Risk-Averse,-0.0151403301838701,-0.0144819578348645,-0.0007273987102371,-0.0003516028264161,0.0161873385802939,0.0161762681336431,0.0173442414503282,0.0171830667493186,0.0164749056471069,0.0164442295161279,0.0001070507021808,0.0004480618652123
880,wave2,Somewhat Risk-Seeking,-0.001628878285823,-0.001628878285823,0.0040903090180237,0.0040903090180237,0.0157134258263543,0.0157134258263543,0.0164913123461174,0.0164913123461174,0.0160019833952802,0.0160019833952802,0.0060594988219237,0.0060594988219237
2224,wave2,Somewhat Risk-Seeking,-0.0172438567537891,-0.0172438567537891,0.0001276615939644,0.0001276615939644,0.0152410661964434,0.0152410661964434,0.0169774782841414,0.0169774782841414,0.0155002999199228,0.0155002999199228,-0.0006255070473386,-0.0006255070473386
1256,wave2,Risk-Neutral,-0.0022345750811494,0.0177898724828595,0.0090996357180165,0.0061961718402921,0.0184731503832576,-0.0018036302297158,0.0191790061631736,-0.004861845309652,0.0190950957027588,-0.001464461618454,0.0084456674020773,0.0073948766046291
128,wave2,Default,-0.0159730061436601,-0.0093204004697695,-0.0004245523397028,0.0038858646596375,0.0094332933724505,0.0082343952827159,0.0104460006676972,0.0086445474879894,0.009733166306378,0.0085574577577215,-0.0023225911668704,0.0009314661590679
603,wave2,Risk-Neutral,0.0124351525671555,0.0107071967267114,0.0069729026076619,0.0016607265880226,-0.0037817181508133,-0.007239574294586,-0.0060877218834791,-0.0099390718862679,-0.0035675214874497,-0.0070648867699909,0.0052076913855601,0.0017094797122762
1049,wave2,Risk-Neutral,0.0005502849441646,0.028821740298507,0.0046982891453267,-0.0042609599040919,0.0121635802207086,-0.0215270252958722,0.0124572513935404,-0.0258659789445515,0.0124778815054374,-0.0221233638557871,0.0058047331644099,0.0010145021382341
20,wave2,Extremely Risk-Seeking,-0.0167006940948249,-0.0170476467162176,0.0027459359692165,0.0013122469371017,0.0140550733912114,0.0136424459665693,0.0154946618961926,0.0154287571253136,0.0145741442290647,0.0141966952866327,3.1766105254025677e-05,-0.0006988904189425
1504,wave2,Extremely Risk-Averse,-0.0014869831297694,-0.0014869831297694,0.0034287202691487,0.0034287202691487,0.008117379099442,0.008117379099442,0.0075113008841174,0.0075113008841174,0.0080038424863023,0.0080038424863023,0.0033529920868885,0.0033529920868885
1930,wave2,Extremely Risk-Seeking,-0.0146585754431576,-0.0184507086026618,0.0024760109913159,0.0046551990122605,0.0138665963834849,0.0211544657697315,0.0152073289174123,0.0227396532428456,0.0138773613802388,0.0215238452507752,0.0005601635413241,0.0024516276781784
1078,wave2,Somewhat Risk-Averse,0.0325081918852155,0.0325081918852155,0.0003965064278957,0.0003965064278957,-0.0229961339276828,-0.0229961339276828,-0.027457392179553,-0.027457392179553,-0.0236164432979002,-0.0236164432979002,0.0033046466252089,0.0033046466252089
793,wave2,Extremely Risk-Seeking,-0.0118509212894315,-0.0104858478510428,0.0068688882743717,0.0073725552160289,0.0198078303624503,0.0184460603809707,0.0210131930276078,0.019993580456193,0.0199377366109699,0.0190300633441589,0.0049407444369074,0.0051095282338758
1336,wave2,Extremely Risk-Averse,-0.0055280238899638,0.0298107243461511,0.0019842977900644,-0.0067240229391935,0.0063947730592034,-0.0361193180774611,0.0061027906254766,-0.0410102997395684,0.006592324849665,-0.0369518678347051,0.0009497115334114,-0.0043427383451314
724,wave2,Default,0.0234430889508801,0.0273041791538141,-0.0026435865039123,-0.0038860835429633,-0.0213012713105604,-0.0258751956654885,-0.0245051782143038,-0.0298113648522217,-0.0217586339892702,-0.0264603592009285,-0.0001657295737975,-0.0008171424451393
1829,wave2,Extremely Risk-Seeking,0.0048400500682674,-0.004924915617106,0.0028712993957683,0.0073394397604453,0.0057657961620717,0.0201592272832344,0.0047793563040937,0.0211380223907212,0.0059686792260056,0.0208408618915445,0.0044933813096969,0.0075246979543871
951,wave2,Extremely Risk-Averse,0.0063734581805454,0.0317801819726316,0.0044873340324401,-0.0041040664847401,0.0083587855059877,-0.0333102055536893,0.0084610345423704,-0.0382655764972379,0.0084997533399447,-0.034097108764215,0.006407709131894,-0.0018766576196744
1622,wave2,Somewhat Risk-Seeking,-0.0072480618107872,-0.020736540682233,0.0080185785202583,0.0060067008893776,0.0189411840231861,0.0238547613510294,0.0197026108029246,0.0256804691979966,0.0194633508424385,0.0242592011077447,0.0065696741786975,0.0030398124920362
642,wave2,Extremely Risk-Seeking,-0.0168434019170866,-0.0168434019170866,0.0050962405024883,0.0050962405024883,0.0186265125517049,0.0186265125517049,0.0197935496230015,0.0197935496230015,0.0191292640574793,0.0191292640574793,0.0022913888561481,0.0022913888561481
803,wave2,Default,-0.015410601399644,-0.015410601399644,-0.0024870865123474,-0.0024870865123474,0.0112453227517925,0.0112453227517925,0.0125959278751513,0.0125959278751513,0.0118136449460568,0.0118136449460568,-0.0022172888194545,-0.0022172888194545
1658,wave2,Extremely Risk-Averse,0.0292255974185709,0.0299430487190068,-0.0042446029238528,-0.0073758016882044,-0.0299351188119875,-0.0364896248259649,-0.0341606904975333,-0.041420696771778,-0.0307398661709943,-0.0373220001814384,-0.0016497759881127,-0.0046391064028944
1177,wave2,Somewhat Risk-Seeking,0.002640737404148,-0.0190480227494424,-0.0025239517876819,0.0072044036620945,-0.0036996019176156,0.0248969839175248,-0.0054217548876253,0.0267349365866112,-0.0040961624862953,0.0252514598145019,-0.0011934523225242,0.0043493624965867
1479,wave2,Somewhat Risk-Averse,-0.0067481301855908,0.0340739509568953,0.0074488190493509,-0.0014443660624592,0.0164694255997167,-0.029797806515705,0.0179754136262973,-0.0344550221309255,0.0171798974123767,-0.0305076548724566,0.0057223077100441,0.0009453985628581
1714,wave2,Extremely Risk-Averse,0.0309522644375591,0.0334473857947008,-0.00091447148508,-0.003457667926139,-0.0191024157988236,-0.029726724426962,-0.0234807272864844,-0.0350418096163663,-0.0196561712432384,-0.0305402541116314,0.0036479368135713,8.985025883574794e-05
972,wave2,Extremely Risk-Averse,-0.0207373141758692,-0.0202260513533618,-0.0015216594595326,-0.0014487586675721,0.0165633885413327,0.0165070869391142,0.0172300534240287,0.0171446094238879,0.016633945200462,0.0166931320452131,-0.0018987607129666,-0.0017227431742274
1766,wave2,Somewhat Risk-Averse,0.0268251077556383,0.0268251077556383,-0.0083135792356978,-0.0083135792356978,-0.0355521999424445,-0.0355521999424445,-0.04029028660018,-0.04029028660018,-0.0363612050944324,-0.0363612050944324,-0.0056786002838094,-0.0056786002838094
65,wave2,Extremely Risk-Seeking,-0.0120282152369867,-0.0182446540461285,0.0082131601437461,0.0060405638250797,0.0221238204343214,0.0208438850101256,0.0231989560066512,0.0228673835510796,0.0225047439944863,0.0213576098454245,0.0061016207702718,0.0028779829944916
424,wave2,Risk-Neutral,-0.0153545543767321,0.0115372530118993,0.0024592864587837,-0.001679666945621,0.0128113474038945,-0.0161053543661762,0.0142420891725934,-0.0184701683584884,0.0132952243548411,-0.0163615361786973,-2.9506957189830583e-05,-0.0020828378442041
1354,wave2,Default,0.0292306309526828,0.0315926361197031,-0.0046346749569602,-0.0022159316975678,-0.0333990703211378,-0.0312218862599379,-0.0378826014752958,-0.036285449141217,-0.0342197195811335,-0.0320049245718529,-0.0029333231659017,-0.0006140736390589
1607,wave2,Risk-Neutral,-0.0022916779713155,0.0291130201503543,0.004077345048757,-5.847837674910897e-05,0.0073326618812538,-0.0155400575309625,0.0075686109662095,-0.0190651935428343,0.0074483538339324,-0.0159866865279972,0.0030388030959343,0.0045076414634071
1118,wave2,Extremely Risk-Averse,0.0211966685502115,0.0297630620200127,-0.0029897177968548,-0.0056337809798507,-0.0248733856183212,-0.0345945187911048,-0.0284077558970017,-0.0391335287089199,-0.0256930099275324,-0.0354815107633857,-0.0022216717288217,-0.0034870899150926
1952,wave2,Default,-0.0100886212901963,-0.005903293407291,0.003517452017342,0.0085967451798407,0.0103813739284345,0.0132137666361401,0.0106558484865964,0.0132223249313609,0.0103247175971934,0.0134544348297538,0.0012686826551489,0.0053003751010612
1746,wave2,Somewhat Risk-Averse,-0.0025491182484967,0.0171349862485855,0.0022880440540422,-0.0017672186560777,0.00094962507484,-0.0199719899402297,0.0003277092577392,-0.0231435838971445,0.0011070358254909,-0.0203401769743912,0.0002282478312173,-0.0015345974546618
1308,wave2,Extremely Risk-Averse,0.0140866443083332,0.0330482415628627,-0.003019994981078,-0.0044859331262504,-0.0106479958190951,-0.0316818821201109,-0.0146109292556619,-0.0367607285519232,-0.0111530456681632,-0.0323899400843679,0.0001414991016619,-0.0010377333105095
29,wave2,Risk-Neutral,0.0304407807584064,0.0304407807584064,-0.0023506408593066,-0.0023506408593066,-0.0259113214241559,-0.0259113214241559,-0.0302055946100142,-0.0302055946100142,-0.0265420606654553,-0.0265420606654553,0.0007281698124561,0.0007281698124561
204,wave2,Somewhat Risk-Seeking,-0.0109430739780735,-0.0174102593438802,0.0069937843480517,0.0068784422955633,0.0242085047736674,0.0223607323742964,0.0258978022229442,0.0240705810508447,0.0249052952089875,0.022828772387083,0.006752923309719,0.0039411619907887
1791,wave2,Extremely Risk-Averse,-0.0092567420237886,-0.0018805545238805,0.0058614714108823,0.0054292231797517,0.0148712434428967,0.0098685835506406,0.0161782516555262,0.0104603993039543,0.0152531647806112,0.0102140029575235,0.003824068945508,0.0044718275095827
1670,wave2,Extremely Risk-Seeking,0.0183920315340894,0.0183920315340894,-0.0040656360487665,-0.0040656360487665,-0.0245209251490985,-0.0245209251490985,-0.0272240395564052,-0.0272240395564052,-0.0252197393415613,-0.0252197393415613,-0.003397765050588,-0.003397765050588
1108,wave2,Somewhat Risk-Averse,0.0175665204364333,0.0175665204364333,0.0023024102860786,0.0023024102860786,-0.007234497435913,-0.007234497435913,-0.0100145530154036,-0.0100145530154036,-0.0076842341996083,-0.0076842341996083,0.004212654745847,0.004212654745847
802,wave2,Extremely Risk-Seeking,-0.0102352717773273,-0.0118136163344649,0.0066636781666284,0.0091161364770039,0.0165965413991335,0.0244734923621915,0.0172698713922405,0.0268003637563275,0.0172564978374536,0.0253233161004789,0.0043402176790237,0.0072575256649705
1624,wave2,Risk-Neutral,-0.0195533135398094,-0.0195533135398094,0.003889945365562,0.003889945365562,0.0186805306368419,0.0186805306368419,0.0198349284518824,0.0198349284518824,0.0189105437830496,0.0189105437830496,0.0010039426306399,0.0010039426306399
388,wave2,Extremely Risk-Averse,-0.003102456630575,0.0296337372442343,0.010754484566524,-0.0064589183805355,0.0131619569479287,-0.0353571175569949,0.0125452001671378,-0.0400753335600604,0.0134207864814193,-0.0362328661090709,0.0069356420083916,-0.0040592877155935
399,wave2,Risk-Neutral,0.0057254567520831,0.0077430960583763,0.0011547902352037,0.0001141985217277,-0.0076733467707497,-0.010203382598838,-0.0100738411536735,-0.0128928944449702,-0.0076432309324831,-0.0102294446495636,-0.0002652415370459,-0.0007825818844986
1817,wave2,Extremely Risk-Seeking,0.0289010964150669,0.0289010964150669,-0.0034721487502311,-0.0034721487502311,-0.0299356775346532,-0.0299356775346532,-0.0342445432317392,-0.0342445432317392,-0.0305816582710677,-0.0305816582710677,-0.0015010287982866,-0.0015010287982866
735,wave2,Extremely Risk-Averse,-0.0260961827769215,0.0311476910454283,3.2928810742735635e-05,-0.0018417530264726,0.0180870434978855,-0.0302129221552941,0.0204692650797407,-0.0343408609452883,0.0184085401860105,-0.0311041372253465,-0.002660396296028,-0.0003013789548289
213,wave2,Somewhat Risk-Seeking,0.0066104134137515,-0.012631746766511,0.0097771469592392,0.0087750013367923,0.0128943620898259,0.0222279731988506,0.0120357388305832,0.0235606370094,0.0134080668418393,0.0225758719958414,0.0097606306445281,0.0061221080282142
477,wave2,Somewhat Risk-Averse,-0.0143709110845967,-0.0115178494658152,0.0093639672808917,0.0082984513390183,0.0227762338093329,0.0186852162532783,0.0244434033476467,0.0196185506102231,0.0232634415103636,0.0190134131113969,0.0059209752933192,0.0051533348675015
902,wave2,Extremely Risk-Averse,0.0238891331278852,0.0303048664231849,0.0025369273060569,-0.0020779867052041,-0.0082433264569422,-0.0253190672347784,-0.0119376271969311,-0.030134031916,-0.0083992638878785,-0.0258080841014198,0.0060630839422015,0.0009711495315152
973,wave2,Somewhat Risk-Seeking,0.0331745359087169,0.0223825497162737,0.0017507628368571,0.0052183892834484,-0.0225823040343612,-0.0006827952212511,-0.0264197574948124,-0.001772629011489,-0.0232317310284394,-0.000842144804491,0.0041157887644446,0.0089750292200181
1955,wave2,Extremely Risk-Averse,0.0272711983637681,0.0308720836520871,-0.0074588208832208,-0.0055887655998329,-0.0349450144063976,-0.0351286631698421,-0.0396294780723392,-0.0399209064942627,-0.0357557900861489,-0.0360015764158031,-0.00504272364735,-0.0032803593976666
218,wave2,Default,0.0213111408646989,0.0213111408646989,0.0046013187251637,0.0046013187251637,-0.0054925573047498,-0.0054925573047498,-0.0077274715234369,-0.0077274715234369,-0.0054762984036711,-0.0054762984036711,0.0068079937222693,0.0068079937222693
317,wave2,Somewhat Risk-Averse,-0.0022533299306469,-0.0006441366074694,0.0070180680665228,0.0047008546445834,0.014644374848137,0.009984513568932,0.0149747240314105,0.0092769010527639,0.0148597173323944,0.0100193850005177,0.0064693662492506,0.004680397931089
894,wave2,Extremely Risk-Averse,0.0290659199910215,0.0302288575115418,0.0028749096287511,0.0021584712935097,-0.0151405583756292,-0.0207199828029163,-0.0181128031508505,-0.0238125549805126,-0.0154982534399745,-0.021216563459972,0.005601770550834,0.0038901823155743
830,wave2,Default,-0.0109589513031663,-0.0109589513031663,0.0064446475199188,0.0064446475199188,0.0219646626435267,0.0219646626435267,0.0237054666922217,0.0237054666922217,0.0226626499352588,0.0226626499352588,0.0058163991959871,0.0058163991959871
2282,wave2,Somewhat Risk-Averse,0.0325437496981764,0.0300016626939423,-0.0029500689608394,-0.005341855607862,-0.026476557733114,-0.0330798455431065,-0.0318030505506087,-0.0379326240863382,-0.0269270441054688,-0.0339039885516689,0.0010415003786963,-0.0028051164917653
1781,wave2,Extremely Risk-Averse,0.0223765465313113,0.0317882958577356,0.0057463287884196,-0.0023701930583353,-0.0091826115114165,-0.0315472551973475,-0.0125198057107069,-0.0358470911131409,-0.0093939041417908,-0.0324310787254917,0.0063137708948888,-0.000708693744902
944,wave2,Somewhat Risk-Seeking,0.0150459686966274,-0.0121383873072316,0.0026229486072743,0.0025326313489575,-0.0044171842100849,0.0111899783435684,-0.0064933951862847,0.0128055745616961,-0.0044318898234208,0.0115655800479631,0.0044183505888703,0.0005268382731783
2103,wave2,Extremely Risk-Seeking,-0.0159386177921066,-0.0226987456424599,0.0031469597851308,-0.0017770068793342,0.0120516729007774,0.0096648215941872,0.0137303484648783,0.0117030119957019,0.0123901306275387,0.0098679203271708,-0.000248753947126,-0.0049389251695166
7,wave2,Extremely Risk-Averse,-0.0065338665074441,0.0292185981501397,-0.0013805697188298,-0.006614097766521,0.0012358540430602,-0.0354708615683862,0.001287196761052,-0.0401077647763235,0.00100653942012,-0.0363272605995977,-0.002226715407768,-0.0042873534544961
1123,wave2,Extremely Risk-Averse,-0.0187807013713863,-0.0152860680894101,0.0054615045093646,0.0083605141049648,0.0209318863491403,0.0202722622741852,0.0226380361904643,0.0213937103391755,0.0212855682402062,0.0205966912074271,0.0025357604858334,0.0044464911656253
578,wave2,Default,-0.0084179885684401,0.0302706420571095,-0.0045154431221618,-0.0059305366512603,0.0057542106471241,-0.0294570555185227,0.0060317246922249,-0.0342025503456375,0.0059801088772385,-0.0301501936082204,-0.0023917651919848,-0.0017030452985852
2223,wave2,Risk-Neutral,-0.0199463066995316,-0.0105685688005193,0.0070169842187901,0.0058899250540155,0.0234498296824528,0.0163149314754771,0.0257286758390103,0.0176280114267372,0.0239017795990462,0.0164690727089319,0.0035046716472916,0.0038775226487796
1623,wave2,Somewhat Risk-Seeking,-0.0127186362785441,-0.0127186362785441,0.0023179664168853,0.0023179664168853,0.0152127926402524,0.0152127926402524,0.0163272677222579,0.0163272677222579,0.0153579284793526,0.0153579284793526,0.0016036007748472,0.0016036007748472
1456,wave2,Somewhat Risk-Seeking,-0.0143958990790878,-0.0143958990790878,0.0053764169559747,0.0053764169559747,0.0231949859721893,0.0231949859721893,0.0254184543559417,0.0254184543559417,0.0239427881687412,0.0239427881687412,0.0047247664398238,0.0047247664398238
1462,wave2,Somewhat Risk-Seeking,-0.0097770437449747,-0.021986353159622,0.0071035317117457,0.0035647988637504,0.0185103057359572,0.0206801776919145,0.0189741148781815,0.0219997595486476,0.0188457119176716,0.0210961319961022,0.0052778063264267,0.0007511408498122
1351,wave2,Somewhat Risk-Averse,0.0181273083043548,0.0307611952879067,-0.0029271936343091,-0.0043608445929462,-0.0160627443257493,-0.0285475535159017,-0.0191127963628059,-0.0333618703564928,-0.016237161851781,-0.0291729914023696,-0.0002859158138725,-0.0007134869799853
1841,wave2,Extremely Risk-Seeking,-0.0026512619294452,-0.0144667003963665,-0.0026577575159901,-0.0013895658656454,-0.0015307461506741,0.0115621391916253,-0.0026731091923239,0.0115323427649267,-0.0016933514080116,0.0117982126180372,-0.0022796889210722,-0.0014314014668394
979,wave2,Default,0.0180878417602994,0.0149928797029285,0.0046839734596584,0.0055716776689152,-0.0104985318474851,-0.0064063763341409,-0.0135285682616757,-0.0091568298799278,-0.0108138584552423,-0.0066295962283197,0.0040907289340616,0.0047188682267128
1111,wave2,Default,0.002978752733765,-0.0002978220093295,0.0014499850890766,0.0073911572752048,0.0005153430364238,0.0093077490168261,-0.0007185421245841,0.0075970451637087,0.0001727535613722,0.0093658475654047,0.0016481490504152,0.0054658418247017
1238,wave2,Risk-Neutral,-0.0049179855382503,0.0071411333031289,-0.0001352968408332,0.0028281145696551,-0.000176824992442,-0.002127659787382,-0.0008551180456712,-0.0042270582134003,-9.037944214849593e-05,-0.0018265574327777,-0.0017443605370866,0.002613730603966
280,wave2,Somewhat Risk-Averse,0.0282423481711549,0.0285972383862881,0.005722964176766,0.002374554239391,-0.0134365471448073,-0.0229368258544583,-0.0176464265757089,-0.0276133276852454,-0.0135754795393206,-0.0232296440897538,0.0068436122137532,0.0026785095369858
1732,wave2,Default,0.0078740558530067,0.008155790156096,0.004571979271873,0.0054614839452688,0.0045455958818584,0.0052104235428594,0.0027675364175266,0.0034915736214109,0.004895540059703,0.0056128607290935,0.0056645501821044,0.006276401320333
1447,wave2,Risk-Neutral,-0.0180852063524827,-0.0180852063524827,0.002747015089428,0.002747015089428,0.0163628643593535,0.0163628643593535,0.0173091232341046,0.0173091232341046,0.0163935368432216,0.0163935368432216,0.0003400746794132,0.0003400746794132
1096,wave2,Extremely Risk-Seeking,-0.0198808288579507,-0.0198808288579507,0.0028788450158971,0.0028788450158971,0.0199418918869004,0.0199418918869004,0.0219912749241286,0.0219912749241286,0.0202490940817649,0.0202490940817649,0.0009787986481173,0.0009787986481173
2090,wave2,Risk-Neutral,0.0320018194045348,0.0287983118875776,0.0008732691385644,-0.0051445165282555,-0.0165905396216842,-0.0236147516441674,-0.0208330775097253,-0.0280867403235949,-0.017121272706216,-0.0242059012573317,0.0054309911820881,1.6194307291591784e-05
1767,wave2,Extremely Risk-Seeking,-0.013761019256895,-0.0134718396887275,0.0014850141672527,0.0045369530483839,0.0124310737367499,0.0153908097884013,0.0127685359133462,0.0160998956618659,0.0124265974863475,0.0156369443025786,5.080587171270252e-05,0.0021505039889339
1782,wave2,Default,0.0331272975899278,0.0331272975899278,-0.004674604971472,-0.004674604971472,-0.0340937570990704,-0.0340937570990704,-0.0387088006295584,-0.0387088006295584,-0.0349312031784573,-0.0349312031784573,-0.0018786321079167,-0.0018786321079167
300,wave2,Somewhat Risk-Averse,0.0328833024512471,0.0343865302786988,-0.0034488014402753,-0.0043667983488115,-0.0269275245118787,-0.0307075023075512,-0.0314168247797412,-0.0356046622480373,-0.0275264070898914,-0.0314037509124199,0.0008383003005237,-0.0002267059038023
741,wave2,Risk-Neutral,0.0203629954605696,0.0169792969303146,-0.0048523983943276,-0.0058294103220215,-0.0168066301267874,-0.016416451328222,-0.0200331507464836,-0.0193064670266299,-0.0171974165140604,-0.0167915236284976,-0.0004292857505306,-0.0017530099279652
509,wave2,Extremely Risk-Seeking,0.0108061158610835,0.0108061158610835,0.0094710765513049,0.0094710765513049,0.0072363868203101,0.0072363868203101,0.0052520659441517,0.0052520659441517,0.0076247106934466,0.0076247106934466,0.0091710081925639,0.0091710081925639
1594,wave2,Default,0.0090014250752567,0.0090014250752567,0.0095692923042961,0.0095692923042961,0.0039082137050408,0.0039082137050408,0.0020534154568436,0.0020534154568436,0.0040725154247573,0.0040725154247573,0.0074916969324666,0.0074916969324666
135,wave2,Extremely Risk-Averse,-0.0084275031972634,-0.0084275031972634,0.0090671547340689,0.0090671547340689,0.0242961364722958,0.0242961364722958,0.0257401235593941,0.0257401235593941,0.0250383486777906,0.0250383486777906,0.0083114637226817,0.0083114637226817
279,wave2,Default,0.0198017391710535,0.0198017391710535,-0.000771621502014,-0.000771621502014,-0.0137121142561894,-0.0137121142561894,-0.0174606713121117,-0.0174606713121117,-0.0142771098507404,-0.0142771098507404,0.0017742364166793,0.0017742364166793
273,wave2,Risk-Neutral,-0.0135435231235302,-0.0104605041126797,0.007870186525599,0.0082312221939619,0.0209136575517753,0.0190188274245061,0.0226442593535935,0.0203726262459771,0.0212797013025011,0.0192887614874487,0.0050783868369322,0.0055948908116137
2386,wave2,Somewhat Risk-Averse,-0.0109709035552554,0.00048126791413,0.0071063065454433,0.0070713542884497,0.0201442952249132,0.011169763692016,0.0215404284991454,0.0106457799467766,0.0207732953383665,0.0114834387865711,0.0054255304733811,0.0062402832396349
1461,wave2,Extremely Risk-Seeking,0.0310607991065304,0.0310607991065304,-0.0052463461537442,-0.0052463461537442,-0.032877816501681,-0.032877816501681,-0.037408319530076,-0.037408319530076,-0.0337422753947977,-0.0337422753947977,-0.0023526715991358,-0.0023526715991358
495,wave2,Extremely Risk-Averse,-0.0221317567953159,-0.0068082718243413,-0.0016588978270174,-0.0024340422831381,0.0172774443381616,0.0035658427402925,0.0183037671790501,0.0022029894310348,0.0174636707209579,0.0032170661978427,-0.0021713858606102,-0.0018918230378329
356,wave2,Risk-Neutral,-0.0072173319946376,-0.0072173319946376,0.0093400077849661,0.0093400077849661,0.022898553396683,0.022898553396683,0.0244882120175894,0.0244882120175894,0.0236935021386755,0.0236935021386755,0.0083397934540001,0.0083397934540001
673,wave2,Somewhat Risk-Seeking,-0.0070189621253495,-0.0082398719517531,0.0022995550432534,0.0053352600540412,0.0131813799387351,0.0192299306179917,0.0134676938049271,0.020166027406048,0.0134179741864038,0.0196665018107221,0.0028209788905045,0.0054418385743633
2310,wave2,Risk-Neutral,0.0016766781258892,0.007255663626479,-0.0039732016208339,-0.0061047247806423,-0.0112093382598115,-0.0170079121030863,-0.0120153691259578,-0.0189482560731616,-0.0112456651302265,-0.0171983594263693,-0.0045022799061049,-0.0052851527789096
1789,wave2,Extremely Risk-Seeking,0.0283938503366812,0.0260964017327764,-0.0038521437182306,0.0003420938084146,-0.0308879145014825,-0.0187998140085471,-0.0359121377708483,-0.0237557595162037,-0.0314696101101882,-0.019200938723605,-0.0021143318871775,0.0025475860760493
335,wave2,Extremely Risk-Averse,-0.0055529935949274,0.0041150675041632,-0.0013972684709428,-0.0036351561514023,-0.001527886528692,-0.0121901269705136,-0.0015610441438501,-0.0140841822623745,-0.0017027500189448,-0.0126088687180442,-0.002826930407637,-0.0039035705875788
357,wave2,Extremely Risk-Seeking,0.0262336002294071,0.0262336002294071,-0.0033508647830541,-0.0033508647830541,-0.0282600955274485,-0.0282600955274485,-0.0320448221551929,-0.0320448221551929,-0.0290431216456583,-0.0290431216456583,-0.0017914925641736,-0.0017914925641736
1209,wave2,Somewhat Risk-Seeking,-0.0110738319348489,-0.0183379082171764,0.0058402756876228,0.0070791417191035,0.0186918841063581,0.0232529951526541,0.019280645940701,0.0253445907638408,0.0190477032336683,0.0237503657774957,0.0044852744119006,0.0039961766710292
2258,wave2,Extremely Risk-Averse,-0.0079795797213985,-0.0079795797213985,0.0086175976075809,0.0086175976075809,0.0207617973527256,0.0207617973527256,0.0221634478731756,0.0221634478731756,0.0214535119965672,0.0214535119965672,0.0071323566255497,0.0071323566255497
854,wave2,Risk-Neutral,-0.0104036624863679,-0.0104036624863679,0.003632080761727,0.003632080761727,0.0170898115567985,0.0170898115567985,0.0188039064814463,0.0188039064814463,0.0179235376142691,0.0179235376142691,0.0034392911580983,0.0034392911580983
1469,wave2,Extremely Risk-Averse,-0.0121737519142563,-0.0121737519142563,0.0018769348813789,0.0018769348813789,0.0175820471269385,0.0175820471269385,0.0177958665867504,0.0177958665867504,0.0180580925457137,0.0180580925457137,0.0024287500283635,0.0024287500283635
1467,wave2,Default,-0.0090373288156639,-0.0090373288156639,0.0071350459921561,0.0071350459921561,0.0190729823692121,0.0190729823692121,0.020397701004642,0.020397701004642,0.0198189163799232,0.0198189163799232,0.0057226963059395,0.0057226963059395
248,wave2,Extremely Risk-Seeking,-0.0093213040733858,-0.019321894776593,0.0066388045227445,0.0044012950777942,0.015505381903105,0.0201174191201755,0.0165000357541561,0.0224722699003304,0.0160872376430174,0.020858944985064,0.0042728363428854,0.0017306276275505
107,wave2,Extremely Risk-Averse,-0.0051020298695983,0.0296337372442343,0.009766181592128,-0.0064589183805355,0.0206695663824317,-0.0353571175569949,0.0215575542687663,-0.0400753335600604,0.0212054128097123,-0.0362328661090709,0.0084437578996251,-0.0040592877155935
1940,wave2,Risk-Neutral,-0.0083288449754595,-0.005457009340528,0.0072380233987064,0.0049197052299751,0.0229738058485064,0.0156230442888111,0.0249391856225283,0.0164561384213505,0.0238170503592451,0.0162636659436438,0.0072943628037113,0.0050286471832353
147,wave2,Extremely Risk-Averse,-0.0021891148709514,-0.0021891148709514,-0.008118391015995,-0.008118391015995,-0.006663674355212,-0.006663674355212,-0.0083556111975705,-0.0083556111975705,-0.0067523878981192,-0.0067523878981192,-0.0056555426140516,-0.0056555426140516
244,wave2,Somewhat Risk-Averse,-0.0030627244006458,-0.0014869831297694,0.0015193584151894,0.0034287202691487,0.0035482803071446,0.008117379099442,0.0027649293209525,0.0075113008841174,0.0035530295249423,0.0080038424863023,0.0006677800799125,0.0033529920868885
2126,wave2,Extremely Risk-Seeking,0.007400079172849,0.007400079172849,0.0102706819565899,0.0102706819565899,0.0071982394862895,0.0071982394862895,0.0055652259858489,0.0055652259858489,0.0075240326770243,0.0075240326770243,0.0082884455309201,0.0082884455309201
403,wave2,Risk-Neutral,-0.0032900314811112,0.0001212851955005,0.0084739029437731,0.0078426528764927,0.0133699925038776,0.0090943491425984,0.0137310271377695,0.0086727050618124,0.0140849943200871,0.0096712664258099,0.0061832099278385,0.0056847661715275
1544,wave2,Extremely Risk-Averse,-0.0086269149956462,-0.0086269149956462,0.0034248350401145,0.0034248350401145,0.0056749078452735,0.0056749078452735,0.0060753583683936,0.0060753583683936,0.0059755550581465,0.0059755550581465,0.0001555949773799,0.0001555949773799
2252,wave2,Extremely Risk-Averse,-0.0183609048832987,-0.0176460591322377,0.0057081864399691,0.0065048066289209,0.0208798180856332,0.0220260893543967,0.02308696609787,0.0243645667656666,0.0213028077308146,0.0225217099287962,0.0027405380518164,0.0036265055054286
392,wave2,Somewhat Risk-Seeking,-0.0098184545013554,-0.0195728439501211,0.0068736331677895,0.0047350521575317,0.0216037395821472,0.0262012468136185,0.0232870307459674,0.0280969322538409,0.0222821634506553,0.0267640171811198,0.0062192362141274,0.003787234349087
1660,wave2,Default,0.0154577488884583,0.0093631225092017,-0.0001328376048355,0.0040938309404912,-0.0118582848120829,-0.0020105051121462,-0.0151136046498018,-0.0044888503605702,-0.0123970881842609,-0.0022177842858247,0.0011563364726928,0.0038153111711913
3,wave2,Extremely Risk-Seeking,-0.0064229598128921,-0.015166373102312,0.0098839934147779,0.0082822112530373,0.0208144161116133,0.0211438929498434,0.0220057361522236,0.022787427607226,0.021327082647004,0.0216015542603955,0.0080907116532603,0.0047510680111927
1005,wave2,Extremely Risk-Averse,-0.003698510778779,0.030449035368193,0.0069996850052647,-0.0044781727222004,0.0130867982902857,-0.0334496926483085,0.0136962127821675,-0.0379405695355962,0.013559416086653,-0.0343245036286467,0.0054617098930752,-0.0024917193949017
395,wave2,Somewhat Risk-Averse,-0.0212046474067022,0.0143241723172807,0.0043796133559126,0.0037486668959877,0.0185752322504405,-0.0077392024696546,0.0206525172561807,-0.0108711347084236,0.0189718336209224,-0.0075384326994872,0.000581058947383,0.0034443580834766
1517,wave2,Somewhat Risk-Averse,-0.0051031402070961,-0.0051031402070961,0.0083226746607757,0.0083226746607757,0.019532359464147,0.019532359464147,0.0205653729783165,0.0205653729783165,0.0201471156751131,0.0201471156751131,0.0075835092076963,0.0075835092076963
1919,wave2,Risk-Neutral,0.0197867039516804,0.0197867039516804,0.0019462516382344,0.0019462516382344,-0.0133176664765206,-0.0133176664765206,-0.0168371647987108,-0.0168371647987108,-0.0135244882116492,-0.0135244882116492,0.0028056258685006,0.0028056258685006
570,wave2,Extremely Risk-Averse,0.026725052682389,0.0304786456044073,-0.0046442513563062,-0.005446702123671,-0.0304911645040281,-0.0348351149031811,-0.0348008704913507,-0.0395556128867652,-0.0312038415500912,-0.0356899087603062,-0.0028023194993292,-0.0032663804176442
220,wave2,Somewhat Risk-Seeking,-0.0083316301226344,-0.01995804773267,0.007478104187681,0.0075713511242407,0.0155310734270484,0.0249467806546943,0.0157751534632757,0.0272681918711434,0.0158960372324359,0.0254717930975736,0.0048909217564955,0.0041846079641832
2330,wave2,Somewhat Risk-Averse,-0.0085822919512476,-0.0005391623220335,0.0032080161420295,-0.0003205537878348,0.0046385123129106,-0.003635613320889,0.0050417306997797,-0.0050933466150572,0.0048127161615484,-0.0037652715885136,-0.0002473835188929,-0.0014991693392428
2395,wave2,Somewhat Risk-Averse,-0.0229387118611968,-0.0086500060776872,0.0012580831043035,-0.0001949890698029,0.0182050373838202,0.0069851628144627,0.0211673589033062,0.0078806709701982,0.01855158665694,0.0072768889461373,-0.0011600203550782,-0.0006202061054858
913,wave2,Risk-Neutral,0.0244853033302336,0.0244853033302336,-0.0006854182479339,-0.0006854182479339,-0.0175183015918929,-0.0175183015918929,-0.0201938139653597,-0.0201938139653597,-0.0180665954549649,-0.0180665954549649,0.0020955746526251,0.0020955746526251
1550,wave2,Somewhat Risk-Averse,0.0263583129173979,0.0263583129173979,-0.005583503288674,-0.005583503288674,-0.0282668417078341,-0.0282668417078341,-0.0329648804536677,-0.0329648804536677,-0.028962208381295,-0.028962208381295,-0.0024954413387854,-0.0024954413387854
1506,wave2,Default,-0.0081839776515038,0.0046950850350807,0.0044603995376753,0.0062342014097638,0.0131326798389427,0.0004549881199999,0.0128429806192821,-0.0014353426203126,0.0135820602711759,0.0006186361993252,0.0031355509455913,0.0037932542158885
773,wave2,Extremely Risk-Averse,0.0307496332340976,0.0316111355781893,-0.0048897034341708,-0.0048729161847855,-0.0341249063472315,-0.0342658901679841,-0.039126561233577,-0.0391351014066366,-0.0350072804208103,-0.0351088841177147,-0.0027536760842525,-0.002507766321124
743,wave2,Somewhat Risk-Averse,0.0348908365492575,0.0348908365492575,0.0006463235884982,0.0006463235884982,-0.0242922996626378,-0.0242922996626378,-0.0284924794367035,-0.0284924794367035,-0.0249346808660996,-0.0249346808660996,0.0037501992561346,0.0037501992561346
2032,wave2,Extremely Risk-Averse,-0.0052885025419443,0.0261289416191692,0.0105399881444868,0.0002125747015435,0.0196560855008017,-0.023066472160921,0.0205462489768522,-0.0267672234898465,0.0201673481942193,-0.0235717929141405,0.0083011442532458,0.0010922233759221
538,wave2,Extremely Risk-Seeking,0.0045273326120332,0.0045273326120332,0.0070630706578748,0.0070630706578748,0.0056143637839889,0.0056143637839889,0.0044783486266228,0.0044783486266228,0.0060695567858,0.0060695567858,0.0057341035175711,0.0057341035175711
926,wave2,Extremely Risk-Averse,0.0238456870940543,0.0317548908414414,0.0097742523107925,0.0003358333746733,-0.0029723939616259,-0.0260006423635035,-0.0066175534300615,-0.030232556285627,-0.0028710476307075,-0.0266043217988648,0.0102161207351859,0.0020310717933958
2253,wave2,Risk-Neutral,-0.0015281255461677,-0.0015281255461677,0.0088810262427591,0.0088810262427591,0.0140831984464579,0.0140831984464579,0.0140535964166627,0.0140535964166627,0.0142886638034026,0.0142886638034026,0.0071442963071189,0.0071442963071189
895,wave2,Risk-Neutral,0.0299932088789185,0.0299932088789185,0.0006560661730948,0.0006560661730948,-0.0165995166380819,-0.0165995166380819,-0.020932888814401,-0.020932888814401,-0.0167565055467098,-0.0167565055467098,0.0046857356570677,0.0046857356570677
1551,wave2,Somewhat Risk-Seeking,-0.0233264046732806,-0.0219117689095794,0.0041437763692778,0.0043870536026184,0.0217843436740627,0.0231135241453183,0.0238538299730229,0.0248863478094714,0.0220582454780596,0.0235847729395693,0.0008652183963213,0.0018613801035442
861,wave2,Extremely Risk-Averse,-0.0186164897848884,0.0320901764821045,0.0025656579279837,-0.0037812588312001,0.017921904379504,-0.0328930302102414,0.0190484343049776,-0.0380383597742146,0.0181110450901442,-0.0335557529602367,0.0006224935738583,-0.0015266483574415
1170,wave2,Extremely Risk-Seeking,-0.0178822915741186,-0.0166463856365747,-0.0013941077379027,-0.0006902182525188,0.0130008127095634,0.0144056975656972,0.0135568484826171,0.0147966401760139,0.0132236650921758,0.0145844183682698,-0.0020922923823623,-0.0009771455627033
779,wave2,Extremely Risk-Averse,-0.0113776357751611,-0.0053775332636035,0.0003149256758234,0.0012517068666461,0.00564763322262,0.0029372059079442,0.0060603898845651,0.0025894460811971,0.0058876528419232,0.0031303004758626,-0.0018063326239088,-0.0003972228060559
1229,wave2,Somewhat Risk-Seeking,0.0251775757536302,-0.0034819270753773,0.0035491676630268,0.007824359968895,-0.0040113569739423,0.0221656841343098,-0.0069306365201124,0.0225713603231272,-0.0041395577942144,0.0226851315145976,0.0082413532045903,0.008836662732482
161,wave2,Default,-0.0149081077536971,-0.0025266901866625,0.0065700276018061,0.006586340414167,0.0215144872637038,0.0121315363235068,0.0232922799639537,0.012153933131586,0.0218964190074801,0.012339506140506,0.0043907929839019,0.0053963289665122
599,wave2,Somewhat Risk-Averse,-0.0133754686019623,0.0190335705987186,-0.0005613344113709,-0.0077709523405173,0.004383391005446,-0.0261628454997483,0.005613178090843,-0.0300171314882952,0.0044896143251964,-0.0268477010073956,-0.003186087892636,-0.0049650135544614
906,wave2,Risk-Neutral,0.0296849351040755,-0.0006060431597492,-0.0061058307569538,0.0055554522536946,-0.032846984825828,0.0127841830679377,-0.0377761186907075,0.0121187440263204,-0.033664203077841,0.0128115160186038,-0.0030874337288675,0.0059114167122842
2094,wave2,Extremely Risk-Averse,-0.0214294056832637,-0.0135071787845128,0.0023309587079228,0.0012378924491903,0.0194489922127762,0.0141814317546901,0.0213191560452124,0.0152000854449206,0.0201365992131414,0.0146509495040194,0.0001154833629744,0.0006370115779462
1885,wave2,Extremely Risk-Averse,-0.0196056733335677,-0.0160347886344325,0.006214156311425,0.0066873313347842,0.021019481587382,0.0192047701376913,0.0230385964926757,0.0208676978516892,0.0213837610174867,0.019524266271188,0.00254039129068,0.0032836738064405
2362,wave2,Extremely Risk-Seeking,-0.0046859516960611,-0.0170487249986166,0.0026784404578119,0.0065827109009663,0.0122729266231413,0.023892395100268,0.0118861911167959,0.0260699138906711,0.0123556785079333,0.0244529580063162,0.0034222634295738,0.0044741611661622
732,wave2,Somewhat Risk-Averse,0.0171286221352846,0.0290155261734225,-0.0017200964821456,-0.0052069693788484,-0.0154039691809986,-0.0331885952825507,-0.0181007047129051,-0.0377132997822862,-0.0156804454184829,-0.034050061646417,2.580239155439222e-06,-0.0031253969498252
1917,wave2,Risk-Neutral,-0.0160232789057203,-0.0160232789057203,0.0030194147656419,0.0030194147656419,0.0191356893506423,0.0191356893506423,0.0195710162905095,0.0195710162905095,0.0193751754130589,0.0193751754130589,0.0020433403354805,0.0020433403354805
993,wave2,Risk-Neutral,0.0278720238350238,0.0293554883656744,-0.0028461236281804,-0.0032656307677302,-0.0271544544097697,-0.0285235726175516,-0.0307201107786084,-0.0322463545901422,-0.0279938560524224,-0.0293485737536364,-0.0007082008015752,-0.0008097251509493
2053,wave2,Risk-Neutral,0.0165241780528746,0.0260215856433931,0.007469616431058,0.0032439897463397,-0.0012739522742956,-0.0173998657839919,-0.004056454317182,-0.0217860598958558,-0.001074091227144,-0.0176185209308654,0.0075733446479547,0.0039556750351168
197,wave2,Somewhat Risk-Averse,-0.0087003412900611,-0.0087003412900611,0.0046051834967314,0.0046051834967314,0.0151053960683062,0.0151053960683062,0.0158454178252014,0.0158454178252014,0.0152758404669504,0.0152758404669504,0.0036695029120009,0.0036695029120009
210,wave2,Extremely Risk-Seeking,-0.0017587190661354,-0.0105810207484977,0.0073054871795486,0.008958461530621,0.0178568402298139,0.0246989242259033,0.0180565198992367,0.0263537780126471,0.0183114613355783,0.0254118325438678,0.0078015084010519,0.0076913409419308
1001,wave2,Extremely Risk-Seeking,-0.0152455691434315,-0.0167594673306651,0.0046307367601713,0.0051049658710179,0.0229086383358836,0.0205265936392295,0.0247856603607386,0.021966130327869,0.0236176762436516,0.0212099368213573,0.0040976068332978,0.0029560400143545
589,wave2,Risk-Neutral,0.0069228481294582,0.0119911497516062,-0.0025719792495821,-0.0041022036679246,-0.0154155201892566,-0.0171769130206082,-0.0175199815483396,-0.0201862470657589,-0.0157946541954276,-0.0177530496923113,-0.0036889052892264,-0.0030953686246666
1913,wave2,Somewhat Risk-Averse,0.0210176898625398,0.0210176898625398,-0.0042232420308402,-0.0042232420308402,-0.0249854288798464,-0.0249854288798464,-0.0287662971362977,-0.0287662971362977,-0.0255578665401253,-0.0255578665401253,-0.0027294065998869,-0.0027294065998869
398,wave2,Extremely Risk-Averse,0.0064880724376778,0.0064880724376778,0.0022588285571676,0.0022588285571676,-0.0011821846621116,-0.0011821846621116,-0.0018366037025487,-0.0018366037025487,-0.0009904945027749,-0.0009904945027749,0.0025217340983057,0.0025217340983057
43,wave2,Risk-Neutral,0.0176176104383145,0.0275915700735959,0.0016973185403418,-0.0022426058139293,-0.0117191385051245,-0.0221762413655425,-0.0147299841865335,-0.0271128782114874,-0.01185774179962,-0.0225541346384305,0.0025324447149447,0.0010596089343619
1634,wave2,Extremely Risk-Averse,-0.0111686726417647,0.0093638405914873,0.0078247805533265,0.0010923885414828,0.0194258320654053,-0.0079312791157441,0.0211967282259883,-0.0103348803798517,0.0200406197639639,-0.0080718373285366,0.0053591274642329,0.000841495419715
2271,wave2,Extremely Risk-Seeking,0.0324539039410898,-0.0057035337707652,0.0005251268520363,0.0098349741153648,-0.0235518483446348,0.0141372771539781,-0.0267369407512649,0.0145390163836852,-0.0242511359138298,0.0143905689576347,0.0031440077544894,0.006087263373992
2275,wave2,Extremely Risk-Averse,-0.0160398306490755,-0.0145421021729997,0.0077245106286286,0.0070757813094517,0.022625009741673,0.0204081285293386,0.0248704648663848,0.0223217878956115,0.0232418232791956,0.0209578697640916,0.0047680749867785,0.0043122331478935
2389,wave2,Extremely Risk-Seeking,0.0199328287675494,-0.0095974362724212,-0.0019672963653269,0.0096872778392984,-0.0194580624764991,0.019998709130073,-0.0227016265816098,0.0219122974064671,-0.0201632426421497,0.0206795236740322,-0.0004966038679521,0.0066943394877995
1502,wave2,Default,-0.005730424101213,0.0265218181504146,0.0057785673481878,0.0011598570297843,0.0127658364750567,-0.014491600476204,0.0127112649887415,-0.0193243368759555,0.0134292206516535,-0.0145873165054919,0.004270397325691,0.0043986871503276
2130,wave2,Extremely Risk-Seeking,0.0184375736741226,-0.0144739294040397,0.0090014755554078,0.0062258387957434,0.0030045697887947,0.0205789163212997,0.0013017115456313,0.0213224846611048,0.0033804455884597,0.0208859438401234,0.0101485797862876,0.0041089709444754
940,wave2,Extremely Risk-Seeking,0.0169822111139214,-0.0122643501759401,0.0102192383798642,0.006816373545905,0.0012558277955586,0.0171250211531251,-0.0011145481327528,0.0184303982242152,0.0014196160803791,0.0177460576561026,0.0094853068897382,0.0038905454460208
295,wave2,Somewhat Risk-Seeking,-0.0038247727722855,-0.0151631613249927,-0.0020082386649482,0.0016004347144769,-0.0014233181558249,0.0140635487618253,-0.0023651450851734,0.0148125977059818,-0.0016730675505121,0.0143964338294574,-0.0024190296369789,0.0001660569353538
1234,wave2,Default,-0.0185460271090044,-0.0127911261612731,0.0060238676509706,0.0057182835942363,0.0221229909445343,0.0137343374988601,0.0249056474708818,0.0150001930752513,0.0229633107387627,0.0143359304878718,0.0031985363542206,0.0022183418461912
2124,wave2,Somewhat Risk-Averse,0.0039243721162696,0.0032042958773881,0.0060920283005818,0.0058306296981447,0.0029232038642831,0.0045012104679456,0.0013280596506653,0.0032498068693768,0.0029627850576473,0.0046126675596855,0.0043121047396999,0.0045112324104955
1200,wave2,Default,-0.017455671281549,-0.0015268100136792,-0.0011555468322369,-0.0002720725172503,0.0091668421449799,-0.0017122315256902,0.0114643932883757,-0.0017727935170849,0.0093271831811006,-0.0018552231546513,-0.0031493537930282,-0.0011709251739297
938,wave2,Somewhat Risk-Seeking,-0.0131696644852048,-0.0177592858261807,0.0035980856324018,0.0052350818444668,0.0153235674409424,0.0217825501970979,0.0158665176570497,0.0236206317871421,0.0157984979843204,0.0221939902571319,0.001916293304902,0.0030847905182973
1584,wave2,Somewhat Risk-Averse,-0.0073848590809943,-0.0073848590809943,0.0064882776559958,0.0064882776559958,0.0173793632110317,0.0173793632110317,0.0177833411328236,0.0177833411328236,0.0176972649215568,0.0176972649215568,0.0054936477611516,0.0054936477611516
1058,wave2,Extremely Risk-Averse,-0.0036163708070357,-0.0036163708070357,0.0020423597721296,0.0020423597721296,0.0056263641691598,0.0056263641691598,0.0044104149901145,0.0044104149901145,0.0057217026081385,0.0057217026081385,0.0013503580060783,0.0013503580060783
1273,wave2,Extremely Risk-Averse,-0.0185034670511597,-0.0029691156065011,0.0074909325472875,0.0037784751175908,0.0254022015198158,0.0046468254514455,0.0277895534000427,0.0031454559828016,0.0262892203477663,0.005044261400549,0.0047948945271752,0.0018175200922404
1724,wave2,Extremely Risk-Averse,-0.0134260321314619,-0.0093494960424095,-0.0015969248691829,-0.0010209901248062,0.0049904042680746,0.0017967382906295,0.0056172352728051,0.0019031758227785,0.0050201067109977,0.0017428709686091,-0.0033452614694521,-0.0028590484655414
919,wave2,Default,-0.0110416949599473,0.0038009918062075,-0.0031032511764686,2.6564396629893248e-05,-0.0003628425202869,-0.0032352278235691,-0.0005738856042008,-0.0052378994313411,-0.0005012612818738,-0.0033371312081319,-0.0048369977879776,0.0001975481435188
281,wave2,Somewhat Risk-Averse,0.031070823691814,0.0279284390836896,-0.0062825979602777,-0.0077685932934785,-0.028016170400947,-0.0351998369100691,-0.033348023341672,-0.0397668776146153,-0.0287525489817989,-0.036060475243598,-0.0010727715586873,-0.0050116316908445
1470,wave2,Somewhat Risk-Averse,-0.0049361152557206,0.0250560866048962,0.0084953626656222,-0.0008464001300785,0.0152177184099039,-0.021283081671127,0.0156673278488553,-0.0255822665598161,0.0159450381694086,-0.0215541603172487,0.0062576098309797,0.0009766581990917
1548,wave2,Somewhat Risk-Seeking,0.0026509956237126,-0.0034479909080865,0.0050787861484783,0.0107736573705282,0.0052163549608737,0.0195231749811726,0.0036344799306475,0.0202117698288822,0.0052084210037476,0.0200535837585911,0.0043149082530453,0.0089484892500769
933,wave2,Somewhat Risk-Seeking,0.0013648590509303,-0.0006564935293432,-0.0005489405555839,0.0004569592559816,0.0007774132021887,0.0002188620691152,-0.0003009804383034,-0.0007364888494149,0.0006209810212966,8.604636386371925e-05,0.0005317764419988,6.16484478839123e-06
1581,wave2,Default,0.008631760560469,0.0148160978613729,-0.0010355284105523,0.000345943416862,-0.0061754202092591,-0.0132539217545293,-0.0078491068007685,-0.0158495599720823,-0.0061285059149826,-0.0134350381229801,0.0004745343947634,0.0006362186922983
505,wave2,Extremely Risk-Seeking,-0.0154386646471916,-0.0160128635310956,0.0064681544446293,0.0065227790492522,0.0204430831599662,0.0211623106079123,0.0222201555020204,0.022432553130065,0.0209550681742277,0.0214576613223092,0.0038225609220165,0.0038891193311677
2005,wave2,Extremely Risk-Seeking,0.000260732133691,-0.0173968671412025,0.0013257971392609,0.0078484029222462,0.0033262926417413,0.0221663137993188,0.002130060453743,0.0242127202278919,0.0034250468840036,0.022614206215438,0.0016377995429777,0.0042037042047187
1458,wave2,Somewhat Risk-Seeking,0.0215775704149429,-0.0198583612495482,0.000670683984153,0.0031442266990222,-0.0154531366551776,0.0197234445489813,-0.0185346276746221,0.0217695019509125,-0.0158072072571907,0.02024649020824,0.0022660222043622,0.0010017832814212
364,wave2,Extremely Risk-Averse,0.0006369411441405,0.0124039688905777,0.0079272555971315,0.0028975782735104,0.0086420564100922,-0.0048423259013058,0.0072573123251297,-0.0080288264219496,0.0089248652095433,-0.0050537582794799,0.0057340663990696,0.0034867701139899
1923,wave2,Somewhat Risk-Seeking,-0.0071336080209902,-0.0175788125588729,0.0045881289430745,0.0063895992964837,0.0108584124498794,0.0201713569710638,0.0104748561946285,0.0216008645994056,0.0112459549381361,0.0206593300832927,0.0027698574755174,0.0029919544680002
2069,wave2,Extremely Risk-Seeking,-0.017028250908182,-0.0174858077653114,0.0072285829424715,0.0075641302266227,0.0205415882013416,0.020793212143315,0.0221801856341622,0.0225241282176125,0.0209589170631562,0.0211957583226279,0.0035783910385536,0.003621415592402
1033,wave2,Extremely Risk-Seeking,-0.0099994456355273,-0.0152987120288849,-0.0007411609869564,0.002607620438476,0.0032884383004823,0.0157274725210504,0.0029330486157162,0.0169248461398782,0.0031754612754637,0.0159332118987604,-0.0024851306419333,0.001011143318766
1438,wave2,Default,0.0227921978048336,0.0227921978048336,0.0085676362728025,0.0085676362728025,-0.001078241931429,-0.001078241931429,-0.0041229845154315,-0.0041229845154315,-0.0007897839150998,-0.0007897839150998,0.0100948050029748,0.0100948050029748
90,wave2,Extremely Risk-Averse,-0.0175989092413863,0.0131815754681563,-0.0003725456266493,-0.0042272267029184,0.0138252136909,-0.0157239241534008,0.0146987380469951,-0.0202524870909395,0.0137288159519155,-0.0166671416910561,-0.0013827027935904,-0.0022553101469132
2153,wave2,Extremely Risk-Averse,-0.0096619656896944,0.028943491401053,-0.0001633986356781,-0.0067926412887412,0.0114273461044418,-0.0334848067157818,0.0120402591882602,-0.0387467154664153,0.0115864056976232,-0.0342806260066084,0.0005344238847793,-0.0037761269304491
8,wave2,Extremely Risk-Averse,0.0228255636897318,0.0228255636897318,-0.0008539955302558,-0.0008539955302558,-0.0176061119265371,-0.0176061119265371,-0.0207491207373527,-0.0207491207373527,-0.0181458830126595,-0.0181458830126595,0.0014565757198213,0.0014565757198213
2097,wave2,Default,-0.0009289079197584,-0.0009289079197584,0.0024623104691937,0.0024623104691937,-0.0023994434168267,-0.0023994434168267,-0.0030117298209431,-0.0030117298209431,-0.0024729198743603,-0.0024729198743603,-0.0002903763376867,-0.0002903763376867
645,wave2,Default,-0.0073726085477855,-0.0020467288796912,0.0034627027124764,0.0016514676851818,0.0098203117757836,0.0027593142702342,0.0109376971747904,0.0033540313575575,0.009864969904551,0.0027255434648963,0.0019692151116425,0.0007874853552909
613,wave2,Somewhat Risk-Seeking,-0.0108173915822118,-0.0206147301609977,0.0022269792977819,0.0064644377665055,0.0119276745706442,0.0219510661608129,0.0118077228945217,0.0241697476334898,0.0121058417089886,0.0223760582772002,0.0011117336113096,0.0025978755670856
2179,wave2,Extremely Risk-Seeking,0.001741675825323,-0.0157430442936603,0.0038796315216576,0.0064198786207649,-0.0058270937389506,0.021001993795769,-0.0074444736660874,0.0227126990213652,-0.0061527620593687,0.0216167144869708,-7.102963599099126e-05,0.0038913847939913
2175,wave2,Extremely Risk-Seeking,-0.016843232035055,-0.016843232035055,-0.0009875311979054,-0.0009875311979054,0.0182041657882599,0.0182041657882599,0.0197176113693198,0.0197176113693198,0.0187403518741118,0.0187403518741118,0.0001251530910079,0.0001251530910079
215,wave2,Risk-Neutral,-0.0142856311231889,-0.016216035585187,0.0075212831052757,0.0045822764350548,0.0239268053834466,0.0165874875152822,0.0256732341512761,0.0179711358833311,0.024431844382385,0.0168374961536406,0.0057197090947277,0.0016494357392793
2020,wave2,Extremely Risk-Seeking,0.0268283961407287,-0.0227443799185714,-0.0035085784427446,0.0033841516443876,-0.029726910757625,0.0204861106244585,-0.0331806726217153,0.0226729482686712,-0.0305006768697824,0.0210297529253646,-0.0021348512742435,0.0003734390874563
2183,wave2,Extremely Risk-Seeking,0.0008876401397516,-0.0056404438970561,0.0051269047849436,0.0080905152897583,0.0023901616579285,0.0132135845020104,0.0011155711736455,0.0134051694029592,0.0026881110527413,0.0137997982046002,0.0028001352382333,0.0052194496447286
953,wave2,Somewhat Risk-Seeking,-0.0199083020427708,-0.0199083020427708,0.0017918225596609,0.0017918225596609,0.0190167973977791,0.0190167973977791,0.0197065626037687,0.0197065626037687,0.0190825130429839,0.0190825130429839,0.0002991862942517,0.0002991862942517
315,wave2,Default,0.0094131044717394,0.0133180239023941,0.0002882120762489,0.0012244457734959,-0.0142316426874059,-0.0128518944128802,-0.015592951994402,-0.0149647916351707,-0.0146201345072226,-0.0130286254519715,-0.0015112174189279,0.0005631176149906
1857,wave2,Default,0.000632824856934,-0.0018585561804617,0.0025305650480888,0.0046263259830627,-0.0041900107046281,0.0022767996472943,-0.006184464121404,0.0010910962158565,-0.0042389033002605,0.0024504630135046,-0.0003439780626599,0.0016797076118436
1132,wave2,Default,-0.0134042386801876,-0.0071500909907799,0.0033082769682084,0.0033597235114932,0.0111550832774712,0.0030238161989809,0.0126083564876473,0.00277132628705,0.0115577570703916,0.0032760808374015,0.0003512185511485,-0.0002577459717366
1341,wave2,Extremely Risk-Averse,-0.0057146808475668,0.0064066304056713,0.0067728025255212,0.0064978170628112,0.0164887660805609,0.0031997197775508,0.0164943983897835,0.0015431996390813,0.0168933692738462,0.0033176849195825,0.0058483930177751,0.0053673592250562
2274,wave2,Extremely Risk-Seeking,0.0299824600789517,0.0299824600789517,-0.0021087482873669,-0.0021087482873669,-0.0198316043170676,-0.0198316043170676,-0.0239525966354083,-0.0239525966354083,-0.0202776822584718,-0.0202776822584718,0.0026836552971647,0.0026836552971647
1786,wave2,Risk-Neutral,-0.0183066065012866,-0.0167848772186357,0.0010243744698599,0.0023096209904037,0.0141817811143475,0.0131051824931049,0.0158656015723434,0.0145169500126651,0.0145088299775492,0.0133394832631638,-0.001034752355493,-0.0004583967396387
1505,wave2,Default,0.0301521709662281,0.0074598012108912,-0.0005300500895336,0.0006348562198004,-0.0266887841479516,-0.0020894009644111,-0.0304248339256439,-0.0043210875874874,-0.027339497314242,-0.0021230797412779,0.0009787085205545,0.0020025948779518
1433,wave2,Somewhat Risk-Averse,0.030004151025523,0.0118518615007968,6.87899065102789e-05,0.0001434871028217,-0.017303389450303,-0.0098398389678144,-0.0212994142765256,-0.0124143256913619,-0.0176422729175223,-0.0100289380366607,0.0042590989899565,0.0007188577224828
1030,wave2,Risk-Neutral,0.0035754761180118,-0.0030554972412208,0.0076694466715444,0.0029975109546249,0.0146108407646978,0.0106518695497391,0.0145137868660322,0.0094601197857097,0.0152423501930361,0.0107360595289083,0.0086191730186066,0.003531623510731
1119,wave2,Extremely Risk-Averse,-0.0151903181135319,-0.0151903181135319,0.0040112411026586,0.0040112411026586,0.0121693383022428,0.0121693383022428,0.0137536551328798,0.0137536551328798,0.0125210478113277,0.0125210478113277,0.0003278175817067,0.0003278175817067
376,wave2,Extremely Risk-Seeking,0.0150077188548676,0.0150077188548676,0.0083457060251428,0.0083457060251428,0.0012131169172905,0.0012131169172905,-0.0013125726376609,-0.0013125726376609,0.0013916223381952,0.0013916223381952,0.0081887505587637,0.0081887505587637
2325,wave2,Default,0.0224035929211313,0.0151777098097565,0.0042588760611447,0.0068291985025476,-0.0053009218258371,0.0031317884458507,-0.0089736995710535,0.0004809195747,-0.0054393550432892,0.003436990173925,0.0071222799849397,0.0083805214227246
1587,wave2,Somewhat Risk-Seeking,0.0163874044193746,0.0138803177648593,-0.0002378503240596,-0.000113653487085,-0.0170928203561518,-0.0156446283776656,-0.0207269855688004,-0.0193240218220066,-0.0176240244265721,-0.0162111358901122,-0.0003144692951841,-0.0006263038992319
826,wave2,Extremely Risk-Seeking,0.0108748955305361,-0.0164837298619283,0.0073054138152924,0.0064921482938504,0.0097479557715159,0.0199432047506555,0.0092959859125192,0.0218064715763379,0.0102107978802643,0.0204826050258697,0.0093106572223601,0.0033152503042421
662,wave2,Somewhat Risk-Seeking,-0.0204540374612708,-0.0180303516005216,0.0052889966831538,0.0069104135541781,0.0207931400534683,0.0212168157846665,0.0224665170561231,0.0231303607837483,0.0211031351634013,0.0217070855617942,0.0018739289218754,0.003363440470332
2078,wave2,Somewhat Risk-Averse,-0.0077169728085346,-0.0077169728085346,0.0013715457084026,0.0013715457084026,0.0065864007936105,0.0065864007936105,0.0061673410773527,0.0061673410773527,0.0064658177003811,0.0064658177003811,7.952849720313443e-05,7.952849720313443e-05
1778,wave2,Somewhat Risk-Averse,0.0061745888985076,0.0160234939134749,0.0010150322258402,0.0008985722511764,-0.006855932588968,-0.0126975278725505,-0.0096484700688786,-0.0166143423786756,-0.007097392961267,-0.0130419174809921,0.0001106722968031,0.0014084936151512
2208,wave2,Default,0.0107867982259742,0.0107867982259742,-0.0002063536462643,-0.0002063536462643,-0.004254025659332,-0.004254025659332,-0.00743202825459,-0.00743202825459,-0.0047459396933038,-0.0047459396933038,0.0021102336557155,0.0021102336557155
162,wave2,Default,0.0179182162279332,0.0174616670311116,0.000541781316768,0.0008823699275155,-0.014981120399451,-0.0117937745325937,-0.0178379116655194,-0.0143870844422954,-0.0155408810594,-0.0122089050201211,0.0011600066302488,0.0021842229362247
846,wave2,Somewhat Risk-Seeking,-0.0059733207690955,-0.0144570235107192,0.0106724477975873,0.0077476635184461,0.018481838561099,0.0236704098468096,0.0186340575261999,0.025526641343185,0.0190683674748454,0.0245360719037519,0.0077251725870351,0.005652392298265
531,wave2,Risk-Neutral,0.0297594335279991,0.0297594335279991,-0.0034021913961079,-0.0034021913961079,-0.0259730975314898,-0.0259730975314898,-0.0306541643480206,-0.0306541643480206,-0.0265149310583706,-0.0265149310583706,0.0001302246733743,0.0001302246733743
223,wave2,Extremely Risk-Averse,-0.0068397529195384,0.0322536267514185,0.006162728438564,0.0007345943971042,0.0190176161815982,-0.0145010796207659,0.0195931520984484,-0.019132688873184,0.0196870083943953,-0.0147116966733869,0.0061135002352644,0.0061657268632055
585,wave2,Risk-Neutral,-0.0038710853822725,0.0095011931513786,0.0040877223206313,0.0012969288349256,0.0124717180299013,-0.0063396818583638,0.0122170668512578,-0.0086565242368849,0.0127821621760229,-0.0066324461713544,0.004229539035455,0.0014862633664493
80,wave2,Extremely Risk-Seeking,0.0176300291180172,-0.0102499884194578,0.0009545572052705,0.0080508312015644,-0.0178945075420113,0.0154430723586834,-0.0215222201076999,0.0163828994074696,-0.018259916729281,0.015948642763993,0.0002295795705704,0.0044123965844425
1532,wave2,Somewhat Risk-Seeking,0.0052370838703659,-0.0182350243976554,0.0008135270949087,0.0036516403110638,0.0008735978167284,0.0189985487333496,-0.0011707681099858,0.0207494372421234,0.000895391451351,0.0194180427988519,0.0023089910135442,0.0014703775792756
250,wave2,Extremely Risk-Averse,0.0343792063414949,0.0343792063414949,-0.0033709156608548,-0.0033709156608548,-0.0297771001214512,-0.0297771001214512,-0.0347833326900522,-0.0347833326900522,-0.0304271814761619,-0.0304271814761619,0.0004127281184845,0.0004127281184845
1050,wave2,Extremely Risk-Averse,-0.0135352604695995,-0.0135352604695995,0.000162401670931,0.000162401670931,0.0080534019812611,0.0080534019812611,0.0082950975420544,0.0082950975420544,0.0080717397628723,0.0080717397628723,-0.0017743455856277,-0.0017743455856277
490,wave2,Risk-Neutral,-0.0220322629656268,-0.0220322629656268,0.0048379625428815,0.0048379625428815,0.0197106821570439,0.0197106821570439,0.0218254384410965,0.0218254384410965,0.0200115845366597,0.0200115845366597,0.0008363283327451,0.0008363283327451
1137,wave2,Default,-0.0160464164711246,0.0145633472624333,0.0016685767568384,0.0048750959980517,0.0166679394401938,-0.000610753739722,0.0185242203260197,-0.0031488770941589,0.0172415418042744,-0.0005091422893013,0.0007628084925765,0.0062767601323889
1135,wave2,Extremely Risk-Seeking,-0.0136798868625378,-0.0136798868625378,0.0065187775850407,0.0065187775850407,0.0223131799671905,0.0223131799671905,0.0234092926610201,0.0234092926610201,0.0227503802442224,0.0227503802442224,0.0050497851205543,0.0050497851205543
439,wave2,Somewhat Risk-Seeking,-0.0155568509028716,-0.0149107544446883,0.0077033700856649,0.0078688336346782,0.0237796457690933,0.0244189720903403,0.025556546812016,0.0260048277412167,0.0244478321953502,0.0250476406200491,0.0053072452952435,0.0057910702275117
1738,wave2,Extremely Risk-Averse,-0.0048867981147007,-0.0081942102737958,0.0100789372818692,0.009474509020564,0.0219661110175786,0.0242127534556036,0.0233166511021299,0.0260150546192703,0.022670685231367,0.0249675591809943,0.0090521173937523,0.0084970818325909
232,wave2,Somewhat Risk-Averse,-0.0040159413798476,0.0243685775136059,0.0114256933852597,0.0078497869527897,0.0176041116472545,-0.0058415373530517,0.0178747807207258,-0.0095089287211767,0.018111810355486,-0.0058415613452403,0.008336050889462,0.0087928567702627
334,wave2,Extremely Risk-Averse,0.0266108725433917,0.0288167624614678,-0.0066101646426409,-0.008248428339305,-0.0329169731291952,-0.0354060016416704,-0.0383741269040747,-0.0404746383034804,-0.0339165264890796,-0.0362030222184273,-0.0043040008162427,-0.0049438530824379
1689,wave2,Extremely Risk-Seeking,0.0065418939518824,-0.0216619906594833,0.0008418080274843,0.0061505778559816,-0.0008110247916697,0.0255860265449138,-0.0022999972035039,0.0283806739826246,-0.0010487332491289,0.0264023510792512,0.0021917241371865,0.0033564830186485
457,wave2,Extremely Risk-Averse,-0.0143145782408316,0.0303730573679064,0.0071497778289057,-0.0057542906997642,0.0233347568101425,-0.0349580831094721,0.025605625005863,-0.0396158838112049,0.0240706948280591,-0.0358535140571649,0.0053889005139372,-0.0034450159704437
1887,wave2,Extremely Risk-Averse,-0.0187741777204389,0.0277228188936038,0.0034149267385289,-0.0060402151063895,0.0207705642855865,-0.0337356652407139,0.0223370042904074,-0.0383098848573323,0.021170857607862,-0.0345421421592597,0.0018027777870224,-0.0040164402165456
157,wave2,Risk-Neutral,0.0124843035432599,0.0252036913399832,-0.0042657580519114,-0.0044200591911341,-0.0145034324668316,-0.021504123969139,-0.017532389432532,-0.0254659094417022,-0.0150490703673177,-0.0219534766695381,-0.0020936239800767,-0.0002375869393253
781,wave2,Extremely Risk-Averse,0.0192253018220327,0.0192253018220327,0.0049879849075914,0.0049879849075914,-0.0114992891319873,-0.0114992891319873,-0.0152380470586891,-0.0152380470586891,-0.0119419583174564,-0.0119419583174564,0.0042375368159148,0.0042375368159148
2402,wave2,Somewhat Risk-Seeking,-0.0080799914355072,-0.0209361174505031,0.0099207786762813,0.0070922431875032,0.0197626323188081,0.0232686081279621,0.0212831617558852,0.0255972392347267,0.0204184862336999,0.0237453852439512,0.007199463133821,0.0031391422797515
331,wave2,Somewhat Risk-Averse,0.0178532748588323,0.0305987902183995,0.0110166949307997,0.0003383355509459,0.0053361095934492,-0.0248128829946649,0.0037002126213323,-0.0295266459330162,0.0057013160383714,-0.0251745862738631,0.0114022640267054,0.0020424642450993
131,wave2,Risk-Neutral,0.0322259620311902,0.0130431624585729,-0.0026525969008119,-0.0050022186049892,-0.0321604486654179,-0.0131035415322171,-0.0366455102247092,-0.0159604436981992,-0.0330471867447116,-0.0135071120683749,-0.0008612574571859,-0.001685488979985
1733,wave2,Extremely Risk-Seeking,-0.0128313283562386,-0.0135186586495331,0.0006834743955355,0.0082288948493099,0.0136832300418938,0.0247418675242017,0.0149132355540345,0.0267144969159387,0.0142078565719679,0.02554347004104,0.0005116861809671,0.0064829588284975
1870,wave2,Default,0.0061544106530277,-0.0062272825069221,0.002095986355394,0.0072982685254648,0.0022252509763054,0.0214292569581874,0.0007472525987773,0.0224695501151834,0.0021836363951482,0.0220749951312666,0.0034927432634908,0.0075002054142327
2322,wave2,Somewhat Risk-Averse,-0.0146641065876929,-0.0146641065876929,0.0053097213458793,0.0053097213458793,0.018082564764288,0.018082564764288,0.019080273807698,0.019080273807698,0.0183146814084737,0.0183146814084737,0.0029079133170855,0.0029079133170855
1160,wave2,Somewhat Risk-Averse,0.0156294142963978,0.0156294142963978,5.02189344952649e-05,5.02189344952649e-05,-0.0099540277528233,-0.0099540277528233,-0.0123386581697041,-0.0123386581697041,-0.0101058883243204,-0.0101058883243204,0.0019096808536999,0.0019096808536999
117,wave2,Risk-Neutral,0.0241988220243661,0.0241988220243661,-0.0071392573035548,-0.0071392573035548,-0.0302837998926074,-0.0302837998926074,-0.0355280446851481,-0.0355280446851481,-0.0310037273451323,-0.0310037273451323,-0.004406394556497,-0.004406394556497
1105,wave2,Risk-Neutral,0.0134206285748682,0.0114010372574296,0.0037572643499322,0.0030611930265746,-0.0112618366138439,-0.0108412601581945,-0.0140859492324081,-0.0138767915789384,-0.0113160093268111,-0.0107686941665594,0.0019709181256951,0.0012058468834997
1223,wave2,Extremely Risk-Seeking,0.0009207121207671,0.0077237533618178,-0.0023177389737706,-0.0060755233229414,-0.0048585267982605,-0.0135745708608984,-0.0054327375890514,-0.0155083484230662,-0.0047382908333663,-0.0137114216392689,-0.0020850411753144,-0.0039741521956787
2231,wave2,Risk-Neutral,-0.0080828848325231,-0.0014002997536994,0.0089281641342189,0.0092589364587693,0.016630985464848,0.0119055649530867,0.0170351597916336,0.0115870939498878,0.0172101781428527,0.0123488806303865,0.005823508677291,0.0065864205675733
416,wave2,Somewhat Risk-Seeking,0.0101757348574618,-0.0042440160569538,-0.0050692843265453,0.0031960248172042,-0.0162954338993235,0.0098888091459534,-0.0183262962962157,0.0104046539112204,-0.0164067395574029,0.0104525427536617,-0.0037288352145386,0.0029467857351658
639,wave2,Somewhat Risk-Averse,0.009224905039374,0.008482686695397,-0.0017817780701131,-0.000409855217377,-0.0130417489515028,-0.0106291807366213,-0.0159616977264929,-0.0133804156547099,-0.0133803411833278,-0.0109117435424554,-0.001866259379977,-0.0008523890836535
1441,wave2,Extremely Risk-Averse,0.033438039381725,0.0322046470600136,-0.0038160046219735,-0.0051930180845538,-0.0324995816816869,-0.0342137427931338,-0.0371260214043456,-0.0390067298026694,-0.0333535965195201,-0.0351031141494654,-0.0009574210111868,-0.0023989830809353
1179,wave2,Extremely Risk-Averse,-0.0123255018871752,0.0038769198500437,0.0089358471729247,0.0102054547903247,0.0214823851082457,0.0102766054582845,0.0229608265653004,0.0096068563753296,0.0222618113555872,0.0108895147864498,0.00602911917138,0.0081183740928366
2348,wave2,Extremely Risk-Averse,-0.0107955726851609,-0.0107955726851609,0.0025827707884814,0.0025827707884814,0.0044355991051273,0.0044355991051273,0.0042241519804043,0.0042241519804043,0.0044131785090193,0.0044131785090193,-0.0012614361781863,-0.0012614361781863
275,wave2,Somewhat Risk-Averse,-0.0183698261518582,-0.0183698261518582,-0.0009565792521741,-0.0009565792521741,0.0092139196406641,0.0092139196406641,0.0109729273241568,0.0109729273241568,0.0094848481745622,0.0094848481745622,-0.003372317027577,-0.003372317027577
1302,wave2,Somewhat Risk-Seeking,-0.0033570951410877,-0.0153773130543234,0.0091268732751869,0.0072411213148548,0.0194892507136409,0.0228531903514162,0.0205339665319826,0.0248682843953463,0.0201157348133671,0.0235740955007826,0.0084192402795019,0.0049042263426318
380,wave2,Default,0.0224090777979031,0.0065924598670845,-0.0034259136259263,0.0048867735692584,-0.0175039212766199,0.0071481834101396,-0.0213333076689542,0.0052097826393959,-0.0180857816052391,0.0075223167657325,0.0004954971146818,0.0062099542172489
1942,wave2,Somewhat Risk-Seeking,-0.0050307692593834,-0.0150916027426532,0.0079046364910403,0.0042960790825073,0.0153465253926948,0.0180529661162937,0.0160234688173286,0.0194869413151896,0.0157884243022286,0.0184679794868487,0.0060723352486333,0.0024179903142376
976,wave2,Somewhat Risk-Seeking,0.0259678247092815,0.0241302730192835,0.0030748189675973,0.0047464022696045,-0.0130113229975696,-0.0097864665601544,-0.0164909749969306,-0.0132955638090528,-0.0134290233747926,-0.0100935597246074,0.0053451724220337,0.0063643998273584
1059,wave2,Somewhat Risk-Averse,-0.0181239998372221,-0.0171012500026962,0.007407380468892,0.0063933713430047,0.022395510948027,0.0216305131278933,0.0243835305126155,0.0233540658175438,0.0228316869307987,0.0220500632847023,0.0038907971418909,0.0036391811812294
1849,wave2,Extremely Risk-Averse,0.0142392971756991,0.0276961121163353,0.0018544524462563,-0.0006496876580958,-0.0048516020058183,-0.0212045511330933,-0.007281132405498,-0.0253619468282882,-0.0050431092805832,-0.021831875955352,0.0037485495732946,0.0019488922050321
709,wave2,Risk-Neutral,0.0320732755428632,0.0320732755428632,-0.0018292286171904,-0.0018292286171904,-0.0294919123938821,-0.0294919123938821,-0.0339949970857792,-0.0339949970857792,-0.0302723193793606,-0.0302723193793606,0.0002519938411318,0.0002519938411318
2388,wave2,Somewhat Risk-Seeking,-0.0110116285952547,-0.0163870540973991,0.0069023278737043,0.0079168179668397,0.0192109603165218,0.0223803263546307,0.0202921617442861,0.0244721045259349,0.0196941157551686,0.0230452744159392,0.005032734594948,0.0046346744717976
967,wave2,Somewhat Risk-Seeking,0.0261207009154956,-0.0208653726299255,-0.0054421941118939,0.0043318060868847,-0.0317966931551085,0.0204000356571032,-0.0360833994556254,0.0224961039173546,-0.0325781421296202,0.0208363094514507,-0.0037049917521906,0.0012869469695566
2188,wave2,Default,0.0064632893308677,0.0070066413910228,0.0006274207757589,0.0011848249235031,-0.0048603944032537,-0.0056621010364844,-0.0078539251720918,-0.0087561343371742,-0.0051874180461364,-0.005846424235083,0.0007435100954063,0.0008429110915517
692,wave2,Risk-Neutral,0.0283922145208365,0.0283922145208365,-0.0026375386833839,-0.0026375386833839,-0.027087277444923,-0.027087277444923,-0.0307192938783518,-0.0307192938783518,-0.0278479353024659,-0.0278479353024659,-0.0004428482928225,-0.0004428482928225
129,wave2,Somewhat Risk-Seeking,0.0010008461541733,0.0010008461541733,-0.0036195984810775,-0.0036195984810775,-0.0037410011205899,-0.0037410011205899,-0.0066750607148448,-0.0066750607148448,-0.004280454204388,-0.004280454204388,-0.0021189932284915,-0.0021189932284915
1394,wave1,Somewhat Risk-Averse,-0.0043470200846196,-0.0043470200846196,0.0021598630285679,0.0021598630285679,0.00585338260866,0.00585338260866,0.0055963612014294,0.0055963612014294,0.0057897287744599,0.0057897287744599,0.0012214970166045,0.0012214970166045
696,wave1,Extremely Risk-Averse,0.0205427167139865,0.0304706780189966,-0.0019331391526385,-0.0075869900245994,-0.0135629598823444,-0.0356420735943804,-0.0163693036713084,-0.0409686593694609,-0.0140055738221254,-0.0364133693042792,0.0016844348356926,-0.0042507395928275
1559,wave1,Extremely Risk-Seeking,-0.0041892329452907,-0.0127819395210154,0.0028061266489549,0.0043095755659667,0.01050403904922,0.0193223069082441,0.010933242663865,0.0208603881493035,0.01099581017322,0.0199077198780348,0.0030404552975717,0.003616220445199
58,wave1,Risk-Neutral,-0.0144083244089221,-0.0009370673508101,0.0071868898609394,0.0043823062111171,0.0150968327155481,-0.0006291783648162,0.0162041772065641,-0.0024845237161839,0.015646190398002,-0.0004528165960786,0.0026223202951861,0.0009365637619293
1784,wave1,Somewhat Risk-Averse,-0.0012841978501035,0.0305753115845927,0.0015325983458789,-0.0072845454925928,0.0044236436532346,-0.0341420590958244,0.0038270286993388,-0.0390830876436923,0.0044746728110171,-0.0349680579693384,0.001557363308427,-0.0036148366026982
2075,wave1,Extremely Risk-Seeking,0.0314300878977822,0.0314300878977822,-0.0005847286707605,-0.0005847286707605,-0.0225188822491565,-0.0225188822491565,-0.0265657200208846,-0.0265657200208846,-0.023224074716692,-0.023224074716692,0.0027775639788506,0.0027775639788506
452,wave1,Somewhat Risk-Seeking,-0.0098897033621994,-0.0164450210146988,0.0012920652355885,0.0060044788496619,0.0059976775345918,0.0210450313899403,0.0069631847149734,0.0233748788438848,0.0062243335299845,0.0218060449221141,-0.0008679844300356,0.0035333071466233
1419,wave1,Somewhat Risk-Seeking,0.0187720175447335,0.0047588569797245,0.0029833728775076,0.0060134959003726,-0.0043877293209349,0.0078073798298436,-0.0075732099705001,0.0068773132689832,-0.0043185558701556,0.0079199099502346,0.0057909502360845,0.0061933550555965
2241,wave1,Somewhat Risk-Averse,0.0265640823152235,0.0300553526919089,0.0036987110704809,-0.0036968744997012,-0.0138418904981013,-0.0296215090887874,-0.0179753205093605,-0.0340970667964386,-0.014144795406143,-0.0303072251417381,0.0054747285765245,-0.0010860683357274
513,wave1,Somewhat Risk-Seeking,-0.0090586231974759,-0.0216213448558965,-0.0008274747348064,0.0046163228874022,0.0091787837752935,0.0237438566325701,0.0094202397804593,0.0261348399064949,0.0094181240761307,0.0243405813395491,-0.0002354065870506,0.0022448170347581
1294,wave1,Somewhat Risk-Averse,-0.007970676447054,0.0052637506119434,0.0023843957359979,0.0016765586075456,0.0144136460313622,0.0033714094810954,0.0155732662668239,0.0019722256741876,0.0147211468419253,0.0032986319644318,0.0029427991631008,0.0034383250668364
40,wave1,Extremely Risk-Averse,-0.0118718774525588,0.0297969968422279,0.0064055195548541,-0.0061626001804105,0.0240603505085449,-0.0350759079251475,0.0257593287740024,-0.0397654297535589,0.0247755410964821,-0.0359550874274154,0.0061978695948888,-0.0038123890217516
2256,wave1,Default,-0.0006283802703826,-0.0006283802703826,-0.0023360393349514,-0.0023360393349514,-0.0042290579996393,-0.0042290579996393,-0.0052684678903429,-0.0052684678903429,-0.0042236101468376,-0.0042236101468376,-0.0023978639611317,-0.0023978639611317
140,wave1,Somewhat Risk-Seeking,-0.0120034157379092,-0.0208204444586356,0.0028012078984674,0.0013391331631312,0.0161562870841549,0.0187105968611675,0.0168014413998037,0.0203200332842515,0.0166063251489115,0.0189769571959714,0.0023177285224977,-0.0002578888052647
2249,wave1,Somewhat Risk-Seeking,-0.0067590971917064,-0.0067590971917064,0.001596418136632,0.001596418136632,0.0058756078470762,0.0058756078470762,0.0061632922625303,0.0061632922625303,0.0061776783824298,0.0061776783824298,0.0002368052147572,0.0002368052147572
153,wave1,Default,-0.0146867105336041,-0.0025777040373363,0.0070151967801716,0.0052127026281562,0.018375450061124,0.0066176165657375,0.0201636342705893,0.0059096425451223,0.0188347542176353,0.0068135835461155,0.003565853480691,0.0030828927848763
519,wave1,Somewhat Risk-Seeking,0.0050755957326553,-0.0143700154352164,0.0031538406478333,0.0091597875107029,0.0055563513337409,0.02350038089261,0.0043401897430777,0.0256246687119889,0.0056888054340512,0.024127854185893,0.0045961512409065,0.006094829203594
101,wave1,Somewhat Risk-Averse,0.0012525541213116,0.0228334549205737,0.0071882433739103,0.0023715736955273,0.0166950863910318,-0.0041293338178414,0.0171402631186479,-0.0068473931972929,0.0174067459166589,-0.0040115863691764,0.0083793618613374,0.0070281006856738
1450,wave1,Extremely Risk-Averse,-0.0220021115862556,-0.0136080311270877,-0.0016592158165126,0.0020409719820315,0.011982124974573,0.0124763896567154,0.0130038387989494,0.0130338699684194,0.0120142312135442,0.0124157120097044,-0.0038944446965703,0.0003020387391033
343,wave1,Risk-Neutral,-0.0100980875741248,-0.0100980875741248,0.009756761667006,0.009756761667006,0.0223167265867635,0.0223167265867635,0.0236293641925744,0.0236293641925744,0.0227807391051869,0.0227807391051869,0.0073236344056848,0.0073236344056848
668,wave1,Extremely Risk-Averse,0.0013412742723479,0.0294503083470721,0.0093871333914583,0.0038681271169354,0.0090185007854097,-0.0189808651878822,0.0078707144220023,-0.0232167117121266,0.009222293837905,-0.0192549353080814,0.0065805735743739,0.0047797517831485
2406,wave1,Extremely Risk-Averse,-0.0091487686370032,-0.003327412976936,0.0063103278457311,0.008494072957957,0.0219905727611916,0.0188995982759775,0.0225936593289757,0.0193251226788914,0.0224388949961811,0.0193421668176403,0.0063840894376576,0.0080217950949927
1021,wave1,Risk-Neutral,0.0035321306224661,0.0035321306224661,0.0017293455681644,0.0017293455681644,-0.0002595741745947,-0.0002595741745947,-0.0019325119525002,-0.0019325119525002,-0.0003547046745968,-0.0003547046745968,0.0016672624199181,0.0016672624199181
1727,wave1,Risk-Neutral,0.0328135937880577,0.0328135937880577,-0.0013581548110724,-0.0013581548110724,-0.0258404437846794,-0.0258404437846794,-0.0305761349705682,-0.0305761349705682,-0.0264790596489098,-0.0264790596489098,0.0018736563217315,0.0018736563217315
1846,wave1,Risk-Neutral,-0.0119922229772668,-0.0119922229772668,0.0090956150257231,0.0090956150257231,0.0220101001493031,0.0220101001493031,0.023622797227876,0.023622797227876,0.0228199157716191,0.0228199157716191,0.0063694843797546,0.0063694843797546
498,wave1,Extremely Risk-Seeking,0.0165330723532671,0.0165330723532671,0.0046611212420459,0.0046611212420459,-0.0032681854942151,-0.0032681854942151,-0.0047077359287678,-0.0047077359287678,-0.0033391112558205,-0.0033391112558205,0.0059761462770973,0.0059761462770973
461,wave1,Default,-0.0139963778804046,-0.0068146278317919,0.0045797008783751,0.0049728757720531,0.0215953579207296,0.0124009491856854,0.0231302930682639,0.0125162168019947,0.0222945298148677,0.012523281848546,0.0040592396277055,0.0035188364792633
1191,wave1,Somewhat Risk-Averse,-0.0171898223994339,0.0242375515929674,0.0030739114905398,-0.0054465191682669,0.0192741594437468,-0.0275771218667683,0.0205408316746789,-0.0318505405539008,0.019765752598586,-0.0282855753514104,0.0017185811010263,-0.0029271441855674
2408,wave1,Somewhat Risk-Averse,-0.0147318789544221,0.0298449857656139,-0.0010722260191719,-0.0053229681391104,0.0076111713232242,-0.0341016010404464,0.0080817232655907,-0.0391375128892396,0.0075611840646495,-0.034906607235935,-0.0027320005418192,-0.0031918814172651
1711,wave1,Extremely Risk-Averse,-0.0091018948959281,0.0343936577906016,0.0011308195069386,-0.0018628326158331,0.0097646047972279,-0.0287423680616085,0.0097763317241722,-0.0338795008813004,0.0096617400168907,-0.0294543368013734,0.0005975145439889,0.0012647460732647
915,wave1,Extremely Risk-Seeking,-0.018062257564283,-0.018062257564283,-0.0003249301041823,-0.0003249301041823,0.0115989872585311,0.0115989872585311,0.0121237765275739,0.0121237765275739,0.0117300971342228,0.0117300971342228,-0.0022639281699569,-0.0022639281699569
1987,wave1,Risk-Neutral,-0.0213109109235699,-0.0103370602880673,0.0021097654590522,-0.0029270861822797,0.0135901954346274,0.0001015099383393,0.016079630654216,0.0007737593126893,0.0138393409590052,-6.659333616041113e-05,-0.0018727704880577,-0.0043884459171602
2057,wave1,Risk-Neutral,-0.0095919298014181,-0.0095919298014181,0.0077372012920302,0.0077372012920302,0.0228022177994677,0.0228022177994677,0.0246647463234517,0.0246647463234517,0.0238127212688742,0.0238127212688742,0.0069820311372633,0.0069820311372633
2337,wave1,Default,0.0127288105793771,0.0318562968168872,0.0071425636271621,0.0049342546120559,0.0048230786495718,-0.013506789781253,0.0022767904293351,-0.0178950330940238,0.0050162598492412,-0.0135074281155751,0.0082321556297959,0.0077629967921013
2361,wave1,Somewhat Risk-Averse,-0.0038719004373789,0.0285727544877228,-0.0007404902416654,-0.0066861222573158,0.0033256073875477,-0.0332754136475558,0.0030534047077722,-0.0379920635259921,0.0032830256478883,-0.0341252577272403,-0.0004287356784574,-0.0037944788066709
1645,wave1,Risk-Neutral,-0.0162645333226841,0.0116542101019907,0.0070316805369292,0.0072275437567914,0.024821113854059,-0.0010224411218066,0.0271575851152881,-0.0033340716784459,0.0255393708429684,-0.0006844139778463,0.0051949553374941,0.0059523185246282
2116,wave1,Default,-0.0069415943840196,0.0059692663160933,0.0033773674642348,-0.0037679308290153,0.0130985257710082,-0.0065779822930729,0.0125151486809119,-0.0087530004565499,0.0134430239769973,-0.0067856673773027,0.0031779767639011,-0.001457458687555
1569,wave1,Default,-0.0033453725522609,0.0103738971875075,-0.0006690591459173,0.0013033291840001,0.0051313895942176,-0.0042084633650712,0.0044102332065155,-0.0068517280962419,0.0052130116895269,-0.0042071100307693,0.0003729613322461,0.0024903190242282
2088,wave1,Risk-Neutral,0.0103785253900725,0.0172051075355496,-0.0023920160290066,-0.004767568551644,-0.0033008367561284,-0.0106941153827362,-0.0050992782942756,-0.013688073022173,-0.0034926518179864,-0.0109998179441396,0.0015643285421086,0.0005844388019631
1440,wave1,Somewhat Risk-Averse,0.0288865786970632,0.0270207855990371,-0.003591625416442,-0.0058783123185584,-0.029901736139911,-0.033023542099451,-0.0339770627032542,-0.0376072896123024,-0.0306669156132349,-0.0338254020170742,-0.0015343266963374,-0.0039591738093375
782,wave1,Somewhat Risk-Averse,-0.0170618321925731,-0.0170618321925731,0.0025662641526052,0.0025662641526052,0.0191406412755482,0.0191406412755482,0.0205202473260084,0.0205202473260084,0.019697941484284,0.019697941484284,0.0015477301826734,0.0015477301826734
1080,wave1,Extremely Risk-Seeking,0.0109425861266832,-0.0008397218893131,-0.0013105587737074,0.0006255711311321,-0.0069836297273872,0.0042627617689309,-0.009733224061001,0.0032156509406764,-0.0068216888700789,0.004541802618685,0.000884151463759,0.0013499833450583
1721,wave1,Extremely Risk-Averse,0.0175639427604885,0.0175639427604885,0.0059586767643998,0.0059586767643998,-0.0007650888041391,-0.0007650888041391,-0.0025497687974854,-0.0025497687974854,-0.0009324808985998,-0.0009324808985998,0.0075868467590388,0.0075868467590388
311,wave1,Risk-Neutral,-0.0233914255696166,-0.0214442950885281,0.0034499640820656,0.0033265640380789,0.0229865429112084,0.0207827473825754,0.0252501888655097,0.0222725467434492,0.0236019687855384,0.0213926301873095,0.0010135259470509,0.0008868355558829
1498,wave1,Risk-Neutral,0.0020505983949315,0.0193471762599706,0.0114575435180771,0.0064168136669695,0.0198272624113891,-0.0051424070165068,0.0201697423441871,-0.0083943064943218,0.0203888387136104,-0.005259946342194,0.0111115882835888,0.0068741427502327
1779,wave1,Default,-0.001002605997594,-0.001002605997594,0.0090407991007431,0.0090407991007431,0.0206307187023746,0.0206307187023746,0.021087188223746,0.021087188223746,0.0212377884337911,0.0212377884337911,0.0095566217556643,0.0095566217556643
1676,wave1,Default,-0.0156449146824934,-0.0156449146824934,0.0065615180105881,0.0065615180105881,0.0182715241954344,0.0182715241954344,0.0195426286156417,0.0195426286156417,0.0187172867787344,0.0187172867787344,0.0030605520790497,0.0030605520790497
2262,wave1,Somewhat Risk-Averse,0.0082165473441744,0.0082165473441744,0.0094683674488571,0.0094683674488571,0.0116540403097553,0.0116540403097553,0.0110310605482159,0.0110310605482159,0.012431041626184,0.012431041626184,0.0097798436147711,0.0097798436147711
949,wave1,Default,-0.0021747434752072,0.0072870911971025,-0.002850907141138,-0.0031730445532221,-0.0081163535151449,-0.0134486727345937,-0.009460390210272,-0.0156342444396169,-0.0086623029124325,-0.0141273170688361,-0.0043816111763224,-0.0031115041125294
327,wave1,Somewhat Risk-Seeking,-0.0096177959272828,-0.0180107149092,0.0002400451582943,0.0062521015786355,0.0076800474219249,0.021592374679846,0.0081778962397772,0.0234676143021297,0.0080196577627795,0.0220750845208819,-0.0005663979999504,0.0032760867992495
1576,wave1,Default,-0.0016942387280011,-0.0097892111275432,0.0001707311572386,0.0092273228360919,-0.0011501085616798,0.020442418637805,-0.0021096029155347,0.0221187235538124,-0.0010807612996277,0.0213118040430054,-0.0008918600855786,0.0066252401939218
278,wave1,Risk-Neutral,0.0206311944291095,0.0180721707217359,0.0060718969228519,0.0074238078647032,-0.004600810271877,-0.000148738505935,-0.0078029865617459,-0.002767719919896,-0.0044791924328782,5.2527866367296304e-05,0.0073682257505566,0.0084497121305105
903,wave1,Somewhat Risk-Averse,-0.0029883675281901,-0.0029883675281901,0.0073314765563095,0.0073314765563095,0.0184954896819775,0.0184954896819775,0.0191585531169562,0.0191585531169562,0.0190261584236671,0.0190261584236671,0.0076130397198558,0.0076130397198558
684,wave1,Extremely Risk-Seeking,0.0138251151533654,0.0138251151533654,0.0028806602249925,0.0028806602249925,-0.0012208419625442,-0.0012208419625442,-0.0031060244175077,-0.0031060244175077,-0.0013823274908204,-0.0013823274908204,0.0051630507507584,0.0051630507507584
206,wave1,Extremely Risk-Seeking,-0.0153401263565467,-0.0153401263565467,0.0065026885320007,0.0065026885320007,0.0204278609071295,0.0204278609071295,0.0219439913990657,0.0219439913990657,0.0206048652742875,0.0206048652742875,0.0038618472251206,0.0038618472251206
863,wave1,Extremely Risk-Seeking,-0.0151286422923877,-0.0151286422923877,0.0044866947316317,0.0044866947316317,0.0210312503997366,0.0210312503997366,0.0226904460826526,0.0226904460826526,0.0217654962173818,0.0217654962173818,0.0034624698774086,0.0034624698774086
559,wave1,Default,-0.0124924979690267,-0.0067640830037678,0.0096215162699199,0.0060879242050075,0.0208205171334584,0.009252575549156,0.0224954588676293,0.0088316991605365,0.0216189229001007,0.0098173527217962,0.0059809353598731,0.0028568147581745
87,wave1,Extremely Risk-Seeking,-0.0126350136825578,-0.0173093357176642,-1.3102782179641724e-05,0.0046102224299971,0.0099085056979099,0.020161905442906,0.0103336239544519,0.021524947018758,0.0097626574722861,0.020369376770306,-0.0009137585216223,0.0024862887383195
2060,wave1,Default,-0.0164385457145807,0.0027822431388771,0.0064238937017369,0.0079071264567773,0.0244211141174212,0.010857133848787,0.0271928059550679,0.010545162360794,0.0252854474754847,0.0114153450868068,0.0048011541953604,0.0071817208612738
2008,wave1,Extremely Risk-Seeking,-0.0103768698640856,-0.0103768698640856,-0.0001281861778853,-0.0001281861778853,0.0030921787871496,0.0030921787871496,0.0026923062677168,0.0026923062677168,0.0026760982128348,0.0026760982128348,-0.0024724034578794,-0.0024724034578794
1986,wave1,Somewhat Risk-Seeking,-0.0110050309218303,-0.0110050309218303,0.0057711544124967,0.0057711544124967,0.023561449069902,0.023561449069902,0.0254064363819992,0.0254064363819992,0.0243373015935753,0.0243373015935753,0.0061093992606998,0.0061093992606998
947,wave1,Somewhat Risk-Averse,0.0084666610048269,0.009398273085833,0.0118797316745049,0.012732228354997,0.0126224348212584,0.0133500527782031,0.0122544178908084,0.0127536721779273,0.0131586216465789,0.0139217321104712,0.0109890603860326,0.0118262932208026
324,wave1,Somewhat Risk-Seeking,-0.0033951887072418,-0.0033951887072418,0.0106088636614216,0.0106088636614216,0.0225992078252503,0.0225992078252503,0.0233496742728132,0.0233496742728132,0.0233186662994472,0.0233186662994472,0.0099372137607954,0.0099372137607954
2006,wave1,Somewhat Risk-Seeking,-0.0049959312062311,-0.0174701039369616,0.005316421602257,0.0042533755485107,0.0135775299250715,0.0165637417419975,0.0131690248843598,0.0179817266544271,0.0137568257566735,0.0170447058873661,0.0046322518940268,0.0011137366514921
579,wave1,Default,-0.0134168898368081,0.0112683379643867,0.0046678382413789,0.0026761505818871,0.0182356005846445,-0.006888417409233,0.0199302517159877,-0.0100267715690563,0.0187394531724834,-0.0066972258055494,0.0031612547256005,0.002351823880738
1397,wave1,Default,-0.0054329938313558,0.0180715712893885,0.0068018332234096,-0.0040575240127712,0.01750910567806,-0.0145855639351349,0.0174180119539722,-0.0175496758651357,0.0179183866382501,-0.0149264464175971,0.006292334432619,-0.0001881214477467
736,wave1,Extremely Risk-Seeking,-0.0165634923444475,-0.0183142656992362,0.007237091951653,0.005216563768473,0.0231018332280243,0.0214296394785989,0.0248208026253057,0.0226527731309896,0.0235792253657144,0.0218263407633766,0.0045901800689936,0.0027758086619054
1102,wave1,Somewhat Risk-Seeking,0.0043221793947818,-0.0171051119779293,0.0028993966351697,0.0090166767774062,0.0019737675546056,0.0242548645742423,0.0014331122718752,0.0265662530042573,0.0018169358124571,0.0248090704249532,0.003065216697047,0.0053865731284862
1526,wave1,Risk-Neutral,-0.0174363912505257,-0.0174363912505257,0.002025644828701,0.002025644828701,0.0157250262770206,0.0157250262770206,0.0171903254735693,0.0171903254735693,0.0158240657176795,0.0158240657176795,0.0001035756823873,0.0001035756823873
1902,wave1,Default,0.0204958651912206,0.0275000099050198,0.0075007389123678,0.0068480942379252,-0.0057152875135659,-0.0084999874827515,-0.0084173417760398,-0.0122480021575791,-0.0055170634477437,-0.0083662440958004,0.0074270601333476,0.0086171288649364
314,wave1,Risk-Neutral,-0.0124239527610175,-0.009691620565903,0.0026404444088216,0.0034144526514898,0.0142231479544832,0.0134778574380357,0.0157514283586583,0.0147167991645623,0.014588474094129,0.0137629531311539,0.0014791643529152,0.0023996045497091
1000,wave1,Default,0.0293721982260207,0.0282745483974912,-0.0018296876597057,-0.0027094286690097,-0.0245846614328298,-0.0255584988948073,-0.0284412171534306,-0.0291751262399611,-0.0251915795211711,-0.0261648566928692,0.0009876856158292,3.87872976985617e-06
13,wave1,Risk-Neutral,0.0121877459670151,0.020616096327774,-7.669911580029765e-05,-0.0028954316490978,-0.0015808147763991,-0.0125814940699732,-0.0032779094186805,-0.0150087616634508,-0.0014436011243934,-0.0128491619292204,0.0035122886877873,0.0017158981078652
1128,wave1,Somewhat Risk-Averse,-0.0182850285638865,-0.0182850285638865,0.0034440251142479,0.0034440251142479,0.0204882671128254,0.0204882671128254,0.0221137132129958,0.0221137132129958,0.0208686278203898,0.0208686278203898,0.0018814584566398,0.0018814584566398
2314,wave1,Somewhat Risk-Averse,0.0335360502083425,0.0326730858748129,-0.0010442427446174,-0.0013293885596876,-0.0266182204693741,-0.0292122849536401,-0.030355745009597,-0.0329497014207436,-0.0273114781334827,-0.0299968854971533,0.0019597131977117,0.0007117284069809
2301,wave1,Default,0.0042540528228529,-0.0013836551805882,0.0104224154417375,0.0077728326428836,0.0059501042925082,0.0047920137358316,0.0046208918132628,0.0034047856124042,0.0063564109659513,0.005146343081131,0.0068733374463309,0.0037245694238864
195,wave1,Risk-Neutral,0.0076232872949568,0.0166357363755423,-0.0037883218759606,-0.0015507410989833,-0.0124677031736734,-0.0182433182437959,-0.0144010433180128,-0.0212929905644989,-0.0125668730236177,-0.0185619018566885,-0.0028770177579558,-0.0010524673145352
1572,wave1,Extremely Risk-Averse,0.0298891705868481,0.0298891705868481,0.0040578398296225,0.0040578398296225,-0.01567878656935,-0.01567878656935,-0.0202082765384405,-0.0202082765384405,-0.0159145569880987,-0.0159145569880987,0.0060906604571286,0.0060906604571286
964,wave1,Somewhat Risk-Averse,0.0303399956130742,0.0238305866847818,-0.0017823433110474,-0.0048565730651943,-0.0239158375229952,-0.0289202226023141,-0.0285141829223297,-0.0329188952444851,-0.0243388735276368,-0.0296741116540415,0.0015493243765518,-0.0033144528277373
307,wave1,Risk-Neutral,-0.0076989492813038,-0.0086699397838987,0.0030852646332503,0.0035062876796526,0.0096187310169167,0.0113602496177506,0.0105924832651798,0.0125431089221402,0.0096654571337278,0.0114804990203342,0.0016674752286817,0.0020646442460704
269,wave1,Extremely Risk-Seeking,0.0077773935665155,0.0077773935665155,0.0050319300889314,0.0050319300889314,6.0309999328629045e-05,6.0309999328629045e-05,-0.0010052592588725,-0.0010052592588725,0.0002363610883794,0.0002363610883794,0.0042894203928142,0.0042894203928142
1599,wave1,Default,-0.0188790971587102,0.0048214838771407,0.0068627013938705,0.0019787790557638,0.02067046540218,-0.0006555564734244,0.0223081206909931,-0.0020495700468315,0.0211437061953117,-0.0007571321764805,0.0028822373442708,0.0020482783079673
2291,wave1,Extremely Risk-Seeking,0.0019424466729368,-0.0210823314563708,0.0025380680055001,0.0045258646756294,-0.004964883212072,0.0215023430058378,-0.0061495049744216,0.023978154565014,-0.0049819046393773,0.0220202598988236,-0.0001631204961171,0.0016468515247235
191,wave1,Extremely Risk-Averse,0.0239450298688819,-0.0144990283732327,-0.0071953561712858,0.0060463790821983,-0.0318333096100057,0.0152178920447662,-0.0360211166418535,0.0162694899679473,-0.0326004360556198,0.0156191451623136,-0.0050265423381272,0.0022527434961077
815,wave1,Extremely Risk-Seeking,0.0293600166607093,0.0293600166607093,-0.0046231021424159,-0.0046231021424159,-0.0316599745982216,-0.0316599745982216,-0.0365537415756957,-0.0365537415756957,-0.0324506919698157,-0.0324506919698157,-0.0023062591868673,-0.0023062591868673
1019,wave1,Default,0.0181097312574997,0.0198456005312302,-0.0052255458055054,-0.0036561813820329,-0.0124603700620919,-0.0160942725855954,-0.0153489563985582,-0.019348404156688,-0.0129672373722774,-0.0165674240487281,0.0001445805621101,3.3989193767325924e-05
1678,wave1,Extremely Risk-Seeking,-0.0193942088018414,-0.0185645199873423,0.0003391185204404,0.0080233763992848,0.0180740958104444,0.0238822928994091,0.0204793780727968,0.0265366049513363,0.0184031190350985,0.0245109913590678,-0.0003274088331121,0.004444844883503
2063,wave1,Default,-0.0216135494130119,-0.0028465104338886,-9.677732200114104e-05,-0.0016116580318711,0.0153736833161734,-0.0011579659961957,0.0170868687974073,-0.002478859269338,0.015681019205658,-0.0012277127043544,-0.0021134570359249,-0.0018722053550468
835,wave1,Extremely Risk-Averse,-0.0169205826303485,-0.0169205826303485,0.0050446627511141,0.0050446627511141,0.0224428946067236,0.0224428946067236,0.0240538672858113,0.0240538672858113,0.0230067973181514,0.0230067973181514,0.0035213863531569,0.0035213863531569
448,wave1,Extremely Risk-Seeking,0.0156863877248638,0.0156863877248638,-0.0035177790472579,-0.0035177790472579,-0.0162811119773566,-0.0162811119773566,-0.019604166331348,-0.019604166331348,-0.0168327369088996,-0.0168327369088996,-0.001369510792921,-0.001369510792921
785,wave1,Default,-0.0015825044229107,0.0177762139787247,0.0013141655722042,-0.001167723434018,-0.0027883477603815,-0.0172632509241529,-0.003572507919325,-0.0204215243540699,-0.0026542579942066,-0.0174835648825925,-0.0010203339224234,-0.0002176680899176
1876,wave1,Default,-0.011539499789132,-0.0067111947621718,0.0083184967880719,0.0087815105641483,0.0239880032102638,0.019326062490557,0.0259755755121266,0.0206943597424204,0.0247504350055542,0.0200005135460764,0.0069214726364926,0.0071311092143628
1321,wave1,Default,-0.0133992968689808,-0.0133992968689808,0.0075109288517554,0.0075109288517554,0.0245379833440005,0.0245379833440005,0.0262661542424319,0.0262661542424319,0.0251806592618421,0.0251806592618421,0.0062157404210441,0.0062157404210441
1173,wave1,Extremely Risk-Averse,0.024694904228241,0.024694904228241,-0.0019281007979523,-0.0019281007979523,-0.0257088079500412,-0.0257088079500412,-0.0289841338612304,-0.0289841338612304,-0.0264742936440482,-0.0264742936440482,-0.0009800840594255,-0.0009800840594255
1198,wave1,Somewhat Risk-Averse,0.0174040566976722,0.0269564205609729,-0.0081502031115537,-0.0073741998570451,-0.0261913458641184,-0.0349984558273925,-0.0299272089047256,-0.0396956171115692,-0.0267953598888696,-0.0359204465763089,-0.00564428675665,-0.0051373668322672
657,wave1,Somewhat Risk-Averse,-0.0113171582307532,-0.0113171582307532,0.007750918343334,0.007750918343334,0.0220628597954416,0.0220628597954416,0.0230315291581878,0.0230315291581878,0.0224877319952195,0.0224877319952195,0.0061645625474086,0.0061645625474086
1591,wave1,Somewhat Risk-Averse,-0.0062866454332623,0.0283507972099157,0.0080410493717035,-0.0051163176940005,0.0214350909023182,-0.0298617434890801,0.0222875066341067,-0.0350080011491196,0.0220093651008054,-0.0304786966555884,0.0077296397407392,-0.0022072956176252
720,wave1,Somewhat Risk-Averse,-0.0012144488816526,0.0338843691595488,0.0083561049543105,-0.004171327104486,0.015657957442285,-0.031510928855619,0.0161518204993737,-0.0364350020393439,0.0158506266993855,-0.0323132980473908,0.0075994049362699,-0.0005970933612801
804,wave1,Somewhat Risk-Seeking,0.0166499206565907,-0.0092408777643018,0.0044267813666072,0.0091187393812348,0.0005809945788959,0.0244006470082509,-0.0015707459734156,0.026375118815302,0.0003958488264036,0.025270208046935,0.0072209538103367,0.0080922037156863
151,wave1,Risk-Neutral,0.0174838394812145,0.0174838394812145,0.0015602468948176,0.0015602468948176,-0.0125007699431195,-0.0125007699431195,-0.0166876278182042,-0.0166876278182042,-0.0125699642992609,-0.0125699642992609,0.0021814882511164,0.0021814882511164
2106,wave1,Default,0.0289381872691686,0.0325884057840543,0.0074064291552139,0.0045106646090763,-0.0049365991794902,-0.0118753135812621,-0.0075554587091153,-0.0156845093298833,-0.0048710097070673,-0.0119511952041113,0.0104712274354695,0.0084103216834844
1905,wave1,Extremely Risk-Averse,0.0231267371314575,0.0302327481894108,0.0034593904989265,-0.0047891735914519,-0.0134533349853907,-0.0338605586666537,-0.0171500739497312,-0.0386006130648186,-0.0134490449269009,-0.0345680492402633,0.0043781636439226,-0.002804438475692
1488,wave1,Extremely Risk-Seeking,0.0113120662272764,-0.0186483414747887,0.001796846192438,0.0028843963464474,-0.0039742471509864,0.0230579086758538,-0.0062306371668985,0.0255090972242965,-0.0040592588245854,0.0236641890298426,0.0030456578694139,0.0024310418513303
539,wave1,Extremely Risk-Seeking,-0.0019466450553477,-0.0154742656732459,-0.002382178522346,0.0011286096676073,-0.0042818470258552,0.010350520882244,-0.0048661744085085,0.0121212506054156,-0.0045295966271841,0.010570154448256,-0.0028705244253993,-0.0013332285520493
2288,wave1,Default,0.0266708171304981,0.025565113107689,0.0064078855427813,0.0052962624801982,-0.0133298811366488,-0.0143751101137215,-0.0165062605008223,-0.0180144297796316,-0.0133542095713176,-0.0144576164704434,0.006583048437592,0.0054955446110008
1743,wave1,Somewhat Risk-Averse,0.0261558627284241,0.0257484670874324,-0.0034471121890264,-0.0030158446421567,-0.0270199442400391,-0.0277860623631237,-0.0323172122006346,-0.0323347878642468,-0.0279310504310856,-0.028600590120231,-0.0014358253266695,-0.001683659155927
1571,wave1,Extremely Risk-Seeking,-0.0189871160915798,-0.0227704291563156,-0.0002341475366027,-0.0009388179750886,0.0137912692415708,0.0166679162177872,0.0147510839826698,0.0180049802884466,0.0139959716846314,0.0170344154704284,-0.0018109696767079,-0.0023479785488851
265,wave1,Somewhat Risk-Seeking,-0.019029653624149,-0.019029653624149,0.0017118951762567,0.0017118951762567,0.0217110470889195,0.0217110470889195,0.022753026712011,0.022753026712011,0.0220779463528341,0.0220779463528341,0.0014642769788036,0.0014642769788036
2374,wave1,Somewhat Risk-Averse,0.0252808686950296,0.0252808686950296,-0.0006161224448426,-0.0006161224448426,-0.0173190189773243,-0.0173190189773243,-0.0190954821392544,-0.0190954821392544,-0.0177199501362231,-0.0177199501362231,0.0024504652139725,0.0024504652139725
1632,wave1,Default,-0.0093629374647823,0.0189125237817671,-0.0015642856062014,3.415070748207595e-05,0.0039820870597924,-0.0133312823601348,0.0039663588393324,-0.0163892409006141,0.0039649039899524,-0.0137828843257734,-0.0023155081975637,0.0018729303274619
1374,wave1,Extremely Risk-Averse,-0.0192116346918907,0.0102683455967055,-0.0047405302390807,-0.0063822625918056,0.0016446936557517,-0.0195746873593247,0.0022895572555147,-0.0229361609868108,0.0016749048148675,-0.0200355837746603,-0.0074374854683445,-0.00522882410182
1641,wave1,Extremely Risk-Averse,-0.0113915309232616,0.0057603742261907,0.0067983763417152,0.0075590646963219,0.0152645927176022,0.0021462860831604,0.0161405457282657,0.0006681995525141,0.0155212801696233,0.0023518793773155,0.0035551477529374,0.0051537596568266
1966,wave1,Extremely Risk-Seeking,0.0151390744079335,0.0011506725249246,0.0037339477897766,0.0084904682879771,-0.0019949051866447,0.0143111105151194,-0.003307194838348,0.0150937604038207,-0.0018610682706161,0.0151318047751622,0.0056272055210829,0.0079837715784041
358,wave1,Extremely Risk-Seeking,0.0094821932319378,0.002036107264984,0.0024154275575603,0.0051082381479698,-0.0001432690386402,0.0017209369796854,-0.0020677500365861,0.0007076203677817,0.000162251409067,0.0020773072459665,0.0039190436927599,0.0029537666684771
1480,wave1,Extremely Risk-Averse,0.0139034690552725,-0.0071428410209058,-0.0016026694462856,0.0009076049811792,-0.0098292139949877,0.0086000570408733,-0.0126587066748208,0.0078332697053606,-0.0100165143655457,0.008756036249109,0.0008253578832428,0.0007882000965716
1322,wave1,Somewhat Risk-Averse,0.0183281237590892,0.0316350291817302,0.0036352427255952,-0.0028613388181125,-0.0017634868274074,-0.0266737640537869,-0.0045633301473267,-0.030473535830974,-0.0020527894638324,-0.0273990124383806,0.0067352032378923,0.0007021710680866
1392,wave1,Risk-Neutral,-0.0221839939880354,-0.0214879700630887,0.0025833951680891,0.0032997271648597,0.0187645918491903,0.0217922808562385,0.0202081720915795,0.0235997974678005,0.0193531684431081,0.0224803523914596,-0.0002804335180931,0.0012000522861395
555,wave1,Default,-0.0024473599991735,-0.0024473599991735,0.0119945409396001,0.0119945409396001,0.0204011515100418,0.0204011515100418,0.0216915000250395,0.0216915000250395,0.0211703946701878,0.0211703946701878,0.0099815371854277,0.0099815371854277
1203,wave1,Extremely Risk-Seeking,-0.0129351555360797,-0.0129351555360797,0.0088996295494983,0.0088996295494983,0.0228383884757202,0.0228383884757202,0.0240180872900209,0.0240180872900209,0.0233554807674966,0.0233554807674966,0.0062659981362975,0.0062659981362975
139,wave1,Extremely Risk-Seeking,-0.0146128439258042,-0.0094150187779459,0.0058480195276295,0.0071361437314191,0.0186463068785923,0.0175976640258239,0.0198514491341875,0.0180211356440946,0.018991483566465,0.0180538897938423,0.0032922527758189,0.0051050115253195
1843,wave1,Somewhat Risk-Seeking,-0.003883418772588,-0.003883418772588,0.0037825315598455,0.0037825315598455,0.0030469955215692,0.0030469955215692,0.0032179208268363,0.0032179208268363,0.0031999292949747,0.0031999292949747,0.00098030953361,0.00098030953361
833,wave1,Extremely Risk-Averse,0.0317803868797494,0.0317803868797494,0.0022976290338097,0.0022976290338097,-0.0213058346399427,-0.0213058346399427,-0.0253080649315584,-0.0253080649315584,-0.0219665450032794,-0.0219665450032794,0.0042586019975294,0.0042586019975294
557,wave1,Extremely Risk-Averse,-0.0067766074944803,0.0289350376213373,0.0026743656111587,-0.0056889338641132,0.0107612960574145,-0.0339051682267494,0.0103612697249171,-0.0387858495213291,0.0108625540151918,-0.0347235775966153,0.0022194044035592,-0.0035517046511399
2182,wave1,Extremely Risk-Seeking,-0.0058824804100809,-0.0148636111594987,0.0008653282309495,-0.0006586762378679,0.0047775012401434,0.0111057827546566,0.0040750642211167,0.0120931786709682,0.0049192520660866,0.0114423032566666,-8.046639101321307e-05,-0.0014726697505969
971,wave1,Risk-Neutral,-0.0118979716125347,-0.0106968683812733,0.0049909683289583,0.004667965013218,0.0163815647682305,0.0118662062440947,0.0168063359572413,0.0114317113126375,0.0170855168722056,0.0123904272406131,0.0031570572101534,0.0019440893285598
744,wave1,Default,0.0255667563148371,0.0286357189233141,-0.0010270236290513,-0.004955148446187,-0.0233833666555835,-0.0287949019535559,-0.0273211322255284,-0.0334811705455636,-0.0241264012331006,-0.0295635151184518,0.0003863261689078,-0.0017027732307656
1613,wave1,Somewhat Risk-Seeking,-0.0123431218167752,-0.0166184952296247,0.0049521027200873,0.0056887414991664,0.0177473519406971,0.0224438082502496,0.0188739849659685,0.0244041238526227,0.0180443403127485,0.0228609117927231,0.0034511861688587,0.0038368771601158
1150,wave1,Extremely Risk-Seeking,0.016175256011282,-0.0169775673852395,0.0008234333040096,0.0011831548096662,-0.0118693484972298,0.0162923832413721,-0.0142869983625709,0.0181023608274323,-0.0121779485020752,0.0167112589169986,0.0017103267258122,0.0001653631167616
53,wave1,Default,-0.0139323980656216,-0.0139323980656216,0.002436093929661,0.002436093929661,0.0103963101548143,0.0103963101548143,0.0107796861050087,0.0107796861050087,0.0104452985778016,0.0104452985778016,-0.0003683926249875,-0.0003683926249875
1972,wave1,Risk-Neutral,-0.0011883465502177,-0.0106205369708499,0.0037148745018973,0.0058893442898615,0.0050542556636904,0.0179127635451355,0.0041741263437378,0.0193369576776732,0.0050816399730998,0.0184410186841674,0.0025261954755939,0.0043929349526595
282,wave1,Extremely Risk-Averse,-0.0137511994547256,0.0016762136988147,0.0010414675931834,-0.001115321514981,0.009944234038951,-0.0065924520783579,0.0107946366776902,-0.0077405676790653,0.0101601269802543,-0.0066772628891578,-0.0009230430268896,-0.0020110718751064
1667,wave1,Somewhat Risk-Seeking,-0.0008175315632843,-0.0008175315632843,0.0086994927547079,0.0086994927547079,0.0173274588359892,0.0173274588359892,0.0180631397193862,0.0180631397193862,0.0175884041653637,0.0175884041653637,0.0084029573009097,0.0084029573009097
2383,wave1,Extremely Risk-Seeking,0.0171832459998833,-0.0152290138743781,0.0056343077423335,0.0032714057770515,0.0035974756775629,0.0193533608358086,0.0022008050619536,0.0197862409793819,0.0038618342071019,0.0198032705324475,0.0088069646167438,0.002464753899964
811,wave1,Default,0.0021673521802482,0.0060601759173293,0.0080660876087659,0.0079824830116459,0.0122206547468345,0.0129909404510604,0.011728825786341,0.0122886564168699,0.0127305843661875,0.0135926529305844,0.0074843397387702,0.0090118340207076
1547,wave1,Default,-0.0072576757963031,0.0009529473348223,0.0002581920581188,0.0022931115702781,0.0025100028190317,0.0019653993692245,0.0027002638916198,0.001473691613354,0.002417572231287,0.0019699620504518,-0.0014975754434769,0.0017368099968184
2133,wave1,Risk-Neutral,0.0291129987231017,0.0291129987231017,-0.0068447573227661,-0.0068447573227661,-0.035474203297048,-0.035474203297048,-0.0405239506578113,-0.0405239506578113,-0.0362837107532319,-0.0362837107532319,-0.0044004812754615,-0.0044004812754615
342,wave1,Somewhat Risk-Averse,0.0059882221686004,0.0243025203897368,0.0083153696766728,0.005840848479325,0.0069065653933143,-0.0139565116912666,0.0052209529415336,-0.0181590841775174,0.0071102985527521,-0.014160500143082,0.007069284646362,0.0053953445651713
717,wave1,Extremely Risk-Seeking,0.0093413134080406,-0.0138525098571686,-0.0004098190687489,0.0048670547917971,-0.001240005617815,0.0158647016469318,-0.0026986379479124,0.0172733850036675,-0.0013282853771678,0.0164926997272155,0.0025656628960466,0.002291495281031
1959,wave1,Extremely Risk-Averse,0.0349552105698653,0.0276686901855403,0.0032621585552415,-0.0015971778419619,-0.0183176486223827,-0.0275633113698282,-0.0215922431971092,-0.0314101231312863,-0.018860716458343,-0.0283888014343475,0.0066353185162876,-0.0004965882215531
2064,wave1,Extremely Risk-Seeking,0.029339496123623,0.029339496123623,-0.0009049166224764,-0.0009049166224764,-0.0223223254772459,-0.0223223254772459,-0.0260817742888844,-0.0260817742888844,-0.0228450479215603,-0.0228450479215603,0.0020392320243851,0.0020392320243851
1649,wave1,Somewhat Risk-Averse,-0.0095705207863866,0.003712604490539,0.0062372438216561,0.0053765417534048,0.0174620245904381,0.0003316201587776,0.0180610815883492,-0.0014571738224761,0.018113705103554,0.0005283158735098,0.0047086407038755,0.0031388767460659
2244,wave1,Default,0.0064716999996328,0.0064977557887421,-0.0027402411392294,6.410509402083816e-05,-0.0073918231700862,-0.0053663917874228,-0.0083796179866829,-0.0062940427444165,-0.007514123397185,-0.0054975252134792,-0.0012191842480882,0.0003986958541831
1731,wave1,Extremely Risk-Seeking,-0.013123133512929,-0.013123133512929,0.0058038572289159,0.0058038572289159,0.0234979770015666,0.0234979770015666,0.0251810059761106,0.0251810059761106,0.0241105532795718,0.0241105532795718,0.0053926468748258,0.0053926468748258
1776,wave1,Somewhat Risk-Seeking,-0.0103942307857043,-0.018903076867246,0.0075416836452156,0.0075217981327709,0.0193342401341511,0.0230702860154089,0.0205822868576153,0.0252612825770938,0.0198387097774888,0.0235812987021533,0.0054926351577843,0.0038941005800569
264,wave1,Somewhat Risk-Seeking,-0.0090605976278176,-0.0223356548333618,0.0079483132976077,0.0060170393980299,0.0202604402942101,0.0245928283663615,0.0220270583634525,0.0269413426676746,0.0212507613464927,0.0250232668159147,0.006381753429856,0.0027560617486368
170,wave1,Extremely Risk-Averse,-0.0048845890911755,0.0218550344714257,0.0019361056202924,-0.0041676858675449,0.0082376773156577,-0.0250285525130722,0.0085154030010496,-0.0291122136401322,0.0084212646818505,-0.0256197237414887,0.0017629579311977,-0.0024460071695468
238,wave1,Extremely Risk-Seeking,0.0127379953354465,0.0127379953354465,0.0081237050001895,0.0081237050001895,0.0075991136685092,0.0075991136685092,0.0054544543830221,0.0054544543830221,0.0076398726575662,0.0076398726575662,0.0094877784656242,0.0094877784656242
180,wave1,Default,-0.0225944323280869,-0.0225944323280869,0.0034476418836927,0.0034476418836927,0.0191205362567943,0.0191205362567943,0.0211041618219574,0.0211041618219574,0.0194771964113213,0.0194771964113213,-1.088234116844125e-05,-1.088234116844125e-05
2220,wave1,Somewhat Risk-Seeking,-0.0030566615569206,-0.0158963224156866,0.0060558517019426,0.0063511269782753,0.0120023801408157,0.0209566590183658,0.0125488465654631,0.0226165354185385,0.0126691394131785,0.0214862751864157,0.0049998727946585,0.0038022507215278
1886,wave1,Somewhat Risk-Averse,-0.0035186818939758,0.0073547524835708,0.0034378615610541,-0.0024333560234687,0.0095029433443807,-0.0085943086763357,0.0102004456563076,-0.0099949714379731,0.0096549504729467,-0.0087447708824816,0.0031405244683343,-0.0012235586639697
628,wave1,Somewhat Risk-Seeking,-0.0023300890895709,-0.0193929398906959,0.00939486458677,0.007026738666287,0.0201521218206438,0.0230107840001228,0.0208156780383339,0.0248133306981462,0.0207857670760968,0.0233175141801683,0.0090721002369705,0.0035460496565936
1680,wave1,Extremely Risk-Averse,-0.0070332688028416,0.0120356084198956,0.0085032760666595,0.0069997043087534,0.0156648078455214,0.000892582496317,0.0163179434685185,-0.0015087011947832,0.015882033226591,0.0009710635268855,0.0057098839075745,0.0066424115982724
1320,wave1,Extremely Risk-Averse,0.0090037228326613,0.0226250432485739,0.0016439995555973,-0.0002929179164225,-0.0070759304633455,-0.022149820016277,-0.0091727405156744,-0.0260750306596414,-0.0076647878436597,-0.022928548180323,0.0011903177754761,6.098649433074068e-05
2336,wave1,Risk-Neutral,-0.0144673638142712,0.016018913641367,-0.0010882078784097,-0.0017100565329192,0.0060058643015295,-0.0196991363319107,0.0074172897980318,-0.0226878222519919,0.0063860097133058,-0.020064813130203,-0.0031845274295527,-0.0017968131956599
1239,wave1,Extremely Risk-Seeking,0.0025041619864953,-0.0036002235743459,0.0035527541826908,0.0034779538382976,-0.0006820178013917,0.0043058182573879,-0.0024535067956407,0.0038347508204773,-0.0003578497640846,0.0047032100604018,0.0017905470177522,0.0013932316869337
2305,wave1,Extremely Risk-Seeking,-0.0008318430148229,-0.0158990773547855,0.0056917098980726,0.0059696027070015,0.0034237078044503,0.0181903531714705,0.0030468362983182,0.019741790261193,0.0036686328558999,0.0186373990805154,0.0027593848311637,0.0027516434516691
316,wave1,Somewhat Risk-Averse,-0.0121662721904279,0.0042004030282157,-0.0015863702911936,-0.0046997385945745,0.002897765457235,-0.0147202315733149,0.0029384870581335,-0.0169413156811127,0.0030802561180138,-0.0149886063747557,-0.003619545067757,-0.0050734192872804
98,wave1,Extremely Risk-Averse,-0.0042591346291143,0.009684348638589,0.0011731188599147,-0.0028177153009176,0.0019069351659514,-0.0148890711829338,0.0006478511273037,-0.0171057882360267,0.0020881398006955,-0.0151014913572564,-0.0003939924323163,-0.0026740574346399
1176,wave1,Extremely Risk-Seeking,-0.0086716859433721,7.415391679680311e-05,0.003736363103841,0.0075591019386697,0.0184271313999744,0.011702460745532,0.0197821980732915,0.0123308878170244,0.0189888381903814,0.0121461961433892,0.0044977386363107,0.0064445521450071
23,wave1,Extremely Risk-Averse,0.0181410049600217,0.0339523574613255,-0.002071140184329,-0.0018475051900585,-0.0148057941778043,-0.0295037170540852,-0.0171036834439288,-0.0338191372981291,-0.0153957596497987,-0.03032123439004,0.0004228935472515,0.0008687186545532
1472,wave1,Somewhat Risk-Averse,-0.0013577687798058,-0.0013577687798058,0.0065825800663029,0.0065825800663029,0.0031086179065752,0.0031086179065752,0.0022007554116039,0.0022007554116039,0.0033438229705654,0.0033438229705654,0.0027754640033205,0.0027754640033205
927,wave1,Risk-Neutral,0.0251973537266686,0.0251973537266686,-0.0078463801173879,-0.0078463801173879,-0.0325687928521382,-0.0325687928521382,-0.037131115011063,-0.037131115011063,-0.0333700459082989,-0.0333700459082989,-0.0050708963195243,-0.0050708963195243
1060,wave1,Risk-Neutral,0.0041409050975256,0.0122506387965265,0.0118603187977186,0.009027353817203,0.0174150243129936,0.0074606718728917,0.017686776016737,0.0058555231805265,0.0180149987655696,0.0078931177484378,0.0111383045387539,0.0095798952733939
453,wave1,Default,-0.01548461285553,-0.01548461285553,0.0016228116194777,0.0016228116194777,0.019492543849043,0.019492543849043,0.0200337996721605,0.0200337996721605,0.0198908859850159,0.0198908859850159,0.0018770708643702,0.0018770708643702
583,wave1,Extremely Risk-Seeking,-0.0213441708497265,-0.0187258595816271,-0.0012230506360413,0.0012253253840571,0.0155479637462896,0.0120801671528501,0.0176067174349299,0.0137996462465393,0.0158715361402128,0.0125159262778473,-0.0023404410520478,-0.0018086583826001
1024,wave1,Risk-Neutral,0.0012906749309645,-0.0035598465773787,0.0026550599544986,0.0031779605116259,0.0075932679015257,0.0101570474578333,0.0077852778500657,0.0106575065878356,0.007738543287725,0.0104045845966793,0.0038470687101149,0.0032584367155388
1174,wave1,Extremely Risk-Seeking,0.0209898830500155,0.0194125550379475,-0.0013452295469446,-0.0028143653477971,-0.0198145832032165,-0.0174641647102128,-0.0217747264446625,-0.0198613919844372,-0.0203275203606131,-0.0181171179143286,-5.5848790525150946e-05,-0.0002871011840357
984,wave1,Default,-0.0141458305884152,-0.0141458305884152,0.0063055855576087,0.0063055855576087,0.0196043184744971,0.0196043184744971,0.0216927135287133,0.0216927135287133,0.0202904585334989,0.0202904585334989,0.0039198878837725,0.0039198878837725
179,wave1,Somewhat Risk-Averse,-0.0122921637428303,-0.0122921637428303,0.0061329029196391,0.0061329029196391,0.023487894551507,0.023487894551507,0.0253028933165309,0.0253028933165309,0.0241874691969019,0.0241874691969019,0.0057759913342165,0.0057759913342165
1023,wave1,Default,-0.0159883085256901,-0.0095511099201714,0.0033791308555154,0.0020449532630184,0.0163887011650022,0.0073806814576698,0.0173565147906561,0.0067176137927149,0.0167356800053329,0.0075409738430119,0.0012585345745044,-4.311161293674803e-05
740,wave1,Extremely Risk-Seeking,0.002912191834325,0.0061205378421532,-0.0029275112700226,-0.0007630200054748,-0.0023812974611233,-0.0022491386355946,-0.0034307031935582,-0.0036917546460065,-0.0023494047742749,-0.0021887612602642,-0.0007975599444575,0.0010372356151613
959,wave1,Somewhat Risk-Seeking,0.0013897320896893,0.0013897320896893,-0.0030973070600535,-0.0030973070600535,0.0056355344100696,0.0056355344100696,0.0054584497573216,0.0054584497573216,0.0059184323254914,0.0059184323254914,0.0013120365992236,0.0013120365992236
705,wave1,Default,-0.019492838870846,-0.0190357583072952,-0.0003248954508283,0.0020352068770008,0.0147758819902008,0.018527644261824,0.0155639640701841,0.0198193210996903,0.0149350437325149,0.0186280877727444,-0.001681453277359,0.0005080900215663
746,wave1,Default,-0.0125373159975873,-0.0125373159975873,0.0011743011286987,0.0011743011286987,0.0065511014637739,0.0065511014637739,0.0070218058852409,0.0070218058852409,0.0065514290895672,0.0065514290895672,-0.0016056840032649,-0.0016056840032649
2022,wave1,Default,-0.006698755611839,-0.006698755611839,0.0103231518208987,0.0103231518208987,0.0219437654906451,0.0219437654906451,0.0231648248093751,0.0231648248093751,0.0224458354582396,0.0224458354582396,0.0085216105596297,0.0085216105596297
671,wave1,Extremely Risk-Averse,-0.0150544627749631,0.00705575189173,-0.000793506149629,-0.0048479437944725,0.0098500043641216,-0.0123401693241041,0.0100199259893643,-0.0155926444670638,0.0098519988266352,-0.0128371583333256,-0.002000064932839,-0.0033765471516211
2100,wave1,Somewhat Risk-Averse,0.0281089476870827,0.0280543472252484,-0.0050038944737898,-0.0056405599598099,-0.0320624048842722,-0.0327601127284509,-0.0369353511707989,-0.0370181290397484,-0.0327559051671895,-0.0335381995257629,-0.0029845396791159,-0.0034474238690073
1232,wave1,Somewhat Risk-Averse,-0.0054024654716371,-0.0054024654716371,0.0018341316434243,0.0018341316434243,0.0022438176124861,0.0022438176124861,0.0017869277827239,0.0017869277827239,0.0021261325555538,0.0021261325555538,-0.000442908387393,-0.000442908387393
988,wave1,Extremely Risk-Averse,-0.0137674135057425,0.0268272003523284,-4.068663221494757e-06,-0.0024781638129169,0.0064773008501571,-0.0278462897600679,0.0071463753463646,-0.0329886417607994,0.0065298555948258,-0.0285236912624852,-0.0024328902742363,-0.0011649419411604
141,wave1,Extremely Risk-Averse,-0.011460911388932,0.0278244064528675,-0.000330670174047,-0.0060938081126638,0.0047145261292342,-0.0330164242482694,0.0052247151576791,-0.037548581592843,0.0048211312383696,-0.0338907532218104,-0.0023602690009136,-0.0037605043206848
2245,wave1,Somewhat Risk-Averse,-0.0075070407939357,0.0295073885450936,0.0106968918568266,-0.0055778544709807,0.0186326091717434,-0.034127346243241,0.0199688640090684,-0.038679075825871,0.0191935887898677,-0.0350129515356558,0.0072720432152159,-0.0033979275764656
79,wave1,Default,0.0274859478747181,0.0274859478747181,-0.0056105695305168,-0.0056105695305168,-0.0308432735256491,-0.0308432735256491,-0.0349305129054756,-0.0349305129054756,-0.0316596915245879,-0.0316596915245879,-0.0029876823203654,-0.0029876823203654
1457,wave1,Somewhat Risk-Averse,0.0269898345640852,0.0292722231473432,-0.0011396895203863,-0.0047998407903566,-0.0173845816533652,-0.0320662266840574,-0.0215180258464551,-0.0371124309662824,-0.0178489540642141,-0.0329648248368414,0.0028242968456787,-0.00252988282377
1416,wave1,Default,0.0013966252644674,0.0013966252644674,0.0083048365404328,0.0083048365404328,0.0075672962766369,0.0075672962766369,0.0066768175625043,0.0066768175625043,0.00765366222735,0.00765366222735,0.0057546814337677,0.0057546814337677
2068,wave1,Extremely Risk-Averse,0.0297456820331915,0.0302880995943823,-0.0022339081421546,-0.0071878773035891,-0.0283559692592129,-0.0357253399318821,-0.0326311079040253,-0.0408025320626734,-0.0290989782252758,-0.0365434523909601,-0.0002801946892978,-0.0042065356143807
353,wave1,Default,-0.0109137479780731,0.0059192034015549,0.007671508693218,0.0055775114581266,0.0199660538008635,0.0119537570730372,0.0212109033016345,0.0126609714440706,0.0202858840970237,0.0122245910582801,0.0055733120496099,0.0078182045648228
651,wave1,Extremely Risk-Averse,-0.014576701472338,-0.0027798818846022,0.0052953448459402,0.0049436363057354,0.0202314239761764,0.0076866138056283,0.0216685361600999,0.0070674771204858,0.0206514662711698,0.0078750571674185,0.003649008071137,0.0032824325366043
1192,wave1,Extremely Risk-Averse,0.000330265613533,0.004121565689015,0.002504038060099,0.0028197465995667,0.0009260927637597,-0.0023758732493908,-0.0003391438040245,-0.0042147385259886,0.001255418807772,-0.0021614435291501,0.0012526944726072,0.0015210128073999
2347,wave1,Extremely Risk-Averse,0.0064510963324795,0.0064510963324795,0.002814650334298,0.002814650334298,-0.0055688798850247,-0.0055688798850247,-0.0077838325932706,-0.0077838325932706,-0.0057855141171669,-0.0057855141171669,0.0012313133653477,0.0012313133653477
435,wave1,Default,-0.0001665770115728,0.0124027768139379,-0.0011307128853733,-0.0004602460258365,0.0015459022919494,-0.0041820505345072,0.0010147788569032,-0.0067779152570525,0.0013781360616063,-0.0044580793272391,8.361900035889741e-05,0.0025887053410729
1895,wave1,Default,0.0070950936686232,0.0060247014090616,-0.0029088187092181,0.0060685751065233,-0.0074869460865496,0.0050872243436179,-0.0095507220760909,0.0033485127809945,-0.0076391939233716,0.0055358426796935,-0.001099108668974,0.0057266229283121
168,wave1,Somewhat Risk-Seeking,0.0320065470997271,0.0320065470997271,0.0010277478435345,0.0010277478435345,-0.0218157065957536,-0.0218157065957536,-0.0265107634712523,-0.0265107634712523,-0.0225104715638663,-0.0225104715638663,0.0037412013243886,0.0037412013243886
778,wave1,Default,0.0006232621450379,0.0006232621450379,0.0012711346301936,0.0012711346301936,8.559543178662063e-05,8.559543178662063e-05,-0.0013242187983667,-0.0013242187983667,-0.0001471116412895,-0.0001471116412895,0.0006596206222975,0.0006596206222975
729,wave1,Extremely Risk-Averse,0.0242747203963285,0.0272016881301962,-0.002117378144576,-0.0077231321493066,-0.0196630505464542,-0.0343239349233251,-0.0245201039056312,-0.0399035189363071,-0.0203263553939924,-0.0352717842338851,0.0008332485762706,-0.0049467489985871
349,wave1,Extremely Risk-Averse,0.0003288758443389,0.0221567839015479,-0.0032214309925453,-0.0057848657293908,-0.0061883725368722,-0.0268885883266672,-0.0089095983073536,-0.03230000838927,-0.0068299470179172,-0.0278944717562257,-0.0030268560090227,-0.0035041514721705
1463,wave1,Risk-Neutral,0.0219346880979786,0.0255231966977759,-0.0033635480462083,-0.0050383734077719,-0.0207196016804826,-0.0218612095751187,-0.0238267752149861,-0.0262157200974007,-0.0215099525387781,-0.022320814287873,-0.000714521697341,-0.0004559720140809
1579,wave1,Extremely Risk-Seeking,0.022958041279414,0.0134811754552973,-0.0057441436484657,0.0009509941778873,-0.0284241456184071,-0.0050084204237363,-0.0323807315859781,-0.007129470188243,-0.0291414391287706,-0.0051590155200857,-0.0037355117247637,0.0031426000789973
1093,wave1,Risk-Neutral,0.00572326937459,0.00572326937459,0.0051128445272917,0.0051128445272917,0.0099325172541536,0.0099325172541536,0.0111422673364461,0.0111422673364461,0.0102583213025432,0.0102583213025432,0.0069239929783525,0.0069239929783525
386,wave1,Default,-0.0049191761397815,0.002201306621831,0.0035364267311781,0.0043172345428656,0.0064208940664173,0.0019686461615438,0.0057667265578971,0.000598780859402,0.0069102490055982,0.002327586418623,0.0016782366418903,0.0028281449500328
1329,wave1,Risk-Neutral,-0.0128667680939485,0.0159751605906034,0.0044489408601347,4.801174433747319e-05,0.0220265446507594,-0.0099033004409479,0.0230043356402547,-0.0117397249951006,0.0224694093097673,-0.0099068439090181,0.0045362929603621,0.0020411853778704
1891,wave1,Risk-Neutral,0.0169570901019768,0.0261329562508392,0.0032137544775002,0.0037986157264688,0.0011854480115658,-0.0051682750342633,0.0013651090563145,-0.0064928555224884,0.0012224379925951,-0.0053505518792501,0.0071211717245849,0.0082571794269178
155,wave1,Somewhat Risk-Averse,-0.0019506827566966,0.0294490289887635,-0.0045795235146124,-0.0048928535536419,-0.0120283231845136,-0.0333894316256868,-0.0128691012804144,-0.037861785004486,-0.012462984638939,-0.0342836159541507,-0.0061871670234806,-0.0029432174756733
889,wave1,Extremely Risk-Averse,-0.0144655541221626,-0.0144655541221626,0.0073902357648131,0.0073902357648131,0.019559417137484,0.019559417137484,0.0211787839400899,0.0211787839400899,0.0200590125449618,0.0200590125449618,0.0041593755883403,0.0041593755883403
1838,wave1,Somewhat Risk-Seeking,-0.008192877919166,-0.0194251195838926,0.0097375109163204,0.0074512071528655,0.0220640974979321,0.0230626845021261,0.0236069856569858,0.0252278327214544,0.022858674378435,0.0235419398386599,0.0078684252077222,0.0036939423448284
1983,wave1,Extremely Risk-Seeking,0.0332083635971504,0.0064511316712955,-0.0039242447424061,0.0053212274199119,-0.0325492481580448,0.0042578937195067,-0.0366696350106082,0.0040168196076525,-0.0333810550407402,0.0042350958762222,-0.0010866280569316,0.0053434312843258
807,wave1,Extremely Risk-Averse,-0.0095622223202287,-0.0038443988994198,0.0064900142011248,0.005690449056652,0.0174655293513421,0.0089624987990148,0.018559315149688,0.0087375404311419,0.017870290952289,0.009218137534359,0.0047967304392353,0.0036015625994284
1127,wave1,Extremely Risk-Averse,-0.0201517229170048,-0.0201517229170048,0.0063175391985876,0.0063175391985876,0.0233422299974312,0.0233422299974312,0.0252537173756216,0.0252537173756216,0.0236680938029093,0.0236680938029093,0.0031674078284512,0.0031674078284512
856,wave1,Extremely Risk-Seeking,-0.0029399787942771,-0.0187511135830648,0.0050658581959153,0.0062765133238406,0.0162146207769549,0.0208740324790889,0.0167763512982062,0.0229444799766463,0.0165155785016754,0.0213163580979625,0.006114145954638,0.0027976672735036
1087,wave1,Extremely Risk-Averse,0.0250185897398282,-0.0075341022043559,0.0004295690096985,0.0032608815986765,-0.0202252793142824,0.0162508843160328,-0.0240306779675197,0.0169140757744516,-0.0205158533318045,0.0167838187148716,0.0017417683140921,0.0039930056631951
1553,wave1,Default,0.0223683155302843,0.0196254808203031,0.000507978251102,0.0009662619891801,-0.0177536872653833,-0.0127567847416607,-0.0209332177695718,-0.0161031754966222,-0.0181227705096994,-0.0131189060266732,0.0017082750597451,0.0026126671101743
516,wave1,Risk-Neutral,0.0144291168396624,0.0144291168396624,-0.0005587042570057,-0.0005587042570057,-0.0169331982304816,-0.0169331982304816,-0.0194444095610261,-0.0194444095610261,-0.0172493495486515,-0.0172493495486515,-0.0010212135210951,-0.0010212135210951
125,wave1,Somewhat Risk-Seeking,-0.0225654164190066,-0.0193559868616159,0.0002676838979866,0.0016310488302617,0.0162761251700757,0.0134899184535791,0.0183509172355346,0.0150126113861315,0.0165166176116465,0.0137690878424603,-0.0020086049696416,-0.0014135491001273
1510,wave1,Risk-Neutral,0.0181923730377865,0.0181923730377865,-0.0039656081189519,-0.0039656081189519,-0.0233537474472956,-0.0233537474472956,-0.0265275761291854,-0.0265275761291854,-0.0239369777855361,-0.0239369777855361,-0.00304175828593,-0.00304175828593
1396,wave1,Risk-Neutral,0.0273416367638327,0.025067071171523,-0.0063894526973656,-0.0078592540847386,-0.0296419927183327,-0.0275989270818606,-0.0339252249777535,-0.0312286618783003,-0.0304489588487838,-0.0283061831197972,-0.0028944494623686,-0.0034609933743844
240,wave1,Somewhat Risk-Averse,0.0089077960178748,0.0089077960178748,0.0020040037280019,0.0020040037280019,-0.0067072948427656,-0.0067072948427656,-0.008443687711755,-0.008443687711755,-0.0068298717933973,-0.0068298717933973,0.0014011301780857,0.0014011301780857
105,wave1,Risk-Neutral,-0.0026528483299233,-0.0026528483299233,0.0049931474741945,0.0049931474741945,0.0118857130025981,0.0118857130025981,0.0127663872417445,0.0127663872417445,0.0122402995973693,0.0122402995973693,0.0047418492133058,0.0047418492133058
568,wave1,Default,-0.0201924488168489,0.0004719977935904,-0.0028676694764874,-0.0052123477968843,0.0105531567259247,-0.0102201179241876,0.0117739810037919,-0.0122246137520425,0.0106184556036902,-0.0105117213389669,-0.0041697894811918,-0.0049866836010916
552,wave1,Extremely Risk-Seeking,0.0176563039834501,0.0176563039834501,0.0082810755977763,0.0082810755977763,0.0049425498715525,0.0049425498715525,0.0026280318876014,0.0026280318876014,0.0051170622563121,0.0051170622563121,0.0102945504058912,0.0102945504058912
1344,wave1,Default,-0.0178667891518116,-0.0182687179107936,0.0055839735975528,0.0056532031261628,0.0217397278289652,0.0223875158056391,0.0236862805522547,0.0245437018660969,0.0222668971540723,0.0228757238833537,0.0031508049118487,0.0032558565654989
629,wave1,Extremely Risk-Seeking,0.0114654722371948,-0.0155152195882909,4.938845685563093e-05,0.0058757532024807,-0.0032530443630863,0.0228259810425338,-0.0059182082255014,0.024617005255669,-0.0035287295281075,0.0234364208365099,0.0027556061939548,0.0043945922787207
725,wave1,Somewhat Risk-Seeking,-0.0228597897217744,-0.0176016257964749,0.0036700342324711,0.0070394437458338,0.0213836500688611,0.021580024344113,0.0235175142683315,0.0235755604789652,0.0218905600274976,0.0220550038125598,0.0007294863953811,0.003670538370544
1609,wave1,Somewhat Risk-Averse,-0.0188628798596512,-0.0188628798596512,0.001952311334471,0.001952311334471,0.0181210638117288,0.0181210638117288,0.0197148337669815,0.0197148337669815,0.0182904955210178,0.0182904955210178,0.0004025435503627,0.0004025435503627
1993,wave1,Extremely Risk-Seeking,-0.0105955814299267,-0.0188819348583004,0.0025832222457845,0.0056961551855751,0.0163531357067294,0.0229865796656871,0.017595900559323,0.0252012857240249,0.0166337548040959,0.0236031476406683,0.0027803803184179,0.0032654356603001
1164,wave1,Risk-Neutral,0.0260819784710786,0.0260819784710786,-0.0003316025940304,-0.0003316025940304,-0.0179279412435591,-0.0179279412435591,-0.0202165319572107,-0.0202165319572107,-0.0184014532036171,-0.0184014532036171,0.0026092902215238,0.0026092902215238
224,wave1,Risk-Neutral,0.0270368608433906,0.0247075640271099,0.0051676422727754,0.005253154184988,-0.0108938792452518,-0.0086187746674368,-0.0143053265275101,-0.0117009708052502,-0.0109968555560837,-0.0086308646778621,0.0071047348162095,0.007115128423845
1175,wave1,Somewhat Risk-Averse,0.0303225953386586,0.0279278707533005,-0.0017125407616385,-0.005950979163304,-0.0244711110184932,-0.0329441165098179,-0.0295899088219823,-0.0374527409317873,-0.0249857303773684,-0.0337956536599902,0.0013815542576601,-0.0036543265736498
1196,wave1,Somewhat Risk-Averse,0.0061550515626034,0.0304915792848042,0.0050624563850449,-0.0049249824245146,0.0031115068856608,-0.0339656243579253,0.0007964528770209,-0.0387797318128311,0.0030811557597008,-0.0347424896726804,0.0047761618794299,-0.0027983655325502
2312,wave1,Extremely Risk-Averse,0.0041785945352845,0.0259170292685366,0.0093131876036247,0.0019290008096135,0.0127974526636102,-0.0182004677395059,0.0112366358769721,-0.0225725704651765,0.0130119163636695,-0.0185585862855879,0.008762739112552,0.0032159804096158
524,wave1,Somewhat Risk-Averse,-0.014021083770453,0.0177957379231417,0.0033729956212209,0.0033701432057571,0.0130183437892554,-0.0110121959431867,0.013877165938801,-0.0138031971984614,0.0132036593607271,-0.0112408448732307,0.000788492790155,0.0033845706179189
626,wave1,Risk-Neutral,-0.0060841555442149,-0.0082092507090876,-0.0024586914200366,-0.0050174448237086,0.0022828428103358,0.00014568672814,0.0015508353465173,-0.0004822677973892,0.002002405353211,-8.439454109149842e-05,-0.002086438690412,-0.0043599311458047
573,wave1,Default,0.0183113137110277,0.0231711918282909,-0.0035391157298971,-0.0045952250786303,-0.016297874333259,-0.0169530660453067,-0.0190987501333929,-0.0203651040062234,-0.0169588226216949,-0.0174286887196518,-0.0005066903765546,0.0005441334809704
605,wave1,Extremely Risk-Averse,-0.0158981403485557,-0.0145086295423493,0.0050610383955353,0.0048537764733781,0.0158044555171633,0.0157556807269658,0.017297237466345,0.0172065344950905,0.0163136236120754,0.0162786976311864,0.0016536851046891,0.0020318705218876
1477,wave1,Risk-Neutral,0.0200992807769143,0.028838334324625,-0.0036625818685673,-0.0066987132867779,-0.0152080815649711,-0.0315192494295202,-0.0187412847294214,-0.0363656683081382,-0.0157725787936033,-0.0322127064157871,0.0004120496699352,-0.0031243404726315
1146,wave1,Extremely Risk-Seeking,-0.0029328286167434,-0.0116318163006596,0.0060758966500199,0.0083696749659327,0.014974100048505,0.0249506014026228,0.0147901644931529,0.0264115314334692,0.0153716861973535,0.0256192096160592,0.0060390333141761,0.0072287837372168
1696,wave1,Extremely Risk-Averse,0.0239839013253066,0.0119026351781662,0.0022062706222934,0.007766220255849,-0.0134712582953823,0.002615703391337,-0.0174592900908327,0.0005274279349808,-0.0138975606290817,0.0026014520956128,0.0042408915013733,0.0074279778694573
1853,wave1,Risk-Neutral,-0.0078700460655816,-0.0078700460655816,0.0093366985252905,0.0093366985252905,0.019659584026821,0.019659584026821,0.0210390048282083,0.0210390048282083,0.0203391077061129,0.0203391077061129,0.0070406641434571,0.0070406641434571
1136,wave1,Risk-Neutral,-0.0215436735552162,-0.0215436735552162,0.0067239092104419,0.0067239092104419,0.0224995716981537,0.0224995716981537,0.0248695264069432,0.0248695264069432,0.0229705076734926,0.0229705076734926,0.0025573685998568,0.0025573685998568
914,wave1,Somewhat Risk-Seeking,0.0056514602792632,0.0056514602792632,0.0003536224510897,0.0003536224510897,-0.0024804972039899,-0.0024804972039899,-0.0028713108443013,-0.0028713108443013,-0.0026982706334034,-0.0026982706334034,0.0011753681549391,0.0011753681549391
133,wave1,Risk-Neutral,-0.0096078285656171,-0.0070690092656765,0.0094682383889568,0.0066073152997917,0.0211251058913868,0.0117175158076745,0.022329300242211,0.0121886582619707,0.0219508660228795,0.0122690557988867,0.0069936472030074,0.0037501802103011
2281,wave1,Default,0.0134793746296122,0.0255089582552344,0.0023227619181621,0.0048937163678994,-0.0042200553940188,-0.0060368479320693,-0.0063903601620004,-0.0094030198052809,-0.0044174448070224,-0.005869824802634,0.0038616418879553,0.0081239325052392
2071,wave1,Somewhat Risk-Averse,-0.0027168829013873,0.0148031625634311,0.0069445946338667,0.0048332133875889,0.0148521332921403,-0.0013716276247771,0.01495223082443,-0.0039573902897183,0.0154096645342794,-0.0012275409857617,0.0063595878937641,0.0060890232004376
2140,wave1,Risk-Neutral,-0.0029238369253714,0.0090712921374695,0.0003311430606582,-3.508644014521818e-05,0.0038907980300522,-0.0093876443456051,0.0035097230112204,-0.0113636520555607,0.0042322964834531,-0.0093998956193303,0.000432764001472,-0.0001171968078173
728,wave1,Extremely Risk-Averse,-0.005030085076617,-0.0199179565084634,0.0002808296720423,0.0007017199311667,0.000240575839699,0.0163104905081868,-0.0002055413281687,0.0189456935560679,5.822459665536306e-05,0.0165252452841717,-0.0015039928941244,-0.0009696118022932
2145,wave1,Extremely Risk-Seeking,0.0045461428661594,0.0045461428661594,0.0058421856401907,0.0058421856401907,0.008128017567003,0.008128017567003,0.0064321827316474,0.0064321827316474,0.0081719444813541,0.0081719444813541,0.0061723187669814,0.0061723187669814
2052,wave1,Extremely Risk-Seeking,-0.0183945416709662,-0.0218832111236266,0.0037870485844066,0.0043376957295286,0.0192030356019271,0.021743882059981,0.0213469259086786,0.0244244438274352,0.0198071435739937,0.0224079379559441,0.0015304571222129,0.0013976440632017
243,wave1,Default,-0.0064676655779423,-0.0099524597513941,0.003337733288555,0.0031150044539375,0.005391718709867,0.0098539295569436,0.0057038384138931,0.0103004271050901,0.0056104888123149,0.0099832389547449,0.0007523358324235,0.0010041908569226
27,wave1,Risk-Neutral,-0.0081441981377419,0.0101679512481502,0.0032147658449556,0.005271646751627,0.0154938095961245,0.0001197799920048,0.0159979898491884,-0.0019046108783905,0.0158651310651857,8.387215740727755e-05,0.0035216481845012,0.0051864068106057
715,wave1,Extremely Risk-Averse,-0.0135245642697153,-0.0135245642697153,0.0087476829696079,0.0087476829696079,0.0235813685581527,0.0235813685581527,0.0258928520888361,0.0258928520888361,0.0243977721709807,0.0243977721709807,0.006266633738368,0.006266633738368
907,wave1,Somewhat Risk-Averse,-0.0085102409722147,0.0238990668665581,0.0052191193163072,-0.0008198979560936,0.0131804044863482,-0.0243056988531061,0.0132818415786188,-0.0276523495013472,0.0135575376573374,-0.0248254826437148,0.0032952422268508,-0.0004085898896504
1359,wave1,Somewhat Risk-Seeking,-0.0004000206288605,-0.014418416013262,0.0061780625664333,0.0017870792052389,0.0123346572764378,0.0172742513564178,0.0108281624109782,0.0173529738032605,0.0122041535324489,0.0173363167568237,0.0060374797855816,0.0015474905619459
1808,wave1,Extremely Risk-Seeking,0.0315724783048134,-0.0197627042555614,-0.0011377609686023,0.004549210796063,-0.026580547068681,0.0172503174588638,-0.0304716481789023,0.0188177596339239,-0.0273289169807139,0.0176862452757684,0.0012862169393972,0.0006765552237118
1028,wave1,Risk-Neutral,0.0211544910561671,0.018122915952899,-0.0048827043099312,-0.0075963019346257,-0.0257809497396904,-0.0230598363940973,-0.029567540298888,-0.0264487237404672,-0.0265788889838184,-0.0235462295471332,-0.0031686649045308,-0.0041756331710148
1403,wave1,Somewhat Risk-Averse,0.005509453459192,0.005509453459192,0.0034465052791438,0.0034465052791438,-0.0055338220541215,-0.0055338220541215,-0.0067824332553552,-0.0067824332553552,-0.0055873162996775,-0.0055873162996775,0.0011392906540572,0.0011392906540572
391,wave1,Somewhat Risk-Seeking,0.0040541075704671,-0.0155152892430407,0.013780003195024,0.0086664097786937,0.0169209042680594,0.0243945980748842,0.0170333535895529,0.0263345919507334,0.0175992081075345,0.024885400749048,0.0115836517447323,0.0058468356094463
1527,wave1,Default,0.0194453427114689,0.0194453427114689,-0.0016136121931804,-0.0016136121931804,-0.0192932853246752,-0.0192932853246752,-0.0212803344795934,-0.0212803344795934,-0.0198667405657085,-0.0198667405657085,-0.0004864904673625,-0.0004864904673625
1215,wave1,Extremely Risk-Averse,0.031985774850284,0.0297104002782098,-0.0049657384806184,-0.0059036866839644,-0.0343913957464746,-0.0349976877622091,-0.0390893069595791,-0.0395305594021765,-0.0352145382256903,-0.0358806249791687,-0.0024555731716233,-0.0037289847954281
591,wave1,Extremely Risk-Averse,0.006549925384423,0.006549925384423,0.0014036689033463,0.0014036689033463,-0.0084284759805934,-0.0084284759805934,-0.00991355582194,-0.00991355582194,-0.0085565492174799,-0.0085565492174799,-0.0001592568833052,-0.0001592568833052
2149,wave1,Default,-0.0066056201857642,-0.0011658596797753,-0.0043753686263351,-0.0017891590026306,-0.003553914902593,-0.0035418386370308,-0.0039427147282763,-0.00430041895689,-0.0036941432014788,-0.0037407289434523,-0.0048452574235649,-0.0021658512027205
697,wave1,Default,-0.0166911254591614,-0.0172920421171382,0.0059545259512011,0.0062472448494652,0.022081861326076,0.0241229591786097,0.0234429650884324,0.0259051283876937,0.0224626221036858,0.0246026071716552,0.0037804143758627,0.004358223396404
2344,wave1,Somewhat Risk-Averse,0.0280217607118972,-0.0014869831297694,-0.0081770302842954,0.0034287202691487,-0.0362768367324108,0.008117379099442,-0.0411589594262203,0.0075113008841174,-0.0370899721254709,0.0080038424863023,-0.0054757043653621,0.0033529920868885
49,wave1,Somewhat Risk-Seeking,-0.0083785033133244,-0.0152125435704248,0.0067092933461456,0.006907674475265,0.0165429495454072,0.0249181063739106,0.0168117699234984,0.0270898534208149,0.01730202968077,0.0257201560598954,0.0049568334269269,0.0055369011672804
2233,wave1,Somewhat Risk-Averse,0.0016338759983833,0.0129840119349685,0.0070658739464781,0.003557224827383,0.0050936415661161,-0.0092912805785765,0.0040247611177259,-0.0122545574633288,0.0055457244422464,-0.0091752064379462,0.0045962755446932,0.00241594887213
1376,wave1,Somewhat Risk-Seeking,-0.0024169792278174,-0.0024169792278174,0.0087020575998263,0.0087020575998263,0.0157668477650543,0.0157668477650543,0.0157307641456971,0.0157307641456971,0.0162952796820291,0.0162952796820291,0.007349808867171,0.007349808867171
881,wave1,Somewhat Risk-Seeking,0.0132459397373678,-0.0172034455749602,0.0034814442988233,0.0071584759650397,-0.0063459217168685,0.0233093900067936,-0.0084816397564252,0.0254646844606735,-0.0064900444163777,0.0239258362781576,0.0034604745193925,0.0044197860411488
1371,wave1,Extremely Risk-Seeking,0.0343732115398838,0.0048732312157675,0.0037328446194647,0.0057529801150679,-0.0196272012582872,-0.0007641449563541,-0.0243083711594474,-0.0022212127876537,-0.0199115432364173,-0.0005552435190943,0.006161114461686,0.0032858353443152
874,wave1,Extremely Risk-Seeking,-0.0104938127912298,-0.0175872268368415,0.0028739845119167,0.0064891057040993,0.0085064969927701,0.0219173756432799,0.0085734055907172,0.0238922190723358,0.0083267187773498,0.0222861917980206,0.0002939665779706,0.0036046409275566
2040,wave1,Somewhat Risk-Seeking,0.0017701273933831,-0.0197624390800678,-0.0031207856372857,0.0005102535624698,0.0018038860418206,0.0136748512429703,0.0020080047786176,0.0152174655244027,0.0020218039102496,0.0139131962240612,0.0001530931099327,-0.0018605721924389
2093,wave1,Extremely Risk-Averse,0.0300467074410297,0.0300467074410297,-0.0027849430998823,-0.0027849430998823,-0.0272451041704003,-0.0272451041704003,-0.031451686966264,-0.031451686966264,-0.0279217378460517,-0.0279217378460517,7.273794990147446e-06,7.273794990147446e-06
465,wave1,Risk-Neutral,0.0016344470309146,0.0027101517903933,0.0089568791579898,0.0088120796086941,0.013269829844238,0.0125869738598067,0.0131176369215239,0.0124449338835715,0.013508389813159,0.0127969023869632,0.0079531002063946,0.0080359235298724
497,wave1,Default,-0.0140833227161172,-0.0140833227161172,0.0029380874168962,0.0029380874168962,0.0117310273366521,0.0117310273366521,0.0132453803883447,0.0132453803883447,0.0121303525445549,0.0121303525445549,0.0001935729992807,0.0001935729992807
2023,wave1,Somewhat Risk-Seeking,0.0039325465012743,-0.0088798072236494,-0.003408494040945,0.0082225868410883,0.002042637415216,0.0230716242541091,0.0021138068232657,0.0248998697375494,0.0022902162109185,0.0240894936127405,0.0008581921804629,0.0074710048752567
1432,wave1,Somewhat Risk-Seeking,0.0208955779479351,0.0144520864091124,-0.0009168460953004,0.001827911702864,-0.0217893215987099,-0.0125379987360164,-0.025625827699965,-0.0161019940915573,-0.0222518521143476,-0.0127332795024015,-0.0006033367487862,0.0012469751853831
884,wave1,Extremely Risk-Averse,-0.0235370413528689,-0.0235370413528689,0.0032064997244264,0.0032064997244264,0.0198312054132333,0.0198312054132333,0.022306893478353,0.022306893478353,0.0201461348497128,0.0201461348497128,-0.0001685249026834,-0.0001685249026834
329,wave1,Somewhat Risk-Seeking,-0.0079061023206732,-0.0079061023206732,0.0068882444811574,0.0068882444811574,0.0150428723325294,0.0150428723325294,0.0157778587863996,0.0157778587863996,0.0155890096943966,0.0155890096943966,0.0046736403182732,0.0046736403182732
1662,wave1,Somewhat Risk-Averse,-0.0131681500871651,0.0188070021984527,0.0040137236455733,0.0022752350124976,0.0138307522120441,-0.0112493831557214,0.015393098659029,-0.014719278826238,0.0140866488324564,-0.0115093886273339,0.001557261725135,0.0032782360103985
421,wave1,Risk-Neutral,-0.0211447406548522,-0.0064001904197338,0.0016907739247459,-0.0020702557344933,0.0201309982186971,0.0033345812326979,0.0211123913714073,0.0016920572555816,0.0204598358858094,0.0031625916891174,0.000224773897289,-0.0017117340732508
1431,wave1,Somewhat Risk-Averse,-0.0183404384417401,-0.0183404384417401,0.0082762316955365,0.0082762316955365,0.0261626447500177,0.0261626447500177,0.0292252797538402,0.0292252797538402,0.0270471541858341,0.0270471541858341,0.0053643518670579,0.0053643518670579
664,wave1,Somewhat Risk-Averse,-0.0168029582310455,0.0292295598247242,0.0013068596893907,-0.0055746117303722,0.01736301686213,-0.0303673808277584,0.018988994312861,-0.0347003378642176,0.01752285880869,-0.0310797579492379,0.0006218840639258,-0.0022354201584725
1311,wave1,Risk-Neutral,-0.0204385034973837,-0.0204385034973837,0.0055203267304651,0.0055203267304651,0.0199902842460923,0.0199902842460923,0.0219670137659378,0.0219670137659378,0.0204538722501454,0.0204538722501454,0.0016883414423566,0.0016883414423566
1411,wave1,Somewhat Risk-Averse,0.0192587017777638,0.0249317766188679,0.0027144608703835,0.0015698989321819,-0.0118191318305042,-0.0171275700376122,-0.0145697157637798,-0.0210715673564787,-0.0124849673185626,-0.0178626984303988,0.0033850901427093,0.0031256604092709
68,wave1,Somewhat Risk-Seeking,0.028214400444336,-0.0135602970024921,0.004139042902737,0.0065949756905353,-0.0140382547820706,0.0218849405454755,-0.0179788564174824,0.0229493912881128,-0.0144054318038766,0.0223778227071574,0.0061062749511489,0.0049722065534174
1125,wave1,Extremely Risk-Seeking,-0.018154475311273,-0.018154475311273,0.0056154688088853,0.0056154688088853,0.02056819842297,0.02056819842297,0.0222672010457983,0.0222672010457983,0.0209221835175057,0.0209221835175057,0.0026745853022356,0.0026745853022356
1533,wave1,Somewhat Risk-Averse,-0.0070310725699196,-0.0070310725699196,0.0016398836806063,0.0016398836806063,0.0042271496860617,0.0042271496860617,0.0048116165136369,0.0048116165136369,0.0044626209702756,0.0044626209702756,-0.0003892633123549,-0.0003892633123549
1101,wave1,Extremely Risk-Averse,-0.0130766895050039,-0.0130766895050039,0.0041046197589927,0.0041046197589927,0.0107528162794714,0.0107528162794714,0.0109379790432305,0.0109379790432305,0.0109867230929589,0.0109867230929589,0.0005914175430597,0.0005914175430597
46,wave1,Extremely Risk-Averse,-0.0013325481568233,0.0305315500885604,0.0062680373884199,-0.0020302985711612,0.0123129540680787,-0.0302520509663,0.0113641184007102,-0.0352855716287923,0.0127914447925386,-0.030841535153748,0.0057491613981109,-0.0005827078935167
989,wave1,Default,-0.0131211885639845,-0.0120464460002218,0.000936219688159,-0.001016062537174,0.0125225835847002,0.0080605791010896,0.0130573973331412,0.008316464783854,0.0129043074082083,0.0082300157923591,0.0001120304178872,-0.0016677113209028
2171,wave1,Extremely Risk-Averse,0.0260491589378277,0.0302098873388036,-6.065988170482137e-05,-0.0063785872721167,-0.0208195262688785,-0.0356773486523731,-0.0243784613489,-0.0404644399466667,-0.021464833464311,-0.036554111300146,0.0017240905904938,-0.0039471847703971
1722,wave1,Somewhat Risk-Seeking,-0.0118226920466903,-0.0118226920466903,-3.0286150783464217e-05,-3.0286150783464217e-05,0.0136561105584357,0.0136561105584357,0.0142954404784993,0.0142954404784993,0.0139405680859223,0.0139405680859223,0.0006014333498342,0.0006014333498342
962,wave1,Default,-0.0130298355368189,-0.005224015733104,-0.0015455083566362,0.0056787192333757,0.010519357974997,0.0197882766219225,0.0114411325668622,0.0212856835180894,0.0107217173624453,0.020509685796417,-0.0013518760009427,0.0067483190671231
145,wave1,Extremely Risk-Averse,0.0071532400584489,0.0071532400584489,0.0033393043757655,0.0033393043757655,-0.0021016008285049,-0.0021016008285049,-0.0043372278224889,-0.0043372278224889,-0.0022933743783471,-0.0022933743783471,0.0027966468472953,0.0027966468472953
2189,wave1,Somewhat Risk-Averse,-0.0041647225670258,0.0309249875343863,0.0079476796881332,-0.0062686107195437,0.0186291993057709,-0.0350306556525162,0.0198622780226924,-0.039895505136486,0.0194556368253336,-0.0358556782498983,0.0074704247516973,-0.003456360197572
2254,wave1,Risk-Neutral,-0.0068331058257027,-0.0029088002073519,0.0038386343510909,0.0038702748654382,0.0127143289305144,0.0070111105495763,0.0134799543402994,0.0069462365912743,0.0127819785048308,0.0069263525386943,0.0032395833842739,0.0026567807166954
1138,wave1,Default,0.0171584365270857,0.0097045447057274,0.0052863575955325,0.006217064180577,-0.0071453764409394,-0.0005624441370426,-0.0097802262954036,-0.0025091944406388,-0.0071676834842934,-0.0003406474485165,0.0050996908805133,0.005119045046344
1338,wave1,Somewhat Risk-Averse,-0.0143712251787472,0.0304915792848042,0.0091893847600234,-0.0049249824245146,0.0159633414739218,-0.0339656243579253,0.016810597115836,-0.0387797318128311,0.0163879806290382,-0.0347424896726804,0.0035903839001862,-0.0027983655325502
1385,wave1,Extremely Risk-Seeking,-0.013670082936919,-0.013670082936919,0.0056162401049762,0.0056162401049762,0.0185224866841841,0.0185224866841841,0.0202805765406554,0.0202805765406554,0.0191005451124587,0.0191005451124587,0.0034882367965213,0.0034882367965213
556,wave1,Somewhat Risk-Seeking,-3.303601668614221e-05,-3.303601668614221e-05,0.0080456537329999,0.0080456537329999,0.0122055565379934,0.0122055565379934,0.0119101385860932,0.0119101385860932,0.012746815319806,0.012746815319806,0.0067385860775876,0.0067385860775876
1664,wave1,Default,-0.004908488228493,-0.004908488228493,0.0073010536868241,0.0073010536868241,0.0167369616921144,0.0167369616921144,0.0182451155900337,0.0182451155900337,0.0175878285878957,0.0175878285878957,0.0063759390472898,0.0063759390472898
1582,wave1,Somewhat Risk-Seeking,-0.0149776252066785,-0.0197189503067037,0.0039686819623547,0.0055499884532297,0.0135549666317015,0.0208825956464981,0.0153607078263811,0.022961241608763,0.0137502787548429,0.0212649026014645,0.0008467509066639,0.0022358359393174
431,wave1,Risk-Neutral,-0.0130204769477361,-0.0130204769477361,0.0056330324407649,0.0056330324407649,0.0227575981987321,0.0227575981987321,0.024960290708957,0.024960290708957,0.0234690604150356,0.0234690604150356,0.0051230703543784,0.0051230703543784
2047,wave1,Risk-Neutral,0.0256748515724893,0.0330783150337014,-0.0013957170399728,-0.00210828880411,-0.0223685438297249,-0.0306930299899903,-0.0245680529553373,-0.0360693885104226,-0.0229735139872286,-0.0315786311781043,0.0006381166999076,9.368881284109236e-05
1228,wave1,Extremely Risk-Seeking,0.0277875357062006,-0.0053371923339419,-1.1926530278602924e-06,0.0093355615880567,-0.0203945162461245,0.0147271469579289,-0.0232092631122295,0.0158385162052321,-0.0208170132725448,0.0152186589507022,0.0024654620809285,0.0062399313866384
2204,wave1,Extremely Risk-Averse,0.014274119456485,0.0294873878417978,0.0080895641903494,0.0003535337935638,0.004032315723746,-0.020006475760208,0.001968308312585,-0.0247518438962215,0.0043709977921382,-0.0202797155763383,0.008799103634583,0.0032799517168092
1963,wave1,Default,-0.0164195807997813,-0.0122623251332775,0.0049237720494253,0.0035962631545482,0.0207596134413159,0.0162557481131855,0.0226077970096864,0.017280079328409,0.021334786813299,0.0166880614739497,0.0030868030615042,0.0025292379380926
2226,wave1,Default,-0.0073516556703818,-0.0073516556703818,0.0072094311136226,0.0072094311136226,0.0151386524755465,0.0151386524755465,0.0154574259993348,0.0154574259993348,0.0152833466922125,0.0152833466922125,0.0049974464074909,0.0049974464074909
2042,wave1,Somewhat Risk-Averse,-0.0117767280679886,0.0308386100620011,0.0091505407521454,-0.0043572155519887,0.0258339128667884,-0.0315666537807093,0.0278453479343665,-0.0363441625216495,0.0266881114466246,-0.0322582129525479,0.007735036363939,-0.0016934451602312
541,wave1,Risk-Neutral,0.0228885478861229,0.0228885478861229,0.0003595987090578,0.0003595987090578,-0.0159055445452067,-0.0159055445452067,-0.0192336653238618,-0.0192336653238618,-0.0162881209152019,-0.0162881209152019,0.0024488212764037,0.0024488212764037
1592,wave1,Somewhat Risk-Seeking,-0.0162993248505528,-0.0210058648678047,0.0062104131597611,0.0068379609628867,0.0201123137641088,0.0230506592931566,0.0218395267207666,0.0252178123912384,0.0204488981775781,0.0234238973784021,0.0033393650484,0.0029585281776042
1443,wave1,Somewhat Risk-Seeking,0.0162181642894226,-0.0177167301508315,0.0005344521117135,0.0051332762574918,-0.0093316780951718,0.0210075785893826,-0.0117920135820455,0.0227189213055973,-0.009741505913827,0.0212887318259932,0.0024748416593187,0.0028066080051181
2213,wave1,Extremely Risk-Averse,-0.0161236913955517,-0.0161236913955517,0.0029913188502877,0.0029913188502877,0.0123835031067749,0.0123835031067749,0.0138464973276717,0.0138464973276717,0.0126166143779775,0.0126166143779775,-0.000251621260834,-0.000251621260834
941,wave1,Default,0.0221900649902265,0.0221900649902265,0.0064667044523568,0.0064667044523568,-0.007493314552648,-0.007493314552648,-0.0106186535775283,-0.0106186535775283,-0.0074811315775735,-0.0074811315775735,0.0070548473434048,0.0070548473434048
1079,wave1,Extremely Risk-Averse,-0.0109564183815022,0.0292764443934223,0.009393024384022,-0.0061666013014327,0.0220199426811524,-0.0341890602566866,0.0235486517166042,-0.0388902402572481,0.0224343938672897,-0.0349780276620495,0.0068172625237254,-0.0036915474012328
1801,wave1,Somewhat Risk-Seeking,0.023956775737422,0.023956775737422,0.0036986457266368,0.0036986457266368,-0.0130978415326494,-0.0130978415326494,-0.01584414935994,-0.01584414935994,-0.0132762680794746,-0.0132762680794746,0.0048532380377101,0.0048532380377101
1142,wave1,Somewhat Risk-Seeking,-0.0034279821629692,-0.0128436027082456,0.0009650183569453,0.0021172793061041,-1.7972170446453253e-05,0.0079403703601016,-0.0010095543415467,0.0086772303143292,0.0001788604027031,0.0081305754347646,-0.0008280834658615,-0.0009305288995373
225,wave1,Risk-Neutral,-0.0159325587619482,0.0315907244653533,0.0010018680545066,-0.0038693418751997,0.0152251613865487,-0.0267969823489554,0.0166827980640852,-0.0317162525700779,0.0153336192057184,-0.0274543355916159,9.759973448979114e-05,0.0003107089225421
792,wave1,Somewhat Risk-Seeking,-0.0110462755779146,-0.0126472653138055,0.0089368790692833,0.0075757434806337,0.0211384158584271,0.0249060164809441,0.0223457860596468,0.0265390844749392,0.0218527597245104,0.0256013769856985,0.0063414072682924,0.0066109037367227
1924,wave1,Somewhat Risk-Averse,0.0083264468766451,0.0083264468766451,-0.0009321656087132,-0.0009321656087132,-0.0104560006858519,-0.0104560006858519,-0.0131627070837567,-0.0131627070837567,-0.0109689219156014,-0.0109689219156014,-0.0010206276445659,-0.0010206276445659
699,wave1,Risk-Neutral,-0.0152231984106846,-0.0152231984106846,0.0037966325981592,0.0037966325981592,0.0197217256822769,0.0197217256822769,0.0209628919890225,0.0209628919890225,0.0203388770164736,0.0203388770164736,0.0027644172977419,0.0027644172977419
1365,wave1,Default,0.0279206967481717,0.0279206967481717,-0.0065851480122503,-0.0065851480122503,-0.0323845386354949,-0.0323845386354949,-0.0371629978149993,-0.0371629978149993,-0.0331717328985249,-0.0331717328985249,-0.003681207390664,-0.003681207390664
767,wave1,Risk-Neutral,0.0217862751063794,0.0217862751063794,-0.0017339043235399,-0.0017339043235399,-0.0211809566528292,-0.0211809566528292,-0.0229578705291319,-0.0229578705291319,-0.0218398634939257,-0.0218398634939257,-0.0003753582314062,-0.0003753582314062
1752,wave1,Default,-0.0075523290249676,-0.0075523290249676,0.0014159659487897,0.0014159659487897,0.0086019186155855,0.0086019186155855,0.0088893303915268,0.0088893303915268,0.0086142176091818,0.0086142176091818,0.0008214855615726,0.0008214855615726
1274,wave1,Default,-0.0094042802444267,-0.0094042802444267,-0.004985989046332,-0.004985989046332,0.0035558231536029,0.0035558231536029,0.0024462712677775,0.0024462712677775,0.0032267139736176,0.0032267139736176,-0.0036106346307984,-0.0036106346307984
1629,wave1,Somewhat Risk-Seeking,-0.000714477846495,-0.000714477846495,0.004052619961036,0.004052619961036,0.0006182239519216,0.0006182239519216,0.0002225170370775,0.0002225170370775,0.0005480225722229,0.0005480225722229,0.0013171032194791,0.0013171032194791
1061,wave3,Somewhat Risk-Averse,-0.0026619187795606,-0.0026619187795606,0.0079658096788214,0.0079658096788214,0.0065587462704167,0.0065587462704167,0.0060642711555375,0.0060642711555375,0.0069279765876954,0.0069279765876954,0.0039517391486539,0.0039517391486539
24,wave3,Somewhat Risk-Averse,-0.0014869831297694,-0.0014869831297694,0.0034287202691487,0.0034287202691487,0.008117379099442,0.008117379099442,0.0075113008841174,0.0075113008841174,0.0080038424863023,0.0080038424863023,0.0033529920868885,0.0033529920868885
693,wave3,Extremely Risk-Averse,-0.0110443123528774,,-0.0016706867469304,,0.0051927425111005,,0.0059476344610872,,0.0053871793546581,,-0.0025079347273389,
484,wave1,Extremely Risk-Averse,-0.0143802697346147,-0.0143802697346147,0.0062389696274593,0.0062389696274593,0.0217969423557416,0.0217969423557416,0.0236249067858016,0.0236249067858016,0.022605145135631,0.022605145135631,0.0045508406207507,0.0045508406207507
148,wave1,Somewhat Risk-Seeking,-0.0013595793185354,-0.0013595793185354,0.0097561178712261,0.0097561178712261,0.0166280663526363,0.0166280663526363,0.0169274769232877,0.0169274769232877,0.0171191329366876,0.0171191329366876,0.0083406628458142,0.0083406628458142
268,wave1,Risk-Neutral,0.0289070376822686,0.0289070376822686,-0.0034100362716066,-0.0034100362716066,-0.0318305693816898,-0.0318305693816898,-0.0367313756396024,-0.0367313756396024,-0.0326245878438198,-0.0326245878438198,-0.002110388554904,-0.002110388554904
876,wave1,Risk-Neutral,-0.0099084157484823,-0.0099084157484823,0.0034440800997836,0.0034440800997836,0.0145955790066113,0.0145955790066113,0.0157951451394695,0.0157951451394695,0.0151985257432024,0.0151985257432024,0.0027099621310301,0.0027099621310301
934,wave1,Somewhat Risk-Seeking,0.0292391741623734,0.0292391741623734,-0.0009441716247849,-0.0009441716247849,-0.0267804994853984,-0.0267804994853984,-0.0314459136361553,-0.0314459136361553,-0.0274675915894512,-0.0274675915894512,0.0005057276959677,0.0005057276959677
1267,wave1,Extremely Risk-Averse,0.0028527116377201,0.0028527116377201,0.0021958504461063,0.0021958504461063,-0.0001996612551988,-0.0001996612551988,-0.0015504602179777,-0.0015504602179777,-0.0007212658170289,-0.0007212658170289,0.0016159429703091,0.0016159429703091
1842,wave1,Somewhat Risk-Seeking,0.013797768604172,0.013797768604172,0.0087386595097333,0.0087386595097333,0.0058052037829693,0.0058052037829693,0.0050996240783872,0.0050996240783872,0.0061043112206088,0.0061043112206088,0.0094476474702216,0.0094476474702216
464,wave1,Extremely Risk-Averse,0.0248358362887488,0.0248358362887488,-0.0010302968369146,-0.0010302968369146,-0.0199554116792059,-0.0199554116792059,-0.0221177598382783,-0.0221177598382783,-0.0205212108594508,-0.0205212108594508,0.0012848023562446,0.0012848023562446
1217,wave1,Extremely Risk-Seeking,0.0194573524019583,0.0194573524019583,-0.0039983584686305,-0.0039983584686305,-0.0219844578922578,-0.0219844578922578,-0.0263494393311164,-0.0263494393311164,-0.0225723897481243,-0.0225723897481243,-0.0021740306062346,-0.0021740306062346
63,wave1,Somewhat Risk-Seeking,0.0256162531439817,0.0256162531439817,-0.0072716934757699,-0.0072716934757699,-0.0311898287320101,-0.0311898287320101,-0.0359592667886282,-0.0359592667886282,-0.0318872830400869,-0.0318872830400869,-0.0042799129901597,-0.0042799129901597
2167,wave1,Somewhat Risk-Seeking,0.0096604824266647,0.0096604824266647,0.0074886949885836,0.0074886949885836,0.0051819876174306,0.0051819876174306,0.0038760856117225,0.0038760856117225,0.0056937283691704,0.0056937283691704,0.0074436939504875,0.0074436939504875
306,wave1,Default,-0.0087653105714947,-0.0087653105714947,0.0040531962469311,0.0040531962469311,0.008857195595087,0.008857195595087,0.0098855567675631,0.0098855567675631,0.0089775772139802,0.0089775772139802,0.0013800467146154,0.0013800467146154
310,wave1,Extremely Risk-Averse,-0.0011390252521437,-0.0011390252521437,0.0028091387250656,0.0028091387250656,0.0016444060877966,0.0016444060877966,0.0010943514795196,0.0010943514795196,0.0013933574011336,0.0013933574011336,0.0011037891144412,0.0011037891144412
1347,wave1,Default,-0.0039430904085349,-0.0039430904085349,0.0051746197499145,0.0051746197499145,0.0079554395103243,0.0079554395103243,0.0064845117983134,0.0064845117983134,0.008184374840609,0.008184374840609,0.0030610206714068,0.0030610206714068
138,wave1,Somewhat Risk-Averse,0.0300163178059765,0.0300163178059765,-0.0036366249457408,-0.0036366249457408,-0.0279997642990095,-0.0279997642990095,-0.0330978380163492,-0.0330978380163492,-0.0284324586899418,-0.0284324586899418,-0.0005381146876886,-0.0005381146876886
