participantId,wave,dual_condition,pre_w_SHY,post_w_SHY,pre_w_IEF,post_w_IEF,pre_w_LQD,post_w_LQD,pre_w_GLD,post_w_GLD,pre_w_VNQ,post_w_VNQ,pre_w_SPY,post_w_SPY,pre_w_XLF,post_w_XLF,pre_w_XLE,post_w_XLE,pre_w_XLI,post_w_XLI,pre_w_XLP,post_w_XLP,pre_w_XLU,post_w_XLU,pre_w_AAPL,post_w_AAPL,pre_w_MSFT,post_w_MSFT,pre_w_AMZN,post_w_AMZN,pre_w_GOOGL,post_w_GOOGL,pre_w_NVDA,post_w_NVDA,pre_w_TSLA,post_w_TSLA,pre_w_SHOP,post_w_SHOP,pre_w_SNOW,post_w_SNOW,pre_w_PLTR,post_w_PLTR,pre_w_DKNG,post_w_DKNG,pre_w_RIVN,post_w_RIVN,pre_w_CRSP,post_w_CRSP,pre_w_BTC,post_w_BTC,pre_w_ETH,post_w_ETH
1269,wave3,dual_nonbiased,5.0,10.0,0.0,10.0,0.0,0.0,10.0,10.0,0.0,0.0,20.0,15.0,0.0,10.0,15.0,10.0,0.0,0.0,5.0,10.0,0.0,0.0,0.0,0.0,10.0,10.0,10.0,0.0,5.0,0.0,15.0,10.0,0.0,0.0,0.0,0.0,0.0,0.0,0.0,0.0,0.0,0.0,0.0,0.0,0.0,0.0,5.0,5.0,0.0,0.0
879,wave3,dual_opposition,0.0,0.0,0.0,0.0,0.0,0.0,0.0,0.0,0.0,0.0,0.0,0.0,0.0,0.0,0.0,0.0,0.0,0.0,0.0,0.0,0.0,0.0,20.0,0.0,20.0,0.0,20.0,0.0,20.0,0.0,0.0,30.0,20.0,15.0,0.0,0.0,0.0,0.0,0.0,10.0,0.0,0.0,0.0,0.0,0.0,5.0,0.0,25.0,0.0,15.0
1063,wave3,dual_balanced,0.0,20.0,0.0,20.0,0.0,0.0,0.0,15.0,0.0,0.0,0.0,25.0,0.0,0.0,10.0,0.0,0.0,0.0,0.0,10.0,20.0,10.0,0.0,0.0,0.0,0.0,20.0,0.0,0.0,0.0,0.0,0.0,20.0,0.0,0.0,0.0,0.0,0.0,0.0,0.0,30.0,0.0,0.0,0.0,0.0,0.0,0.0,0.0,0.0,0.0
620,wave3,dual_opposition,10.0,10.0,0.0,10.0,0.0,0.0,10.0,10.0,0.0,0.0,40.0,40.0,0.0,0.0,10.0,10.0,0.0,0.0,0.0,0.0,0.0,0.0,0.0,0.0,0.0,0.0,0.0,0.0,0.0,0.0,10.0,10.0,0.0,0.0,0.0,0.0,0.0,0.0,10.0,0.0,0.0,0.0,0.0,0.0,0.0,0.0,10.0,10.0,0.0,0.0
1430,wave3,dual_balanced,0.0,0.0,0.0,0.0,0.0,0.0,0.0,0.0,0.0,0.0,30.0,30.0,0.0,0.0,0.0,0.0,10.0,5.0,0.0,0.0,0.0,0.0,10.0,15.0,5.0,5.0,5.0,5.0,5.0,0.0,20.0,20.0,15.0,15.0,0.0,0.0,0.0,0.0,0.0,0.0,0.0,5.0,0.0,0.0,0.0,0.0,0.0,0.0,0.0,0.0
1253,wave3,dual_nonbiased,0.0,0.0,0.0,0.0,0.0,0.0,0.0,0.0,15.0,15.0,0.0,0.0,0.0,0.0,6.0,6.0,0.0,0.0,0.0,0.0,9.0,9.0,10.0,10.0,10.0,10.0,0.0,0.0,6.0,6.0,9.0,9.0,0.0,0.0,10.0,10.0,0.0,0.0,10.0,10.0,0.0,0.0,0.0,0.0,0.0,0.0,0.0,0.0,15.0,15.0
1402,wave3,dual_balanced,15.0,0.0,5.0,0.0,15.0,0.0,25.0,0.0,25.0,0.0,5.0,15.0,0.0,0.0,0.0,0.0,0.0,0.0,0.0,0.0,0.0,0.0,0.0,20.0,0.0,20.0,5.0,0.0,0.0,0.0,0.0,25.0,5.0,0.0,0.0,0.0,0.0,0.0,0.0,0.0,0.0,0.0,0.0,0.0,0.0,0.0,0.0,20.0,0.0,0.0
1292,wave3,dual_opposition,0.0,5.0,0.0,0.0,0.0,0.0,0.0,5.0,0.0,0.0,0.0,5.0,0.0,0.0,0.0,0.0,0.0,0.0,0.0,0.0,0.0,0.0,0.0,0.0,0.0,0.0,0.0,0.0,0.0,0.0,25.0,25.0,10.0,10.0,10.0,10.0,0.0,0.0,20.0,10.0,0.0,0.0,0.0,0.0,0.0,0.0,20.0,15.0,15.0,15.0
590,wave3,dual_opposition,5.0,0.0,10.0,0.0,5.0,0.0,0.0,0.0,20.0,15.0,0.0,0.0,5.0,10.0,0.0,0.0,20.0,10.0,15.0,0.0,15.0,0.0,0.0,0.0,0.0,0.0,0.0,0.0,0.0,0.0,0.0,25.0,0.0,0.0,0.0,0.0,0.0,0.0,0.0,0.0,5.0,25.0,0.0,0.0,0.0,0.0,0.0,15.0,0.0,0.0
1590,wave3,dual_opposition,0.0,0.0,15.0,25.0,0.0,0.0,0.0,10.0,20.0,10.0,0.0,0.0,0.0,0.0,0.0,0.0,0.0,0.0,15.0,15.0,0.0,0.0,0.0,0.0,0.0,0.0,10.0,10.0,5.0,15.0,15.0,10.0,0.0,0.0,5.0,5.0,0.0,0.0,0.0,0.0,0.0,0.0,0.0,0.0,15.0,0.0,0.0,0.0,0.0,0.0
2375,wave3,dual_balanced,10.0,30.0,10.0,10.0,0.0,10.0,10.0,10.0,0.0,0.0,0.0,5.0,0.0,0.0,15.0,0.0,0.0,0.0,0.0,10.0,15.0,0.0,0.0,0.0,0.0,0.0,20.0,0.0,0.0,0.0,0.0,15.0,0.0,0.0,10.0,0.0,0.0,0.0,0.0,0.0,0.0,0.0,0.0,0.0,0.0,0.0,0.0,0.0,10.0,10.0
1878,wave3,dual_opposition,0.0,0.0,0.0,0.0,0.0,0.0,25.0,0.0,0.0,0.0,0.0,0.0,0.0,0.0,0.0,0.0,0.0,0.0,0.0,0.0,0.0,0.0,30.0,30.0,5.0,5.0,0.0,0.0,0.0,0.0,25.0,25.0,0.0,0.0,0.0,0.0,0.0,25.0,15.0,15.0,0.0,0.0,0.0,0.0,0.0,0.0,0.0,0.0,0.0,0.0
654,wave3,dual_balanced,0.0,0.0,0.0,0.0,0.0,0.0,0.0,0.0,0.0,0.0,5.0,0.0,5.0,0.0,10.0,0.0,0.0,0.0,0.0,0.0,0.0,0.0,20.0,0.0,20.0,0.0,20.0,0.0,0.0,0.0,0.0,25.0,10.0,15.0,10.0,0.0,0.0,0.0,0.0,10.0,0.0,0.0,0.0,0.0,0.0,5.0,0.0,30.0,0.0,15.0
1519,wave3,dual_opposition,0.0,0.0,0.0,0.0,30.0,30.0,25.0,17.0,0.0,0.0,0.0,0.0,0.0,0.0,10.0,18.0,0.0,0.0,10.0,15.0,0.0,0.0,0.0,0.0,0.0,0.0,0.0,0.0,0.0,0.0,25.0,20.0,0.0,0.0,0.0,0.0,0.0,0.0,0.0,0.0,0.0,0.0,0.0,0.0,0.0,0.0,0.0,0.0,0.0,0.0
2201,wave3,dual_nonbiased,0.0,0.0,0.0,0.0,10.0,10.0,0.0,0.0,10.0,10.0,0.0,20.0,0.0,0.0,0.0,0.0,10.0,10.0,0.0,0.0,10.0,10.0,25.0,15.0,0.0,0.0,25.0,15.0,0.0,0.0,10.0,10.0,0.0,0.0,0.0,0.0,0.0,0.0,0.0,0.0,0.0,0.0,0.0,0.0,0.0,0.0,0.0,0.0,0.0,0.0
842,wave3,dual_opposition,0.0,0.0,0.0,0.0,0.0,0.0,6.0,6.0,0.0,0.0,0.0,0.0,0.0,0.0,0.0,0.0,0.0,0.0,0.0,0.0,0.0,0.0,0.0,0.0,0.0,0.0,0.0,0.0,0.0,0.0,19.0,19.0,20.0,20.0,20.0,20.0,15.0,15.0,20.0,20.0,0.0,0.0,0.0,0.0,0.0,0.0,0.0,0.0,0.0,0.0
550,wave3,dual_opposition,0.0,0.0,0.0,20.0,0.0,0.0,0.0,10.0,40.0,10.0,0.0,30.0,0.0,0.0,0.0,0.0,0.0,0.0,20.0,10.0,20.0,0.0,0.0,0.0,0.0,15.0,0.0,0.0,0.0,0.0,0.0,0.0,0.0,0.0,10.0,5.0,0.0,0.0,0.0,0.0,0.0,0.0,0.0,0.0,10.0,0.0,0.0,0.0,0.0,0.0
1615,wave3,dual_nonbiased,0.0,0.0,0.0,0.0,5.0,5.0,0.0,15.0,5.0,5.0,5.0,5.0,0.0,0.0,0.0,5.0,5.0,5.0,0.0,0.0,5.0,5.0,5.0,5.0,5.0,5.0,0.0,0.0,0.0,0.0,5.0,5.0,5.0,5.0,0.0,0.0,0.0,0.0,5.0,5.0,0.0,0.0,5.0,5.0,5.0,5.0,35.0,15.0,5.0,5.0
1449,wave3,dual_opposition,5.0,5.0,5.0,5.0,0.0,0.0,10.0,10.0,0.0,0.0,35.0,35.0,0.0,0.0,0.0,0.0,0.0,0.0,0.0,0.0,0.0,0.0,10.0,10.0,10.0,10.0,0.0,0.0,0.0,0.0,15.0,15.0,0.0,0.0,0.0,0.0,0.0,0.0,10.0,10.0,0.0,0.0,0.0,0.0,0.0,0.0,0.0,0.0,0.0,0.0
402,wave3,dual_balanced,20.0,30.0,0.0,0.0,0.0,0.0,20.0,20.0,0.0,0.0,0.0,0.0,0.0,0.0,20.0,15.0,0.0,0.0,0.0,10.0,10.0,10.0,5.0,5.0,0.0,0.0,10.0,5.0,0.0,0.0,0.0,0.0,0.0,0.0,0.0,0.0,10.0,0.0,0.0,0.0,0.0,0.0,0.0,0.0,5.0,5.0,0.0,0.0,0.0,0.0
1497,wave3,dual_opposition,0.0,0.0,20.0,0.0,0.0,0.0,0.0,0.0,0.0,0.0,20.0,0.0,0.0,0.0,0.0,0.0,0.0,0.0,0.0,0.0,0.0,0.0,0.0,0.0,0.0,0.0,20.0,15.0,20.0,0.0,0.0,25.0,0.0,10.0,0.0,0.0,0.0,0.0,0.0,0.0,0.0,0.0,20.0,10.0,0.0,10.0,0.0,15.0,0.0,15.0
1961,wave3,dual_nonbiased,5.0,5.0,10.0,10.0,5.0,5.0,0.0,10.0,0.0,0.0,30.0,20.0,20.0,15.0,15.0,10.0,15.0,10.0,0.0,0.0,0.0,5.0,0.0,0.0,0.0,10.0,0.0,0.0,0.0,0.0,0.0,0.0,0.0,0.0,0.0,0.0,0.0,0.0,0.0,0.0,0.0,0.0,0.0,0.0,0.0,0.0,0.0,0.0,0.0,0.0
207,wave3,dual_opposition,10.0,10.0,0.0,0.0,0.0,0.0,15.0,5.0,0.0,0.0,0.0,0.0,0.0,0.0,0.0,0.0,0.0,0.0,0.0,0.0,0.0,0.0,0.0,0.0,25.0,5.0,20.0,10.0,0.0,0.0,0.0,25.0,0.0,0.0,30.0,15.0,0.0,0.0,0.0,0.0,0.0,0.0,0.0,0.0,0.0,0.0,0.0,20.0,0.0,10.0
64,wave3,dual_opposition,5.0,10.0,5.0,10.0,5.0,5.0,10.0,10.0,5.0,5.0,40.0,25.0,15.0,10.0,0.0,5.0,0.0,5.0,10.0,5.0,0.0,5.0,0.0,0.0,0.0,0.0,0.0,0.0,0.0,0.0,0.0,0.0,0.0,0.0,0.0,0.0,0.0,0.0,0.0,0.0,0.0,0.0,0.0,0.0,0.0,0.0,5.0,5.0,0.0,0.0
1413,wave3,dual_opposition,5.0,5.0,5.0,5.0,5.0,5.0,10.0,5.0,6.0,6.0,5.0,5.0,0.0,0.0,0.0,0.0,0.0,0.0,0.0,0.0,0.0,0.0,0.0,0.0,0.0,0.0,10.0,5.0,7.0,7.0,0.0,0.0,0.0,5.0,0.0,5.0,5.0,5.0,7.0,7.0,5.0,5.0,10.0,10.0,5.0,5.0,10.0,10.0,5.0,5.0
1095,wave3,dual_opposition,0.0,0.0,0.0,0.0,0.0,0.0,0.0,5.0,0.0,0.0,10.0,10.0,0.0,0.0,5.0,5.0,0.0,0.0,10.0,10.0,5.0,5.0,10.0,10.0,10.0,10.0,10.0,10.0,20.0,15.0,15.0,15.0,0.0,0.0,0.0,0.0,0.0,0.0,0.0,0.0,0.0,0.0,0.0,0.0,5.0,5.0,0.0,0.0,0.0,0.0
2080,wave3,dual_nonbiased,0.0,0.0,0.0,15.0,0.0,0.0,40.0,5.0,10.0,5.0,0.0,25.0,0.0,10.0,0.0,0.0,0.0,0.0,0.0,0.0,0.0,0.0,20.0,10.0,0.0,10.0,0.0,0.0,0.0,0.0,0.0,0.0,15.0,10.0,0.0,0.0,0.0,0.0,0.0,0.0,0.0,0.0,0.0,0.0,0.0,0.0,15.0,10.0,0.0,0.0
274,wave3,dual_nonbiased,0.0,0.0,15.0,15.0,0.0,0.0,10.0,10.0,0.0,0.0,20.0,15.0,8.0,10.0,0.0,0.0,0.0,0.0,7.0,5.0,0.0,0.0,0.0,10.0,12.0,10.0,0.0,0.0,0.0,0.0,10.0,10.0,0.0,0.0,0.0,0.0,0.0,0.0,5.0,5.0,0.0,0.0,0.0,0.0,0.0,0.0,5.0,5.0,8.0,5.0
1255,wave3,dual_opposition,0.0,0.0,0.0,0.0,0.0,0.0,0.0,0.0,0.0,0.0,0.0,0.0,10.0,0.0,10.0,0.0,10.0,0.0,0.0,0.0,10.0,0.0,10.0,0.0,10.0,0.0,0.0,0.0,0.0,0.0,10.0,25.0,10.0,15.0,10.0,10.0,0.0,0.0,0.0,5.0,0.0,0.0,10.0,10.0,0.0,5.0,0.0,15.0,0.0,15.0
1617,wave3,dual_nonbiased,10.0,10.0,0.0,0.0,0.0,0.0,10.0,10.0,0.0,0.0,15.0,15.0,0.0,0.0,0.0,0.0,0.0,0.0,0.0,0.0,5.0,5.0,10.0,10.0,10.0,10.0,0.0,0.0,0.0,0.0,8.0,8.0,0.0,0.0,0.0,0.0,0.0,0.0,5.0,5.0,0.0,0.0,0.0,0.0,0.0,0.0,15.0,15.0,12.0,12.0
2343,wave3,dual_balanced,0.0,15.0,5.0,5.0,0.0,0.0,0.0,0.0,0.0,0.0,0.0,0.0,0.0,0.0,5.0,5.0,0.0,0.0,0.0,0.0,0.0,0.0,0.0,0.0,0.0,0.0,30.0,15.0,40.0,25.0,10.0,25.0,0.0,0.0,10.0,10.0,0.0,0.0,0.0,0.0,0.0,0.0,0.0,0.0,0.0,0.0,0.0,0.0,0.0,0.0
91,wave3,dual_balanced,5.0,30.0,5.0,20.0,0.0,5.0,5.0,10.0,5.0,5.0,20.0,0.0,5.0,0.0,20.0,0.0,20.0,0.0,0.0,15.0,5.0,15.0,0.0,0.0,0.0,0.0,0.0,0.0,0.0,0.0,0.0,0.0,0.0,0.0,0.0,0.0,0.0,0.0,0.0,0.0,0.0,0.0,0.0,0.0,10.0,0.0,0.0,0.0,0.0,0.0
1245,wave3,dual_opposition,0.0,0.0,0.0,0.0,0.0,10.0,0.0,0.0,0.0,0.0,20.0,20.0,20.0,15.0,10.0,10.0,20.0,15.0,10.0,10.0,10.0,10.0,0.0,0.0,0.0,0.0,5.0,5.0,0.0,0.0,0.0,0.0,0.0,0.0,0.0,0.0,0.0,0.0,5.0,5.0,0.0,0.0,0.0,0.0,0.0,0.0,0.0,0.0,0.0,0.0
530,wave3,dual_nonbiased,0.0,0.0,0.0,15.0,0.0,0.0,10.0,10.0,10.0,0.0,5.0,20.0,0.0,10.0,0.0,0.0,0.0,0.0,5.0,5.0,0.0,0.0,10.0,10.0,10.0,10.0,10.0,5.0,10.0,5.0,10.0,10.0,10.0,0.0,0.0,0.0,0.0,0.0,5.0,0.0,0.0,0.0,0.0,0.0,5.0,0.0,0.0,0.0,0.0,0.0
1082,wave3,dual_balanced,0.0,0.0,0.0,0.0,0.0,0.0,15.0,25.0,0.0,0.0,30.0,15.0,0.0,0.0,0.0,0.0,0.0,0.0,0.0,0.0,0.0,0.0,0.0,0.0,20.0,20.0,0.0,0.0,0.0,0.0,25.0,15.0,0.0,0.0,0.0,0.0,0.0,0.0,0.0,0.0,0.0,0.0,0.0,0.0,0.0,0.0,10.0,25.0,0.0,0.0
488,wave3,dual_nonbiased,5.0,0.0,5.0,0.0,5.0,5.0,5.0,10.0,5.0,5.0,5.0,30.0,0.0,0.0,5.0,10.0,0.0,0.0,5.0,0.0,0.0,0.0,5.0,5.0,0.0,15.0,5.0,0.0,0.0,0.0,5.0,10.0,5.0,0.0,5.0,0.0,5.0,0.0,5.0,0.0,5.0,0.0,5.0,0.0,5.0,0.0,5.0,10.0,5.0,0.0
553,wave3,dual_balanced,10.0,15.0,10.0,15.0,0.0,10.0,0.0,0.0,0.0,0.0,40.0,30.0,10.0,10.0,0.0,0.0,0.0,0.0,0.0,10.0,0.0,10.0,10.0,0.0,10.0,0.0,0.0,0.0,10.0,0.0,0.0,0.0,0.0,0.0,0.0,0.0,0.0,0.0,0.0,0.0,0.0,0.0,0.0,0.0,0.0,0.0,0.0,0.0,0.0,0.0
302,wave3,dual_nonbiased,15.0,15.0,0.0,0.0,0.0,0.0,0.0,5.0,0.0,0.0,40.0,25.0,0.0,15.0,0.0,0.0,0.0,10.0,10.0,10.0,0.0,0.0,0.0,0.0,10.0,0.0,15.0,10.0,0.0,0.0,10.0,10.0,0.0,0.0,0.0,0.0,0.0,0.0,0.0,0.0,0.0,0.0,0.0,0.0,0.0,0.0,0.0,0.0,0.0,0.0
2067,wave3,dual_opposition,20.0,15.0,20.0,20.0,10.0,0.0,10.0,5.0,5.0,0.0,5.0,20.0,0.0,0.0,0.0,0.0,0.0,0.0,5.0,5.0,0.0,0.0,5.0,10.0,5.0,5.0,0.0,0.0,5.0,10.0,10.0,10.0,0.0,0.0,0.0,0.0,0.0,0.0,0.0,0.0,0.0,0.0,0.0,0.0,0.0,0.0,0.0,0.0,0.0,0.0
4,wave3,dual_nonbiased,0.0,0.0,0.0,15.0,0.0,0.0,25.0,15.0,0.0,0.0,40.0,30.0,0.0,0.0,5.0,10.0,0.0,5.0,0.0,0.0,0.0,0.0,0.0,0.0,0.0,0.0,0.0,0.0,0.0,0.0,20.0,15.0,10.0,10.0,0.0,0.0,0.0,0.0,0.0,0.0,0.0,0.0,0.0,0.0,0.0,0.0,0.0,0.0,0.0,0.0
2229,wave3,dual_nonbiased,20.0,20.0,20.0,0.0,20.0,10.0,20.0,15.0,20.0,0.0,0.0,30.0,0.0,10.0,0.0,0.0,0.0,0.0,0.0,0.0,0.0,0.0,0.0,15.0,0.0,0.0,0.0,0.0,0.0,0.0,0.0,0.0,0.0,0.0,0.0,0.0,0.0,0.0,0.0,0.0,0.0,0.0,0.0,0.0,0.0,0.0,0.0,0.0,0.0,0.0
1328,wave3,dual_opposition,5.0,15.0,0.0,14.0,5.0,14.0,5.0,5.0,15.0,5.0,0.0,13.0,19.0,8.0,12.0,6.0,13.0,5.0,0.0,0.0,8.0,5.0,8.0,5.0,0.0,0.0,0.0,0.0,0.0,0.0,10.0,5.0,0.0,0.0,0.0,0.0,0.0,0.0,0.0,0.0,0.0,0.0,0.0,0.0,0.0,0.0,0.0,0.0,0.0,0.0
2202,wave3,dual_balanced,5.0,15.0,5.0,10.0,5.0,0.0,5.0,20.0,5.0,0.0,0.0,0.0,5.0,15.0,5.0,15.0,0.0,0.0,0.0,0.0,0.0,0.0,10.0,20.0,5.0,0.0,5.0,0.0,10.0,0.0,0.0,0.0,10.0,0.0,0.0,0.0,0.0,0.0,0.0,0.0,10.0,0.0,0.0,0.0,0.0,0.0,10.0,5.0,5.0,0.0
1648,wave3,dual_nonbiased,5.0,5.0,5.0,5.0,0.0,0.0,0.0,0.0,10.0,10.0,0.0,20.0,0.0,0.0,0.0,0.0,10.0,10.0,5.0,5.0,5.0,5.0,10.0,10.0,10.0,10.0,10.0,10.0,10.0,10.0,0.0,0.0,0.0,0.0,0.0,0.0,0.0,0.0,0.0,0.0,0.0,0.0,10.0,0.0,10.0,0.0,0.0,0.0,0.0,0.0
1144,wave3,dual_opposition,10.0,10.0,0.0,10.0,0.0,0.0,0.0,15.0,0.0,0.0,40.0,30.0,0.0,0.0,20.0,15.0,0.0,0.0,0.0,0.0,10.0,10.0,0.0,0.0,10.0,10.0,0.0,0.0,0.0,0.0,10.0,0.0,0.0,0.0,0.0,0.0,0.0,0.0,0.0,0.0,0.0,0.0,0.0,0.0,0.0,0.0,0.0,0.0,0.0,0.0
1029,wave3,dual_balanced,7.0,10.0,11.0,11.0,5.0,5.0,6.0,6.0,10.0,10.0,17.0,19.0,0.0,0.0,9.0,9.0,5.0,5.0,5.0,5.0,10.0,5.0,0.0,0.0,0.0,0.0,0.0,0.0,0.0,0.0,0.0,0.0,0.0,0.0,0.0,0.0,0.0,0.0,0.0,0.0,0.0,0.0,0.0,0.0,5.0,5.0,5.0,5.0,5.0,5.0
2009,wave3,dual_nonbiased,0.0,0.0,0.0,20.0,0.0,0.0,10.0,10.0,0.0,0.0,40.0,40.0,0.0,15.0,0.0,0.0,0.0,15.0,0.0,0.0,0.0,0.0,10.0,0.0,10.0,0.0,10.0,0.0,10.0,0.0,10.0,0.0,0.0,0.0,0.0,0.0,0.0,0.0,0.0,0.0,0.0,0.0,0.0,0.0,0.0,0.0,0.0,0.0,0.0,0.0
1528,wave3,dual_balanced,10.0,10.0,0.0,0.0,0.0,0.0,20.0,20.0,10.0,10.0,30.0,30.0,0.0,0.0,0.0,0.0,0.0,0.0,0.0,0.0,0.0,0.0,10.0,10.0,10.0,10.0,0.0,0.0,10.0,10.0,0.0,0.0,0.0,0.0,0.0,0.0,0.0,0.0,0.0,0.0,0.0,0.0,0.0,0.0,0.0,0.0,0.0,0.0,0.0,0.0
447,wave3,dual_nonbiased,10.0,10.0,10.0,10.0,10.0,10.0,0.0,0.0,0.0,0.0,0.0,10.0,0.0,0.0,20.0,15.0,15.0,15.0,0.0,0.0,30.0,15.0,0.0,0.0,0.0,0.0,0.0,0.0,5.0,5.0,0.0,5.0,0.0,0.0,0.0,0.0,0.0,0.0,0.0,5.0,0.0,0.0,0.0,0.0,0.0,0.0,0.0,0.0,0.0,0.0
287,wave3,dual_opposition,0.0,20.0,0.0,0.0,0.0,0.0,0.0,0.0,0.0,0.0,0.0,10.0,0.0,0.0,15.0,15.0,0.0,0.0,10.0,10.0,0.0,0.0,20.0,10.0,5.0,5.0,15.0,10.0,10.0,10.0,10.0,5.0,0.0,0.0,5.0,0.0,0.0,0.0,0.0,0.0,0.0,0.0,0.0,0.0,0.0,0.0,10.0,5.0,0.0,0.0
373,wave3,dual_balanced,0.0,10.0,10.0,0.0,10.0,10.0,10.0,10.0,10.0,0.0,0.0,0.0,0.0,0.0,10.0,10.0,0.0,0.0,0.0,0.0,0.0,10.0,0.0,0.0,0.0,0.0,10.0,10.0,0.0,0.0,20.0,20.0,0.0,0.0,10.0,0.0,0.0,0.0,0.0,0.0,0.0,0.0,0.0,0.0,10.0,20.0,0.0,0.0,0.0,0.0
221,wave3,dual_balanced,0.0,0.0,0.0,10.0,10.0,0.0,40.0,10.0,0.0,0.0,0.0,0.0,0.0,0.0,20.0,0.0,0.0,0.0,0.0,10.0,0.0,0.0,0.0,0.0,0.0,10.0,10.0,0.0,0.0,0.0,10.0,15.0,10.0,5.0,0.0,0.0,0.0,0.0,0.0,0.0,0.0,20.0,0.0,0.0,0.0,0.0,0.0,0.0,0.0,20.0
222,wave3,dual_balanced,0.0,0.0,0.0,15.0,10.0,0.0,0.0,0.0,0.0,0.0,15.0,25.0,5.0,10.0,15.0,10.0,10.0,10.0,0.0,0.0,0.0,0.0,15.0,10.0,10.0,10.0,15.0,10.0,0.0,0.0,0.0,0.0,0.0,0.0,0.0,0.0,0.0,0.0,0.0,0.0,0.0,0.0,0.0,0.0,5.0,0.0,0.0,0.0,0.0,0.0
1436,wave3,dual_balanced,0.0,0.0,0.0,0.0,0.0,0.0,0.0,0.0,0.0,0.0,40.0,40.0,0.0,0.0,25.0,25.0,5.0,5.0,10.0,5.0,0.0,0.0,10.0,10.0,0.0,0.0,0.0,0.0,0.0,0.0,10.0,15.0,0.0,0.0,0.0,0.0,0.0,0.0,0.0,0.0,0.0,0.0,0.0,0.0,0.0,0.0,0.0,0.0,0.0,0.0
1143,wave3,dual_balanced,25.0,25.0,5.0,5.0,5.0,0.0,0.0,0.0,0.0,0.0,0.0,0.0,10.0,10.0,0.0,0.0,5.0,0.0,5.0,0.0,0.0,0.0,5.0,0.0,0.0,0.0,15.0,40.0,0.0,0.0,0.0,0.0,0.0,0.0,5.0,0.0,0.0,0.0,0.0,0.0,5.0,5.0,0.0,0.0,10.0,10.0,5.0,5.0,0.0,0.0
1207,wave3,dual_opposition,0.0,5.0,0.0,10.0,5.0,5.0,10.0,10.0,10.0,10.0,5.0,0.0,0.0,0.0,10.0,10.0,20.0,10.0,0.0,0.0,0.0,0.0,0.0,0.0,20.0,15.0,10.0,10.0,0.0,0.0,0.0,0.0,0.0,0.0,0.0,0.0,0.0,0.0,10.0,5.0,0.0,0.0,0.0,0.0,0.0,0.0,0.0,0.0,0.0,10.0
1277,wave3,dual_nonbiased,0.0,0.0,0.0,0.0,0.0,5.0,0.0,5.0,5.0,5.0,0.0,5.0,15.0,14.0,15.0,12.0,15.0,12.0,15.0,16.0,17.0,16.0,5.0,5.0,0.0,0.0,0.0,0.0,0.0,0.0,0.0,0.0,0.0,0.0,5.0,5.0,0.0,0.0,0.0,0.0,0.0,0.0,8.0,0.0,0.0,0.0,0.0,0.0,0.0,0.0
1444,wave3,dual_opposition,0.0,0.0,0.0,0.0,0.0,0.0,0.0,0.0,0.0,0.0,30.0,30.0,0.0,0.0,0.0,0.0,0.0,0.0,0.0,0.0,0.0,0.0,10.0,10.0,10.0,10.0,10.0,10.0,0.0,0.0,10.0,10.0,20.0,20.0,0.0,0.0,0.0,0.0,10.0,10.0,0.0,0.0,0.0,0.0,0.0,0.0,0.0,0.0,0.0,0.0
1084,wave3,dual_balanced,0.0,0.0,0.0,0.0,0.0,0.0,0.0,0.0,0.0,0.0,0.0,0.0,0.0,0.0,0.0,0.0,0.0,0.0,0.0,0.0,0.0,0.0,0.0,0.0,0.0,0.0,0.0,0.0,0.0,0.0,20.0,30.0,10.0,5.0,20.0,0.0,0.0,10.0,30.0,30.0,0.0,0.0,0.0,0.0,0.0,0.0,10.0,20.0,10.0,5.0
935,wave3,dual_opposition,0.0,0.0,0.0,15.0,10.0,5.0,0.0,10.0,20.0,10.0,0.0,30.0,0.0,0.0,0.0,0.0,0.0,0.0,0.0,0.0,0.0,0.0,20.0,10.0,30.0,10.0,10.0,10.0,0.0,0.0,0.0,0.0,0.0,0.0,10.0,0.0,0.0,0.0,0.0,0.0,0.0,0.0,0.0,0.0,0.0,0.0,0.0,0.0,0.0,0.0
253,wave3,dual_nonbiased,0.0,0.0,0.0,0.0,15.0,10.0,0.0,10.0,15.0,10.0,10.0,20.0,0.0,0.0,20.0,10.0,0.0,0.0,0.0,0.0,20.0,10.0,0.0,0.0,0.0,10.0,0.0,0.0,10.0,10.0,0.0,0.0,0.0,0.0,5.0,5.0,0.0,0.0,0.0,0.0,0.0,0.0,0.0,0.0,0.0,0.0,0.0,0.0,5.0,5.0
1214,wave3,dual_opposition,25.0,25.0,0.0,0.0,25.0,25.0,0.0,0.0,20.0,20.0,0.0,0.0,0.0,0.0,15.0,15.0,0.0,0.0,0.0,0.0,0.0,0.0,0.0,0.0,0.0,0.0,0.0,0.0,0.0,0.0,5.0,5.0,0.0,0.0,0.0,0.0,0.0,0.0,0.0,0.0,0.0,0.0,5.0,5.0,0.0,0.0,5.0,5.0,0.0,0.0
2232,wave3,dual_nonbiased,40.0,40.0,25.0,25.0,15.0,15.0,0.0,0.0,0.0,0.0,5.0,5.0,0.0,0.0,0.0,0.0,0.0,0.0,15.0,15.0,0.0,0.0,0.0,0.0,0.0,0.0,0.0,0.0,0.0,0.0,0.0,0.0,0.0,0.0,0.0,0.0,0.0,0.0,0.0,0.0,0.0,0.0,0.0,0.0,0.0,0.0,0.0,0.0,0.0,0.0
41,wave3,dual_nonbiased,10.0,10.0,5.0,5.0,5.0,5.0,0.0,0.0,5.0,5.0,5.0,5.0,5.0,5.0,5.0,5.0,0.0,0.0,5.0,5.0,0.0,0.0,15.0,15.0,0.0,0.0,10.0,10.0,0.0,0.0,20.0,20.0,0.0,0.0,0.0,0.0,0.0,0.0,0.0,0.0,0.0,0.0,5.0,5.0,0.0,0.0,5.0,5.0,0.0,0.0
2296,wave3,dual_balanced,0.0,0.0,0.0,0.0,0.0,0.0,0.0,0.0,0.0,0.0,0.0,0.0,0.0,0.0,0.0,0.0,0.0,0.0,0.0,0.0,0.0,0.0,30.0,30.0,20.0,20.0,20.0,20.0,20.0,20.0,0.0,0.0,0.0,0.0,10.0,10.0,0.0,0.0,0.0,0.0,0.0,0.0,0.0,0.0,0.0,0.0,0.0,0.0,0.0,0.0
507,wave3,dual_balanced,10.0,10.0,10.0,10.0,0.0,0.0,0.0,0.0,0.0,0.0,20.0,20.0,0.0,0.0,0.0,0.0,0.0,0.0,0.0,0.0,0.0,0.0,5.0,5.0,5.0,5.0,0.0,0.0,5.0,5.0,30.0,30.0,0.0,0.0,0.0,0.0,0.0,0.0,0.0,0.0,0.0,0.0,0.0,0.0,0.0,0.0,10.0,10.0,5.0,5.0
1076,wave3,dual_nonbiased,0.0,0.0,0.0,0.0,15.0,10.0,0.0,10.0,0.0,0.0,0.0,30.0,0.0,0.0,20.0,10.0,0.0,0.0,0.0,0.0,0.0,10.0,10.0,0.0,10.0,10.0,10.0,10.0,20.0,10.0,0.0,0.0,0.0,0.0,0.0,0.0,0.0,0.0,15.0,0.0,0.0,0.0,0.0,0.0,0.0,0.0,0.0,0.0,0.0,0.0
1446,wave3,dual_nonbiased,0.0,0.0,25.0,10.0,0.0,0.0,25.0,10.0,15.0,15.0,25.0,10.0,0.0,25.0,10.0,25.0,0.0,0.0,0.0,0.0,0.0,0.0,0.0,0.0,0.0,0.0,0.0,5.0,0.0,0.0,0.0,0.0,0.0,0.0,0.0,0.0,0.0,0.0,0.0,0.0,0.0,0.0,0.0,0.0,0.0,0.0,0.0,0.0,0.0,0.0
2033,wave3,dual_balanced,10.0,20.0,0.0,15.0,0.0,0.0,0.0,0.0,0.0,0.0,0.0,20.0,0.0,0.0,20.0,15.0,0.0,0.0,0.0,10.0,20.0,0.0,0.0,0.0,0.0,5.0,0.0,0.0,0.0,0.0,10.0,5.0,0.0,0.0,0.0,0.0,10.0,0.0,10.0,0.0,0.0,0.0,20.0,10.0,0.0,0.0,0.0,0.0,0.0,0.0
521,wave3,dual_opposition,5.0,5.0,6.0,6.0,0.0,0.0,8.0,8.0,5.0,5.0,18.0,18.0,0.0,0.0,0.0,0.0,0.0,0.0,5.0,5.0,5.0,5.0,10.0,10.0,12.0,12.0,6.0,6.0,5.0,5.0,10.0,10.0,0.0,0.0,0.0,0.0,0.0,0.0,5.0,5.0,0.0,0.0,0.0,0.0,0.0,0.0,0.0,0.0,0.0,0.0
2129,wave3,dual_opposition,0.0,0.0,0.0,0.0,0.0,0.0,10.0,10.0,0.0,0.0,0.0,0.0,0.0,0.0,10.0,10.0,0.0,0.0,0.0,0.0,0.0,0.0,10.0,10.0,0.0,0.0,0.0,0.0,10.0,10.0,10.0,10.0,20.0,20.0,0.0,0.0,20.0,20.0,10.0,10.0,0.0,0.0,0.0,0.0,0.0,0.0,0.0,0.0,0.0,0.0
608,wave3,dual_opposition,0.0,0.0,0.0,0.0,10.0,0.0,20.0,20.0,20.0,10.0,0.0,0.0,0.0,0.0,10.0,10.0,0.0,0.0,0.0,0.0,0.0,0.0,0.0,0.0,0.0,0.0,10.0,10.0,0.0,0.0,10.0,10.0,0.0,0.0,0.0,0.0,0.0,0.0,10.0,20.0,0.0,0.0,0.0,0.0,0.0,0.0,10.0,20.0,0.0,0.0
1908,wave3,dual_balanced,0.0,0.0,0.0,5.0,0.0,0.0,5.0,10.0,5.0,5.0,30.0,25.0,0.0,5.0,0.0,5.0,0.0,5.0,0.0,5.0,0.0,5.0,5.0,5.0,5.0,0.0,5.0,0.0,5.0,0.0,5.0,5.0,5.0,0.0,0.0,0.0,5.0,5.0,5.0,0.0,5.0,0.0,0.0,0.0,5.0,0.0,5.0,10.0,5.0,5.0
1112,wave3,dual_opposition,0.0,0.0,0.0,0.0,0.0,0.0,0.0,0.0,0.0,0.0,30.0,30.0,30.0,30.0,20.0,20.0,10.0,10.0,10.0,10.0,0.0,0.0,0.0,0.0,0.0,0.0,0.0,0.0,0.0,0.0,0.0,0.0,0.0,0.0,0.0,0.0,0.0,0.0,0.0,0.0,0.0,0.0,0.0,0.0,0.0,0.0,0.0,0.0,0.0,0.0
1828,wave3,dual_opposition,0.0,0.0,0.0,0.0,0.0,0.0,0.0,10.0,0.0,0.0,0.0,10.0,0.0,0.0,0.0,0.0,0.0,0.0,0.0,0.0,0.0,0.0,30.0,20.0,30.0,20.0,20.0,10.0,0.0,0.0,0.0,15.0,0.0,0.0,10.0,0.0,0.0,0.0,0.0,0.0,10.0,0.0,0.0,0.0,0.0,0.0,0.0,15.0,0.0,0.0
1516,wave3,dual_balanced,15.0,15.0,10.0,10.0,10.0,10.0,10.0,10.0,5.0,5.0,15.0,15.0,5.0,5.0,5.0,5.0,0.0,0.0,0.0,0.0,0.0,0.0,5.0,5.0,5.0,5.0,5.0,5.0,0.0,0.0,0.0,0.0,0.0,0.0,0.0,0.0,0.0,0.0,0.0,0.0,0.0,0.0,0.0,0.0,0.0,0.0,5.0,5.0,5.0,5.0
2266,wave3,dual_nonbiased,5.0,5.0,10.0,10.0,5.0,5.0,40.0,40.0,0.0,0.0,0.0,0.0,0.0,0.0,0.0,0.0,0.0,0.0,0.0,0.0,0.0,0.0,0.0,0.0,0.0,0.0,0.0,0.0,0.0,0.0,0.0,0.0,0.0,0.0,0.0,0.0,0.0,0.0,0.0,0.0,0.0,0.0,0.0,0.0,0.0,0.0,40.0,40.0,0.0,0.0
852,wave3,dual_balanced,0.0,0.0,0.0,0.0,0.0,0.0,5.0,5.0,0.0,0.0,20.0,20.0,0.0,0.0,0.0,0.0,0.0,0.0,0.0,0.0,0.0,0.0,0.0,0.0,15.0,15.0,10.0,10.0,0.0,0.0,20.0,20.0,0.0,0.0,10.0,10.0,0.0,0.0,10.0,10.0,0.0,0.0,0.0,0.0,0.0,0.0,0.0,0.0,10.0,10.0
1673,wave3,dual_nonbiased,0.0,0.0,0.0,0.0,0.0,0.0,0.0,0.0,5.0,0.0,0.0,15.0,5.0,5.0,10.0,10.0,5.0,5.0,0.0,0.0,0.0,0.0,10.0,10.0,5.0,5.0,10.0,10.0,20.0,20.0,30.0,20.0,0.0,0.0,0.0,0.0,0.0,0.0,0.0,0.0,0.0,0.0,0.0,0.0,0.0,0.0,0.0,0.0,0.0,0.0
630,wave3,dual_nonbiased,0.0,0.0,0.0,0.0,0.0,0.0,0.0,0.0,40.0,30.0,0.0,10.0,0.0,0.0,30.0,30.0,0.0,0.0,0.0,0.0,10.0,10.0,0.0,0.0,0.0,0.0,5.0,5.0,0.0,0.0,15.0,15.0,0.0,0.0,0.0,0.0,0.0,0.0,0.0,0.0,0.0,0.0,0.0,0.0,0.0,0.0,0.0,0.0,0.0,0.0
1810,wave3,dual_nonbiased,10.0,10.0,10.0,10.0,0.0,0.0,20.0,15.0,10.0,10.0,0.0,0.0,0.0,0.0,0.0,0.0,0.0,0.0,0.0,0.0,0.0,0.0,10.0,10.0,0.0,5.0,0.0,0.0,0.0,0.0,0.0,0.0,10.0,10.0,0.0,0.0,0.0,0.0,0.0,0.0,0.0,0.0,0.0,0.0,0.0,0.0,20.0,20.0,10.0,10.0
1926,wave3,dual_nonbiased,0.0,0.0,0.0,0.0,0.0,0.0,10.0,10.0,10.0,20.0,40.0,40.0,0.0,0.0,0.0,10.0,0.0,0.0,0.0,0.0,0.0,0.0,0.0,0.0,0.0,0.0,0.0,0.0,0.0,0.0,30.0,20.0,0.0,0.0,10.0,0.0,0.0,0.0,0.0,0.0,0.0,0.0,0.0,0.0,0.0,0.0,0.0,0.0,0.0,0.0
1043,wave3,dual_nonbiased,0.0,5.0,0.0,0.0,15.0,0.0,5.0,5.0,5.0,0.0,5.0,20.0,0.0,0.0,10.0,10.0,0.0,0.0,0.0,0.0,5.0,5.0,10.0,10.0,0.0,0.0,0.0,0.0,0.0,0.0,10.0,10.0,10.0,10.0,10.0,10.0,0.0,0.0,0.0,0.0,10.0,10.0,0.0,0.0,0.0,0.0,5.0,5.0,0.0,0.0
1325,wave3,dual_balanced,0.0,35.0,5.0,10.0,0.0,0.0,0.0,5.0,10.0,0.0,40.0,40.0,0.0,0.0,0.0,0.0,0.0,0.0,0.0,0.0,0.0,10.0,20.0,0.0,0.0,0.0,0.0,0.0,20.0,0.0,0.0,0.0,0.0,0.0,0.0,0.0,0.0,0.0,5.0,0.0,0.0,0.0,0.0,0.0,0.0,0.0,0.0,0.0,0.0,0.0
2095,wave3,dual_nonbiased,10.0,5.0,10.0,5.0,15.0,5.0,15.0,10.0,0.0,10.0,0.0,10.0,15.0,15.0,5.0,5.0,10.0,10.0,0.0,5.0,0.0,5.0,20.0,10.0,0.0,0.0,0.0,0.0,0.0,0.0,0.0,0.0,0.0,0.0,0.0,5.0,0.0,0.0,0.0,0.0,0.0,0.0,0.0,0.0,0.0,0.0,0.0,0.0,0.0,0.0
1783,wave3,dual_balanced,0.0,0.0,0.0,0.0,0.0,0.0,10.0,10.0,10.0,10.0,0.0,0.0,0.0,10.0,0.0,0.0,0.0,0.0,20.0,30.0,0.0,0.0,20.0,20.0,0.0,0.0,40.0,20.0,0.0,0.0,0.0,0.0,0.0,0.0,0.0,0.0,0.0,0.0,0.0,0.0,0.0,0.0,0.0,0.0,0.0,0.0,0.0,0.0,0.0,0.0
501,wave3,dual_nonbiased,0.0,10.0,0.0,0.0,5.0,5.0,5.0,5.0,5.0,5.0,5.0,30.0,0.0,0.0,10.0,5.0,0.0,0.0,5.0,5.0,5.0,0.0,5.0,5.0,10.0,5.0,15.0,5.0,15.0,5.0,5.0,5.0,0.0,0.0,0.0,0.0,0.0,0.0,5.0,5.0,5.0,5.0,0.0,0.0,0.0,0.0,0.0,0.0,0.0,0.0
2356,wave3,dual_nonbiased,0.0,0.0,0.0,0.0,0.0,0.0,15.0,15.0,10.0,10.0,0.0,0.0,10.0,10.0,5.0,5.0,0.0,0.0,0.0,0.0,15.0,15.0,5.0,5.0,5.0,5.0,5.0,5.0,0.0,0.0,5.0,5.0,10.0,10.0,5.0,5.0,0.0,0.0,0.0,0.0,0.0,0.0,0.0,0.0,0.0,0.0,5.0,5.0,5.0,5.0
669,wave3,dual_nonbiased,10.0,10.0,40.0,25.0,0.0,0.0,10.0,10.0,0.0,0.0,0.0,15.0,0.0,0.0,0.0,0.0,10.0,10.0,10.0,10.0,0.0,0.0,0.0,0.0,0.0,0.0,0.0,0.0,0.0,0.0,0.0,0.0,0.0,0.0,0.0,0.0,0.0,0.0,0.0,0.0,0.0,0.0,0.0,0.0,10.0,10.0,10.0,10.0,0.0,0.0
159,wave3,dual_balanced,0.0,0.0,0.0,0.0,0.0,0.0,0.0,0.0,0.0,0.0,0.0,0.0,0.0,0.0,0.0,0.0,0.0,0.0,0.0,0.0,0.0,0.0,10.0,10.0,5.0,5.0,40.0,40.0,40.0,40.0,0.0,0.0,0.0,0.0,0.0,0.0,0.0,0.0,0.0,0.0,0.0,0.0,0.0,0.0,0.0,0.0,5.0,5.0,0.0,0.0
776,wave3,dual_opposition,0.0,0.0,0.0,0.0,0.0,0.0,0.0,0.0,0.0,0.0,0.0,0.0,30.0,30.0,0.0,0.0,0.0,0.0,0.0,0.0,0.0,0.0,30.0,30.0,0.0,0.0,20.0,20.0,0.0,0.0,10.0,10.0,0.0,0.0,0.0,0.0,0.0,0.0,0.0,0.0,0.0,0.0,0.0,0.0,0.0,0.0,10.0,10.0,0.0,0.0
1606,wave3,dual_nonbiased,20.0,10.0,0.0,0.0,0.0,0.0,30.0,15.0,10.0,10.0,0.0,25.0,0.0,10.0,20.0,15.0,0.0,0.0,0.0,0.0,0.0,0.0,0.0,0.0,20.0,15.0,0.0,0.0,0.0,0.0,0.0,0.0,0.0,0.0,0.0,0.0,0.0,0.0,0.0,0.0,0.0,0.0,0.0,0.0,0.0,0.0,0.0,0.0,0.0,0.0
925,wave3,dual_nonbiased,0.0,0.0,0.0,0.0,0.0,0.0,0.0,0.0,0.0,0.0,40.0,35.0,10.0,10.0,0.0,10.0,5.0,5.0,10.0,10.0,5.0,5.0,5.0,5.0,5.0,5.0,5.0,5.0,5.0,5.0,10.0,5.0,0.0,0.0,0.0,0.0,0.0,0.0,0.0,0.0,0.0,0.0,0.0,0.0,0.0,0.0,0.0,0.0,0.0,0.0
1297,wave3,dual_balanced,5.0,10.0,0.0,15.0,5.0,5.0,15.0,10.0,15.0,5.0,0.0,15.0,0.0,0.0,15.0,0.0,0.0,0.0,0.0,10.0,15.0,10.0,0.0,0.0,10.0,10.0,0.0,0.0,0.0,0.0,10.0,5.0,0.0,0.0,10.0,5.0,0.0,0.0,0.0,0.0,0.0,0.0,0.0,0.0,0.0,0.0,0.0,0.0,0.0,0.0
1628,wave3,dual_opposition,10.0,10.0,5.0,10.0,10.0,10.0,10.0,10.0,10.0,10.0,0.0,10.0,0.0,10.0,0.0,10.0,0.0,0.0,0.0,0.0,10.0,5.0,10.0,5.0,10.0,5.0,0.0,0.0,0.0,0.0,0.0,0.0,0.0,0.0,10.0,0.0,0.0,0.0,0.0,0.0,0.0,0.0,0.0,0.0,10.0,0.0,5.0,5.0,0.0,0.0
178,wave3,dual_nonbiased,10.0,10.0,10.0,15.0,10.0,0.0,10.0,10.0,10.0,0.0,5.0,0.0,5.0,15.0,5.0,0.0,5.0,0.0,5.0,0.0,5.0,0.0,0.0,0.0,0.0,0.0,5.0,15.0,5.0,5.0,0.0,20.0,0.0,0.0,0.0,0.0,10.0,10.0,0.0,0.0,0.0,0.0,0.0,0.0,0.0,0.0,0.0,0.0,0.0,0.0
2086,wave3,dual_opposition,0.0,0.0,0.0,0.0,0.0,0.0,10.0,10.0,0.0,0.0,0.0,0.0,0.0,0.0,10.0,0.0,0.0,0.0,0.0,0.0,0.0,0.0,0.0,0.0,0.0,0.0,0.0,0.0,0.0,0.0,0.0,20.0,0.0,0.0,40.0,0.0,0.0,0.0,0.0,15.0,0.0,0.0,30.0,35.0,0.0,0.0,0.0,0.0,10.0,20.0
566,wave3,dual_balanced,0.0,0.0,0.0,0.0,0.0,0.0,10.0,10.0,0.0,0.0,0.0,0.0,10.0,10.0,10.0,10.0,0.0,0.0,0.0,0.0,5.0,5.0,8.0,8.0,8.0,8.0,8.0,8.0,8.0,8.0,8.0,8.0,10.0,10.0,0.0,0.0,5.0,5.0,5.0,5.0,0.0,0.0,0.0,0.0,5.0,5.0,0.0,0.0,0.0,0.0
2270,wave3,dual_nonbiased,5.0,5.0,5.0,5.0,5.0,5.0,5.0,10.0,5.0,5.0,5.0,10.0,5.0,5.0,5.0,5.0,5.0,10.0,10.0,10.0,5.0,5.0,5.0,0.0,5.0,5.0,5.0,0.0,5.0,5.0,20.0,15.0,0.0,0.0,0.0,0.0,0.0,0.0,0.0,0.0,0.0,0.0,0.0,0.0,0.0,0.0,0.0,0.0,0.0,0.0
1278,wave3,dual_balanced,0.0,0.0,0.0,0.0,0.0,0.0,10.0,10.0,0.0,0.0,0.0,0.0,0.0,0.0,40.0,40.0,0.0,0.0,10.0,10.0,0.0,0.0,10.0,10.0,30.0,30.0,0.0,0.0,0.0,0.0,0.0,0.0,0.0,0.0,0.0,0.0,0.0,0.0,0.0,0.0,0.0,0.0,0.0,0.0,0.0,0.0,0.0,0.0,0.0,0.0
1159,wave3,dual_opposition,0.0,0.0,0.0,30.0,0.0,0.0,5.0,5.0,0.0,0.0,30.0,0.0,0.0,0.0,15.0,15.0,0.0,0.0,0.0,0.0,0.0,0.0,0.0,0.0,0.0,0.0,0.0,0.0,0.0,0.0,25.0,25.0,15.0,15.0,0.0,0.0,0.0,0.0,0.0,0.0,5.0,5.0,0.0,0.0,0.0,0.0,5.0,5.0,0.0,0.0
766,wave3,dual_nonbiased,0.0,0.0,0.0,10.0,0.0,0.0,10.0,10.0,0.0,0.0,30.0,25.0,0.0,10.0,0.0,0.0,0.0,0.0,10.0,10.0,0.0,0.0,5.0,5.0,5.0,10.0,5.0,5.0,5.0,5.0,15.0,5.0,0.0,0.0,0.0,0.0,0.0,0.0,15.0,5.0,0.0,0.0,0.0,0.0,0.0,0.0,0.0,0.0,0.0,0.0
2160,wave3,dual_opposition,10.0,40.0,10.0,25.0,10.0,15.0,8.0,10.0,7.0,0.0,0.0,5.0,6.0,0.0,6.0,0.0,0.0,0.0,6.0,0.0,0.0,0.0,6.0,0.0,6.0,0.0,5.0,0.0,5.0,0.0,5.0,0.0,0.0,0.0,0.0,0.0,0.0,0.0,0.0,0.0,0.0,0.0,0.0,0.0,0.0,0.0,5.0,0.0,5.0,5.0
2092,wave3,dual_balanced,0.0,0.0,0.0,0.0,0.0,0.0,5.0,5.0,0.0,0.0,0.0,0.0,0.0,0.0,0.0,0.0,0.0,0.0,0.0,0.0,0.0,0.0,5.0,5.0,0.0,0.0,5.0,5.0,0.0,0.0,20.0,20.0,0.0,0.0,0.0,0.0,5.0,5.0,15.0,15.0,15.0,15.0,0.0,0.0,0.0,0.0,15.0,15.0,15.0,15.0
54,wave3,dual_balanced,10.0,10.0,5.0,5.0,0.0,0.0,11.0,15.0,0.0,0.0,0.0,0.0,0.0,0.0,0.0,0.0,0.0,0.0,7.0,7.0,0.0,0.0,25.0,20.0,0.0,0.0,13.0,13.0,11.0,11.0,5.0,6.0,0.0,0.0,0.0,0.0,0.0,0.0,0.0,0.0,5.0,5.0,0.0,0.0,0.0,0.0,8.0,8.0,0.0,0.0
123,wave3,dual_balanced,20.0,0.0,0.0,0.0,0.0,0.0,20.0,0.0,20.0,0.0,0.0,10.0,0.0,0.0,20.0,20.0,0.0,0.0,0.0,0.0,0.0,0.0,0.0,0.0,0.0,0.0,0.0,0.0,0.0,0.0,0.0,0.0,0.0,15.0,0.0,0.0,0.0,0.0,0.0,15.0,0.0,0.0,0.0,0.0,0.0,0.0,20.0,25.0,0.0,15.0
1850,wave3,dual_opposition,0.0,0.0,5.0,5.0,0.0,0.0,20.0,20.0,0.0,0.0,0.0,0.0,0.0,0.0,20.0,20.0,0.0,0.0,0.0,0.0,0.0,0.0,0.0,0.0,20.0,20.0,0.0,0.0,0.0,0.0,0.0,0.0,0.0,0.0,0.0,0.0,0.0,0.0,35.0,35.0,0.0,0.0,0.0,0.0,0.0,0.0,0.0,0.0,0.0,0.0
526,wave3,dual_opposition,0.0,0.0,0.0,20.0,0.0,0.0,0.0,10.0,20.0,10.0,15.0,30.0,15.0,10.0,15.0,0.0,15.0,10.0,0.0,0.0,0.0,0.0,0.0,0.0,0.0,0.0,0.0,0.0,10.0,10.0,0.0,0.0,0.0,0.0,5.0,0.0,0.0,0.0,0.0,0.0,0.0,0.0,0.0,0.0,5.0,0.0,0.0,0.0,0.0,0.0
765,wave3,dual_nonbiased,10.0,10.0,20.0,20.0,20.0,20.0,5.0,5.0,5.0,5.0,35.0,35.0,0.0,0.0,0.0,0.0,0.0,0.0,0.0,0.0,0.0,0.0,0.0,0.0,0.0,0.0,0.0,0.0,0.0,0.0,5.0,5.0,0.0,0.0,0.0,0.0,0.0,0.0,0.0,0.0,0.0,0.0,0.0,0.0,0.0,0.0,0.0,0.0,0.0,0.0
1935,wave3,dual_opposition,40.0,20.0,30.0,30.0,10.0,10.0,10.0,10.0,10.0,10.0,0.0,20.0,0.0,0.0,0.0,0.0,0.0,0.0,0.0,0.0,0.0,0.0,0.0,0.0,0.0,0.0,0.0,0.0,0.0,0.0,0.0,0.0,0.0,0.0,0.0,0.0,0.0,0.0,0.0,0.0,0.0,0.0,0.0,0.0,0.0,0.0,0.0,0.0,0.0,0.0
2211,wave3,dual_opposition,0.0,0.0,0.0,0.0,0.0,0.0,0.0,5.0,0.0,10.0,35.0,25.0,0.0,0.0,10.0,10.0,15.0,15.0,0.0,0.0,0.0,0.0,0.0,0.0,0.0,0.0,0.0,0.0,10.0,10.0,10.0,10.0,0.0,0.0,0.0,0.0,0.0,0.0,0.0,0.0,0.0,0.0,0.0,0.0,5.0,5.0,10.0,10.0,5.0,0.0
1688,wave3,dual_balanced,0.0,0.0,0.0,0.0,0.0,0.0,10.0,20.0,0.0,0.0,40.0,40.0,0.0,0.0,0.0,0.0,0.0,0.0,10.0,0.0,10.0,0.0,5.0,5.0,5.0,5.0,5.0,5.0,5.0,10.0,5.0,10.0,5.0,5.0,0.0,0.0,0.0,0.0,0.0,0.0,0.0,0.0,0.0,0.0,0.0,0.0,0.0,0.0,0.0,0.0
2178,wave3,dual_balanced,10.0,0.0,5.0,0.0,5.0,5.0,10.0,5.0,0.0,0.0,0.0,0.0,0.0,0.0,0.0,0.0,0.0,0.0,0.0,0.0,0.0,0.0,10.0,15.0,10.0,10.0,0.0,0.0,10.0,0.0,0.0,15.0,0.0,0.0,0.0,0.0,10.0,0.0,0.0,0.0,0.0,0.0,15.0,15.0,0.0,0.0,15.0,20.0,0.0,15.0
1511,wave3,dual_balanced,0.0,0.0,0.0,0.0,0.0,0.0,0.0,0.0,0.0,0.0,0.0,0.0,0.0,0.0,0.0,0.0,0.0,0.0,0.0,0.0,0.0,0.0,0.0,0.0,0.0,0.0,40.0,0.0,0.0,0.0,0.0,35.0,0.0,15.0,20.0,10.0,10.0,5.0,0.0,0.0,0.0,0.0,10.0,0.0,0.0,0.0,20.0,25.0,0.0,10.0
1900,wave3,dual_balanced,5.0,30.0,5.0,20.0,0.0,10.0,10.0,10.0,0.0,0.0,0.0,10.0,0.0,0.0,20.0,0.0,0.0,0.0,0.0,10.0,10.0,10.0,0.0,0.0,0.0,0.0,5.0,0.0,5.0,0.0,5.0,0.0,0.0,0.0,5.0,0.0,0.0,0.0,20.0,0.0,5.0,0.0,0.0,0.0,5.0,0.0,0.0,0.0,0.0,0.0
1815,wave3,dual_opposition,0.0,0.0,0.0,0.0,0.0,0.0,0.0,10.0,0.0,0.0,0.0,25.0,0.0,0.0,0.0,0.0,0.0,0.0,0.0,0.0,0.0,0.0,10.0,0.0,20.0,15.0,30.0,15.0,20.0,0.0,0.0,0.0,0.0,0.0,20.0,20.0,0.0,0.0,0.0,0.0,0.0,0.0,0.0,0.0,0.0,0.0,0.0,15.0,0.0,0.0
757,wave3,dual_nonbiased,0.0,5.0,10.0,5.0,0.0,0.0,10.0,10.0,0.0,0.0,0.0,0.0,0.0,10.0,30.0,20.0,10.0,10.0,10.0,10.0,10.0,10.0,0.0,0.0,0.0,0.0,10.0,10.0,0.0,0.0,0.0,0.0,10.0,10.0,0.0,0.0,0.0,0.0,0.0,0.0,0.0,0.0,0.0,0.0,0.0,0.0,0.0,0.0,0.0,0.0
1368,wave3,dual_opposition,20.0,20.0,0.0,0.0,0.0,0.0,20.0,0.0,0.0,0.0,0.0,0.0,0.0,0.0,0.0,0.0,0.0,0.0,0.0,0.0,0.0,0.0,10.0,0.0,10.0,10.0,10.0,0.0,10.0,10.0,0.0,10.0,0.0,20.0,0.0,0.0,0.0,0.0,0.0,0.0,20.0,0.0,0.0,0.0,0.0,0.0,0.0,30.0,0.0,0.0
1399,wave3,dual_nonbiased,0.0,0.0,0.0,25.0,0.0,0.0,10.0,10.0,0.0,0.0,40.0,30.0,20.0,10.0,0.0,0.0,0.0,0.0,0.0,10.0,0.0,0.0,0.0,0.0,0.0,0.0,0.0,0.0,0.0,0.0,20.0,10.0,0.0,0.0,0.0,0.0,0.0,0.0,0.0,0.0,0.0,0.0,0.0,0.0,0.0,0.0,10.0,5.0,0.0,0.0
150,wave3,dual_opposition,0.0,0.0,0.0,0.0,0.0,0.0,5.0,5.0,10.0,10.0,10.0,20.0,10.0,10.0,5.0,5.0,0.0,10.0,0.0,0.0,0.0,0.0,0.0,0.0,10.0,10.0,10.0,10.0,0.0,0.0,10.0,5.0,0.0,0.0,0.0,0.0,0.0,0.0,15.0,5.0,0.0,0.0,0.0,0.0,10.0,5.0,0.0,0.0,5.0,5.0
1836,wave3,dual_opposition,0.0,0.0,0.0,0.0,0.0,0.0,0.0,0.0,0.0,0.0,40.0,40.0,0.0,0.0,0.0,0.0,0.0,0.0,0.0,0.0,0.0,0.0,0.0,0.0,0.0,0.0,0.0,0.0,0.0,0.0,10.0,10.0,0.0,0.0,0.0,0.0,0.0,0.0,5.0,5.0,10.0,10.0,10.0,10.0,10.0,10.0,10.0,10.0,5.0,5.0
1666,wave3,dual_balanced,10.0,10.0,0.0,0.0,0.0,0.0,10.0,10.0,0.0,10.0,40.0,15.0,20.0,20.0,10.0,10.0,0.0,15.0,0.0,0.0,10.0,10.0,0.0,0.0,0.0,0.0,0.0,0.0,0.0,0.0,0.0,0.0,0.0,0.0,0.0,0.0,0.0,0.0,0.0,0.0,0.0,0.0,0.0,0.0,0.0,0.0,0.0,0.0,0.0,0.0
1922,wave3,dual_opposition,10.0,10.0,0.0,5.0,0.0,0.0,5.0,5.0,5.0,5.0,5.0,20.0,10.0,5.0,10.0,5.0,0.0,5.0,0.0,0.0,0.0,0.0,5.0,5.0,5.0,5.0,5.0,5.0,10.0,10.0,15.0,10.0,10.0,5.0,0.0,0.0,0.0,0.0,0.0,0.0,0.0,0.0,0.0,0.0,0.0,0.0,5.0,0.0,0.0,0.0
2283,wave3,dual_balanced,0.0,0.0,5.0,0.0,0.0,0.0,0.0,0.0,5.0,5.0,40.0,35.0,10.0,0.0,10.0,0.0,0.0,0.0,5.0,0.0,0.0,0.0,0.0,0.0,0.0,0.0,0.0,0.0,5.0,0.0,15.0,25.0,0.0,0.0,0.0,0.0,5.0,5.0,0.0,10.0,0.0,0.0,0.0,0.0,0.0,10.0,0.0,10.0,0.0,0.0
1052,wave3,dual_balanced,10.0,10.0,0.0,15.0,0.0,0.0,10.0,15.0,0.0,0.0,10.0,20.0,0.0,10.0,10.0,0.0,0.0,0.0,0.0,15.0,0.0,10.0,0.0,0.0,0.0,0.0,20.0,0.0,15.0,0.0,15.0,0.0,0.0,0.0,0.0,0.0,10.0,5.0,0.0,0.0,0.0,0.0,0.0,0.0,0.0,0.0,0.0,0.0,0.0,0.0
843,wave3,dual_nonbiased,0.0,15.0,0.0,0.0,0.0,0.0,5.0,5.0,0.0,0.0,5.0,0.0,0.0,0.0,5.0,0.0,0.0,5.0,5.0,10.0,0.0,0.0,10.0,10.0,10.0,10.0,15.0,10.0,15.0,10.0,10.0,10.0,10.0,5.0,5.0,5.0,0.0,0.0,0.0,0.0,0.0,0.0,5.0,5.0,0.0,0.0,0.0,0.0,0.0,0.0
1863,wave3,dual_opposition,5.0,0.0,0.0,0.0,8.0,0.0,0.0,0.0,5.0,0.0,5.0,5.0,0.0,0.0,10.0,0.0,0.0,0.0,0.0,0.0,0.0,0.0,0.0,0.0,0.0,0.0,0.0,0.0,0.0,0.0,12.0,20.0,8.0,5.0,10.0,5.0,7.0,5.0,5.0,5.0,0.0,0.0,5.0,5.0,10.0,15.0,5.0,20.0,5.0,15.0
1840,wave3,dual_opposition,0.0,0.0,0.0,0.0,0.0,0.0,0.0,0.0,10.0,10.0,0.0,0.0,0.0,0.0,0.0,0.0,10.0,10.0,0.0,0.0,0.0,0.0,10.0,10.0,10.0,10.0,40.0,40.0,0.0,0.0,0.0,0.0,0.0,0.0,10.0,10.0,0.0,0.0,0.0,0.0,10.0,10.0,0.0,0.0,0.0,0.0,0.0,0.0,0.0,0.0
1378,wave3,dual_opposition,0.0,0.0,0.0,25.0,0.0,25.0,0.0,15.0,0.0,0.0,20.0,10.0,10.0,5.0,10.0,5.0,10.0,5.0,10.0,5.0,10.0,5.0,0.0,0.0,5.0,0.0,5.0,0.0,5.0,0.0,5.0,0.0,0.0,0.0,0.0,0.0,0.0,0.0,5.0,0.0,0.0,0.0,5.0,0.0,0.0,0.0,0.0,0.0,0.0,0.0
100,wave3,dual_opposition,5.0,10.0,0.0,5.0,0.0,0.0,0.0,0.0,0.0,0.0,0.0,10.0,0.0,0.0,0.0,0.0,0.0,0.0,0.0,20.0,0.0,10.0,0.0,0.0,0.0,0.0,0.0,0.0,10.0,0.0,30.0,10.0,0.0,0.0,20.0,20.0,0.0,0.0,0.0,0.0,30.0,10.0,0.0,0.0,0.0,0.0,0.0,0.0,5.0,5.0
1740,wave3,dual_nonbiased,0.0,0.0,0.0,15.0,0.0,0.0,20.0,15.0,40.0,15.0,0.0,25.0,0.0,0.0,0.0,0.0,0.0,0.0,0.0,0.0,0.0,0.0,0.0,0.0,10.0,10.0,10.0,10.0,0.0,0.0,0.0,0.0,0.0,0.0,20.0,10.0,0.0,0.0,0.0,0.0,0.0,0.0,0.0,0.0,0.0,0.0,0.0,0.0,0.0,0.0
1975,wave3,dual_nonbiased,0.0,5.0,10.0,10.0,5.0,5.0,15.0,10.0,5.0,5.0,20.0,15.0,0.0,5.0,5.0,5.0,0.0,0.0,5.0,5.0,5.0,5.0,5.0,5.0,10.0,10.0,0.0,0.0,0.0,0.0,10.0,10.0,0.0,0.0,0.0,0.0,0.0,0.0,5.0,5.0,0.0,0.0,0.0,0.0,0.0,0.0,0.0,0.0,0.0,0.0
1694,wave3,dual_balanced,10.0,10.0,0.0,20.0,0.0,10.0,0.0,0.0,0.0,0.0,0.0,0.0,10.0,10.0,10.0,10.0,0.0,0.0,0.0,0.0,10.0,10.0,20.0,20.0,10.0,10.0,0.0,0.0,20.0,0.0,0.0,0.0,0.0,0.0,0.0,0.0,0.0,0.0,0.0,0.0,0.0,0.0,10.0,0.0,0.0,0.0,0.0,0.0,0.0,0.0
711,wave3,dual_nonbiased,20.0,20.0,0.0,0.0,0.0,0.0,10.0,10.0,10.0,10.0,0.0,10.0,0.0,0.0,20.0,20.0,0.0,0.0,0.0,0.0,0.0,0.0,0.0,0.0,0.0,0.0,10.0,10.0,0.0,0.0,10.0,10.0,10.0,0.0,0.0,0.0,0.0,0.0,0.0,0.0,0.0,0.0,0.0,0.0,0.0,0.0,10.0,10.0,0.0,0.0
144,wave3,dual_balanced,0.0,10.0,0.0,10.0,0.0,0.0,10.0,10.0,10.0,0.0,30.0,15.0,0.0,0.0,0.0,0.0,0.0,0.0,0.0,10.0,0.0,10.0,0.0,0.0,5.0,10.0,5.0,0.0,5.0,0.0,30.0,5.0,0.0,0.0,0.0,0.0,0.0,0.0,0.0,10.0,0.0,0.0,0.0,0.0,0.0,0.0,0.0,5.0,5.0,5.0
892,wave3,dual_nonbiased,0.0,0.0,0.0,0.0,0.0,0.0,20.0,20.0,0.0,0.0,0.0,0.0,0.0,0.0,0.0,0.0,0.0,0.0,0.0,0.0,0.0,0.0,15.0,15.0,0.0,0.0,15.0,15.0,0.0,0.0,0.0,0.0,0.0,0.0,10.0,10.0,0.0,0.0,0.0,0.0,10.0,10.0,0.0,0.0,0.0,0.0,15.0,15.0,15.0,15.0
634,wave3,dual_nonbiased,20.0,15.0,0.0,0.0,0.0,0.0,30.0,15.0,0.0,0.0,0.0,20.0,0.0,0.0,10.0,10.0,0.0,0.0,0.0,0.0,0.0,0.0,0.0,0.0,0.0,10.0,25.0,15.0,0.0,0.0,0.0,0.0,0.0,0.0,0.0,0.0,0.0,0.0,0.0,0.0,10.0,10.0,0.0,0.0,0.0,0.0,5.0,5.0,0.0,0.0
297,wave3,dual_balanced,0.0,0.0,0.0,0.0,0.0,0.0,40.0,0.0,0.0,0.0,0.0,0.0,0.0,0.0,0.0,0.0,0.0,0.0,0.0,0.0,0.0,0.0,0.0,0.0,10.0,0.0,0.0,0.0,0.0,0.0,10.0,20.0,0.0,15.0,0.0,0.0,0.0,0.0,20.0,15.0,0.0,0.0,0.0,0.0,0.0,0.0,20.0,30.0,0.0,20.0
460,wave3,dual_opposition,10.0,10.0,0.0,0.0,20.0,20.0,0.0,0.0,0.0,0.0,0.0,0.0,0.0,0.0,5.0,5.0,10.0,10.0,0.0,0.0,10.0,10.0,0.0,0.0,0.0,0.0,10.0,10.0,0.0,0.0,0.0,0.0,0.0,0.0,0.0,0.0,0.0,0.0,0.0,0.0,0.0,0.0,10.0,10.0,0.0,0.0,25.0,25.0,0.0,0.0
1067,wave3,dual_opposition,0.0,0.0,0.0,0.0,0.0,0.0,20.0,20.0,0.0,0.0,10.0,10.0,0.0,0.0,0.0,0.0,0.0,0.0,0.0,0.0,0.0,0.0,0.0,0.0,0.0,0.0,20.0,20.0,0.0,0.0,0.0,0.0,0.0,0.0,0.0,0.0,0.0,0.0,10.0,10.0,0.0,0.0,0.0,0.0,0.0,0.0,0.0,0.0,40.0,40.0
1388,wave3,dual_balanced,30.0,30.0,0.0,0.0,0.0,0.0,0.0,0.0,15.0,15.0,0.0,0.0,0.0,0.0,0.0,0.0,0.0,0.0,0.0,0.0,0.0,0.0,10.0,10.0,10.0,10.0,10.0,10.0,10.0,10.0,10.0,10.0,5.0,5.0,0.0,0.0,0.0,0.0,0.0,0.0,0.0,0.0,0.0,0.0,0.0,0.0,0.0,0.0,0.0,0.0
1412,wave3,dual_nonbiased,0.0,0.0,0.0,10.0,0.0,0.0,5.0,5.0,0.0,0.0,40.0,30.0,15.0,10.0,15.0,10.0,0.0,0.0,0.0,0.0,10.0,10.0,0.0,0.0,0.0,5.0,0.0,0.0,0.0,0.0,0.0,0.0,5.0,10.0,5.0,5.0,0.0,0.0,5.0,5.0,0.0,0.0,0.0,0.0,0.0,0.0,0.0,0.0,0.0,0.0
635,wave3,dual_balanced,0.0,15.0,0.0,15.0,0.0,0.0,0.0,10.0,0.0,0.0,0.0,20.0,0.0,0.0,0.0,0.0,0.0,0.0,0.0,10.0,0.0,0.0,20.0,10.0,25.0,10.0,10.0,10.0,10.0,0.0,10.0,0.0,0.0,0.0,0.0,0.0,0.0,0.0,10.0,0.0,0.0,0.0,0.0,0.0,10.0,0.0,5.0,0.0,0.0,0.0
897,wave3,dual_balanced,0.0,0.0,0.0,15.0,0.0,5.0,5.0,5.0,0.0,0.0,0.0,20.0,5.0,5.0,0.0,0.0,0.0,0.0,0.0,0.0,0.0,5.0,10.0,10.0,5.0,5.0,10.0,0.0,15.0,5.0,15.0,10.0,20.0,5.0,0.0,0.0,0.0,0.0,0.0,0.0,5.0,5.0,0.0,0.0,0.0,0.0,5.0,5.0,5.0,0.0
762,wave3,dual_nonbiased,0.0,0.0,0.0,0.0,5.0,15.0,20.0,10.0,0.0,0.0,0.0,0.0,0.0,0.0,0.0,0.0,0.0,0.0,0.0,0.0,0.0,0.0,9.0,9.0,9.0,9.0,9.0,9.0,9.0,9.0,12.0,12.0,12.0,12.0,0.0,0.0,0.0,0.0,5.0,5.0,0.0,0.0,0.0,0.0,0.0,0.0,10.0,10.0,0.0,0.0
2150,wave3,dual_nonbiased,0.0,0.0,0.0,0.0,0.0,0.0,5.0,5.0,0.0,0.0,20.0,15.0,0.0,0.0,30.0,20.0,0.0,0.0,0.0,0.0,0.0,0.0,5.0,5.0,5.0,5.0,0.0,0.0,10.0,15.0,10.0,20.0,8.0,8.0,0.0,0.0,0.0,0.0,0.0,0.0,0.0,0.0,0.0,0.0,0.0,0.0,7.0,7.0,0.0,0.0
262,wave3,dual_opposition,0.0,0.0,0.0,0.0,0.0,0.0,10.0,0.0,0.0,0.0,0.0,0.0,0.0,0.0,20.0,0.0,0.0,0.0,20.0,0.0,0.0,0.0,10.0,0.0,0.0,0.0,20.0,10.0,0.0,0.0,0.0,25.0,0.0,15.0,0.0,0.0,0.0,0.0,10.0,15.0,0.0,0.0,0.0,0.0,0.0,0.0,10.0,20.0,0.0,15.0
786,wave3,dual_balanced,15.0,15.0,0.0,0.0,0.0,0.0,0.0,0.0,0.0,0.0,0.0,0.0,15.0,15.0,0.0,0.0,0.0,0.0,0.0,0.0,0.0,0.0,30.0,30.0,0.0,0.0,0.0,0.0,0.0,0.0,0.0,0.0,0.0,0.0,10.0,10.0,0.0,0.0,0.0,0.0,15.0,15.0,0.0,0.0,0.0,0.0,0.0,0.0,15.0,15.0
1818,wave3,dual_balanced,5.0,20.0,0.0,0.0,0.0,0.0,10.0,15.0,5.0,5.0,40.0,40.0,0.0,0.0,10.0,10.0,0.0,0.0,5.0,0.0,5.0,0.0,0.0,0.0,0.0,0.0,0.0,0.0,0.0,0.0,5.0,5.0,0.0,0.0,0.0,0.0,0.0,0.0,5.0,0.0,0.0,0.0,5.0,0.0,0.0,0.0,5.0,5.0,0.0,0.0
95,wave3,dual_nonbiased,30.0,25.0,0.0,0.0,0.0,0.0,10.0,10.0,0.0,5.0,20.0,20.0,0.0,0.0,0.0,0.0,0.0,0.0,0.0,0.0,0.0,0.0,0.0,0.0,0.0,5.0,15.0,10.0,0.0,5.0,0.0,0.0,0.0,0.0,0.0,0.0,0.0,0.0,10.0,5.0,10.0,10.0,0.0,0.0,0.0,0.0,5.0,5.0,0.0,0.0
1034,wave3,dual_nonbiased,0.0,0.0,5.0,0.0,0.0,0.0,5.0,0.0,0.0,0.0,5.0,0.0,5.0,0.0,15.0,0.0,0.0,0.0,0.0,0.0,0.0,0.0,5.0,0.0,5.0,0.0,5.0,0.0,5.0,0.0,5.0,35.0,15.0,35.0,0.0,0.0,0.0,0.0,15.0,0.0,0.0,0.0,0.0,10.0,0.0,10.0,5.0,5.0,5.0,5.0
499,wave3,dual_nonbiased,0.0,5.0,0.0,0.0,0.0,0.0,10.0,10.0,20.0,20.0,0.0,25.0,0.0,0.0,5.0,10.0,0.0,0.0,0.0,0.0,0.0,0.0,10.0,0.0,10.0,0.0,10.0,10.0,10.0,5.0,10.0,10.0,10.0,0.0,0.0,0.0,0.0,0.0,0.0,0.0,0.0,0.0,0.0,0.0,0.0,0.0,0.0,0.0,5.0,5.0
569,wave3,dual_nonbiased,0.0,0.0,0.0,0.0,0.0,0.0,0.0,10.0,10.0,10.0,40.0,40.0,0.0,5.0,0.0,0.0,0.0,0.0,0.0,0.0,0.0,0.0,0.0,0.0,0.0,0.0,5.0,5.0,5.0,5.0,5.0,5.0,0.0,0.0,0.0,0.0,0.0,0.0,25.0,10.0,5.0,5.0,0.0,0.0,0.0,0.0,5.0,5.0,0.0,0.0
1380,wave3,dual_nonbiased,15.0,10.0,15.0,10.0,0.0,0.0,0.0,0.0,0.0,0.0,0.0,10.0,7.0,15.0,7.0,15.0,0.0,0.0,0.0,0.0,0.0,0.0,8.0,0.0,8.0,10.0,10.0,0.0,10.0,0.0,10.0,10.0,0.0,0.0,0.0,0.0,0.0,0.0,0.0,0.0,0.0,0.0,0.0,0.0,0.0,0.0,5.0,10.0,5.0,10.0
1495,wave3,dual_nonbiased,0.0,0.0,0.0,20.0,0.0,0.0,0.0,0.0,0.0,0.0,30.0,20.0,14.0,10.0,14.0,10.0,14.0,10.0,14.0,10.0,14.0,0.0,0.0,0.0,0.0,20.0,0.0,0.0,0.0,0.0,0.0,0.0,0.0,0.0,0.0,0.0,0.0,0.0,0.0,0.0,0.0,0.0,0.0,0.0,0.0,0.0,0.0,0.0,0.0,0.0
770,wave3,dual_balanced,0.0,0.0,0.0,0.0,0.0,0.0,40.0,40.0,0.0,0.0,0.0,0.0,0.0,0.0,0.0,0.0,0.0,0.0,0.0,0.0,7.0,7.0,0.0,0.0,0.0,0.0,0.0,0.0,0.0,0.0,0.0,0.0,10.0,10.0,0.0,0.0,0.0,0.0,0.0,0.0,0.0,0.0,0.0,0.0,0.0,0.0,33.0,33.0,10.0,10.0
290,wave3,dual_nonbiased,0.0,20.0,0.0,0.0,0.0,0.0,20.0,10.0,0.0,0.0,0.0,15.0,0.0,15.0,0.0,0.0,0.0,0.0,0.0,0.0,0.0,0.0,0.0,0.0,10.0,10.0,10.0,10.0,10.0,0.0,10.0,10.0,0.0,0.0,10.0,0.0,0.0,0.0,0.0,0.0,0.0,0.0,0.0,0.0,0.0,0.0,20.0,10.0,10.0,0.0
1451,wave3,dual_balanced,5.0,5.0,5.0,5.0,0.0,0.0,0.0,0.0,5.0,5.0,25.0,25.0,5.0,5.0,0.0,0.0,0.0,0.0,5.0,5.0,5.0,5.0,5.0,5.0,0.0,0.0,0.0,0.0,5.0,5.0,5.0,5.0,0.0,0.0,5.0,5.0,0.0,0.0,5.0,5.0,20.0,20.0,0.0,0.0,0.0,0.0,0.0,0.0,0.0,0.0
86,wave3,dual_nonbiased,0.0,0.0,0.0,0.0,0.0,0.0,20.0,20.0,0.0,0.0,0.0,0.0,0.0,0.0,0.0,0.0,10.0,10.0,0.0,0.0,5.0,5.0,10.0,10.0,5.0,5.0,10.0,10.0,15.0,15.0,20.0,20.0,0.0,0.0,0.0,0.0,0.0,0.0,0.0,0.0,0.0,0.0,0.0,0.0,5.0,5.0,0.0,0.0,0.0,0.0
430,wave3,dual_opposition,20.0,0.0,0.0,0.0,0.0,0.0,0.0,0.0,0.0,0.0,0.0,0.0,0.0,0.0,0.0,0.0,0.0,0.0,0.0,0.0,0.0,0.0,20.0,0.0,20.0,0.0,20.0,0.0,20.0,0.0,0.0,25.0,0.0,15.0,0.0,0.0,0.0,0.0,0.0,0.0,0.0,0.0,0.0,0.0,0.0,15.0,0.0,25.0,0.0,20.0
171,wave3,dual_balanced,10.0,10.0,10.0,10.0,10.0,10.0,10.0,10.0,10.0,10.0,10.0,10.0,10.0,10.0,10.0,10.0,10.0,10.0,10.0,10.0,0.0,0.0,0.0,0.0,0.0,0.0,0.0,0.0,0.0,0.0,0.0,0.0,0.0,0.0,0.0,0.0,0.0,0.0,0.0,0.0,0.0,0.0,0.0,0.0,0.0,0.0,0.0,0.0,0.0,0.0
365,wave3,dual_balanced,0.0,0.0,5.0,0.0,0.0,0.0,5.0,0.0,0.0,0.0,10.0,0.0,0.0,0.0,0.0,0.0,0.0,0.0,0.0,0.0,10.0,0.0,0.0,0.0,0.0,0.0,5.0,0.0,0.0,0.0,0.0,0.0,0.0,0.0,5.0,0.0,0.0,0.0,0.0,0.0,20.0,10.0,0.0,10.0,0.0,10.0,20.0,40.0,20.0,30.0
563,wave3,dual_balanced,5.0,5.0,0.0,0.0,10.0,5.0,0.0,5.0,5.0,5.0,10.0,20.0,10.0,10.0,20.0,10.0,0.0,0.0,0.0,0.0,20.0,10.0,0.0,10.0,0.0,10.0,0.0,0.0,10.0,10.0,0.0,0.0,0.0,0.0,5.0,0.0,5.0,0.0,0.0,0.0,0.0,0.0,0.0,0.0,0.0,0.0,0.0,0.0,0.0,0.0
656,wave3,dual_nonbiased,5.0,5.0,5.0,5.0,5.0,5.0,5.0,5.0,5.0,5.0,5.0,5.0,5.0,5.0,5.0,5.0,5.0,5.0,5.0,5.0,5.0,5.0,5.0,5.0,5.0,5.0,5.0,5.0,5.0,5.0,5.0,5.0,5.0,5.0,5.0,5.0,5.0,5.0,5.0,5.0,0.0,0.0,0.0,0.0,0.0,0.0,0.0,0.0,0.0,0.0
377,wave3,dual_balanced,0.0,0.0,0.0,25.0,0.0,0.0,0.0,15.0,10.0,10.0,0.0,25.0,0.0,0.0,0.0,0.0,0.0,0.0,0.0,0.0,0.0,0.0,5.0,5.0,0.0,0.0,20.0,0.0,20.0,10.0,25.0,0.0,10.0,10.0,0.0,0.0,0.0,0.0,0.0,0.0,0.0,0.0,0.0,0.0,0.0,0.0,10.0,0.0,0.0,0.0
1668,wave3,dual_opposition,0.0,0.0,0.0,0.0,5.0,5.0,0.0,0.0,10.0,10.0,0.0,0.0,7.0,7.0,6.0,6.0,5.0,5.0,0.0,0.0,0.0,0.0,5.0,5.0,7.0,7.0,5.0,5.0,5.0,5.0,5.0,5.0,0.0,0.0,0.0,0.0,0.0,0.0,20.0,20.0,0.0,0.0,0.0,0.0,10.0,10.0,10.0,10.0,0.0,0.0
1042,wave3,dual_nonbiased,0.0,0.0,0.0,0.0,0.0,0.0,10.0,10.0,0.0,0.0,0.0,10.0,0.0,0.0,10.0,10.0,0.0,0.0,0.0,0.0,0.0,0.0,10.0,10.0,20.0,20.0,0.0,0.0,0.0,0.0,10.0,10.0,0.0,0.0,0.0,0.0,0.0,0.0,0.0,0.0,0.0,0.0,0.0,0.0,0.0,0.0,20.0,10.0,20.0,20.0
1352,wave3,dual_opposition,15.0,15.0,0.0,0.0,0.0,0.0,10.0,10.0,0.0,0.0,10.0,0.0,0.0,0.0,10.0,0.0,0.0,0.0,10.0,10.0,15.0,0.0,10.0,0.0,10.0,0.0,10.0,15.0,0.0,0.0,0.0,0.0,0.0,5.0,0.0,15.0,0.0,0.0,0.0,0.0,0.0,0.0,0.0,0.0,0.0,0.0,0.0,15.0,0.0,15.0
1867,wave3,dual_balanced,5.0,20.0,5.0,10.0,5.0,0.0,0.0,0.0,30.0,30.0,20.0,20.0,5.0,0.0,5.0,0.0,5.0,0.0,10.0,10.0,10.0,10.0,0.0,0.0,0.0,0.0,0.0,0.0,0.0,0.0,0.0,0.0,0.0,0.0,0.0,0.0,0.0,0.0,0.0,0.0,0.0,0.0,0.0,0.0,0.0,0.0,0.0,0.0,0.0,0.0
1788,wave3,dual_balanced,0.0,0.0,0.0,0.0,0.0,0.0,20.0,20.0,20.0,20.0,0.0,0.0,0.0,0.0,0.0,0.0,0.0,0.0,0.0,0.0,0.0,0.0,20.0,20.0,0.0,0.0,0.0,0.0,0.0,0.0,0.0,0.0,0.0,0.0,0.0,0.0,0.0,0.0,0.0,0.0,0.0,0.0,0.0,0.0,0.0,0.0,20.0,20.0,20.0,20.0
1263,wave3,dual_balanced,5.0,10.0,0.0,0.0,0.0,0.0,0.0,0.0,0.0,0.0,20.0,15.0,0.0,0.0,0.0,0.0,10.0,10.0,0.0,10.0,0.0,0.0,0.0,0.0,0.0,0.0,10.0,10.0,10.0,10.0,30.0,20.0,0.0,0.0,0.0,0.0,0.0,0.0,10.0,10.0,0.0,0.0,0.0,0.0,0.0,0.0,0.0,0.0,5.0,5.0
878,wave3,dual_nonbiased,5.0,5.0,5.0,5.0,5.0,5.0,5.0,5.0,5.0,5.0,5.0,5.0,5.0,5.0,5.0,5.0,5.0,5.0,5.0,5.0,5.0,5.0,5.0,5.0,5.0,5.0,5.0,5.0,5.0,5.0,5.0,5.0,0.0,0.0,5.0,5.0,0.0,0.0,0.0,0.0,5.0,5.0,5.0,5.0,5.0,5.0,0.0,0.0,0.0,0.0
1092,wave3,dual_nonbiased,0.0,10.0,0.0,0.0,5.0,10.0,5.0,10.0,5.0,0.0,0.0,20.0,0.0,0.0,0.0,0.0,0.0,0.0,0.0,0.0,0.0,0.0,13.0,10.0,0.0,0.0,0.0,0.0,27.0,15.0,0.0,0.0,15.0,10.0,0.0,0.0,0.0,0.0,0.0,0.0,0.0,0.0,0.0,0.0,0.0,0.0,30.0,15.0,0.0,0.0
1428,wave3,dual_balanced,10.0,10.0,0.0,0.0,10.0,10.0,0.0,0.0,0.0,0.0,10.0,10.0,0.0,10.0,30.0,20.0,20.0,20.0,10.0,10.0,10.0,10.0,0.0,0.0,0.0,0.0,0.0,0.0,0.0,0.0,0.0,0.0,0.0,0.0,0.0,0.0,0.0,0.0,0.0,0.0,0.0,0.0,0.0,0.0,0.0,0.0,0.0,0.0,0.0,0.0
332,wave3,dual_balanced,5.0,0.0,5.0,15.0,0.0,0.0,0.0,10.0,5.0,0.0,0.0,25.0,5.0,10.0,6.0,0.0,0.0,0.0,0.0,0.0,0.0,0.0,0.0,0.0,0.0,0.0,25.0,10.0,5.0,10.0,7.0,10.0,0.0,0.0,7.0,0.0,5.0,0.0,10.0,10.0,10.0,0.0,0.0,0.0,5.0,0.0,0.0,0.0,0.0,0.0
1538,wave3,dual_balanced,0.0,0.0,0.0,0.0,0.0,0.0,7.5,10.0,10.0,0.0,40.0,40.0,7.5,0.0,0.0,0.0,0.0,0.0,5.0,5.0,5.0,5.0,0.0,0.0,0.0,15.0,0.0,0.0,0.0,15.0,0.0,0.0,0.0,0.0,0.0,0.0,0.0,0.0,5.0,5.0,5.0,0.0,5.0,0.0,5.0,0.0,5.0,5.0,0.0,0.0
2304,wave3,dual_opposition,0.0,30.0,0.0,20.0,0.0,0.0,0.0,15.0,0.0,0.0,20.0,15.0,0.0,0.0,0.0,0.0,0.0,0.0,0.0,10.0,0.0,0.0,0.0,0.0,20.0,10.0,20.0,0.0,0.0,0.0,20.0,0.0,20.0,0.0,0.0,0.0,0.0,0.0,0.0,0.0,0.0,0.0,0.0,0.0,0.0,0.0,0.0,0.0,0.0,0.0
798,wave3,dual_balanced,0.0,0.0,0.0,0.0,0.0,0.0,20.0,15.0,0.0,0.0,0.0,0.0,0.0,0.0,0.0,0.0,0.0,0.0,0.0,0.0,0.0,0.0,20.0,20.0,0.0,0.0,0.0,0.0,0.0,0.0,40.0,40.0,15.0,15.0,0.0,0.0,0.0,0.0,0.0,0.0,0.0,0.0,0.0,0.0,0.0,0.0,5.0,10.0,0.0,0.0
2174,wave3,dual_opposition,0.0,0.0,0.0,0.0,15.0,0.0,10.0,0.0,0.0,0.0,0.0,0.0,0.0,0.0,25.0,0.0,0.0,0.0,0.0,0.0,0.0,5.0,15.0,0.0,15.0,0.0,0.0,0.0,0.0,0.0,0.0,25.0,10.0,15.0,0.0,0.0,0.0,10.0,0.0,0.0,0.0,0.0,0.0,0.0,0.0,10.0,10.0,20.0,0.0,15.0
1370,wave3,dual_nonbiased,0.0,0.0,0.0,0.0,0.0,0.0,0.0,0.0,0.0,0.0,0.0,0.0,20.0,20.0,10.0,10.0,0.0,0.0,0.0,0.0,0.0,0.0,30.0,30.0,20.0,20.0,0.0,0.0,0.0,0.0,20.0,20.0,0.0,0.0,0.0,0.0,0.0,0.0,0.0,0.0,0.0,0.0,0.0,0.0,0.0,0.0,0.0,0.0,0.0,0.0
1056,wave3,dual_balanced,0.0,10.0,0.0,0.0,5.0,5.0,10.0,15.0,0.0,0.0,25.0,25.0,5.0,0.0,5.0,0.0,5.0,0.0,5.0,0.0,5.0,0.0,5.0,0.0,5.0,10.0,5.0,5.0,5.0,10.0,5.0,10.0,0.0,10.0,0.0,0.0,0.0,0.0,0.0,0.0,0.0,0.0,0.0,0.0,0.0,0.0,5.0,0.0,5.0,0.0
788,wave3,dual_opposition,10.0,5.0,0.0,0.0,0.0,0.0,10.0,5.0,0.0,0.0,20.0,15.0,0.0,0.0,20.0,20.0,10.0,10.0,0.0,0.0,15.0,15.0,0.0,5.0,0.0,0.0,0.0,5.0,0.0,5.0,10.0,10.0,0.0,0.0,0.0,0.0,0.0,0.0,5.0,5.0,0.0,0.0,0.0,0.0,0.0,0.0,0.0,0.0,0.0,0.0
2074,wave3,dual_opposition,0.0,0.0,30.0,30.0,0.0,0.0,5.0,5.0,0.0,0.0,35.0,35.0,0.0,0.0,5.0,5.0,0.0,0.0,0.0,0.0,0.0,0.0,5.0,5.0,5.0,5.0,5.0,5.0,5.0,5.0,5.0,5.0,0.0,0.0,0.0,0.0,0.0,0.0,0.0,0.0,0.0,0.0,0.0,0.0,0.0,0.0,0.0,0.0,0.0,0.0
1695,wave3,dual_balanced,5.0,15.0,5.0,15.0,5.0,10.0,20.0,15.0,5.0,5.0,10.0,10.0,0.0,0.0,5.0,0.0,0.0,0.0,0.0,10.0,5.0,10.0,10.0,5.0,5.0,5.0,5.0,0.0,5.0,0.0,10.0,0.0,0.0,0.0,0.0,0.0,0.0,0.0,0.0,0.0,0.0,0.0,0.0,0.0,0.0,0.0,5.0,0.0,0.0,0.0
723,wave3,dual_nonbiased,0.0,10.0,0.0,0.0,0.0,0.0,10.0,10.0,0.0,0.0,40.0,30.0,0.0,0.0,10.0,10.0,0.0,0.0,0.0,0.0,0.0,0.0,10.0,10.0,10.0,10.0,0.0,0.0,0.0,0.0,20.0,20.0,0.0,0.0,0.0,0.0,0.0,0.0,0.0,0.0,0.0,0.0,0.0,0.0,0.0,0.0,0.0,0.0,0.0,0.0
156,wave3,dual_nonbiased,0.0,0.0,0.0,0.0,5.0,5.0,10.0,10.0,0.0,0.0,5.0,5.0,0.0,0.0,10.0,10.0,0.0,0.0,10.0,10.0,8.0,8.0,5.0,5.0,10.0,10.0,9.0,9.0,8.0,8.0,0.0,0.0,0.0,0.0,10.0,10.0,0.0,0.0,0.0,0.0,0.0,0.0,0.0,0.0,10.0,10.0,0.0,0.0,0.0,0.0
1221,wave3,dual_opposition,0.0,0.0,0.0,0.0,0.0,0.0,0.0,10.0,0.0,0.0,40.0,30.0,0.0,0.0,10.0,10.0,0.0,0.0,0.0,0.0,0.0,0.0,0.0,0.0,0.0,0.0,0.0,0.0,0.0,0.0,10.0,10.0,0.0,0.0,0.0,0.0,0.0,0.0,10.0,10.0,0.0,0.0,0.0,0.0,0.0,0.0,15.0,15.0,15.0,15.0
186,wave3,dual_balanced,5.0,5.0,5.0,5.0,15.0,15.0,0.0,0.0,5.0,5.0,40.0,40.0,0.0,0.0,0.0,0.0,10.0,10.0,10.0,10.0,10.0,10.0,0.0,0.0,0.0,0.0,0.0,0.0,0.0,0.0,0.0,0.0,0.0,0.0,0.0,0.0,0.0,0.0,0.0,0.0,0.0,0.0,0.0,0.0,0.0,0.0,0.0,0.0,0.0,0.0
37,wave3,dual_balanced,0.0,0.0,0.0,0.0,0.0,0.0,0.0,0.0,0.0,0.0,30.0,30.0,0.0,0.0,0.0,0.0,0.0,0.0,20.0,20.0,0.0,0.0,20.0,20.0,20.0,10.0,0.0,0.0,0.0,0.0,0.0,5.0,0.0,5.0,0.0,0.0,0.0,0.0,10.0,10.0,0.0,0.0,0.0,0.0,0.0,0.0,0.0,0.0,0.0,0.0
1855,wave3,dual_opposition,0.0,0.0,0.0,0.0,0.0,0.0,0.0,0.0,0.0,0.0,0.0,0.0,10.0,10.0,10.0,10.0,10.0,10.0,10.0,10.0,10.0,10.0,10.0,10.0,10.0,10.0,10.0,10.0,10.0,10.0,10.0,10.0,0.0,0.0,0.0,0.0,0.0,0.0,0.0,0.0,0.0,0.0,0.0,0.0,0.0,0.0,0.0,0.0,0.0,0.0
1293,wave3,dual_balanced,0.0,0.0,0.0,15.0,0.0,0.0,15.0,10.0,0.0,0.0,30.0,25.0,0.0,0.0,0.0,0.0,0.0,0.0,15.0,10.0,0.0,0.0,20.0,15.0,20.0,15.0,0.0,0.0,0.0,0.0,0.0,0.0,0.0,0.0,0.0,0.0,0.0,0.0,0.0,0.0,0.0,0.0,0.0,0.0,0.0,0.0,0.0,10.0,0.0,0.0
1381,wave3,dual_opposition,0.0,0.0,0.0,0.0,0.0,0.0,15.0,10.0,0.0,0.0,0.0,0.0,0.0,10.0,15.0,10.0,0.0,0.0,0.0,0.0,0.0,0.0,0.0,0.0,0.0,0.0,0.0,0.0,20.0,0.0,20.0,25.0,0.0,0.0,0.0,0.0,20.0,20.0,0.0,0.0,0.0,0.0,0.0,15.0,0.0,0.0,5.0,5.0,5.0,5.0
838,wave3,dual_balanced,0.0,0.0,5.0,5.0,0.0,0.0,5.0,5.0,0.0,0.0,30.0,30.0,5.0,5.0,5.0,5.0,5.0,5.0,0.0,0.0,5.0,5.0,0.0,0.0,5.0,5.0,0.0,0.0,0.0,0.0,10.0,10.0,10.0,10.0,0.0,0.0,0.0,0.0,5.0,5.0,0.0,0.0,0.0,0.0,0.0,0.0,5.0,5.0,5.0,5.0
404,wave3,dual_balanced,5.0,0.0,5.0,0.0,5.0,0.0,5.0,15.0,5.0,15.0,5.0,0.0,5.0,0.0,5.0,15.0,5.0,0.0,5.0,0.0,10.0,15.0,10.0,20.0,10.0,0.0,5.0,0.0,5.0,0.0,0.0,0.0,5.0,0.0,5.0,20.0,0.0,0.0,0.0,0.0,0.0,0.0,0.0,0.0,0.0,0.0,0.0,0.0,0.0,0.0
1468,wave3,dual_opposition,5.0,0.0,5.0,10.0,5.0,10.0,5.0,10.0,5.0,0.0,5.0,35.0,5.0,5.0,5.0,0.0,5.0,0.0,5.0,0.0,5.0,0.0,5.0,10.0,5.0,10.0,5.0,0.0,5.0,0.0,5.0,10.0,5.0,0.0,5.0,0.0,0.0,0.0,5.0,0.0,5.0,0.0,0.0,0.0,0.0,0.0,0.0,0.0,0.0,0.0
609,wave3,dual_balanced,5.0,10.0,5.0,10.0,5.0,10.0,7.5,10.0,0.0,0.0,15.0,20.0,0.0,0.0,10.0,0.0,0.0,0.0,0.0,0.0,0.0,0.0,12.5,10.0,10.0,10.0,10.0,10.0,0.0,0.0,15.0,5.0,0.0,0.0,0.0,0.0,0.0,0.0,0.0,0.0,0.0,0.0,0.0,0.0,0.0,0.0,5.0,5.0,0.0,0.0
1593,wave3,dual_nonbiased,0.0,10.0,0.0,0.0,0.0,0.0,20.0,10.0,10.0,0.0,0.0,20.0,0.0,10.0,10.0,10.0,0.0,0.0,0.0,0.0,0.0,0.0,10.0,10.0,10.0,10.0,10.0,10.0,10.0,0.0,0.0,0.0,10.0,0.0,0.0,0.0,0.0,0.0,0.0,0.0,0.0,0.0,0.0,0.0,0.0,0.0,0.0,0.0,10.0,10.0
1737,wave3,dual_nonbiased,0.0,0.0,0.0,0.0,0.0,0.0,10.0,10.0,0.0,0.0,0.0,0.0,0.0,0.0,0.0,0.0,0.0,0.0,0.0,0.0,0.0,0.0,20.0,20.0,0.0,0.0,0.0,0.0,20.0,20.0,0.0,0.0,10.0,10.0,0.0,0.0,0.0,0.0,0.0,0.0,0.0,0.0,0.0,0.0,0.0,0.0,0.0,0.0,40.0,40.0
2085,wave3,dual_nonbiased,0.0,0.0,0.0,0.0,0.0,0.0,0.0,0.0,0.0,0.0,10.0,10.0,0.0,0.0,10.0,10.0,0.0,0.0,0.0,0.0,0.0,0.0,10.0,10.0,10.0,10.0,10.0,10.0,10.0,10.0,10.0,10.0,0.0,0.0,10.0,10.0,0.0,0.0,0.0,0.0,10.0,10.0,0.0,0.0,10.0,10.0,0.0,0.0,0.0,0.0
680,wave3,dual_opposition,0.0,0.0,0.0,0.0,0.0,0.0,0.0,0.0,15.0,15.0,0.0,0.0,0.0,0.0,15.0,15.0,0.0,0.0,0.0,0.0,15.0,15.0,10.0,10.0,10.0,10.0,10.0,10.0,0.0,0.0,0.0,0.0,15.0,15.0,0.0,0.0,0.0,0.0,0.0,0.0,10.0,10.0,0.0,0.0,0.0,0.0,0.0,0.0,0.0,0.0
769,wave3,dual_nonbiased,10.0,10.0,0.0,0.0,0.0,0.0,0.0,10.0,20.0,10.0,0.0,10.0,0.0,0.0,0.0,0.0,10.0,10.0,10.0,10.0,0.0,0.0,10.0,10.0,10.0,10.0,0.0,0.0,0.0,0.0,0.0,0.0,0.0,0.0,10.0,10.0,10.0,0.0,0.0,0.0,0.0,0.0,0.0,0.0,0.0,0.0,0.0,10.0,10.0,0.0
2015,wave3,dual_opposition,0.0,0.0,10.0,0.0,0.0,0.0,0.0,0.0,5.0,0.0,0.0,0.0,0.0,0.0,0.0,0.0,0.0,0.0,0.0,0.0,0.0,0.0,5.0,0.0,5.0,0.0,10.0,10.0,10.0,0.0,0.0,20.0,5.0,15.0,0.0,0.0,0.0,0.0,0.0,10.0,20.0,10.0,0.0,0.0,0.0,0.0,15.0,20.0,15.0,15.0
1031,wave3,dual_balanced,10.0,0.0,5.0,0.0,5.0,0.0,0.0,0.0,0.0,0.0,20.0,15.0,15.0,0.0,10.0,0.0,10.0,0.0,0.0,0.0,0.0,0.0,5.0,15.0,5.0,10.0,5.0,10.0,0.0,0.0,0.0,20.0,5.0,15.0,0.0,0.0,0.0,0.0,0.0,0.0,0.0,0.0,0.0,0.0,0.0,0.0,5.0,15.0,0.0,0.0
1182,wave3,dual_balanced,5.0,5.0,5.0,5.0,5.0,5.0,0.0,0.0,0.0,0.0,25.0,25.0,0.0,0.0,0.0,0.0,0.0,0.0,0.0,0.0,0.0,0.0,10.0,10.0,10.0,10.0,0.0,0.0,0.0,0.0,0.0,0.0,0.0,0.0,10.0,10.0,10.0,10.0,10.0,10.0,0.0,0.0,0.0,0.0,0.0,0.0,10.0,10.0,0.0,0.0
1741,wave3,dual_opposition,10.0,0.0,10.0,0.0,10.0,0.0,0.0,0.0,5.0,5.0,10.0,10.0,10.0,5.0,10.0,5.0,0.0,0.0,0.0,0.0,0.0,0.0,5.0,5.0,5.0,5.0,10.0,10.0,10.0,10.0,5.0,25.0,0.0,10.0,0.0,0.0,0.0,0.0,0.0,10.0,0.0,0.0,0.0,0.0,0.0,0.0,0.0,0.0,0.0,0.0
1716,wave3,dual_nonbiased,0.0,0.0,0.0,10.0,0.0,0.0,0.0,10.0,0.0,0.0,10.0,15.0,5.0,5.0,10.0,10.0,0.0,0.0,0.0,0.0,5.0,0.0,10.0,10.0,10.0,10.0,10.0,5.0,15.0,10.0,10.0,10.0,0.0,0.0,0.0,0.0,0.0,0.0,5.0,0.0,5.0,0.0,0.0,0.0,0.0,0.0,5.0,5.0,0.0,0.0
848,wave3,dual_nonbiased,0.0,0.0,0.0,20.0,0.0,0.0,0.0,0.0,0.0,0.0,0.0,25.0,0.0,0.0,0.0,0.0,0.0,0.0,0.0,0.0,0.0,0.0,20.0,15.0,20.0,15.0,20.0,0.0,0.0,0.0,20.0,15.0,0.0,0.0,0.0,0.0,0.0,0.0,0.0,0.0,0.0,0.0,0.0,0.0,20.0,10.0,0.0,0.0,0.0,0.0
1753,wave3,dual_opposition,0.0,25.0,0.0,15.0,0.0,0.0,0.0,10.0,0.0,0.0,20.0,0.0,0.0,15.0,0.0,0.0,0.0,0.0,0.0,0.0,10.0,0.0,10.0,10.0,10.0,10.0,10.0,0.0,0.0,0.0,40.0,15.0,0.0,0.0,0.0,0.0,0.0,0.0,0.0,0.0,0.0,0.0,0.0,0.0,0.0,0.0,0.0,0.0,0.0,0.0
887,wave3,dual_balanced,5.0,10.0,5.0,10.0,0.0,0.0,20.0,10.0,0.0,0.0,40.0,40.0,0.0,0.0,0.0,0.0,0.0,0.0,5.0,5.0,0.0,0.0,0.0,0.0,5.0,5.0,5.0,5.0,5.0,5.0,0.0,0.0,0.0,0.0,0.0,0.0,0.0,0.0,0.0,0.0,0.0,0.0,0.0,0.0,0.0,0.0,5.0,5.0,5.0,5.0
1295,wave3,dual_opposition,0.0,0.0,0.0,22.0,0.0,0.0,28.0,8.0,0.0,0.0,0.0,10.0,0.0,0.0,0.0,0.0,0.0,0.0,0.0,0.0,0.0,0.0,0.0,0.0,0.0,0.0,14.0,10.0,0.0,0.0,13.0,15.0,0.0,0.0,0.0,0.0,0.0,0.0,0.0,0.0,0.0,0.0,0.0,0.0,0.0,0.0,20.0,15.0,25.0,20.0
1777,wave3,dual_balanced,10.0,15.0,5.0,10.0,5.0,5.0,5.0,5.0,10.0,10.0,5.0,15.0,0.0,0.0,15.0,10.0,0.0,0.0,0.0,0.0,0.0,5.0,0.0,0.0,10.0,5.0,0.0,0.0,5.0,5.0,10.0,5.0,0.0,0.0,0.0,0.0,0.0,0.0,10.0,5.0,10.0,5.0,0.0,0.0,0.0,0.0,0.0,0.0,0.0,0.0
1799,wave3,dual_balanced,0.0,0.0,0.0,0.0,0.0,0.0,30.0,30.0,0.0,0.0,0.0,0.0,0.0,0.0,0.0,0.0,0.0,0.0,0.0,0.0,0.0,0.0,0.0,0.0,20.0,20.0,20.0,20.0,20.0,20.0,0.0,0.0,0.0,0.0,0.0,0.0,0.0,0.0,0.0,0.0,10.0,10.0,0.0,0.0,0.0,0.0,0.0,0.0,0.0,0.0
722,wave3,dual_balanced,0.0,15.0,0.0,15.0,10.0,10.0,20.0,15.0,0.0,0.0,10.0,15.0,0.0,0.0,20.0,5.0,0.0,0.0,20.0,15.0,10.0,10.0,0.0,0.0,0.0,0.0,0.0,0.0,0.0,0.0,0.0,0.0,0.0,0.0,0.0,0.0,0.0,0.0,0.0,0.0,0.0,0.0,0.0,0.0,0.0,0.0,0.0,0.0,10.0,0.0
1471,wave3,dual_balanced,0.0,10.0,0.0,0.0,0.0,0.0,25.0,25.0,0.0,0.0,0.0,0.0,0.0,0.0,20.0,20.0,0.0,0.0,0.0,0.0,0.0,0.0,0.0,0.0,0.0,0.0,0.0,0.0,0.0,0.0,20.0,10.0,0.0,0.0,0.0,0.0,0.0,0.0,0.0,0.0,0.0,0.0,0.0,0.0,5.0,5.0,30.0,30.0,0.0,0.0
1085,wave3,dual_balanced,0.0,25.0,0.0,20.0,0.0,0.0,0.0,15.0,0.0,0.0,0.0,15.0,0.0,15.0,0.0,0.0,0.0,0.0,0.0,0.0,0.0,0.0,20.0,10.0,0.0,0.0,20.0,0.0,0.0,0.0,0.0,0.0,20.0,0.0,0.0,0.0,0.0,0.0,0.0,0.0,20.0,0.0,20.0,0.0,0.0,0.0,0.0,0.0,0.0,0.0
1147,wave3,dual_nonbiased,10.0,10.0,10.0,0.0,0.0,0.0,20.0,15.0,10.0,20.0,20.0,25.0,0.0,10.0,0.0,0.0,0.0,0.0,0.0,10.0,0.0,0.0,0.0,0.0,0.0,0.0,0.0,0.0,0.0,0.0,20.0,10.0,0.0,0.0,0.0,0.0,10.0,0.0,0.0,0.0,0.0,0.0,0.0,0.0,0.0,0.0,0.0,0.0,0.0,0.0
1389,wave3,dual_opposition,0.0,0.0,0.0,0.0,5.0,0.0,0.0,10.0,5.0,0.0,15.0,20.0,5.0,0.0,10.0,0.0,5.0,0.0,5.0,0.0,5.0,0.0,0.0,0.0,5.0,15.0,5.0,10.0,0.0,10.0,10.0,15.0,10.0,10.0,0.0,0.0,0.0,0.0,0.0,0.0,10.0,10.0,0.0,0.0,0.0,0.0,5.0,0.0,0.0,0.0
990,wave3,dual_nonbiased,10.0,40.0,5.0,0.0,0.0,25.0,10.0,0.0,0.0,0.0,0.0,15.0,10.0,0.0,5.0,0.0,5.0,0.0,5.0,10.0,10.0,10.0,0.0,0.0,0.0,0.0,0.0,0.0,0.0,0.0,15.0,0.0,0.0,0.0,0.0,0.0,10.0,0.0,0.0,0.0,0.0,0.0,0.0,0.0,0.0,0.0,15.0,0.0,0.0,0.0
1305,wave3,dual_opposition,0.0,10.0,0.0,15.0,0.0,0.0,10.0,10.0,40.0,10.0,0.0,0.0,0.0,0.0,0.0,0.0,5.0,5.0,0.0,0.0,5.0,5.0,0.0,0.0,10.0,10.0,10.0,10.0,0.0,0.0,0.0,5.0,10.0,10.0,5.0,5.0,0.0,0.0,0.0,0.0,5.0,5.0,0.0,0.0,0.0,0.0,0.0,0.0,0.0,0.0
2004,wave3,dual_nonbiased,10.0,10.0,0.0,0.0,10.0,10.0,5.0,5.0,25.0,25.0,0.0,0.0,15.0,15.0,0.0,0.0,0.0,0.0,5.0,5.0,0.0,0.0,10.0,10.0,0.0,0.0,10.0,10.0,10.0,10.0,0.0,0.0,0.0,0.0,0.0,0.0,0.0,0.0,0.0,0.0,0.0,0.0,0.0,0.0,0.0,0.0,0.0,0.0,0.0,0.0
2311,wave3,dual_nonbiased,0.0,0.0,0.0,0.0,10.0,10.0,30.0,30.0,10.0,10.0,10.0,10.0,5.0,5.0,10.0,10.0,0.0,0.0,0.0,0.0,0.0,0.0,0.0,0.0,0.0,0.0,0.0,0.0,5.0,5.0,5.0,5.0,0.0,0.0,0.0,0.0,0.0,0.0,5.0,5.0,5.0,5.0,5.0,5.0,0.0,0.0,0.0,0.0,0.0,0.0
666,wave3,dual_opposition,10.0,10.0,10.0,10.0,5.0,5.0,10.0,10.0,20.0,20.0,0.0,0.0,0.0,0.0,5.0,5.0,0.0,0.0,0.0,0.0,0.0,0.0,5.0,5.0,0.0,0.0,5.0,5.0,0.0,0.0,5.0,5.0,5.0,5.0,5.0,5.0,0.0,0.0,0.0,0.0,10.0,10.0,5.0,5.0,0.0,0.0,0.0,0.0,0.0,0.0
2379,wave3,dual_nonbiased,0.0,10.0,0.0,0.0,0.0,0.0,0.0,0.0,0.0,0.0,0.0,0.0,0.0,0.0,0.0,0.0,0.0,0.0,0.0,0.0,0.0,0.0,25.0,15.0,0.0,0.0,10.0,10.0,35.0,35.0,0.0,0.0,5.0,5.0,25.0,25.0,0.0,0.0,0.0,0.0,0.0,0.0,0.0,0.0,0.0,0.0,0.0,0.0,0.0,0.0
623,wave3,dual_balanced,0.0,0.0,0.0,8.0,0.0,0.0,5.0,5.0,0.0,0.0,15.0,15.0,5.0,5.0,10.0,10.0,0.0,0.0,0.0,7.0,10.0,10.0,15.0,10.0,0.0,10.0,20.0,10.0,0.0,0.0,10.0,10.0,0.0,0.0,10.0,0.0,0.0,0.0,0.0,0.0,0.0,0.0,0.0,0.0,0.0,0.0,0.0,0.0,0.0,0.0
1280,wave3,dual_opposition,5.0,5.0,0.0,0.0,0.0,0.0,0.0,0.0,0.0,0.0,40.0,40.0,15.0,15.0,10.0,10.0,0.0,0.0,10.0,10.0,10.0,10.0,0.0,0.0,0.0,0.0,0.0,0.0,0.0,0.0,10.0,10.0,0.0,0.0,0.0,0.0,0.0,0.0,0.0,0.0,0.0,0.0,0.0,0.0,0.0,0.0,0.0,0.0,0.0,0.0
1077,wave3,dual_nonbiased,0.0,0.0,0.0,0.0,10.0,10.0,0.0,10.0,0.0,0.0,40.0,20.0,0.0,0.0,0.0,0.0,20.0,20.0,15.0,15.0,15.0,15.0,0.0,10.0,0.0,0.0,0.0,0.0,0.0,0.0,0.0,0.0,0.0,0.0,0.0,0.0,0.0,0.0,0.0,0.0,0.0,0.0,0.0,0.0,0.0,0.0,0.0,0.0,0.0,0.0
1055,wave3,dual_nonbiased,0.0,0.0,0.0,0.0,0.0,0.0,40.0,10.0,0.0,10.0,0.0,10.0,0.0,10.0,20.0,20.0,0.0,0.0,0.0,0.0,20.0,20.0,0.0,0.0,0.0,0.0,0.0,0.0,0.0,0.0,5.0,5.0,0.0,0.0,0.0,0.0,15.0,15.0,0.0,0.0,0.0,0.0,0.0,0.0,0.0,0.0,0.0,0.0,0.0,0.0
1181,wave3,dual_opposition,25.0,25.0,0.0,0.0,0.0,0.0,25.0,25.0,20.0,20.0,0.0,0.0,0.0,0.0,10.0,10.0,0.0,0.0,10.0,10.0,0.0,0.0,0.0,0.0,0.0,0.0,10.0,10.0,0.0,0.0,0.0,0.0,0.0,0.0,0.0,0.0,0.0,0.0,0.0,0.0,0.0,0.0,0.0,0.0,0.0,0.0,0.0,0.0,0.0,0.0
2084,wave3,dual_balanced,5.0,5.0,5.0,15.0,0.0,10.0,5.0,10.0,5.0,5.0,10.0,25.0,0.0,0.0,5.0,5.0,0.0,0.0,0.0,0.0,5.0,5.0,0.0,0.0,0.0,0.0,0.0,0.0,10.0,10.0,40.0,10.0,10.0,0.0,0.0,0.0,0.0,0.0,0.0,0.0,0.0,0.0,0.0,0.0,0.0,0.0,0.0,0.0,0.0,0.0
2230,wave3,dual_nonbiased,5.0,5.0,0.0,0.0,10.0,15.0,20.0,15.0,20.0,10.0,10.0,25.0,10.0,10.0,10.0,10.0,0.0,0.0,0.0,0.0,10.0,0.0,5.0,0.0,0.0,10.0,0.0,0.0,0.0,0.0,0.0,0.0,0.0,0.0,0.0,0.0,0.0,0.0,0.0,0.0,0.0,0.0,0.0,0.0,0.0,0.0,0.0,0.0,0.0,0.0
2038,wave3,dual_opposition,0.0,0.0,0.0,0.0,0.0,0.0,0.0,0.0,0.0,0.0,0.0,0.0,0.0,0.0,0.0,0.0,0.0,0.0,0.0,0.0,0.0,0.0,30.0,30.0,30.0,30.0,20.0,20.0,10.0,10.0,0.0,0.0,10.0,10.0,0.0,0.0,0.0,0.0,0.0,0.0,0.0,0.0,0.0,0.0,0.0,0.0,0.0,0.0,0.0,0.0
1249,wave3,dual_opposition,0.0,0.0,0.0,0.0,0.0,0.0,20.0,20.0,20.0,20.0,0.0,0.0,0.0,0.0,20.0,20.0,0.0,0.0,0.0,0.0,0.0,0.0,0.0,0.0,0.0,0.0,0.0,0.0,0.0,0.0,0.0,0.0,0.0,0.0,0.0,0.0,0.0,0.0,0.0,0.0,0.0,0.0,0.0,0.0,0.0,0.0,20.0,20.0,20.0,20.0
1790,wave3,dual_balanced,0.0,0.0,0.0,0.0,0.0,0.0,40.0,5.0,0.0,10.0,10.0,10.0,0.0,0.0,5.0,5.0,0.0,0.0,0.0,0.0,0.0,0.0,0.0,0.0,0.0,5.0,40.0,25.0,5.0,15.0,0.0,10.0,0.0,10.0,0.0,0.0,0.0,0.0,0.0,5.0,0.0,0.0,0.0,0.0,0.0,0.0,0.0,0.0,0.0,0.0
2268,wave3,dual_balanced,5.0,5.0,0.0,0.0,0.0,0.0,0.0,0.0,10.0,10.0,30.0,30.0,5.0,5.0,0.0,0.0,0.0,0.0,5.0,5.0,5.0,5.0,5.0,5.0,10.0,10.0,5.0,5.0,5.0,5.0,10.0,10.0,0.0,0.0,0.0,0.0,0.0,0.0,0.0,0.0,0.0,0.0,0.0,0.0,0.0,0.0,5.0,5.0,0.0,0.0
1736,wave3,dual_opposition,0.0,0.0,0.0,0.0,0.0,0.0,10.0,0.0,0.0,0.0,10.0,10.0,0.0,0.0,0.0,0.0,0.0,0.0,0.0,0.0,0.0,0.0,0.0,0.0,10.0,0.0,10.0,0.0,10.0,0.0,25.0,25.0,25.0,15.0,0.0,15.0,0.0,15.0,0.0,0.0,0.0,0.0,0.0,0.0,0.0,0.0,0.0,10.0,0.0,10.0
604,wave3,dual_opposition,40.0,30.0,0.0,15.0,0.0,0.0,5.0,10.0,0.0,0.0,25.0,15.0,0.0,0.0,25.0,10.0,0.0,0.0,0.0,10.0,0.0,10.0,0.0,0.0,0.0,0.0,0.0,0.0,0.0,0.0,0.0,0.0,0.0,0.0,0.0,0.0,0.0,0.0,0.0,0.0,0.0,0.0,0.0,0.0,0.0,0.0,5.0,0.0,0.0,0.0
567,wave3,dual_balanced,40.0,40.0,0.0,20.0,0.0,0.0,0.0,10.0,0.0,0.0,40.0,10.0,0.0,0.0,0.0,0.0,0.0,0.0,0.0,10.0,0.0,10.0,5.0,0.0,5.0,0.0,0.0,0.0,5.0,0.0,5.0,0.0,0.0,0.0,0.0,0.0,0.0,0.0,0.0,0.0,0.0,0.0,0.0,0.0,0.0,0.0,0.0,0.0,0.0,0.0
2191,wave3,dual_balanced,10.0,15.0,0.0,0.0,0.0,0.0,10.0,10.0,0.0,0.0,0.0,25.0,0.0,15.0,0.0,0.0,0.0,0.0,0.0,0.0,20.0,10.0,10.0,10.0,0.0,0.0,0.0,0.0,0.0,0.0,40.0,15.0,0.0,0.0,0.0,0.0,10.0,0.0,0.0,0.0,0.0,0.0,0.0,0.0,0.0,0.0,0.0,0.0,0.0,0.0
2280,wave3,dual_opposition,10.0,0.0,10.0,0.0,10.0,0.0,5.0,0.0,5.0,0.0,5.0,0.0,0.0,0.0,5.0,5.0,0.0,0.0,5.0,5.0,5.0,5.0,5.0,0.0,5.0,0.0,5.0,0.0,0.0,0.0,5.0,25.0,0.0,15.0,0.0,5.0,0.0,0.0,0.0,10.0,0.0,0.0,0.0,0.0,10.0,10.0,5.0,10.0,5.0,10.0
1126,wave3,dual_nonbiased,10.0,10.0,0.0,0.0,20.0,20.0,0.0,0.0,0.0,0.0,0.0,0.0,10.0,10.0,10.0,10.0,10.0,10.0,0.0,0.0,10.0,10.0,0.0,0.0,0.0,0.0,0.0,0.0,0.0,0.0,10.0,10.0,0.0,0.0,0.0,0.0,0.0,0.0,0.0,0.0,0.0,0.0,20.0,20.0,0.0,0.0,0.0,0.0,0.0,0.0
783,wave3,dual_opposition,40.0,30.0,0.0,15.0,0.0,0.0,0.0,10.0,0.0,0.0,0.0,15.0,0.0,0.0,0.0,0.0,0.0,0.0,0.0,10.0,0.0,10.0,10.0,5.0,10.0,5.0,10.0,0.0,10.0,0.0,0.0,0.0,0.0,0.0,0.0,0.0,0.0,0.0,10.0,0.0,0.0,0.0,0.0,0.0,0.0,0.0,10.0,0.0,0.0,0.0
910,wave3,dual_opposition,0.0,0.0,5.0,5.0,0.0,0.0,5.0,0.0,5.0,5.0,40.0,40.0,0.0,0.0,0.0,0.0,0.0,0.0,0.0,0.0,0.0,0.0,15.0,15.0,0.0,0.0,0.0,0.0,0.0,0.0,10.0,15.0,0.0,0.0,0.0,0.0,0.0,0.0,0.0,0.0,0.0,0.0,0.0,0.0,0.0,10.0,20.0,10.0,0.0,0.0
1489,wave3,dual_nonbiased,0.0,15.0,0.0,0.0,0.0,0.0,5.0,5.0,5.0,5.0,0.0,30.0,0.0,0.0,5.0,5.0,5.0,0.0,0.0,0.0,0.0,0.0,0.0,0.0,0.0,0.0,0.0,0.0,0.0,0.0,0.0,0.0,5.0,5.0,10.0,10.0,10.0,5.0,5.0,0.0,10.0,0.0,10.0,0.0,10.0,10.0,10.0,5.0,10.0,5.0
565,wave3,dual_opposition,0.0,0.0,0.0,0.0,0.0,0.0,20.0,25.0,0.0,0.0,0.0,0.0,0.0,0.0,20.0,20.0,10.0,5.0,0.0,15.0,0.0,15.0,0.0,0.0,0.0,0.0,20.0,20.0,0.0,0.0,0.0,0.0,10.0,0.0,0.0,0.0,10.0,0.0,0.0,0.0,0.0,0.0,0.0,0.0,0.0,0.0,0.0,0.0,10.0,0.0
1435,wave3,dual_nonbiased,10.0,10.0,10.0,10.0,0.0,0.0,40.0,20.0,0.0,0.0,0.0,20.0,0.0,0.0,10.0,10.0,0.0,0.0,0.0,0.0,0.0,0.0,0.0,0.0,0.0,10.0,20.0,20.0,0.0,0.0,0.0,0.0,0.0,0.0,0.0,0.0,0.0,0.0,0.0,0.0,10.0,0.0,0.0,0.0,0.0,0.0,0.0,0.0,0.0,0.0
1912,wave3,dual_balanced,25.0,25.0,20.0,20.0,15.0,15.0,10.0,10.0,10.0,10.0,10.0,10.0,10.0,10.0,0.0,0.0,0.0,0.0,0.0,0.0,0.0,0.0,0.0,0.0,0.0,0.0,0.0,0.0,0.0,0.0,0.0,0.0,0.0,0.0,0.0,0.0,0.0,0.0,0.0,0.0,0.0,0.0,0.0,0.0,0.0,0.0,0.0,0.0,0.0,0.0
1754,wave3,dual_opposition,0.0,0.0,0.0,0.0,0.0,0.0,15.0,15.0,0.0,0.0,0.0,0.0,0.0,0.0,0.0,0.0,0.0,0.0,0.0,0.0,0.0,0.0,0.0,0.0,15.0,15.0,0.0,0.0,0.0,0.0,25.0,25.0,0.0,0.0,0.0,0.0,20.0,20.0,25.0,25.0,0.0,0.0,0.0,0.0,0.0,0.0,0.0,0.0,0.0,0.0
610,wave3,dual_opposition,10.0,10.0,0.0,0.0,0.0,0.0,5.0,5.0,0.0,0.0,20.0,20.0,5.0,5.0,5.0,5.0,5.0,5.0,5.0,5.0,5.0,5.0,8.0,8.0,8.0,8.0,8.0,8.0,8.0,8.0,8.0,8.0,0.0,0.0,0.0,0.0,0.0,0.0,0.0,0.0,0.0,0.0,0.0,0.0,0.0,0.0,0.0,0.0,0.0,0.0
2070,wave3,dual_opposition,0.0,0.0,0.0,0.0,0.0,0.0,0.0,0.0,0.0,0.0,20.0,5.0,0.0,0.0,5.0,5.0,0.0,0.0,0.0,0.0,0.0,0.0,10.0,5.0,0.0,0.0,0.0,0.0,0.0,0.0,5.0,5.0,0.0,0.0,0.0,0.0,0.0,0.0,0.0,0.0,0.0,0.0,0.0,0.0,0.0,0.0,30.0,40.0,30.0,40.0
2368,wave3,dual_nonbiased,20.0,15.0,20.0,15.0,20.0,15.0,0.0,5.0,20.0,10.0,0.0,25.0,0.0,5.0,0.0,0.0,0.0,0.0,0.0,0.0,0.0,0.0,20.0,10.0,0.0,0.0,0.0,0.0,0.0,0.0,0.0,0.0,0.0,0.0,0.0,0.0,0.0,0.0,0.0,0.0,0.0,0.0,0.0,0.0,0.0,0.0,0.0,0.0,0.0,0.0
235,wave3,dual_opposition,15.0,10.0,5.0,5.0,5.0,5.0,15.0,15.0,15.0,10.0,15.0,10.0,0.0,0.0,0.0,5.0,0.0,0.0,0.0,0.0,5.0,5.0,10.0,10.0,5.0,5.0,0.0,0.0,5.0,5.0,5.0,10.0,0.0,0.0,0.0,0.0,0.0,0.0,0.0,0.0,0.0,0.0,0.0,0.0,0.0,0.0,0.0,5.0,0.0,0.0
1367,wave3,dual_balanced,30.0,0.0,0.0,0.0,0.0,0.0,0.0,0.0,5.0,0.0,30.0,0.0,0.0,0.0,0.0,0.0,0.0,0.0,0.0,0.0,15.0,0.0,0.0,0.0,0.0,0.0,0.0,0.0,0.0,0.0,10.0,20.0,0.0,10.0,0.0,0.0,0.0,0.0,0.0,0.0,0.0,0.0,0.0,0.0,0.0,10.0,10.0,35.0,0.0,25.0
2354,wave3,dual_opposition,10.0,10.0,10.0,15.0,10.0,0.0,10.0,10.0,10.0,0.0,5.0,20.0,5.0,10.0,5.0,0.0,5.0,0.0,5.0,0.0,5.0,0.0,5.0,10.0,5.0,10.0,5.0,0.0,5.0,0.0,0.0,10.0,0.0,0.0,0.0,0.0,0.0,0.0,0.0,0.0,0.0,0.0,0.0,0.0,0.0,0.0,0.0,5.0,0.0,0.0
571,wave3,dual_opposition,0.0,0.0,0.0,0.0,0.0,0.0,0.0,0.0,0.0,0.0,0.0,10.0,0.0,0.0,0.0,0.0,0.0,0.0,0.0,0.0,0.0,0.0,0.0,0.0,0.0,0.0,10.0,10.0,0.0,0.0,40.0,40.0,20.0,20.0,0.0,0.0,10.0,0.0,20.0,20.0,0.0,0.0,0.0,0.0,0.0,0.0,0.0,0.0,0.0,0.0
851,wave3,dual_opposition,0.0,0.0,0.0,0.0,0.0,0.0,5.0,5.0,0.0,0.0,0.0,0.0,0.0,0.0,5.0,5.0,0.0,0.0,0.0,0.0,0.0,0.0,0.0,0.0,0.0,0.0,6.0,6.0,0.0,0.0,5.0,5.0,10.0,10.0,10.0,10.0,10.0,10.0,10.0,10.0,5.0,5.0,5.0,5.0,13.0,13.0,10.0,10.0,6.0,6.0
1046,wave3,dual_opposition,0.0,0.0,0.0,0.0,20.0,0.0,25.0,25.0,0.0,0.0,0.0,0.0,0.0,0.0,25.0,0.0,0.0,0.0,0.0,0.0,0.0,0.0,15.0,15.0,0.0,0.0,15.0,15.0,0.0,0.0,0.0,0.0,0.0,0.0,0.0,0.0,0.0,0.0,0.0,25.0,0.0,0.0,0.0,0.0,0.0,20.0,0.0,0.0,0.0,0.0
808,wave3,dual_balanced,40.0,40.0,0.0,15.0,0.0,0.0,0.0,5.0,0.0,0.0,10.0,10.0,0.0,0.0,20.0,5.0,0.0,0.0,0.0,5.0,0.0,0.0,10.0,0.0,10.0,10.0,0.0,0.0,0.0,0.0,0.0,0.0,0.0,0.0,0.0,0.0,0.0,0.0,10.0,10.0,0.0,0.0,0.0,0.0,0.0,0.0,0.0,0.0,0.0,0.0
1448,wave3,dual_opposition,0.0,30.0,0.0,20.0,0.0,0.0,25.0,15.0,0.0,0.0,0.0,0.0,0.0,0.0,10.0,10.0,0.0,0.0,0.0,0.0,0.0,0.0,0.0,0.0,0.0,0.0,0.0,0.0,0.0,0.0,0.0,0.0,0.0,0.0,0.0,0.0,0.0,0.0,0.0,0.0,0.0,0.0,10.0,0.0,0.0,0.0,30.0,15.0,25.0,10.0
304,wave3,dual_opposition,20.0,20.0,10.0,10.0,0.0,0.0,0.0,0.0,0.0,0.0,0.0,0.0,0.0,0.0,20.0,20.0,0.0,0.0,0.0,0.0,10.0,10.0,5.0,5.0,0.0,0.0,10.0,10.0,20.0,20.0,0.0,0.0,0.0,0.0,0.0,0.0,0.0,0.0,0.0,0.0,0.0,0.0,0.0,0.0,0.0,0.0,5.0,5.0,0.0,0.0
2373,wave3,dual_nonbiased,20.0,15.0,0.0,0.0,0.0,0.0,20.0,10.0,0.0,0.0,0.0,25.0,0.0,0.0,20.0,20.0,0.0,0.0,0.0,0.0,0.0,0.0,20.0,10.0,0.0,10.0,20.0,10.0,0.0,0.0,0.0,0.0,0.0,0.0,0.0,0.0,0.0,0.0,0.0,0.0,0.0,0.0,0.0,0.0,0.0,0.0,0.0,0.0,0.0,0.0
446,wave3,dual_balanced,0.0,0.0,0.0,0.0,0.0,0.0,10.0,10.0,0.0,0.0,15.0,15.0,0.0,0.0,0.0,0.0,0.0,0.0,0.0,0.0,0.0,0.0,0.0,0.0,20.0,20.0,0.0,0.0,0.0,0.0,30.0,30.0,0.0,0.0,0.0,0.0,0.0,0.0,15.0,15.0,0.0,0.0,0.0,0.0,0.0,0.0,10.0,10.0,0.0,0.0
992,wave3,dual_nonbiased,0.0,5.0,0.0,0.0,0.0,0.0,10.0,10.0,0.0,0.0,0.0,0.0,20.0,15.0,0.0,0.0,5.0,5.0,0.0,5.0,15.0,10.0,0.0,0.0,5.0,5.0,15.0,10.0,15.0,10.0,0.0,10.0,0.0,0.0,0.0,0.0,0.0,0.0,0.0,0.0,5.0,5.0,0.0,0.0,0.0,0.0,5.0,5.0,5.0,5.0
486,wave3,dual_opposition,5.0,0.0,0.0,0.0,0.0,0.0,0.0,0.0,0.0,0.0,40.0,40.0,0.0,0.0,10.0,10.0,25.0,20.0,20.0,20.0,0.0,10.0,0.0,0.0,0.0,0.0,0.0,0.0,0.0,0.0,0.0,0.0,0.0,0.0,0.0,0.0,0.0,0.0,0.0,0.0,0.0,0.0,0.0,0.0,0.0,0.0,0.0,0.0,0.0,0.0
276,wave3,dual_nonbiased,0.0,0.0,0.0,0.0,0.0,0.0,0.0,10.0,0.0,0.0,40.0,25.0,20.0,0.0,0.0,0.0,0.0,10.0,10.0,10.0,0.0,0.0,5.0,10.0,5.0,10.0,5.0,10.0,5.0,5.0,5.0,5.0,5.0,5.0,0.0,0.0,0.0,0.0,0.0,0.0,0.0,0.0,0.0,0.0,0.0,0.0,0.0,0.0,0.0,0.0
1705,wave3,dual_balanced,0.0,10.0,0.0,10.0,20.0,15.0,0.0,10.0,0.0,0.0,20.0,20.0,0.0,0.0,20.0,10.0,0.0,0.0,0.0,0.0,20.0,10.0,0.0,0.0,0.0,0.0,10.0,10.0,0.0,0.0,0.0,0.0,0.0,0.0,0.0,0.0,0.0,0.0,5.0,0.0,0.0,0.0,0.0,0.0,0.0,0.0,5.0,5.0,0.0,0.0
681,wave3,dual_balanced,0.0,0.0,0.0,0.0,0.0,0.0,0.0,0.0,0.0,0.0,40.0,40.0,0.0,0.0,0.0,0.0,0.0,0.0,0.0,0.0,0.0,0.0,0.0,0.0,0.0,0.0,0.0,0.0,0.0,0.0,0.0,0.0,15.0,15.0,15.0,15.0,0.0,0.0,15.0,15.0,0.0,0.0,0.0,0.0,15.0,15.0,0.0,0.0,0.0,0.0
1832,wave3,dual_balanced,0.0,20.0,0.0,15.0,15.0,10.0,5.0,10.0,5.0,5.0,15.0,15.0,0.0,0.0,15.0,0.0,0.0,0.0,15.0,15.0,0.0,0.0,15.0,5.0,0.0,0.0,15.0,5.0,0.0,0.0,0.0,0.0,0.0,0.0,0.0,0.0,0.0,0.0,0.0,0.0,0.0,0.0,0.0,0.0,0.0,0.0,0.0,0.0,0.0,0.0
478,wave3,dual_opposition,0.0,0.0,0.0,0.0,0.0,0.0,0.0,0.0,25.0,25.0,15.0,15.0,20.0,20.0,15.0,15.0,25.0,25.0,0.0,0.0,0.0,0.0,0.0,0.0,0.0,0.0,0.0,0.0,0.0,0.0,0.0,0.0,0.0,0.0,0.0,0.0,0.0,0.0,0.0,0.0,0.0,0.0,0.0,0.0,0.0,0.0,0.0,0.0,0.0,0.0
756,wave3,dual_balanced,10.0,20.0,10.0,0.0,10.0,0.0,10.0,20.0,10.0,0.0,10.0,0.0,10.0,0.0,10.0,0.0,10.0,0.0,0.0,0.0,0.0,0.0,0.0,0.0,10.0,0.0,0.0,0.0,0.0,0.0,0.0,0.0,0.0,20.0,0.0,0.0,0.0,0.0,0.0,0.0,0.0,0.0,0.0,0.0,0.0,0.0,0.0,20.0,0.0,20.0
255,wave3,dual_opposition,0.0,0.0,0.0,15.0,0.0,0.0,10.0,10.0,0.0,0.0,10.0,10.0,10.0,10.0,10.0,10.0,10.0,10.0,0.0,0.0,10.0,10.0,15.0,15.0,0.0,0.0,10.0,10.0,5.0,0.0,0.0,0.0,5.0,0.0,0.0,0.0,0.0,0.0,0.0,0.0,5.0,0.0,0.0,0.0,0.0,0.0,0.0,0.0,0.0,0.0
400,wave3,dual_balanced,5.0,0.0,5.0,0.0,10.0,0.0,10.0,0.0,10.0,0.0,5.0,0.0,0.0,0.0,10.0,0.0,5.0,0.0,5.0,0.0,5.0,0.0,5.0,0.0,10.0,15.0,10.0,15.0,0.0,0.0,0.0,20.0,0.0,15.0,0.0,0.0,0.0,0.0,0.0,0.0,0.0,0.0,0.0,0.0,0.0,0.0,0.0,20.0,5.0,15.0
28,wave3,dual_nonbiased,0.0,0.0,0.0,0.0,0.0,0.0,5.0,5.0,0.0,0.0,30.0,30.0,0.0,5.0,5.0,5.0,0.0,0.0,0.0,0.0,0.0,0.0,5.0,5.0,0.0,0.0,10.0,5.0,0.0,0.0,10.0,10.0,5.0,5.0,0.0,0.0,0.0,0.0,0.0,0.0,0.0,0.0,0.0,0.0,0.0,0.0,30.0,30.0,0.0,0.0
1188,wave3,dual_nonbiased,0.0,0.0,0.0,0.0,0.0,0.0,10.0,10.0,0.0,0.0,10.0,10.0,0.0,0.0,0.0,0.0,10.0,10.0,0.0,0.0,0.0,0.0,10.0,10.0,10.0,10.0,10.0,10.0,10.0,10.0,10.0,10.0,0.0,0.0,10.0,10.0,0.0,0.0,0.0,0.0,0.0,0.0,0.0,0.0,0.0,0.0,10.0,10.0,0.0,0.0
2315,wave3,dual_nonbiased,10.0,15.0,5.0,0.0,0.0,0.0,0.0,0.0,5.0,5.0,0.0,0.0,0.0,0.0,10.0,10.0,15.0,15.0,0.0,0.0,0.0,0.0,5.0,6.0,6.0,0.0,7.0,7.0,6.0,6.0,10.0,15.0,6.0,6.0,0.0,0.0,0.0,0.0,5.0,10.0,5.0,0.0,5.0,5.0,0.0,0.0,0.0,0.0,0.0,0.0
1437,wave3,dual_opposition,0.0,0.0,0.0,0.0,0.0,0.0,0.0,0.0,5.0,5.0,5.0,10.0,0.0,0.0,5.0,0.0,5.0,0.0,5.0,0.0,5.0,0.0,0.0,5.0,5.0,5.0,15.0,15.0,10.0,10.0,15.0,20.0,10.0,10.0,0.0,0.0,0.0,0.0,5.0,10.0,0.0,0.0,0.0,0.0,5.0,5.0,5.0,5.0,0.0,0.0
492,wave3,dual_nonbiased,20.0,15.0,0.0,0.0,0.0,0.0,30.0,15.0,0.0,0.0,0.0,25.0,0.0,10.0,0.0,0.0,0.0,0.0,0.0,0.0,0.0,0.0,0.0,0.0,0.0,0.0,0.0,0.0,20.0,10.0,20.0,15.0,0.0,0.0,0.0,0.0,0.0,0.0,0.0,0.0,0.0,0.0,0.0,0.0,10.0,10.0,0.0,0.0,0.0,0.0
2391,wave3,dual_nonbiased,5.0,5.0,5.0,10.0,20.0,10.0,0.0,5.0,5.0,20.0,20.0,10.0,0.0,10.0,0.0,0.0,0.0,0.0,0.0,0.0,0.0,0.0,10.0,10.0,10.0,10.0,10.0,10.0,0.0,0.0,0.0,0.0,5.0,0.0,10.0,0.0,0.0,0.0,0.0,0.0,0.0,0.0,0.0,0.0,0.0,0.0,0.0,0.0,0.0,0.0
1574,wave3,dual_balanced,0.0,0.0,0.0,0.0,0.0,0.0,0.0,0.0,0.0,0.0,0.0,0.0,10.0,10.0,20.0,20.0,0.0,0.0,20.0,20.0,10.0,10.0,0.0,0.0,0.0,0.0,10.0,10.0,10.0,0.0,20.0,20.0,0.0,0.0,0.0,0.0,0.0,0.0,0.0,0.0,0.0,0.0,0.0,0.0,0.0,0.0,0.0,0.0,0.0,10.0
511,wave3,dual_opposition,0.0,20.0,0.0,15.0,0.0,0.0,10.0,10.0,0.0,0.0,0.0,20.0,0.0,0.0,10.0,0.0,0.0,0.0,0.0,15.0,0.0,0.0,20.0,10.0,0.0,0.0,0.0,0.0,20.0,0.0,40.0,10.0,0.0,0.0,0.0,0.0,0.0,0.0,0.0,0.0,0.0,0.0,0.0,0.0,0.0,0.0,0.0,0.0,0.0,0.0
362,wave3,dual_balanced,0.0,0.0,0.0,0.0,0.0,0.0,0.0,0.0,5.0,0.0,40.0,15.0,8.0,0.0,8.0,0.0,0.0,0.0,6.0,0.0,0.0,0.0,5.0,0.0,0.0,0.0,8.0,0.0,10.0,10.0,10.0,30.0,0.0,15.0,0.0,0.0,0.0,0.0,0.0,0.0,0.0,0.0,0.0,15.0,0.0,0.0,0.0,15.0,0.0,0.0
118,wave3,dual_balanced,0.0,0.0,0.0,20.0,0.0,0.0,0.0,0.0,25.0,10.0,0.0,30.0,0.0,0.0,12.0,10.0,0.0,0.0,0.0,0.0,0.0,0.0,20.0,15.0,0.0,0.0,10.0,0.0,0.0,0.0,0.0,0.0,0.0,0.0,0.0,0.0,0.0,0.0,0.0,0.0,25.0,10.0,0.0,0.0,0.0,0.0,0.0,0.0,8.0,5.0
1129,wave3,dual_opposition,5.0,5.0,5.0,5.0,5.0,5.0,5.0,5.0,5.0,5.0,5.0,5.0,5.0,5.0,5.0,5.0,5.0,5.0,5.0,0.0,5.0,5.0,5.0,5.0,5.0,5.0,5.0,5.0,5.0,5.0,5.0,5.0,5.0,5.0,5.0,5.0,5.0,5.0,0.0,0.0,0.0,0.0,5.0,5.0,0.0,0.0,0.0,5.0,0.0,0.0
2018,wave3,dual_nonbiased,0.0,5.0,0.0,0.0,0.0,5.0,5.0,5.0,5.0,5.0,40.0,40.0,5.0,5.0,5.0,5.0,5.0,5.0,5.0,5.0,5.0,5.0,5.0,5.0,0.0,0.0,0.0,0.0,0.0,0.0,5.0,0.0,0.0,0.0,0.0,0.0,5.0,5.0,0.0,0.0,0.0,0.0,5.0,5.0,0.0,0.0,5.0,0.0,0.0,0.0
409,wave3,dual_opposition,0.0,30.0,0.0,20.0,0.0,0.0,10.0,10.0,0.0,0.0,20.0,25.0,0.0,0.0,0.0,0.0,10.0,0.0,0.0,0.0,0.0,0.0,10.0,0.0,5.0,0.0,5.0,0.0,0.0,0.0,10.0,0.0,10.0,0.0,0.0,0.0,0.0,0.0,0.0,0.0,0.0,0.0,0.0,0.0,0.0,0.0,20.0,15.0,0.0,0.0
1206,wave3,dual_opposition,0.0,0.0,0.0,0.0,0.0,0.0,10.0,10.0,0.0,0.0,0.0,0.0,20.0,20.0,25.0,25.0,0.0,0.0,0.0,0.0,0.0,0.0,0.0,0.0,15.0,15.0,0.0,0.0,0.0,0.0,0.0,0.0,10.0,10.0,0.0,0.0,5.0,5.0,0.0,0.0,0.0,0.0,15.0,15.0,0.0,0.0,0.0,0.0,0.0,0.0
181,wave3,dual_opposition,0.0,0.0,0.0,0.0,0.0,0.0,10.0,10.0,0.0,0.0,0.0,0.0,8.0,8.0,0.0,0.0,0.0,0.0,0.0,0.0,0.0,0.0,20.0,20.0,20.0,20.0,0.0,0.0,10.0,10.0,20.0,20.0,0.0,0.0,0.0,0.0,0.0,0.0,0.0,0.0,0.0,0.0,0.0,0.0,0.0,0.0,7.0,7.0,5.0,5.0
512,wave3,dual_balanced,0.0,0.0,0.0,0.0,0.0,0.0,0.0,0.0,0.0,0.0,0.0,0.0,20.0,0.0,10.0,0.0,10.0,0.0,0.0,0.0,0.0,0.0,15.0,0.0,5.0,0.0,5.0,0.0,5.0,0.0,5.0,25.0,10.0,15.0,0.0,0.0,0.0,10.0,5.0,15.0,0.0,0.0,0.0,0.0,0.0,0.0,10.0,20.0,0.0,15.0
2055,wave3,dual_balanced,5.0,10.0,0.0,5.0,0.0,0.0,5.0,5.0,5.0,5.0,15.0,15.0,0.0,5.0,5.0,5.0,0.0,0.0,0.0,0.0,0.0,0.0,15.0,10.0,5.0,10.0,10.0,10.0,10.0,10.0,15.0,10.0,10.0,0.0,0.0,0.0,0.0,0.0,0.0,0.0,0.0,0.0,0.0,0.0,0.0,0.0,0.0,0.0,0.0,0.0
1069,wave3,dual_nonbiased,5.0,5.0,5.0,5.0,10.0,10.0,0.0,0.0,5.0,5.0,0.0,0.0,5.0,5.0,0.0,0.0,6.0,6.0,0.0,0.0,0.0,0.0,0.0,0.0,5.0,5.0,6.0,6.0,5.0,5.0,0.0,0.0,5.0,5.0,0.0,0.0,7.0,7.0,0.0,0.0,10.0,10.0,0.0,0.0,0.0,0.0,6.0,6.0,20.0,20.0
1193,wave3,dual_nonbiased,25.0,20.0,0.0,0.0,0.0,0.0,30.0,15.0,0.0,0.0,20.0,20.0,0.0,0.0,0.0,10.0,0.0,0.0,0.0,0.0,10.0,10.0,15.0,15.0,0.0,0.0,0.0,10.0,0.0,0.0,0.0,0.0,0.0,0.0,0.0,0.0,0.0,0.0,0.0,0.0,0.0,0.0,0.0,0.0,0.0,0.0,0.0,0.0,0.0,0.0
2156,wave3,dual_nonbiased,0.0,0.0,0.0,10.0,0.0,0.0,0.0,0.0,0.0,0.0,0.0,10.0,0.0,0.0,0.0,0.0,0.0,0.0,0.0,0.0,0.0,0.0,0.0,0.0,10.0,10.0,10.0,10.0,0.0,0.0,30.0,20.0,0.0,0.0,0.0,0.0,0.0,0.0,20.0,10.0,30.0,30.0,0.0,0.0,0.0,0.0,0.0,0.0,0.0,0.0
2299,wave3,dual_nonbiased,0.0,0.0,0.0,0.0,0.0,0.0,0.0,0.0,0.0,0.0,0.0,30.0,0.0,0.0,20.0,10.0,0.0,0.0,0.0,0.0,0.0,0.0,20.0,15.0,0.0,0.0,0.0,0.0,20.0,15.0,20.0,20.0,0.0,0.0,0.0,0.0,0.0,0.0,0.0,0.0,0.0,0.0,0.0,0.0,0.0,0.0,20.0,10.0,0.0,0.0
1041,wave3,dual_nonbiased,0.0,0.0,0.0,0.0,0.0,0.0,30.0,20.0,5.0,0.0,0.0,20.0,0.0,0.0,0.0,0.0,0.0,0.0,0.0,0.0,0.0,0.0,0.0,0.0,0.0,0.0,10.0,10.0,5.0,10.0,15.0,15.0,0.0,0.0,0.0,0.0,0.0,0.0,0.0,0.0,0.0,0.0,0.0,0.0,0.0,0.0,25.0,20.0,10.0,5.0
1847,wave3,dual_balanced,0.0,0.0,0.0,15.0,0.0,0.0,0.0,0.0,10.0,10.0,10.0,25.0,0.0,0.0,0.0,0.0,0.0,0.0,10.0,10.0,10.0,10.0,5.0,10.0,0.0,0.0,0.0,0.0,0.0,0.0,20.0,10.0,0.0,0.0,0.0,0.0,0.0,0.0,10.0,5.0,0.0,0.0,0.0,0.0,25.0,5.0,0.0,0.0,0.0,0.0
1950,wave3,dual_nonbiased,30.0,25.0,0.0,0.0,0.0,0.0,0.0,0.0,0.0,0.0,0.0,25.0,0.0,10.0,0.0,10.0,0.0,5.0,0.0,0.0,0.0,0.0,30.0,10.0,20.0,10.0,15.0,0.0,0.0,0.0,5.0,5.0,0.0,0.0,0.0,0.0,0.0,0.0,0.0,0.0,0.0,0.0,0.0,0.0,0.0,0.0,0.0,0.0,0.0,0.0
1169,wave3,dual_balanced,10.0,15.0,10.0,15.0,10.0,15.0,0.0,0.0,10.0,10.0,15.0,20.0,0.0,0.0,0.0,0.0,0.0,0.0,0.0,5.0,0.0,0.0,5.0,0.0,5.0,0.0,5.0,0.0,5.0,0.0,0.0,0.0,0.0,0.0,0.0,0.0,0.0,0.0,0.0,0.0,5.0,0.0,0.0,0.0,0.0,0.0,10.0,10.0,10.0,10.0
2319,wave3,dual_opposition,0.0,0.0,0.0,25.0,0.0,0.0,5.0,10.0,0.0,0.0,0.0,30.0,0.0,0.0,5.0,5.0,0.0,0.0,0.0,0.0,0.0,0.0,5.0,5.0,12.0,5.0,8.0,0.0,5.0,5.0,15.0,5.0,0.0,0.0,0.0,0.0,0.0,0.0,0.0,0.0,0.0,0.0,0.0,0.0,40.0,5.0,5.0,5.0,0.0,0.0
1022,wave3,dual_opposition,0.0,0.0,0.0,0.0,0.0,0.0,10.0,0.0,0.0,0.0,0.0,0.0,0.0,0.0,0.0,0.0,0.0,0.0,0.0,0.0,0.0,0.0,20.0,20.0,0.0,0.0,5.0,5.0,10.0,10.0,40.0,40.0,0.0,0.0,0.0,0.0,0.0,0.0,0.0,0.0,0.0,0.0,0.0,0.0,0.0,0.0,15.0,15.0,0.0,10.0
1681,wave3,dual_balanced,0.0,0.0,0.0,0.0,0.0,0.0,0.0,0.0,0.0,0.0,0.0,40.0,0.0,0.0,0.0,0.0,0.0,0.0,0.0,0.0,0.0,0.0,10.0,10.0,0.0,0.0,10.0,10.0,0.0,0.0,40.0,10.0,20.0,10.0,0.0,0.0,0.0,0.0,20.0,20.0,0.0,0.0,0.0,0.0,0.0,0.0,0.0,0.0,0.0,0.0
1499,wave3,dual_nonbiased,0.0,30.0,0.0,20.0,0.0,0.0,0.0,10.0,0.0,0.0,0.0,0.0,20.0,15.0,20.0,0.0,20.0,15.0,20.0,0.0,20.0,0.0,0.0,0.0,0.0,10.0,0.0,0.0,0.0,0.0,0.0,0.0,0.0,0.0,0.0,0.0,0.0,0.0,0.0,0.0,0.0,0.0,0.0,0.0,0.0,0.0,0.0,0.0,0.0,0.0
1247,wave3,dual_balanced,10.0,10.0,0.0,0.0,0.0,10.0,10.0,10.0,0.0,0.0,30.0,15.0,0.0,0.0,0.0,0.0,0.0,0.0,0.0,0.0,0.0,0.0,20.0,10.0,0.0,0.0,0.0,10.0,20.0,10.0,0.0,0.0,10.0,10.0,0.0,0.0,0.0,0.0,0.0,0.0,0.0,0.0,0.0,0.0,0.0,0.0,0.0,0.0,0.0,15.0
257,wave3,dual_opposition,0.0,0.0,0.0,5.0,0.0,0.0,0.0,0.0,5.0,0.0,10.0,20.0,0.0,0.0,15.0,0.0,0.0,0.0,15.0,5.0,0.0,0.0,10.0,10.0,0.0,0.0,0.0,0.0,0.0,0.0,15.0,20.0,10.0,10.0,0.0,0.0,0.0,10.0,10.0,0.0,0.0,0.0,0.0,0.0,0.0,0.0,10.0,10.0,0.0,10.0
370,wave3,dual_opposition,0.0,20.0,0.0,0.0,0.0,0.0,5.0,25.0,0.0,0.0,0.0,0.0,0.0,0.0,20.0,0.0,0.0,5.0,15.0,5.0,0.0,0.0,0.0,0.0,10.0,10.0,20.0,0.0,0.0,0.0,30.0,15.0,0.0,0.0,0.0,0.0,0.0,0.0,0.0,0.0,0.0,0.0,0.0,0.0,0.0,0.0,0.0,20.0,0.0,0.0
1490,wave3,dual_opposition,20.0,20.0,20.0,20.0,20.0,20.0,30.0,20.0,0.0,0.0,0.0,0.0,0.0,0.0,0.0,0.0,0.0,0.0,0.0,0.0,0.0,0.0,0.0,0.0,0.0,0.0,10.0,10.0,0.0,0.0,0.0,0.0,0.0,0.0,0.0,0.0,0.0,0.0,0.0,0.0,0.0,0.0,0.0,0.0,0.0,0.0,0.0,10.0,0.0,0.0
143,wave3,dual_balanced,5.0,0.0,0.0,0.0,5.0,0.0,5.0,5.0,0.0,0.0,20.0,25.0,5.0,5.0,5.0,5.0,5.0,5.0,5.0,0.0,5.0,5.0,5.0,5.0,5.0,5.0,5.0,5.0,5.0,5.0,5.0,10.0,0.0,0.0,5.0,5.0,0.0,0.0,0.0,0.0,0.0,0.0,0.0,0.0,0.0,0.0,5.0,10.0,5.0,5.0
1189,wave3,dual_balanced,0.0,0.0,0.0,0.0,0.0,0.0,20.0,20.0,0.0,0.0,0.0,0.0,20.0,20.0,20.0,20.0,20.0,20.0,0.0,0.0,0.0,0.0,0.0,0.0,0.0,0.0,20.0,20.0,0.0,0.0,0.0,0.0,0.0,0.0,0.0,0.0,0.0,0.0,0.0,0.0,0.0,0.0,0.0,0.0,0.0,0.0,0.0,0.0,0.0,0.0
1646,wave3,dual_nonbiased,10.0,10.0,10.0,10.0,0.0,10.0,15.0,10.0,0.0,10.0,10.0,15.0,0.0,0.0,0.0,5.0,0.0,0.0,0.0,0.0,0.0,0.0,0.0,0.0,10.0,10.0,5.0,5.0,10.0,0.0,10.0,10.0,10.0,5.0,0.0,0.0,0.0,0.0,10.0,0.0,0.0,0.0,0.0,0.0,0.0,0.0,0.0,0.0,0.0,0.0
496,wave3,dual_nonbiased,20.0,10.0,0.0,0.0,20.0,10.0,10.0,10.0,0.0,0.0,20.0,20.0,0.0,0.0,20.0,30.0,0.0,10.0,0.0,0.0,10.0,10.0,0.0,0.0,0.0,0.0,0.0,0.0,0.0,0.0,0.0,0.0,0.0,0.0,0.0,0.0,0.0,0.0,0.0,0.0,0.0,0.0,0.0,0.0,0.0,0.0,0.0,0.0,0.0,0.0
1562,wave3,dual_nonbiased,0.0,0.0,0.0,15.0,0.0,0.0,30.0,15.0,13.0,0.0,0.0,20.0,12.0,10.0,5.0,0.0,0.0,0.0,10.0,10.0,0.0,0.0,5.0,10.0,0.0,0.0,15.0,10.0,0.0,0.0,0.0,0.0,0.0,0.0,0.0,0.0,0.0,0.0,0.0,0.0,0.0,0.0,0.0,0.0,0.0,0.0,5.0,5.0,5.0,5.0
51,wave3,dual_balanced,0.0,0.0,0.0,0.0,0.0,0.0,0.0,0.0,0.0,0.0,0.0,0.0,0.0,0.0,0.0,0.0,0.0,0.0,0.0,0.0,0.0,0.0,30.0,30.0,0.0,0.0,0.0,0.0,0.0,0.0,0.0,0.0,27.0,27.0,0.0,0.0,0.0,0.0,0.0,0.0,13.0,13.0,22.0,22.0,0.0,0.0,8.0,8.0,0.0,0.0
77,wave3,dual_nonbiased,0.0,0.0,0.0,15.0,0.0,0.0,0.0,10.0,0.0,0.0,0.0,20.0,0.0,0.0,0.0,0.0,0.0,0.0,0.0,0.0,0.0,0.0,10.0,10.0,10.0,10.0,40.0,15.0,20.0,10.0,5.0,10.0,5.0,0.0,0.0,0.0,0.0,0.0,0.0,0.0,10.0,0.0,0.0,0.0,0.0,0.0,0.0,0.0,0.0,0.0
149,wave3,dual_nonbiased,0.0,0.0,0.0,0.0,0.0,0.0,0.0,20.0,0.0,0.0,0.0,0.0,0.0,0.0,0.0,0.0,0.0,0.0,20.0,20.0,0.0,0.0,0.0,0.0,20.0,15.0,30.0,15.0,20.0,15.0,0.0,0.0,0.0,0.0,10.0,10.0,0.0,0.0,0.0,0.0,0.0,0.0,0.0,0.0,0.0,0.0,0.0,5.0,0.0,0.0
194,wave3,dual_nonbiased,0.0,0.0,30.0,20.0,0.0,0.0,0.0,0.0,0.0,0.0,0.0,20.0,0.0,0.0,40.0,40.0,0.0,0.0,0.0,0.0,0.0,0.0,10.0,0.0,0.0,0.0,0.0,0.0,0.0,0.0,0.0,0.0,0.0,0.0,0.0,0.0,0.0,0.0,0.0,0.0,0.0,0.0,10.0,10.0,0.0,0.0,10.0,10.0,0.0,0.0
1197,wave3,dual_opposition,0.0,0.0,5.0,5.0,0.0,0.0,10.0,10.0,5.0,5.0,40.0,25.0,0.0,0.0,10.0,5.0,0.0,0.0,5.0,5.0,5.0,0.0,5.0,10.0,5.0,10.0,0.0,0.0,0.0,0.0,0.0,15.0,0.0,0.0,0.0,0.0,0.0,0.0,0.0,0.0,5.0,0.0,0.0,0.0,0.0,0.0,5.0,10.0,0.0,0.0
427,wave3,dual_opposition,0.0,0.0,0.0,20.0,0.0,0.0,10.0,10.0,0.0,0.0,0.0,30.0,0.0,10.0,0.0,0.0,0.0,0.0,0.0,0.0,0.0,0.0,20.0,10.0,0.0,0.0,0.0,0.0,0.0,0.0,20.0,10.0,10.0,10.0,15.0,0.0,0.0,0.0,15.0,0.0,5.0,0.0,0.0,0.0,0.0,0.0,0.0,0.0,5.0,0.0
875,wave3,dual_nonbiased,0.0,10.0,0.0,0.0,0.0,0.0,20.0,10.0,0.0,0.0,0.0,25.0,0.0,0.0,10.0,15.0,0.0,0.0,0.0,0.0,0.0,0.0,0.0,0.0,0.0,0.0,0.0,0.0,10.0,10.0,40.0,30.0,20.0,0.0,0.0,0.0,0.0,0.0,0.0,0.0,0.0,0.0,0.0,0.0,0.0,0.0,0.0,0.0,0.0,0.0
1496,wave3,dual_nonbiased,0.0,0.0,0.0,0.0,0.0,0.0,0.0,0.0,0.0,0.0,0.0,0.0,0.0,0.0,0.0,0.0,0.0,0.0,0.0,0.0,0.0,0.0,20.0,20.0,20.0,20.0,20.0,20.0,0.0,0.0,0.0,0.0,20.0,20.0,0.0,0.0,0.0,0.0,20.0,20.0,0.0,0.0,0.0,0.0,0.0,0.0,0.0,0.0,0.0,0.0
960,wave3,dual_opposition,15.0,15.0,5.0,10.0,10.0,10.0,0.0,0.0,0.0,0.0,20.0,20.0,0.0,0.0,0.0,0.0,0.0,0.0,5.0,10.0,5.0,10.0,5.0,5.0,5.0,5.0,5.0,5.0,5.0,5.0,5.0,5.0,5.0,0.0,0.0,0.0,0.0,0.0,0.0,0.0,5.0,0.0,0.0,0.0,0.0,0.0,5.0,0.0,0.0,0.0
470,wave3,dual_balanced,10.0,20.0,0.0,15.0,0.0,0.0,10.0,10.0,5.0,5.0,0.0,0.0,0.0,0.0,0.0,0.0,0.0,0.0,0.0,0.0,0.0,0.0,5.0,5.0,5.0,5.0,10.0,5.0,10.0,5.0,5.0,5.0,10.0,10.0,0.0,0.0,0.0,0.0,20.0,5.0,0.0,0.0,0.0,0.0,10.0,10.0,0.0,0.0,0.0,0.0
333,wave3,dual_opposition,20.0,20.0,0.0,0.0,0.0,0.0,20.0,20.0,0.0,0.0,20.0,20.0,0.0,0.0,20.0,0.0,0.0,0.0,20.0,0.0,0.0,0.0,0.0,0.0,0.0,0.0,0.0,0.0,0.0,0.0,0.0,20.0,0.0,0.0,0.0,0.0,0.0,0.0,0.0,0.0,0.0,0.0,0.0,0.0,0.0,0.0,0.0,20.0,0.0,0.0
2306,wave3,dual_balanced,10.0,0.0,5.0,20.0,5.0,10.0,5.0,10.0,5.0,0.0,5.0,30.0,5.0,15.0,5.0,5.0,5.0,5.0,5.0,5.0,5.0,0.0,10.0,0.0,10.0,0.0,10.0,0.0,10.0,0.0,0.0,0.0,0.0,0.0,0.0,0.0,0.0,0.0,0.0,0.0,0.0,0.0,0.0,0.0,0.0,0.0,0.0,0.0,0.0,0.0
146,wave3,dual_balanced,0.0,0.0,0.0,0.0,0.0,0.0,40.0,40.0,0.0,0.0,0.0,0.0,0.0,0.0,0.0,0.0,0.0,0.0,0.0,0.0,10.0,10.0,10.0,10.0,0.0,0.0,20.0,20.0,0.0,0.0,0.0,0.0,10.0,0.0,10.0,10.0,0.0,10.0,0.0,0.0,0.0,0.0,0.0,0.0,0.0,0.0,0.0,0.0,0.0,0.0
1162,wave3,dual_opposition,0.0,0.0,5.0,0.0,5.0,0.0,5.0,5.0,20.0,10.0,20.0,20.0,20.0,20.0,20.0,20.0,0.0,0.0,0.0,0.0,0.0,0.0,0.0,0.0,0.0,0.0,0.0,0.0,0.0,0.0,0.0,10.0,5.0,10.0,0.0,0.0,0.0,0.0,0.0,0.0,0.0,0.0,0.0,0.0,0.0,0.0,0.0,5.0,0.0,0.0
1331,wave3,dual_opposition,0.0,35.0,0.0,0.0,0.0,0.0,0.0,5.0,0.0,0.0,30.0,30.0,10.0,0.0,10.0,0.0,0.0,0.0,0.0,0.0,0.0,0.0,0.0,0.0,0.0,0.0,15.0,10.0,20.0,10.0,10.0,5.0,0.0,0.0,0.0,0.0,0.0,0.0,0.0,0.0,0.0,0.0,0.0,0.0,0.0,0.0,5.0,5.0,0.0,0.0
211,wave3,dual_nonbiased,0.0,0.0,0.0,0.0,0.0,0.0,0.0,0.0,0.0,0.0,0.0,0.0,0.0,0.0,0.0,0.0,0.0,0.0,0.0,0.0,0.0,0.0,5.0,5.0,5.0,5.0,15.0,15.0,10.0,10.0,10.0,10.0,0.0,0.0,0.0,0.0,0.0,0.0,0.0,0.0,0.0,0.0,5.0,5.0,0.0,0.0,30.0,30.0,20.0,20.0
601,wave3,dual_balanced,0.0,20.0,0.0,10.0,0.0,0.0,10.0,10.0,5.0,0.0,0.0,0.0,0.0,0.0,0.0,0.0,0.0,0.0,10.0,10.0,20.0,10.0,10.0,10.0,10.0,5.0,15.0,10.0,0.0,0.0,10.0,10.0,0.0,0.0,10.0,5.0,0.0,0.0,0.0,0.0,0.0,0.0,0.0,0.0,0.0,0.0,0.0,0.0,0.0,0.0
2199,wave3,dual_balanced,0.0,0.0,0.0,0.0,5.0,10.0,0.0,0.0,5.0,5.0,25.0,20.0,0.0,0.0,16.0,6.0,0.0,0.0,0.0,10.0,10.0,10.0,12.0,10.0,0.0,0.0,0.0,0.0,10.0,8.0,10.0,10.0,0.0,0.0,0.0,0.0,0.0,0.0,0.0,0.0,0.0,6.0,7.0,5.0,0.0,0.0,0.0,0.0,0.0,0.0
1725,wave3,dual_balanced,10.0,0.0,10.0,0.0,5.0,0.0,5.0,0.0,5.0,0.0,40.0,25.0,0.0,0.0,0.0,15.0,0.0,0.0,0.0,0.0,0.0,0.0,5.0,5.0,5.0,5.0,0.0,5.0,0.0,5.0,0.0,10.0,5.0,20.0,0.0,0.0,5.0,5.0,5.0,5.0,0.0,0.0,0.0,0.0,0.0,0.0,0.0,0.0,0.0,0.0
676,wave3,dual_opposition,10.0,0.0,0.0,0.0,0.0,0.0,10.0,10.0,0.0,0.0,35.0,40.0,10.0,10.0,10.0,10.0,5.0,5.0,10.0,10.0,0.0,0.0,5.0,5.0,0.0,0.0,0.0,0.0,5.0,5.0,0.0,0.0,0.0,5.0,0.0,0.0,0.0,0.0,0.0,0.0,0.0,0.0,0.0,0.0,0.0,0.0,0.0,0.0,0.0,0.0
859,wave3,dual_balanced,5.0,5.0,5.0,5.0,5.0,5.0,10.0,10.0,5.0,5.0,5.0,5.0,10.0,10.0,5.0,5.0,5.0,5.0,15.0,15.0,5.0,5.0,5.0,5.0,5.0,5.0,15.0,15.0,0.0,0.0,0.0,0.0,0.0,0.0,0.0,0.0,0.0,0.0,0.0,0.0,0.0,0.0,0.0,0.0,0.0,0.0,0.0,0.0,0.0,0.0
632,wave3,dual_balanced,10.0,10.0,10.0,10.0,0.0,0.0,0.0,0.0,0.0,0.0,0.0,0.0,10.0,10.0,0.0,0.0,10.0,10.0,0.0,0.0,0.0,0.0,0.0,0.0,20.0,5.0,0.0,0.0,20.0,10.0,0.0,0.0,0.0,0.0,20.0,15.0,0.0,0.0,0.0,0.0,0.0,0.0,0.0,0.0,0.0,0.0,0.0,15.0,0.0,15.0
56,wave3,dual_nonbiased,0.0,0.0,0.0,0.0,0.0,0.0,0.0,0.0,10.0,5.0,30.0,20.0,0.0,0.0,5.0,5.0,0.0,0.0,0.0,0.0,0.0,0.0,30.0,30.0,0.0,30.0,20.0,10.0,0.0,0.0,0.0,0.0,0.0,0.0,0.0,0.0,0.0,0.0,0.0,0.0,0.0,0.0,0.0,0.0,0.0,0.0,5.0,0.0,0.0,0.0
977,wave3,dual_opposition,0.0,0.0,0.0,10.0,0.0,0.0,0.0,10.0,0.0,0.0,30.0,20.0,0.0,0.0,20.0,20.0,0.0,0.0,0.0,0.0,10.0,0.0,5.0,0.0,0.0,10.0,0.0,0.0,0.0,0.0,10.0,10.0,0.0,0.0,0.0,0.0,0.0,0.0,10.0,0.0,0.0,0.0,0.0,0.0,0.0,0.0,15.0,20.0,0.0,0.0
2321,wave3,dual_opposition,20.0,20.0,0.0,0.0,0.0,0.0,0.0,0.0,0.0,0.0,30.0,30.0,0.0,0.0,0.0,0.0,0.0,0.0,0.0,0.0,0.0,0.0,20.0,20.0,20.0,20.0,0.0,0.0,0.0,0.0,0.0,0.0,0.0,0.0,0.0,0.0,0.0,0.0,0.0,0.0,0.0,0.0,0.0,0.0,0.0,0.0,10.0,10.0,0.0,0.0
1982,wave3,dual_balanced,0.0,20.0,0.0,10.0,0.0,5.0,0.0,5.0,10.0,0.0,0.0,5.0,10.0,0.0,0.0,0.0,0.0,0.0,5.0,0.0,0.0,0.0,10.0,5.0,10.0,5.0,10.0,5.0,0.0,0.0,20.0,20.0,5.0,0.0,0.0,10.0,0.0,0.0,5.0,5.0,5.0,5.0,0.0,0.0,0.0,0.0,5.0,0.0,5.0,0.0
1515,wave3,dual_nonbiased,10.0,10.0,0.0,0.0,5.0,5.0,0.0,0.0,10.0,10.0,0.0,0.0,10.0,10.0,5.0,5.0,20.0,20.0,0.0,0.0,0.0,0.0,0.0,0.0,10.0,10.0,0.0,0.0,0.0,0.0,0.0,0.0,10.0,10.0,0.0,0.0,0.0,0.0,0.0,0.0,0.0,0.0,0.0,0.0,0.0,0.0,20.0,20.0,0.0,0.0
1163,wave3,dual_balanced,0.0,0.0,0.0,0.0,0.0,0.0,0.0,0.0,0.0,0.0,0.0,0.0,0.0,0.0,36.0,36.0,0.0,0.0,34.0,22.0,0.0,0.0,0.0,0.0,0.0,0.0,0.0,0.0,0.0,0.0,10.0,10.0,10.0,10.0,0.0,0.0,10.0,10.0,0.0,0.0,0.0,0.0,0.0,0.0,0.0,0.0,0.0,0.0,0.0,12.0
2181,wave3,dual_opposition,0.0,0.0,0.0,0.0,0.0,0.0,17.0,0.0,9.0,0.0,12.0,5.0,0.0,0.0,5.0,0.0,0.0,0.0,0.0,0.0,0.0,0.0,5.0,0.0,0.0,0.0,5.0,0.0,5.0,0.0,10.0,20.0,10.0,10.0,0.0,10.0,0.0,10.0,0.0,20.0,0.0,0.0,10.0,10.0,5.0,5.0,7.0,10.0,0.0,0.0
2238,wave3,dual_nonbiased,0.0,0.0,0.0,0.0,0.0,0.0,20.0,20.0,0.0,0.0,0.0,0.0,0.0,0.0,20.0,20.0,0.0,0.0,0.0,0.0,0.0,0.0,0.0,0.0,0.0,0.0,0.0,0.0,0.0,0.0,20.0,20.0,0.0,0.0,0.0,0.0,0.0,0.0,20.0,20.0,0.0,0.0,0.0,0.0,0.0,0.0,20.0,20.0,0.0,0.0
503,wave3,dual_opposition,10.0,10.0,0.0,0.0,0.0,0.0,0.0,0.0,0.0,0.0,20.0,10.0,0.0,0.0,0.0,0.0,0.0,0.0,10.0,10.0,10.0,10.0,0.0,0.0,0.0,0.0,10.0,10.0,10.0,10.0,0.0,10.0,0.0,0.0,30.0,20.0,0.0,0.0,0.0,0.0,0.0,0.0,0.0,0.0,0.0,0.0,0.0,0.0,0.0,10.0
2184,wave3,dual_balanced,0.0,0.0,0.0,0.0,0.0,0.0,0.0,0.0,0.0,0.0,0.0,0.0,0.0,0.0,0.0,0.0,0.0,0.0,0.0,0.0,0.0,0.0,5.0,5.0,0.0,0.0,5.0,5.0,5.0,0.0,15.0,15.0,0.0,0.0,15.0,10.0,20.0,20.0,20.0,20.0,5.0,5.0,10.0,10.0,0.0,0.0,0.0,10.0,0.0,0.0
952,wave3,dual_nonbiased,10.0,10.0,10.0,10.0,30.0,15.0,5.0,5.0,5.0,5.0,10.0,20.0,5.0,5.0,0.0,5.0,5.0,5.0,5.0,5.0,5.0,5.0,0.0,0.0,0.0,0.0,0.0,0.0,5.0,0.0,0.0,0.0,0.0,0.0,0.0,0.0,0.0,0.0,0.0,0.0,0.0,0.0,0.0,5.0,5.0,5.0,0.0,0.0,0.0,0.0
1501,wave3,dual_nonbiased,0.0,0.0,0.0,0.0,20.0,20.0,10.0,10.0,7.0,10.0,10.0,20.0,0.0,0.0,0.0,0.0,0.0,0.0,0.0,0.0,0.0,0.0,10.0,10.0,0.0,0.0,10.0,5.0,10.0,5.0,10.0,10.0,0.0,0.0,0.0,0.0,0.0,0.0,0.0,0.0,0.0,0.0,8.0,0.0,0.0,0.0,5.0,10.0,0.0,0.0
1114,wave3,dual_balanced,0.0,10.0,5.0,5.0,20.0,10.0,0.0,10.0,0.0,0.0,15.0,15.0,15.0,15.0,0.0,0.0,5.0,5.0,5.0,5.0,0.0,0.0,5.0,5.0,5.0,5.0,5.0,5.0,0.0,0.0,10.0,5.0,0.0,0.0,5.0,5.0,0.0,0.0,0.0,0.0,0.0,0.0,0.0,0.0,0.0,0.0,5.0,0.0,0.0,0.0
428,wave3,dual_opposition,0.0,0.0,0.0,0.0,0.0,0.0,0.0,0.0,0.0,0.0,0.0,5.0,0.0,0.0,10.0,10.0,0.0,0.0,0.0,5.0,0.0,0.0,10.0,10.0,5.0,0.0,10.0,10.0,15.0,5.0,10.0,15.0,0.0,0.0,0.0,0.0,0.0,0.0,5.0,5.0,0.0,0.0,5.0,5.0,0.0,0.0,30.0,30.0,0.0,0.0
2398,wave3,dual_opposition,20.0,25.0,0.0,15.0,0.0,0.0,10.0,10.0,0.0,0.0,30.0,15.0,0.0,0.0,0.0,0.0,0.0,0.0,0.0,15.0,0.0,10.0,0.0,0.0,0.0,10.0,20.0,0.0,10.0,0.0,0.0,0.0,10.0,0.0,0.0,0.0,0.0,0.0,0.0,0.0,0.0,0.0,0.0,0.0,0.0,0.0,0.0,0.0,0.0,0.0
540,wave3,dual_balanced,0.0,0.0,0.0,0.0,0.0,0.0,7.0,7.0,0.0,0.0,30.0,30.0,0.0,0.0,0.0,0.0,0.0,0.0,0.0,0.0,0.0,0.0,0.0,0.0,0.0,0.0,0.0,0.0,0.0,0.0,30.0,30.0,15.0,15.0,0.0,0.0,0.0,0.0,8.0,8.0,0.0,0.0,0.0,0.0,0.0,0.0,10.0,10.0,0.0,0.0
1812,wave3,dual_opposition,0.0,0.0,0.0,0.0,0.0,0.0,0.0,0.0,0.0,0.0,30.0,10.0,10.0,10.0,10.0,10.0,5.0,5.0,0.0,0.0,0.0,0.0,10.0,10.0,10.0,10.0,5.0,5.0,0.0,0.0,10.0,25.0,0.0,0.0,0.0,0.0,0.0,0.0,5.0,5.0,5.0,10.0,0.0,0.0,0.0,0.0,0.0,0.0,0.0,0.0
294,wave3,dual_opposition,10.0,10.0,0.0,0.0,0.0,0.0,10.0,10.0,0.0,0.0,30.0,20.0,10.0,10.0,0.0,0.0,0.0,0.0,0.0,0.0,0.0,0.0,0.0,0.0,0.0,0.0,0.0,0.0,20.0,20.0,20.0,20.0,0.0,10.0,0.0,0.0,0.0,0.0,0.0,0.0,0.0,0.0,0.0,0.0,0.0,0.0,0.0,0.0,0.0,0.0
614,wave3,dual_nonbiased,0.0,0.0,0.0,0.0,0.0,0.0,0.0,0.0,15.0,15.0,0.0,0.0,0.0,0.0,0.0,0.0,0.0,0.0,0.0,0.0,20.0,20.0,0.0,0.0,0.0,0.0,15.0,15.0,0.0,0.0,0.0,0.0,15.0,15.0,0.0,0.0,0.0,0.0,20.0,20.0,0.0,0.0,10.0,10.0,0.0,0.0,5.0,5.0,0.0,0.0
1556,wave2,dual_nonbiased,0.0,0.0,0.0,5.0,0.0,0.0,5.0,5.0,0.0,0.0,10.0,10.0,0.0,0.0,10.0,10.0,0.0,0.0,0.0,0.0,5.0,5.0,0.0,0.0,10.0,10.0,0.0,10.0,5.0,5.0,15.0,10.0,5.0,5.0,0.0,0.0,10.0,10.0,0.0,0.0,5.0,5.0,5.0,5.0,10.0,0.0,0.0,0.0,5.0,5.0
844,wave2,dual_balanced,0.0,0.0,0.0,0.0,0.0,0.0,25.0,20.0,0.0,0.0,0.0,0.0,0.0,0.0,5.0,5.0,5.0,5.0,0.0,0.0,0.0,0.0,10.0,10.0,5.0,5.0,5.0,5.0,0.0,0.0,40.0,40.0,0.0,5.0,0.0,0.0,0.0,0.0,0.0,0.0,0.0,0.0,0.0,0.0,0.0,0.0,5.0,5.0,0.0,0.0
1665,wave2,dual_nonbiased,10.0,0.0,0.0,0.0,0.0,0.0,10.0,0.0,0.0,15.0,0.0,0.0,0.0,0.0,0.0,0.0,0.0,0.0,0.0,0.0,0.0,0.0,20.0,0.0,30.0,20.0,30.0,0.0,0.0,0.0,0.0,30.0,0.0,0.0,0.0,0.0,0.0,0.0,0.0,15.0,0.0,0.0,0.0,0.0,0.0,0.0,0.0,20.0,0.0,0.0
1459,wave2,dual_opposition,0.0,0.0,0.0,0.0,15.0,15.0,0.0,0.0,20.0,20.0,30.0,20.0,20.0,20.0,0.0,0.0,0.0,0.0,15.0,15.0,0.0,0.0,0.0,0.0,0.0,0.0,0.0,0.0,0.0,0.0,0.0,0.0,0.0,0.0,0.0,0.0,0.0,0.0,0.0,0.0,0.0,0.0,0.0,0.0,0.0,0.0,0.0,10.0,0.0,0.0
1698,wave2,dual_nonbiased,0.0,0.0,0.0,0.0,0.0,0.0,0.0,0.0,0.0,0.0,0.0,0.0,30.0,30.0,0.0,0.0,0.0,0.0,0.0,0.0,0.0,0.0,5.0,5.0,0.0,0.0,0.0,0.0,0.0,0.0,40.0,40.0,5.0,5.0,0.0,0.0,0.0,0.0,20.0,20.0,0.0,0.0,0.0,0.0,0.0,0.0,0.0,0.0,0.0,0.0
1650,wave2,dual_balanced,25.0,35.0,15.0,20.0,0.0,0.0,15.0,15.0,0.0,0.0,0.0,0.0,0.0,0.0,0.0,0.0,0.0,0.0,0.0,0.0,0.0,15.0,15.0,0.0,15.0,0.0,0.0,0.0,0.0,0.0,15.0,15.0,0.0,0.0,0.0,0.0,0.0,0.0,0.0,0.0,0.0,0.0,0.0,0.0,0.0,0.0,0.0,0.0,0.0,0.0
322,wave2,dual_nonbiased,0.0,0.0,5.0,10.0,0.0,0.0,0.0,5.0,0.0,0.0,0.0,20.0,0.0,0.0,10.0,10.0,0.0,0.0,0.0,0.0,15.0,10.0,0.0,0.0,10.0,10.0,20.0,15.0,20.0,15.0,5.0,5.0,0.0,0.0,0.0,0.0,5.0,0.0,0.0,0.0,0.0,0.0,5.0,0.0,5.0,0.0,0.0,0.0,0.0,0.0
2326,wave2,dual_nonbiased,0.0,0.0,0.0,0.0,0.0,0.0,0.0,5.0,0.0,0.0,5.0,15.0,0.0,0.0,10.0,10.0,0.0,0.0,0.0,0.0,0.0,0.0,5.0,5.0,10.0,10.0,5.0,5.0,15.0,10.0,25.0,20.0,0.0,0.0,5.0,5.0,10.0,5.0,10.0,10.0,0.0,0.0,0.0,0.0,0.0,0.0,0.0,0.0,0.0,0.0
1426,wave2,dual_balanced,0.0,0.0,0.0,0.0,0.0,0.0,0.0,0.0,0.0,0.0,20.0,20.0,10.0,10.0,0.0,0.0,20.0,10.0,0.0,0.0,20.0,20.0,10.0,10.0,0.0,0.0,0.0,0.0,0.0,0.0,10.0,10.0,0.0,0.0,0.0,0.0,0.0,0.0,0.0,0.0,0.0,0.0,10.0,0.0,0.0,20.0,0.0,0.0,0.0,0.0
2334,wave2,dual_balanced,0.0,0.0,0.0,0.0,0.0,0.0,10.0,10.0,0.0,0.0,0.0,10.0,0.0,0.0,10.0,10.0,0.0,0.0,0.0,0.0,0.0,0.0,0.0,0.0,0.0,0.0,0.0,0.0,20.0,15.0,15.0,15.0,0.0,0.0,0.0,0.0,0.0,0.0,15.0,15.0,0.0,0.0,0.0,0.0,10.0,10.0,20.0,10.0,0.0,5.0
169,wave2,dual_nonbiased,0.0,0.0,0.0,0.0,20.0,20.0,20.0,20.0,0.0,0.0,0.0,0.0,0.0,0.0,0.0,10.0,0.0,0.0,0.0,0.0,0.0,0.0,0.0,0.0,0.0,0.0,0.0,0.0,20.0,10.0,10.0,10.0,0.0,0.0,0.0,0.0,0.0,0.0,0.0,0.0,10.0,10.0,0.0,0.0,0.0,0.0,20.0,20.0,0.0,0.0
286,wave2,dual_balanced,0.0,0.0,0.0,0.0,5.0,5.0,20.0,20.0,0.0,0.0,15.0,15.0,5.0,5.0,0.0,0.0,0.0,0.0,10.0,10.0,10.0,10.0,0.0,0.0,10.0,10.0,0.0,0.0,5.0,5.0,15.0,15.0,0.0,0.0,0.0,0.0,0.0,0.0,0.0,0.0,5.0,5.0,0.0,0.0,0.0,0.0,0.0,0.0,0.0,0.0
252,wave2,dual_nonbiased,20.0,20.0,10.0,10.0,10.0,15.0,20.0,15.0,0.0,0.0,0.0,10.0,0.0,10.0,20.0,10.0,0.0,0.0,0.0,0.0,10.0,10.0,0.0,0.0,0.0,0.0,0.0,0.0,0.0,0.0,10.0,0.0,0.0,0.0,0.0,0.0,0.0,0.0,0.0,0.0,0.0,0.0,0.0,0.0,0.0,0.0,0.0,0.0,0.0,0.0
1482,wave2,dual_nonbiased,10.0,10.0,0.0,0.0,0.0,0.0,15.0,15.0,0.0,0.0,0.0,0.0,0.0,0.0,0.0,0.0,0.0,0.0,0.0,0.0,0.0,0.0,0.0,0.0,0.0,0.0,15.0,15.0,0.0,0.0,25.0,25.0,10.0,10.0,0.0,0.0,0.0,0.0,0.0,0.0,0.0,0.0,0.0,0.0,0.0,0.0,25.0,25.0,0.0,0.0
1195,wave2,dual_nonbiased,0.0,0.0,0.0,0.0,0.0,0.0,0.0,15.0,0.0,0.0,0.0,25.0,0.0,0.0,20.0,15.0,15.0,10.0,0.0,0.0,0.0,0.0,0.0,0.0,0.0,0.0,10.0,10.0,0.0,0.0,0.0,0.0,30.0,15.0,0.0,0.0,0.0,0.0,10.0,0.0,0.0,0.0,0.0,0.0,0.0,0.0,15.0,10.0,0.0,0.0
1139,wave2,dual_opposition,0.0,0.0,0.0,0.0,5.0,5.0,10.0,10.0,0.0,0.0,25.0,25.0,0.0,10.0,10.0,10.0,0.0,0.0,0.0,0.0,0.0,0.0,0.0,0.0,15.0,10.0,10.0,10.0,0.0,0.0,20.0,20.0,5.0,0.0,0.0,0.0,0.0,0.0,0.0,0.0,0.0,0.0,0.0,0.0,0.0,0.0,0.0,0.0,0.0,0.0
491,wave2,dual_opposition,0.0,0.0,0.0,0.0,0.0,0.0,15.0,0.0,0.0,0.0,0.0,0.0,0.0,0.0,10.0,0.0,0.0,0.0,0.0,0.0,0.0,0.0,10.0,10.0,0.0,0.0,0.0,0.0,10.0,0.0,20.0,25.0,10.0,15.0,0.0,0.0,0.0,5.0,5.0,5.0,0.0,0.0,0.0,0.0,0.0,0.0,15.0,25.0,5.0,15.0
1340,wave2,dual_balanced,0.0,0.0,0.0,0.0,5.0,5.0,0.0,0.0,0.0,0.0,24.0,24.0,0.0,0.0,0.0,0.0,8.0,8.0,8.0,8.0,0.0,0.0,10.0,10.0,10.0,10.0,20.0,20.0,0.0,0.0,0.0,0.0,0.0,0.0,0.0,0.0,5.0,5.0,5.0,5.0,0.0,0.0,0.0,0.0,0.0,0.0,5.0,5.0,0.0,0.0
450,wave2,dual_nonbiased,0.0,0.0,0.0,0.0,20.0,20.0,20.0,20.0,0.0,0.0,15.0,15.0,15.0,15.0,0.0,0.0,0.0,0.0,0.0,0.0,20.0,20.0,0.0,0.0,0.0,0.0,0.0,0.0,0.0,0.0,0.0,0.0,0.0,0.0,0.0,0.0,0.0,0.0,0.0,5.0,0.0,0.0,0.0,5.0,0.0,0.0,10.0,0.0,0.0,0.0
1542,wave2,dual_balanced,10.0,10.0,10.0,10.0,0.0,0.0,10.0,5.0,0.0,0.0,0.0,10.0,0.0,0.0,0.0,0.0,0.0,0.0,0.0,0.0,0.0,0.0,15.0,15.0,10.0,10.0,5.0,5.0,0.0,0.0,30.0,30.0,0.0,0.0,0.0,0.0,0.0,0.0,0.0,0.0,0.0,0.0,0.0,0.0,0.0,0.0,10.0,5.0,0.0,0.0
1168,wave2,dual_balanced,0.0,0.0,0.0,0.0,0.0,0.0,0.0,0.0,0.0,0.0,35.0,35.0,0.0,0.0,0.0,0.0,0.0,0.0,0.0,0.0,0.0,0.0,5.0,5.0,10.0,10.0,5.0,5.0,10.0,10.0,15.0,15.0,10.0,10.0,0.0,0.0,10.0,10.0,0.0,0.0,0.0,0.0,0.0,0.0,0.0,0.0,0.0,0.0,0.0,0.0
444,wave2,dual_balanced,0.0,0.0,0.0,0.0,0.0,0.0,0.0,0.0,0.0,0.0,0.0,0.0,0.0,0.0,0.0,0.0,0.0,0.0,0.0,0.0,0.0,0.0,10.0,10.0,20.0,20.0,10.0,10.0,20.0,20.0,20.0,20.0,0.0,0.0,0.0,0.0,0.0,0.0,20.0,20.0,0.0,0.0,0.0,0.0,0.0,0.0,0.0,0.0,0.0,0.0
899,wave2,dual_opposition,10.0,0.0,10.0,0.0,0.0,0.0,0.0,0.0,0.0,0.0,30.0,0.0,10.0,0.0,0.0,0.0,0.0,0.0,0.0,0.0,20.0,0.0,0.0,0.0,0.0,0.0,0.0,0.0,0.0,0.0,5.0,30.0,10.0,25.0,0.0,20.0,0.0,0.0,5.0,15.0,0.0,5.0,0.0,0.0,0.0,5.0,0.0,0.0,0.0,0.0
1268,wave2,dual_opposition,0.0,0.0,0.0,0.0,0.0,0.0,30.0,0.0,0.0,0.0,0.0,0.0,0.0,0.0,0.0,0.0,0.0,0.0,0.0,0.0,5.0,0.0,5.0,0.0,5.0,0.0,10.0,5.0,0.0,0.0,20.0,20.0,10.0,15.0,5.0,0.0,0.0,0.0,0.0,10.0,5.0,0.0,0.0,0.0,0.0,15.0,5.0,20.0,0.0,15.0
1018,wave2,dual_nonbiased,0.0,10.0,0.0,0.0,0.0,0.0,10.0,5.0,0.0,15.0,40.0,30.0,0.0,0.0,10.0,10.0,10.0,10.0,0.0,10.0,10.0,10.0,5.0,0.0,5.0,0.0,10.0,0.0,0.0,0.0,0.0,0.0,0.0,0.0,0.0,0.0,0.0,0.0,0.0,0.0,0.0,0.0,0.0,0.0,0.0,0.0,0.0,0.0,0.0,0.0
1822,wave2,dual_balanced,30.0,20.0,10.0,5.0,0.0,0.0,0.0,10.0,30.0,30.0,0.0,0.0,0.0,0.0,10.0,15.0,0.0,0.0,0.0,0.0,10.0,10.0,0.0,0.0,0.0,0.0,0.0,0.0,0.0,0.0,0.0,0.0,0.0,0.0,0.0,0.0,0.0,0.0,0.0,0.0,0.0,0.0,5.0,5.0,5.0,5.0,0.0,0.0,0.0,0.0
688,wave2,dual_opposition,0.0,0.0,0.0,0.0,0.0,0.0,5.0,5.0,15.0,15.0,35.0,35.0,10.0,10.0,5.0,5.0,5.0,5.0,5.0,5.0,5.0,5.0,0.0,0.0,0.0,0.0,5.0,5.0,0.0,0.0,0.0,0.0,0.0,0.0,0.0,0.0,0.0,0.0,0.0,0.0,0.0,0.0,0.0,0.0,0.0,0.0,10.0,10.0,0.0,0.0
2297,wave2,dual_balanced,0.0,0.0,0.0,0.0,15.0,15.0,15.0,15.0,0.0,0.0,0.0,0.0,0.0,0.0,0.0,0.0,0.0,0.0,0.0,0.0,15.0,15.0,0.0,0.0,0.0,0.0,0.0,0.0,0.0,0.0,0.0,0.0,0.0,0.0,35.0,35.0,0.0,0.0,0.0,0.0,0.0,0.0,20.0,20.0,0.0,0.0,0.0,0.0,0.0,0.0
968,wave2,dual_nonbiased,10.0,20.0,0.0,0.0,10.0,10.0,0.0,0.0,0.0,0.0,0.0,10.0,0.0,0.0,10.0,10.0,0.0,0.0,0.0,0.0,10.0,0.0,10.0,10.0,0.0,0.0,10.0,10.0,10.0,10.0,10.0,10.0,0.0,0.0,0.0,0.0,0.0,0.0,0.0,0.0,0.0,0.0,0.0,0.0,10.0,0.0,5.0,5.0,5.0,5.0
375,wave2,dual_balanced,0.0,0.0,0.0,10.0,0.0,0.0,5.0,5.0,0.0,0.0,0.0,25.0,0.0,0.0,0.0,0.0,0.0,0.0,0.0,0.0,10.0,10.0,20.0,10.0,0.0,0.0,20.0,10.0,0.0,0.0,0.0,0.0,0.0,0.0,20.0,5.0,0.0,0.0,0.0,0.0,0.0,0.0,0.0,0.0,0.0,0.0,25.0,25.0,0.0,0.0
1916,wave2,dual_nonbiased,0.0,0.0,0.0,0.0,0.0,0.0,0.0,10.0,0.0,0.0,40.0,40.0,10.0,10.0,10.0,10.0,0.0,10.0,10.0,10.0,0.0,0.0,5.0,0.0,5.0,0.0,0.0,0.0,5.0,0.0,5.0,0.0,0.0,0.0,0.0,0.0,0.0,0.0,5.0,5.0,0.0,0.0,0.0,0.0,0.0,0.0,5.0,5.0,0.0,0.0
1734,wave2,dual_balanced,5.0,0.0,0.0,0.0,0.0,0.0,10.0,10.0,0.0,0.0,40.0,40.0,0.0,0.0,0.0,5.0,0.0,0.0,0.0,0.0,0.0,0.0,0.0,0.0,0.0,0.0,0.0,0.0,15.0,15.0,15.0,15.0,0.0,0.0,0.0,0.0,0.0,0.0,0.0,0.0,0.0,0.0,10.0,10.0,0.0,0.0,5.0,5.0,0.0,0.0
383,wave2,dual_nonbiased,0.0,0.0,0.0,10.0,0.0,10.0,0.0,0.0,0.0,0.0,0.0,15.0,0.0,0.0,0.0,0.0,0.0,0.0,0.0,0.0,0.0,0.0,5.0,5.0,5.0,5.0,15.0,5.0,20.0,15.0,15.0,10.0,5.0,5.0,5.0,5.0,5.0,5.0,10.0,5.0,5.0,0.0,5.0,0.0,5.0,5.0,0.0,0.0,0.0,0.0
1219,wave2,dual_balanced,0.0,0.0,20.0,0.0,0.0,0.0,0.0,0.0,0.0,0.0,0.0,0.0,0.0,0.0,0.0,15.0,0.0,0.0,0.0,0.0,20.0,20.0,10.0,10.0,0.0,0.0,30.0,15.0,0.0,0.0,0.0,15.0,0.0,0.0,10.0,15.0,0.0,0.0,0.0,0.0,10.0,10.0,0.0,0.0,0.0,0.0,0.0,0.0,0.0,0.0
1208,wave2,dual_opposition,0.0,0.0,0.0,0.0,0.0,0.0,0.0,0.0,10.0,10.0,0.0,0.0,0.0,0.0,10.0,10.0,10.0,10.0,0.0,0.0,10.0,10.0,0.0,0.0,10.0,10.0,0.0,0.0,0.0,0.0,10.0,10.0,0.0,0.0,0.0,0.0,10.0,10.0,10.0,10.0,10.0,10.0,10.0,10.0,0.0,0.0,0.0,0.0,0.0,0.0
270,wave2,dual_balanced,5.0,5.0,0.0,0.0,0.0,0.0,0.0,0.0,5.0,5.0,40.0,40.0,0.0,0.0,0.0,0.0,0.0,0.0,0.0,0.0,0.0,0.0,5.0,5.0,5.0,5.0,10.0,10.0,10.0,10.0,20.0,20.0,0.0,0.0,0.0,0.0,0.0,0.0,0.0,0.0,0.0,0.0,0.0,0.0,0.0,0.0,0.0,0.0,0.0,0.0
679,wave2,dual_nonbiased,0.0,0.0,0.0,0.0,0.0,0.0,5.0,10.0,10.0,10.0,10.0,10.0,0.0,0.0,5.0,5.0,0.0,0.0,0.0,5.0,0.0,0.0,10.0,10.0,5.0,0.0,0.0,0.0,5.0,5.0,10.0,10.0,10.0,10.0,10.0,10.0,0.0,0.0,0.0,0.0,5.0,5.0,0.0,0.0,0.0,0.0,15.0,10.0,0.0,0.0
2177,wave2,dual_nonbiased,10.0,10.0,0.0,0.0,0.0,0.0,0.0,0.0,10.0,10.0,30.0,20.0,10.0,10.0,0.0,0.0,10.0,10.0,10.0,10.0,10.0,10.0,0.0,0.0,0.0,10.0,10.0,10.0,0.0,0.0,0.0,0.0,0.0,0.0,0.0,0.0,0.0,0.0,0.0,0.0,0.0,0.0,0.0,0.0,0.0,0.0,0.0,0.0,0.0,0.0
510,wave2,dual_balanced,0.0,0.0,0.0,0.0,0.0,0.0,10.0,10.0,0.0,0.0,0.0,0.0,0.0,0.0,10.0,10.0,0.0,0.0,0.0,0.0,0.0,0.0,0.0,0.0,0.0,0.0,0.0,0.0,20.0,20.0,0.0,0.0,0.0,0.0,30.0,30.0,0.0,0.0,0.0,0.0,0.0,0.0,0.0,0.0,0.0,0.0,30.0,30.0,0.0,0.0
597,wave2,dual_opposition,10.0,10.0,5.0,5.0,0.0,0.0,5.0,5.0,0.0,0.0,20.0,20.0,0.0,0.0,0.0,0.0,0.0,0.0,0.0,0.0,0.0,0.0,10.0,10.0,10.0,10.0,10.0,10.0,0.0,0.0,10.0,10.0,5.0,5.0,0.0,0.0,0.0,0.0,5.0,5.0,0.0,0.0,0.0,0.0,5.0,5.0,5.0,5.0,0.0,0.0
1225,wave2,dual_balanced,0.0,0.0,0.0,0.0,0.0,0.0,0.0,0.0,0.0,0.0,0.0,0.0,0.0,0.0,0.0,0.0,0.0,0.0,0.0,0.0,0.0,0.0,25.0,25.0,15.0,15.0,30.0,30.0,20.0,20.0,0.0,0.0,0.0,0.0,0.0,0.0,0.0,0.0,0.0,0.0,0.0,0.0,0.0,0.0,0.0,0.0,10.0,10.0,0.0,0.0
1054,wave2,dual_nonbiased,5.0,5.0,0.0,0.0,0.0,0.0,0.0,0.0,0.0,0.0,0.0,0.0,0.0,0.0,5.0,5.0,5.0,5.0,10.0,10.0,5.0,5.0,10.0,10.0,15.0,15.0,10.0,10.0,0.0,0.0,15.0,15.0,0.0,0.0,5.0,5.0,0.0,0.0,0.0,0.0,0.0,0.0,10.0,10.0,5.0,5.0,0.0,0.0,0.0,0.0
1513,wave2,dual_opposition,20.0,20.0,0.0,0.0,0.0,0.0,10.0,10.0,15.0,15.0,0.0,0.0,0.0,0.0,5.0,5.0,0.0,0.0,0.0,0.0,5.0,5.0,0.0,0.0,0.0,0.0,5.0,5.0,20.0,20.0,0.0,0.0,0.0,0.0,0.0,0.0,0.0,0.0,0.0,0.0,10.0,10.0,0.0,0.0,0.0,0.0,5.0,5.0,5.0,5.0
489,wave2,dual_opposition,5.0,0.0,5.0,10.0,0.0,10.0,10.0,5.0,5.0,5.0,0.0,20.0,0.0,10.0,10.0,0.0,0.0,0.0,0.0,0.0,20.0,0.0,10.0,10.0,10.0,10.0,10.0,5.0,10.0,10.0,0.0,0.0,0.0,0.0,0.0,0.0,0.0,0.0,0.0,0.0,0.0,0.0,0.0,0.0,0.0,0.0,5.0,5.0,0.0,0.0
258,wave2,dual_balanced,20.0,5.0,0.0,0.0,0.0,0.0,0.0,5.0,10.0,0.0,0.0,0.0,0.0,0.0,10.0,10.0,0.0,0.0,0.0,0.0,0.0,0.0,10.0,0.0,10.0,0.0,0.0,0.0,0.0,0.0,10.0,15.0,0.0,10.0,0.0,5.0,0.0,0.0,0.0,0.0,5.0,5.0,0.0,10.0,5.0,5.0,10.0,15.0,10.0,15.0
1927,wave2,dual_nonbiased,0.0,0.0,0.0,0.0,0.0,0.0,0.0,0.0,20.0,20.0,40.0,40.0,0.0,0.0,10.0,10.0,0.0,0.0,10.0,10.0,10.0,10.0,0.0,0.0,0.0,0.0,0.0,0.0,0.0,0.0,10.0,10.0,0.0,0.0,0.0,0.0,0.0,0.0,0.0,0.0,0.0,0.0,0.0,0.0,0.0,0.0,0.0,0.0,0.0,0.0
920,wave2,dual_nonbiased,0.0,0.0,0.0,0.0,0.0,0.0,0.0,0.0,0.0,0.0,5.0,0.0,5.0,0.0,5.0,0.0,5.0,0.0,5.0,0.0,0.0,0.0,11.0,0.0,5.0,0.0,12.0,0.0,5.0,0.0,7.0,40.0,10.0,15.0,5.0,0.0,5.0,0.0,0.0,15.0,5.0,0.0,5.0,0.0,0.0,0.0,5.0,20.0,0.0,10.0
1415,wave2,dual_balanced,0.0,0.0,0.0,0.0,0.0,0.0,0.0,0.0,0.0,0.0,5.0,5.0,0.0,0.0,10.0,10.0,0.0,0.0,0.0,0.0,0.0,0.0,40.0,40.0,5.0,5.0,0.0,0.0,0.0,0.0,40.0,40.0,0.0,0.0,0.0,0.0,0.0,0.0,0.0,0.0,0.0,0.0,0.0,0.0,0.0,0.0,0.0,0.0,0.0,0.0
922,wave2,dual_balanced,0.0,0.0,0.0,0.0,0.0,0.0,0.0,0.0,0.0,0.0,0.0,0.0,0.0,0.0,20.0,20.0,0.0,0.0,0.0,0.0,20.0,20.0,10.0,10.0,10.0,10.0,10.0,10.0,10.0,10.0,10.0,10.0,0.0,0.0,0.0,0.0,0.0,0.0,0.0,0.0,10.0,10.0,0.0,0.0,0.0,0.0,0.0,0.0,0.0,0.0
518,wave2,dual_nonbiased,0.0,0.0,0.0,0.0,0.0,0.0,0.0,0.0,0.0,0.0,0.0,0.0,15.0,15.0,15.0,15.0,0.0,0.0,0.0,0.0,0.0,0.0,20.0,20.0,20.0,20.0,10.0,10.0,10.0,10.0,5.0,5.0,0.0,0.0,0.0,0.0,0.0,0.0,0.0,0.0,0.0,0.0,0.0,0.0,0.0,0.0,5.0,5.0,0.0,0.0
1951,wave2,dual_nonbiased,0.0,10.0,0.0,0.0,0.0,0.0,10.0,10.0,0.0,0.0,0.0,10.0,0.0,0.0,10.0,10.0,0.0,0.0,0.0,0.0,10.0,10.0,0.0,0.0,0.0,0.0,0.0,0.0,10.0,10.0,10.0,10.0,0.0,0.0,0.0,0.0,10.0,0.0,0.0,0.0,10.0,10.0,10.0,0.0,0.0,0.0,20.0,20.0,0.0,0.0
2168,wave2,dual_nonbiased,0.0,0.0,10.0,5.0,10.0,10.0,0.0,0.0,10.0,0.0,10.0,10.0,0.0,0.0,10.0,10.0,10.0,10.0,10.0,10.0,10.0,10.0,5.0,5.0,5.0,5.0,0.0,0.0,5.0,5.0,0.0,5.0,0.0,0.0,0.0,0.0,0.0,0.0,0.0,0.0,0.0,0.0,0.0,5.0,5.0,10.0,0.0,0.0,0.0,0.0
2158,wave2,dual_balanced,0.0,0.0,0.0,0.0,0.0,0.0,0.0,0.0,0.0,0.0,0.0,0.0,0.0,0.0,0.0,0.0,0.0,0.0,0.0,0.0,0.0,0.0,10.0,10.0,0.0,0.0,20.0,20.0,10.0,10.0,0.0,0.0,0.0,0.0,0.0,0.0,0.0,0.0,0.0,0.0,0.0,0.0,0.0,0.0,20.0,20.0,40.0,40.0,0.0,0.0
1742,wave2,dual_nonbiased,0.0,5.0,0.0,5.0,0.0,0.0,5.0,5.0,0.0,0.0,0.0,15.0,5.0,5.0,15.0,10.0,10.0,25.0,0.0,0.0,0.0,0.0,0.0,0.0,10.0,5.0,10.0,5.0,10.0,5.0,20.0,10.0,0.0,0.0,0.0,0.0,0.0,0.0,15.0,5.0,0.0,0.0,0.0,0.0,0.0,0.0,0.0,0.0,0.0,0.0
774,wave2,dual_opposition,24.0,24.0,0.0,0.0,0.0,0.0,0.0,0.0,0.0,0.0,0.0,0.0,30.0,30.0,0.0,0.0,10.0,10.0,0.0,0.0,0.0,0.0,20.0,20.0,10.0,10.0,0.0,0.0,0.0,0.0,0.0,0.0,6.0,6.0,0.0,0.0,0.0,0.0,0.0,0.0,0.0,0.0,0.0,0.0,0.0,0.0,0.0,0.0,0.0,0.0
1962,wave2,dual_nonbiased,5.0,10.0,5.0,10.0,0.0,0.0,0.0,0.0,0.0,0.0,40.0,30.0,20.0,10.0,20.0,10.0,0.0,0.0,0.0,5.0,0.0,0.0,5.0,10.0,0.0,5.0,5.0,10.0,0.0,0.0,0.0,0.0,0.0,0.0,0.0,0.0,0.0,0.0,0.0,0.0,0.0,0.0,0.0,0.0,0.0,0.0,0.0,0.0,0.0,0.0
328,wave2,dual_opposition,10.0,10.0,0.0,0.0,0.0,0.0,25.0,25.0,0.0,0.0,0.0,0.0,0.0,0.0,0.0,0.0,0.0,0.0,0.0,0.0,0.0,0.0,10.0,10.0,0.0,0.0,0.0,0.0,0.0,0.0,0.0,20.0,0.0,0.0,0.0,0.0,0.0,0.0,0.0,0.0,0.0,0.0,0.0,0.0,0.0,0.0,40.0,20.0,15.0,15.0
390,wave2,dual_balanced,0.0,0.0,10.0,30.0,10.0,15.0,0.0,0.0,5.0,5.0,5.0,5.0,5.0,0.0,5.0,0.0,5.0,0.0,5.0,5.0,5.0,5.0,5.0,5.0,0.0,0.0,0.0,0.0,0.0,0.0,0.0,0.0,10.0,10.0,0.0,0.0,10.0,10.0,0.0,0.0,0.0,0.0,5.0,0.0,10.0,10.0,5.0,0.0,0.0,0.0
1647,wave2,dual_opposition,0.0,10.0,10.0,10.0,0.0,0.0,5.0,10.0,0.0,0.0,40.0,35.0,0.0,0.0,40.0,10.0,0.0,0.0,0.0,10.0,0.0,10.0,0.0,0.0,0.0,0.0,0.0,0.0,0.0,0.0,0.0,0.0,0.0,0.0,0.0,0.0,0.0,0.0,0.0,0.0,0.0,0.0,0.0,0.0,0.0,0.0,5.0,5.0,0.0,0.0
748,wave2,dual_nonbiased,0.0,0.0,0.0,0.0,0.0,0.0,0.0,0.0,5.0,5.0,5.0,30.0,5.0,5.0,5.0,5.0,0.0,0.0,0.0,0.0,5.0,5.0,5.0,5.0,5.0,5.0,10.0,5.0,15.0,5.0,10.0,5.0,5.0,5.0,5.0,5.0,5.0,5.0,5.0,5.0,0.0,0.0,5.0,0.0,5.0,5.0,0.0,0.0,0.0,0.0
2324,wave2,dual_opposition,10.0,0.0,10.0,10.0,0.0,0.0,0.0,0.0,0.0,0.0,10.0,10.0,0.0,0.0,10.0,10.0,0.0,0.0,10.0,10.0,10.0,10.0,0.0,10.0,0.0,0.0,15.0,15.0,15.0,15.0,0.0,0.0,0.0,0.0,0.0,0.0,0.0,0.0,10.0,10.0,0.0,0.0,0.0,0.0,0.0,0.0,0.0,0.0,0.0,0.0
234,wave2,dual_opposition,0.0,0.0,0.0,10.0,0.0,0.0,0.0,0.0,0.0,0.0,40.0,18.0,0.0,0.0,0.0,0.0,0.0,0.0,0.0,0.0,0.0,0.0,0.0,0.0,20.0,20.0,15.0,15.0,0.0,0.0,0.0,12.0,0.0,0.0,5.0,5.0,5.0,5.0,0.0,0.0,0.0,0.0,0.0,0.0,5.0,5.0,0.0,0.0,10.0,10.0
1751,wave2,dual_nonbiased,15.0,20.0,10.0,0.0,5.0,0.0,5.0,10.0,10.0,5.0,15.0,20.0,0.0,5.0,5.0,10.0,0.0,0.0,5.0,0.0,5.0,0.0,10.0,10.0,0.0,0.0,0.0,0.0,10.0,10.0,5.0,10.0,0.0,0.0,0.0,0.0,0.0,0.0,0.0,0.0,0.0,0.0,0.0,0.0,0.0,0.0,0.0,0.0,0.0,0.0
1700,wave2,dual_balanced,0.0,0.0,0.0,0.0,0.0,0.0,0.0,0.0,0.0,0.0,0.0,0.0,0.0,0.0,0.0,0.0,0.0,0.0,0.0,0.0,0.0,0.0,20.0,20.0,0.0,0.0,20.0,20.0,0.0,0.0,20.0,20.0,20.0,15.0,0.0,5.0,0.0,0.0,0.0,0.0,0.0,0.0,0.0,0.0,0.0,0.0,20.0,20.0,0.0,0.0
1894,wave2,dual_nonbiased,0.0,0.0,20.0,20.0,10.0,10.0,10.0,10.0,0.0,0.0,20.0,20.0,0.0,10.0,0.0,0.0,0.0,0.0,0.0,0.0,0.0,0.0,10.0,10.0,0.0,0.0,10.0,10.0,0.0,0.0,0.0,0.0,0.0,0.0,0.0,0.0,0.0,0.0,20.0,10.0,0.0,0.0,0.0,0.0,0.0,0.0,0.0,0.0,0.0,0.0
542,wave2,dual_nonbiased,0.0,0.0,0.0,0.0,0.0,0.0,0.0,0.0,0.0,0.0,20.0,20.0,0.0,0.0,0.0,0.0,0.0,0.0,0.0,0.0,0.0,0.0,5.0,5.0,5.0,5.0,10.0,10.0,5.0,5.0,15.0,15.0,15.0,10.0,0.0,0.0,5.0,5.0,5.0,5.0,5.0,5.0,0.0,0.0,0.0,5.0,5.0,5.0,5.0,5.0
2313,wave2,dual_opposition,0.0,0.0,0.0,0.0,0.0,0.0,10.0,0.0,0.0,0.0,40.0,30.0,0.0,0.0,30.0,30.0,0.0,0.0,0.0,0.0,0.0,0.0,0.0,0.0,10.0,10.0,0.0,0.0,0.0,0.0,10.0,20.0,0.0,10.0,0.0,0.0,0.0,0.0,0.0,0.0,0.0,0.0,0.0,0.0,0.0,0.0,0.0,0.0,0.0,0.0
1709,wave2,dual_nonbiased,0.0,0.0,0.0,0.0,0.0,0.0,0.0,10.0,0.0,0.0,25.0,30.0,0.0,10.0,0.0,0.0,0.0,0.0,0.0,0.0,0.0,0.0,10.0,10.0,0.0,0.0,15.0,10.0,15.0,10.0,0.0,0.0,0.0,0.0,0.0,0.0,0.0,0.0,0.0,0.0,15.0,10.0,0.0,0.0,0.0,0.0,20.0,10.0,0.0,0.0
1555,wave2,dual_opposition,30.0,30.0,0.0,0.0,0.0,0.0,0.0,0.0,30.0,30.0,0.0,0.0,0.0,0.0,0.0,0.0,0.0,0.0,0.0,0.0,0.0,0.0,20.0,20.0,10.0,10.0,10.0,10.0,0.0,0.0,0.0,0.0,0.0,0.0,0.0,0.0,0.0,0.0,0.0,0.0,0.0,0.0,0.0,0.0,0.0,0.0,0.0,0.0,0.0,0.0
1151,wave2,dual_opposition,0.0,10.0,5.0,5.0,0.0,10.0,0.0,0.0,0.0,0.0,30.0,20.0,0.0,0.0,25.0,25.0,0.0,0.0,0.0,5.0,0.0,0.0,0.0,0.0,20.0,20.0,0.0,0.0,0.0,0.0,0.0,0.0,20.0,5.0,0.0,0.0,0.0,0.0,0.0,0.0,0.0,0.0,0.0,0.0,0.0,0.0,0.0,0.0,0.0,0.0
473,wave2,dual_opposition,0.0,30.0,5.0,5.0,0.0,0.0,5.0,5.0,20.0,20.0,35.0,35.0,0.0,0.0,0.0,0.0,0.0,0.0,0.0,0.0,0.0,0.0,0.0,0.0,5.0,0.0,5.0,0.0,5.0,0.0,5.0,0.0,5.0,0.0,0.0,0.0,0.0,0.0,5.0,0.0,0.0,0.0,0.0,0.0,5.0,5.0,0.0,0.0,0.0,0.0
2345,wave2,dual_nonbiased,0.0,0.0,0.0,0.0,0.0,0.0,0.0,0.0,0.0,0.0,10.0,10.0,10.0,10.0,20.0,20.0,20.0,20.0,10.0,10.0,0.0,0.0,5.0,5.0,5.0,5.0,5.0,5.0,0.0,0.0,0.0,0.0,10.0,10.0,0.0,0.0,0.0,0.0,0.0,0.0,0.0,0.0,0.0,0.0,0.0,0.0,0.0,0.0,5.0,5.0
1625,wave2,dual_balanced,0.0,0.0,0.0,20.0,0.0,0.0,10.0,20.0,0.0,0.0,0.0,0.0,0.0,0.0,15.0,10.0,0.0,0.0,0.0,0.0,0.0,0.0,0.0,0.0,10.0,10.0,10.0,0.0,0.0,0.0,20.0,20.0,0.0,0.0,10.0,0.0,0.0,0.0,25.0,20.0,0.0,0.0,0.0,0.0,0.0,0.0,0.0,0.0,0.0,0.0
50,wave2,dual_balanced,0.0,20.0,0.0,20.0,0.0,0.0,0.0,0.0,20.0,20.0,0.0,0.0,0.0,0.0,20.0,20.0,0.0,0.0,10.0,0.0,0.0,0.0,0.0,0.0,0.0,0.0,10.0,0.0,0.0,0.0,10.0,0.0,0.0,0.0,10.0,0.0,0.0,0.0,0.0,0.0,0.0,0.0,0.0,0.0,0.0,0.0,10.0,10.0,10.0,10.0
997,wave2,dual_balanced,0.0,0.0,20.0,20.0,0.0,0.0,15.0,15.0,0.0,0.0,35.0,25.0,15.0,25.0,0.0,0.0,0.0,0.0,0.0,0.0,0.0,0.0,15.0,0.0,0.0,0.0,0.0,0.0,0.0,0.0,0.0,0.0,0.0,0.0,0.0,0.0,0.0,0.0,0.0,0.0,0.0,0.0,0.0,0.0,0.0,0.0,0.0,0.0,0.0,15.0
909,wave2,dual_balanced,0.0,0.0,0.0,0.0,0.0,0.0,20.0,20.0,0.0,0.0,0.0,0.0,0.0,0.0,20.0,20.0,0.0,0.0,0.0,0.0,20.0,10.0,0.0,0.0,0.0,0.0,0.0,0.0,0.0,0.0,20.0,25.0,20.0,25.0,0.0,0.0,0.0,0.0,0.0,0.0,0.0,0.0,0.0,0.0,0.0,0.0,0.0,0.0,0.0,0.0
731,wave2,dual_opposition,0.0,0.0,0.0,0.0,5.0,5.0,15.0,5.0,0.0,0.0,0.0,0.0,5.0,5.0,10.0,10.0,0.0,0.0,10.0,10.0,0.0,0.0,5.0,5.0,0.0,0.0,5.0,5.0,0.0,0.0,10.0,10.0,0.0,0.0,0.0,0.0,0.0,0.0,10.0,10.0,10.0,10.0,0.0,0.0,15.0,15.0,0.0,10.0,0.0,0.0
2159,wave2,dual_nonbiased,0.0,0.0,15.0,15.0,0.0,0.0,20.0,20.0,0.0,0.0,0.0,0.0,0.0,0.0,0.0,0.0,0.0,0.0,0.0,0.0,40.0,40.0,0.0,0.0,0.0,0.0,0.0,0.0,0.0,0.0,0.0,0.0,0.0,0.0,0.0,0.0,0.0,0.0,0.0,0.0,0.0,0.0,0.0,0.0,0.0,0.0,20.0,20.0,5.0,5.0
487,wave2,dual_nonbiased,0.0,0.0,0.0,0.0,0.0,0.0,0.0,0.0,0.0,0.0,40.0,40.0,10.0,10.0,0.0,5.0,5.0,5.0,0.0,0.0,10.0,10.0,0.0,5.0,5.0,10.0,0.0,0.0,0.0,0.0,10.0,5.0,0.0,0.0,0.0,0.0,5.0,0.0,0.0,0.0,0.0,0.0,10.0,5.0,5.0,5.0,0.0,0.0,0.0,0.0
834,wave2,dual_balanced,5.0,0.0,0.0,0.0,0.0,0.0,0.0,0.0,10.0,0.0,0.0,0.0,0.0,0.0,0.0,0.0,0.0,0.0,0.0,0.0,0.0,0.0,10.0,0.0,10.0,0.0,20.0,0.0,0.0,0.0,40.0,40.0,0.0,0.0,0.0,0.0,0.0,15.0,0.0,20.0,5.0,0.0,0.0,15.0,0.0,10.0,0.0,0.0,0.0,0.0
685,wave2,dual_nonbiased,0.0,15.0,5.0,8.0,0.0,0.0,6.0,6.0,10.0,10.0,5.0,5.0,0.0,0.0,8.0,5.0,8.0,5.0,0.0,0.0,5.0,7.0,5.0,10.0,6.0,6.0,10.0,10.0,7.0,7.0,0.0,0.0,0.0,0.0,0.0,0.0,6.0,0.0,6.0,0.0,7.0,0.0,0.0,0.0,0.0,0.0,0.0,0.0,6.0,6.0
196,wave2,dual_balanced,0.0,0.0,0.0,0.0,6.0,6.0,6.0,6.0,0.0,0.0,0.0,0.0,0.0,0.0,6.0,6.0,0.0,0.0,6.0,6.0,6.0,6.0,6.0,6.0,0.0,0.0,6.0,6.0,9.0,9.0,9.0,9.0,7.0,7.0,0.0,0.0,0.0,0.0,9.0,9.0,0.0,6.0,6.0,6.0,6.0,0.0,6.0,6.0,6.0,6.0
154,wave2,dual_balanced,0.0,20.0,0.0,0.0,0.0,0.0,20.0,10.0,0.0,0.0,20.0,20.0,0.0,0.0,0.0,0.0,0.0,0.0,0.0,0.0,0.0,0.0,10.0,5.0,10.0,5.0,5.0,5.0,10.0,5.0,20.0,20.0,5.0,10.0,0.0,0.0,0.0,0.0,0.0,0.0,0.0,0.0,0.0,0.0,0.0,0.0,0.0,0.0,0.0,0.0
733,wave2,dual_balanced,0.0,0.0,10.0,0.0,20.0,10.0,0.0,0.0,10.0,10.0,40.0,40.0,0.0,0.0,0.0,0.0,0.0,0.0,0.0,0.0,10.0,10.0,0.0,0.0,0.0,0.0,0.0,0.0,0.0,0.0,10.0,20.0,0.0,0.0,0.0,0.0,0.0,0.0,0.0,0.0,0.0,0.0,0.0,0.0,0.0,0.0,0.0,10.0,0.0,0.0
1301,wave2,dual_nonbiased,0.0,0.0,0.0,0.0,0.0,0.0,0.0,0.0,15.0,15.0,20.0,20.0,0.0,0.0,5.0,5.0,0.0,0.0,0.0,0.0,0.0,0.0,0.0,0.0,0.0,0.0,0.0,0.0,0.0,0.0,15.0,15.0,10.0,10.0,0.0,0.0,0.0,0.0,15.0,15.0,0.0,0.0,0.0,0.0,0.0,0.0,20.0,20.0,0.0,0.0
320,wave2,dual_balanced,25.0,25.0,10.0,10.0,5.0,5.0,5.0,5.0,0.0,0.0,10.0,5.0,0.0,0.0,0.0,0.0,0.0,0.0,0.0,0.0,5.0,0.0,10.0,0.0,0.0,0.0,0.0,0.0,0.0,0.0,15.0,20.0,0.0,15.0,5.0,0.0,0.0,0.0,0.0,0.0,0.0,0.0,5.0,0.0,5.0,0.0,0.0,15.0,0.0,0.0
1957,wave2,dual_balanced,0.0,0.0,0.0,0.0,0.0,0.0,20.0,20.0,10.0,10.0,0.0,0.0,0.0,0.0,0.0,0.0,0.0,0.0,0.0,0.0,0.0,0.0,20.0,20.0,0.0,0.0,10.0,10.0,20.0,20.0,5.0,5.0,0.0,0.0,0.0,0.0,0.0,0.0,0.0,0.0,0.0,0.0,0.0,0.0,5.0,5.0,10.0,10.0,0.0,0.0
2298,wave2,dual_balanced,10.0,10.0,0.0,0.0,0.0,0.0,10.0,10.0,0.0,0.0,20.0,20.0,0.0,0.0,5.0,5.0,0.0,0.0,10.0,5.0,0.0,5.0,15.0,10.0,0.0,0.0,10.0,10.0,0.0,0.0,0.0,0.0,0.0,0.0,0.0,0.0,0.0,0.0,10.0,10.0,0.0,0.0,0.0,0.0,0.0,0.0,10.0,15.0,0.0,0.0
1749,wave2,dual_balanced,5.0,5.0,5.0,5.0,20.0,20.0,10.0,10.0,10.0,10.0,0.0,0.0,0.0,0.0,20.0,20.0,0.0,0.0,0.0,0.0,0.0,0.0,10.0,10.0,5.0,5.0,5.0,5.0,0.0,0.0,0.0,0.0,0.0,0.0,5.0,5.0,0.0,0.0,5.0,5.0,0.0,0.0,0.0,0.0,0.0,0.0,0.0,0.0,0.0,0.0
451,wave2,dual_nonbiased,10.0,10.0,5.0,10.0,0.0,0.0,5.0,5.0,5.0,5.0,5.0,20.0,0.0,0.0,5.0,5.0,0.0,0.0,0.0,10.0,0.0,0.0,5.0,10.0,10.0,10.0,10.0,5.0,10.0,0.0,10.0,5.0,10.0,0.0,0.0,0.0,0.0,0.0,0.0,0.0,0.0,0.0,0.0,0.0,0.0,0.0,5.0,5.0,5.0,0.0
1915,wave2,dual_opposition,10.0,30.0,10.0,20.0,10.0,0.0,10.0,10.0,10.0,0.0,5.0,0.0,5.0,10.0,5.0,0.0,5.0,0.0,5.0,0.0,5.0,0.0,5.0,0.0,5.0,15.0,5.0,0.0,5.0,0.0,0.0,10.0,0.0,0.0,0.0,0.0,0.0,0.0,0.0,0.0,0.0,0.0,0.0,0.0,0.0,0.0,0.0,5.0,0.0,0.0
1353,wave2,dual_opposition,10.0,0.0,10.0,0.0,10.0,0.0,10.0,0.0,0.0,0.0,40.0,20.0,0.0,0.0,10.0,0.0,0.0,0.0,10.0,0.0,0.0,0.0,0.0,0.0,0.0,0.0,0.0,0.0,0.0,0.0,0.0,20.0,0.0,0.0,0.0,0.0,0.0,0.0,0.0,20.0,0.0,0.0,0.0,0.0,0.0,0.0,0.0,20.0,0.0,20.0
1554,wave2,dual_nonbiased,0.0,20.0,5.0,0.0,6.0,0.0,7.0,0.0,0.0,0.0,5.0,6.0,7.0,0.0,0.0,0.0,0.0,0.0,6.0,0.0,0.0,0.0,5.0,10.0,10.0,10.0,5.0,10.0,0.0,0.0,0.0,0.0,6.0,6.0,8.0,8.0,0.0,0.0,0.0,0.0,5.0,5.0,15.0,15.0,0.0,0.0,5.0,5.0,5.0,5.0
1820,wave2,dual_balanced,0.0,0.0,0.0,0.0,0.0,0.0,0.0,0.0,0.0,0.0,10.0,10.0,10.0,10.0,10.0,10.0,0.0,0.0,10.0,10.0,10.0,10.0,10.0,10.0,0.0,0.0,0.0,0.0,10.0,10.0,10.0,10.0,10.0,10.0,10.0,10.0,0.0,0.0,0.0,0.0,0.0,0.0,0.0,0.0,0.0,0.0,0.0,0.0,0.0,0.0
1575,wave2,dual_balanced,5.0,5.0,0.0,10.0,35.0,20.0,0.0,10.0,0.0,0.0,40.0,30.0,0.0,0.0,0.0,0.0,0.0,0.0,10.0,10.0,5.0,5.0,0.0,0.0,0.0,0.0,0.0,0.0,5.0,10.0,0.0,0.0,0.0,0.0,0.0,0.0,0.0,0.0,0.0,0.0,0.0,0.0,0.0,0.0,0.0,0.0,0.0,0.0,0.0,0.0
978,wave2,dual_nonbiased,10.0,10.0,0.0,5.0,5.0,5.0,5.0,5.0,5.0,5.0,40.0,40.0,10.0,10.0,5.0,5.0,5.0,5.0,5.0,5.0,0.0,0.0,0.0,0.0,0.0,0.0,5.0,5.0,0.0,0.0,0.0,0.0,0.0,0.0,0.0,0.0,5.0,0.0,0.0,0.0,0.0,0.0,0.0,0.0,0.0,0.0,0.0,0.0,0.0,0.0
584,wave2,dual_balanced,0.0,0.0,0.0,0.0,0.0,0.0,25.0,5.0,0.0,0.0,0.0,0.0,0.0,0.0,0.0,0.0,0.0,0.0,0.0,0.0,0.0,0.0,20.0,0.0,0.0,0.0,20.0,20.0,0.0,0.0,0.0,20.0,0.0,0.0,0.0,0.0,0.0,0.0,20.0,20.0,5.0,5.0,0.0,0.0,10.0,10.0,0.0,10.0,0.0,10.0
2364,wave2,dual_opposition,0.0,0.0,0.0,0.0,0.0,0.0,30.0,30.0,0.0,0.0,40.0,40.0,5.0,5.0,20.0,20.0,5.0,5.0,0.0,0.0,0.0,0.0,0.0,0.0,0.0,0.0,0.0,0.0,0.0,0.0,0.0,0.0,0.0,0.0,0.0,0.0,0.0,0.0,0.0,0.0,0.0,0.0,0.0,0.0,0.0,0.0,0.0,0.0,0.0,0.0
1597,wave2,dual_nonbiased,20.0,10.0,5.0,5.0,20.0,5.0,5.0,5.0,5.0,5.0,15.0,15.0,0.0,0.0,10.0,10.0,10.0,10.0,5.0,5.0,5.0,5.0,0.0,0.0,0.0,5.0,0.0,5.0,0.0,0.0,0.0,10.0,0.0,0.0,0.0,0.0,0.0,0.0,0.0,0.0,0.0,0.0,0.0,5.0,0.0,0.0,0.0,0.0,0.0,0.0
1536,wave2,dual_opposition,5.0,5.0,5.0,5.0,5.0,5.0,0.0,0.0,0.0,0.0,5.0,5.0,5.0,5.0,5.0,5.0,0.0,0.0,5.0,5.0,5.0,5.0,0.0,0.0,5.0,5.0,5.0,5.0,5.0,5.0,5.0,5.0,5.0,5.0,5.0,5.0,0.0,0.0,0.0,0.0,0.0,0.0,5.0,5.0,5.0,5.0,5.0,5.0,15.0,15.0
1806,wave2,dual_balanced,0.0,0.0,0.0,0.0,0.0,0.0,10.0,0.0,0.0,0.0,0.0,0.0,0.0,0.0,25.0,15.0,0.0,0.0,0.0,0.0,0.0,0.0,5.0,5.0,0.0,0.0,10.0,10.0,15.0,15.0,15.0,15.0,0.0,0.0,0.0,0.0,0.0,0.0,20.0,20.0,0.0,0.0,0.0,0.0,0.0,0.0,0.0,10.0,0.0,10.0
199,wave2,dual_balanced,0.0,0.0,0.0,0.0,0.0,0.0,0.0,0.0,0.0,0.0,5.0,5.0,0.0,0.0,0.0,0.0,0.0,0.0,0.0,0.0,0.0,0.0,35.0,35.0,0.0,0.0,0.0,0.0,0.0,0.0,40.0,40.0,10.0,10.0,10.0,10.0,0.0,0.0,0.0,0.0,0.0,0.0,0.0,0.0,0.0,0.0,0.0,0.0,0.0,0.0
908,wave2,dual_opposition,0.0,0.0,6.0,6.0,0.0,0.0,0.0,0.0,0.0,0.0,0.0,0.0,0.0,0.0,0.0,0.0,0.0,0.0,0.0,0.0,0.0,0.0,0.0,0.0,0.0,0.0,0.0,0.0,19.0,10.0,0.0,9.0,0.0,0.0,0.0,0.0,0.0,0.0,10.0,10.0,0.0,0.0,5.0,5.0,0.0,0.0,20.0,25.0,40.0,35.0
2247,wave2,dual_nonbiased,0.0,15.0,0.0,0.0,0.0,0.0,0.0,15.0,0.0,0.0,25.0,30.0,0.0,15.0,0.0,0.0,0.0,0.0,0.0,0.0,0.0,0.0,0.0,0.0,0.0,0.0,0.0,0.0,25.0,15.0,0.0,0.0,10.0,0.0,0.0,0.0,0.0,0.0,25.0,10.0,15.0,0.0,0.0,0.0,0.0,0.0,0.0,0.0,0.0,0.0
1669,wave2,dual_nonbiased,0.0,0.0,0.0,0.0,10.0,10.0,10.0,10.0,20.0,15.0,10.0,15.0,0.0,0.0,0.0,0.0,0.0,0.0,0.0,0.0,10.0,10.0,0.0,0.0,5.0,5.0,0.0,0.0,0.0,0.0,10.0,10.0,5.0,5.0,5.0,5.0,0.0,0.0,0.0,0.0,0.0,0.0,0.0,0.0,0.0,0.0,10.0,10.0,5.0,5.0
536,wave2,dual_balanced,0.0,0.0,0.0,0.0,5.0,0.0,20.0,10.0,0.0,0.0,30.0,30.0,5.0,5.0,5.0,5.0,5.0,5.0,5.0,5.0,0.0,0.0,5.0,5.0,5.0,5.0,5.0,5.0,5.0,5.0,5.0,10.0,0.0,0.0,0.0,0.0,0.0,0.0,0.0,5.0,0.0,0.0,0.0,0.0,0.0,0.0,0.0,5.0,0.0,0.0
2292,wave2,dual_balanced,15.0,15.0,10.0,10.0,15.0,15.0,5.0,5.0,10.0,10.0,7.0,7.0,6.0,6.0,6.0,6.0,0.0,0.0,0.0,0.0,0.0,0.0,5.0,5.0,5.0,5.0,5.0,5.0,6.0,6.0,5.0,5.0,0.0,0.0,0.0,0.0,0.0,0.0,0.0,0.0,0.0,0.0,0.0,0.0,0.0,0.0,0.0,0.0,0.0,0.0
76,wave2,dual_opposition,5.0,5.0,0.0,0.0,15.0,15.0,5.0,0.0,0.0,0.0,15.0,20.0,10.0,10.0,5.0,5.0,0.0,5.0,0.0,0.0,5.0,5.0,0.0,5.0,0.0,0.0,5.0,5.0,0.0,0.0,20.0,15.0,5.0,5.0,0.0,0.0,5.0,0.0,0.0,0.0,0.0,0.0,0.0,0.0,5.0,5.0,0.0,0.0,0.0,0.0
74,wave2,dual_opposition,25.0,0.0,10.0,0.0,10.0,0.0,10.0,5.0,0.0,0.0,0.0,10.0,0.0,0.0,5.0,0.0,0.0,0.0,0.0,0.0,0.0,0.0,0.0,0.0,15.0,10.0,5.0,0.0,0.0,0.0,10.0,20.0,0.0,15.0,0.0,0.0,0.0,0.0,0.0,10.0,0.0,0.0,0.0,0.0,0.0,0.0,5.0,15.0,5.0,15.0
886,wave2,dual_nonbiased,5.0,5.0,5.0,5.0,10.0,5.0,5.0,5.0,5.0,0.0,20.0,20.0,10.0,10.0,15.0,10.0,15.0,10.0,10.0,10.0,0.0,0.0,0.0,10.0,0.0,10.0,0.0,0.0,0.0,0.0,0.0,0.0,0.0,0.0,0.0,0.0,0.0,0.0,0.0,0.0,0.0,0.0,0.0,0.0,0.0,0.0,0.0,0.0,0.0,0.0
2127,wave2,dual_balanced,5.0,20.0,5.0,15.0,5.0,5.0,10.0,10.0,5.0,0.0,5.0,10.0,0.0,0.0,10.0,0.0,0.0,0.0,0.0,10.0,0.0,0.0,10.0,10.0,10.0,10.0,10.0,10.0,10.0,0.0,5.0,0.0,0.0,0.0,0.0,0.0,0.0,0.0,5.0,0.0,0.0,0.0,0.0,0.0,0.0,0.0,5.0,0.0,0.0,0.0
2353,wave2,dual_nonbiased,5.0,5.0,5.0,5.0,5.0,5.0,5.0,5.0,5.0,5.0,5.0,5.0,5.0,5.0,5.0,5.0,5.0,5.0,5.0,5.0,5.0,5.0,5.0,5.0,5.0,5.0,5.0,5.0,5.0,5.0,5.0,5.0,5.0,5.0,5.0,5.0,0.0,0.0,5.0,5.0,5.0,5.0,0.0,0.0,0.0,0.0,0.0,0.0,0.0,0.0
1361,wave2,dual_opposition,0.0,0.0,0.0,0.0,0.0,0.0,20.0,0.0,20.0,20.0,0.0,0.0,0.0,0.0,0.0,0.0,0.0,0.0,0.0,0.0,0.0,0.0,0.0,0.0,0.0,0.0,0.0,0.0,0.0,0.0,20.0,20.0,0.0,0.0,0.0,0.0,0.0,0.0,0.0,0.0,20.0,25.0,20.0,20.0,0.0,15.0,0.0,0.0,0.0,0.0
1814,wave2,dual_opposition,10.0,10.0,10.0,10.0,5.0,5.0,30.0,15.0,5.0,5.0,5.0,10.0,0.0,10.0,5.0,5.0,0.0,0.0,5.0,5.0,0.0,0.0,0.0,0.0,0.0,0.0,5.0,5.0,0.0,0.0,10.0,10.0,0.0,0.0,0.0,0.0,0.0,0.0,5.0,5.0,0.0,0.0,0.0,0.0,0.0,0.0,5.0,5.0,0.0,0.0
2216,wave2,dual_opposition,20.0,20.0,10.0,10.0,0.0,0.0,10.0,10.0,0.0,0.0,0.0,0.0,0.0,0.0,0.0,0.0,0.0,0.0,0.0,0.0,0.0,0.0,30.0,30.0,0.0,0.0,0.0,0.0,30.0,30.0,0.0,0.0,0.0,0.0,0.0,0.0,0.0,0.0,0.0,0.0,0.0,0.0,0.0,0.0,0.0,0.0,0.0,0.0,0.0,0.0
1521,wave2,dual_opposition,10.0,10.0,0.0,0.0,0.0,0.0,40.0,40.0,0.0,0.0,0.0,0.0,0.0,0.0,30.0,30.0,0.0,0.0,0.0,0.0,0.0,0.0,0.0,0.0,0.0,0.0,0.0,0.0,0.0,0.0,10.0,10.0,0.0,0.0,0.0,0.0,0.0,0.0,0.0,0.0,0.0,0.0,0.0,0.0,0.0,0.0,10.0,10.0,0.0,0.0
1422,wave2,dual_nonbiased,0.0,0.0,20.0,20.0,0.0,0.0,0.0,0.0,0.0,0.0,30.0,30.0,0.0,0.0,10.0,10.0,0.0,0.0,0.0,0.0,10.0,10.0,0.0,0.0,0.0,0.0,0.0,0.0,10.0,10.0,10.0,10.0,0.0,0.0,0.0,0.0,0.0,0.0,0.0,0.0,0.0,0.0,0.0,0.0,0.0,0.0,0.0,10.0,10.0,0.0
2082,wave2,dual_nonbiased,10.0,10.0,10.0,10.0,10.0,10.0,10.0,10.0,10.0,10.0,0.0,0.0,10.0,10.0,10.0,10.0,10.0,10.0,0.0,0.0,10.0,10.0,10.0,10.0,0.0,0.0,0.0,0.0,0.0,0.0,0.0,0.0,0.0,0.0,0.0,0.0,0.0,0.0,0.0,0.0,0.0,0.0,0.0,0.0,0.0,0.0,0.0,0.0,0.0,0.0
1509,wave2,dual_opposition,0.0,0.0,0.0,0.0,0.0,0.0,0.0,0.0,0.0,0.0,20.0,20.0,15.0,15.0,0.0,0.0,0.0,0.0,0.0,0.0,25.0,25.0,10.0,10.0,0.0,0.0,0.0,0.0,0.0,0.0,30.0,30.0,0.0,0.0,0.0,0.0,0.0,0.0,0.0,0.0,0.0,0.0,0.0,0.0,0.0,0.0,0.0,0.0,0.0,0.0
57,wave2,dual_opposition,0.0,0.0,10.0,10.0,0.0,0.0,10.0,10.0,0.0,0.0,40.0,40.0,0.0,0.0,0.0,0.0,0.0,0.0,0.0,0.0,0.0,0.0,10.0,10.0,30.0,20.0,0.0,10.0,0.0,0.0,0.0,0.0,0.0,0.0,0.0,0.0,0.0,0.0,0.0,0.0,0.0,0.0,0.0,0.0,0.0,0.0,0.0,0.0,0.0,0.0
1454,wave2,dual_opposition,0.0,0.0,0.0,0.0,0.0,0.0,20.0,20.0,0.0,0.0,0.0,0.0,0.0,0.0,0.0,0.0,0.0,0.0,0.0,0.0,0.0,0.0,15.0,15.0,10.0,10.0,15.0,15.0,5.0,5.0,5.0,5.0,5.0,5.0,10.0,10.0,0.0,0.0,0.0,0.0,0.0,0.0,0.0,0.0,0.0,0.0,10.0,10.0,5.0,5.0
15,wave2,dual_nonbiased,0.0,0.0,0.0,15.0,0.0,0.0,20.0,5.0,0.0,0.0,15.0,30.0,0.0,0.0,0.0,0.0,0.0,0.0,0.0,0.0,0.0,0.0,0.0,0.0,0.0,0.0,15.0,5.0,10.0,15.0,0.0,0.0,5.0,5.0,0.0,0.0,0.0,0.0,0.0,0.0,0.0,0.0,0.0,0.0,0.0,0.0,20.0,10.0,15.0,15.0
296,wave2,dual_balanced,20.0,20.0,5.0,5.0,5.0,5.0,10.0,10.0,5.0,5.0,0.0,0.0,0.0,0.0,5.0,5.0,0.0,0.0,0.0,0.0,0.0,0.0,24.0,24.0,5.0,5.0,6.0,6.0,5.0,5.0,0.0,0.0,0.0,0.0,5.0,5.0,0.0,0.0,0.0,0.0,0.0,0.0,0.0,0.0,0.0,0.0,5.0,5.0,0.0,0.0
1157,wave2,dual_balanced,0.0,25.0,0.0,0.0,0.0,0.0,0.0,15.0,0.0,0.0,10.0,10.0,10.0,0.0,10.0,0.0,0.0,0.0,0.0,10.0,0.0,0.0,10.0,5.0,10.0,5.0,10.0,10.0,10.0,10.0,0.0,0.0,10.0,0.0,0.0,0.0,0.0,0.0,0.0,0.0,0.0,0.0,10.0,10.0,0.0,0.0,0.0,0.0,10.0,0.0
1265,wave2,dual_opposition,5.0,5.0,5.0,5.0,5.0,0.0,5.0,10.0,5.0,0.0,5.0,20.0,5.0,10.0,5.0,10.0,5.0,0.0,5.0,0.0,5.0,0.0,5.0,0.0,5.0,10.0,5.0,0.0,5.0,10.0,5.0,10.0,0.0,0.0,0.0,0.0,0.0,0.0,5.0,0.0,0.0,0.0,0.0,0.0,5.0,0.0,5.0,10.0,5.0,0.0
66,wave2,dual_balanced,0.0,0.0,0.0,0.0,0.0,0.0,0.0,0.0,0.0,0.0,20.0,5.0,20.0,10.0,0.0,0.0,0.0,0.0,0.0,0.0,10.0,10.0,25.0,20.0,20.0,20.0,0.0,0.0,0.0,0.0,0.0,0.0,0.0,0.0,5.0,5.0,0.0,0.0,0.0,0.0,0.0,0.0,0.0,0.0,0.0,0.0,0.0,20.0,0.0,10.0
1877,wave2,dual_opposition,20.0,10.0,0.0,0.0,20.0,10.0,10.0,10.0,10.0,10.0,30.0,40.0,0.0,5.0,10.0,5.0,0.0,5.0,0.0,0.0,0.0,0.0,0.0,0.0,0.0,0.0,0.0,0.0,0.0,0.0,0.0,0.0,0.0,0.0,0.0,0.0,0.0,0.0,0.0,0.0,0.0,0.0,0.0,0.0,0.0,0.0,0.0,5.0,0.0,0.0
2024,wave2,dual_opposition,0.0,0.0,0.0,5.0,0.0,10.0,15.0,25.0,0.0,0.0,40.0,30.0,10.0,10.0,10.0,10.0,10.0,10.0,0.0,0.0,0.0,0.0,5.0,0.0,0.0,0.0,0.0,0.0,0.0,0.0,5.0,0.0,0.0,0.0,0.0,0.0,0.0,0.0,0.0,0.0,0.0,0.0,0.0,0.0,0.0,0.0,5.0,0.0,0.0,0.0
1038,wave2,dual_nonbiased,0.0,5.0,0.0,5.0,0.0,0.0,5.0,5.0,0.0,0.0,40.0,30.0,5.0,5.0,5.0,5.0,5.0,5.0,5.0,5.0,5.0,5.0,5.0,5.0,5.0,5.0,5.0,5.0,5.0,5.0,5.0,5.0,0.0,0.0,0.0,0.0,0.0,0.0,5.0,5.0,0.0,0.0,0.0,0.0,0.0,0.0,0.0,0.0,0.0,0.0
1324,wave2,dual_nonbiased,10.0,10.0,0.0,0.0,0.0,0.0,10.0,10.0,0.0,0.0,40.0,40.0,0.0,10.0,20.0,10.0,0.0,0.0,0.0,0.0,0.0,0.0,5.0,5.0,5.0,5.0,5.0,5.0,5.0,5.0,0.0,0.0,0.0,0.0,0.0,0.0,0.0,0.0,0.0,0.0,0.0,0.0,0.0,0.0,0.0,0.0,0.0,0.0,0.0,0.0
1596,wave2,dual_balanced,0.0,20.0,0.0,15.0,0.0,0.0,20.0,15.0,0.0,0.0,20.0,20.0,0.0,0.0,20.0,0.0,0.0,0.0,0.0,10.0,0.0,10.0,0.0,0.0,0.0,0.0,20.0,0.0,20.0,10.0,0.0,0.0,0.0,0.0,0.0,0.0,0.0,0.0,0.0,0.0,0.0,0.0,0.0,0.0,0.0,0.0,0.0,0.0,0.0,0.0
2210,wave2,dual_nonbiased,5.0,5.0,0.0,0.0,0.0,0.0,0.0,10.0,0.0,0.0,10.0,15.0,0.0,0.0,0.0,0.0,10.0,10.0,15.0,15.0,0.0,0.0,10.0,10.0,10.0,10.0,20.0,10.0,20.0,15.0,0.0,0.0,0.0,0.0,0.0,0.0,0.0,0.0,0.0,0.0,0.0,0.0,0.0,0.0,0.0,0.0,0.0,0.0,0.0,0.0
429,wave2,dual_balanced,5.0,15.0,5.0,15.0,10.0,10.0,0.0,0.0,0.0,0.0,5.0,0.0,0.0,0.0,15.0,0.0,0.0,0.0,0.0,0.0,10.0,0.0,0.0,0.0,0.0,0.0,0.0,5.0,10.0,5.0,30.0,25.0,0.0,0.0,0.0,0.0,0.0,15.0,0.0,0.0,0.0,0.0,5.0,5.0,5.0,5.0,0.0,0.0,0.0,0.0
1990,wave2,dual_opposition,10.0,10.0,10.0,15.0,0.0,0.0,15.0,10.0,0.0,0.0,0.0,15.0,0.0,10.0,0.0,0.0,0.0,0.0,0.0,0.0,0.0,0.0,35.0,15.0,0.0,0.0,5.0,10.0,0.0,0.0,15.0,10.0,0.0,0.0,10.0,5.0,0.0,0.0,0.0,0.0,0.0,0.0,0.0,0.0,0.0,0.0,0.0,0.0,0.0,0.0
1794,wave2,dual_balanced,5.0,5.0,0.0,0.0,0.0,0.0,0.0,0.0,5.0,5.0,0.0,0.0,5.0,5.0,5.0,5.0,0.0,0.0,5.0,5.0,5.0,5.0,5.0,5.0,0.0,0.0,5.0,5.0,0.0,0.0,15.0,15.0,5.0,5.0,0.0,0.0,0.0,0.0,10.0,10.0,5.0,5.0,0.0,0.0,10.0,10.0,10.0,10.0,5.0,5.0
832,wave2,dual_nonbiased,10.0,40.0,0.0,0.0,0.0,0.0,20.0,20.0,0.0,0.0,0.0,0.0,0.0,10.0,0.0,10.0,0.0,0.0,0.0,0.0,0.0,0.0,10.0,0.0,0.0,0.0,0.0,0.0,10.0,10.0,0.0,0.0,0.0,0.0,0.0,0.0,0.0,0.0,0.0,0.0,10.0,0.0,0.0,0.0,0.0,0.0,40.0,10.0,0.0,0.0
34,wave2,dual_nonbiased,10.0,10.0,0.0,0.0,0.0,0.0,10.0,10.0,0.0,0.0,20.0,15.0,0.0,10.0,10.0,10.0,0.0,0.0,10.0,10.0,10.0,0.0,10.0,10.0,10.0,10.0,10.0,5.0,0.0,0.0,0.0,10.0,0.0,0.0,0.0,0.0,0.0,0.0,0.0,0.0,0.0,0.0,0.0,0.0,0.0,0.0,0.0,0.0,0.0,0.0
1333,wave2,dual_nonbiased,0.0,0.0,0.0,0.0,0.0,0.0,0.0,0.0,0.0,0.0,0.0,20.0,10.0,10.0,0.0,0.0,15.0,15.0,10.0,10.0,0.0,0.0,15.0,10.0,0.0,0.0,15.0,10.0,0.0,0.0,0.0,0.0,15.0,10.0,5.0,5.0,0.0,0.0,0.0,0.0,5.0,0.0,0.0,0.0,5.0,5.0,5.0,5.0,0.0,0.0
777,wave2,dual_opposition,0.0,0.0,0.0,5.0,5.0,5.0,5.0,5.0,20.0,15.0,30.0,30.0,5.0,5.0,10.0,10.0,10.0,10.0,5.0,5.0,0.0,0.0,5.0,5.0,5.0,5.0,0.0,0.0,0.0,0.0,0.0,0.0,0.0,0.0,0.0,0.0,0.0,0.0,0.0,0.0,0.0,0.0,0.0,0.0,0.0,0.0,0.0,0.0,0.0,0.0
61,wave2,dual_balanced,10.0,10.0,0.0,5.0,0.0,0.0,0.0,0.0,0.0,0.0,0.0,25.0,10.0,10.0,10.0,10.0,0.0,0.0,0.0,0.0,10.0,10.0,0.0,0.0,0.0,0.0,40.0,10.0,0.0,10.0,0.0,0.0,0.0,0.0,20.0,10.0,0.0,0.0,0.0,0.0,0.0,0.0,0.0,0.0,0.0,0.0,0.0,0.0,0.0,0.0
1288,wave2,dual_opposition,0.0,0.0,5.0,15.0,0.0,0.0,0.0,0.0,25.0,10.0,25.0,35.0,25.0,10.0,0.0,10.0,10.0,10.0,0.0,10.0,0.0,0.0,0.0,0.0,0.0,0.0,0.0,0.0,0.0,0.0,10.0,0.0,0.0,0.0,0.0,0.0,0.0,0.0,0.0,0.0,0.0,0.0,0.0,0.0,0.0,0.0,0.0,0.0,0.0,0.0
1661,wave2,dual_nonbiased,0.0,0.0,0.0,0.0,0.0,0.0,20.0,20.0,0.0,0.0,0.0,0.0,0.0,0.0,0.0,0.0,0.0,0.0,0.0,0.0,0.0,0.0,0.0,0.0,0.0,0.0,10.0,10.0,0.0,0.0,20.0,20.0,10.0,10.0,0.0,0.0,0.0,0.0,0.0,0.0,0.0,0.0,0.0,0.0,0.0,0.0,20.0,20.0,20.0,20.0
658,wave2,dual_opposition,10.0,25.0,10.0,20.0,10.0,20.0,10.0,20.0,10.0,0.0,9.0,0.0,9.0,0.0,8.0,0.0,8.0,0.0,8.0,15.0,8.0,0.0,0.0,0.0,0.0,0.0,0.0,0.0,0.0,0.0,0.0,0.0,0.0,0.0,0.0,0.0,0.0,0.0,0.0,0.0,0.0,0.0,0.0,0.0,0.0,0.0,0.0,0.0,0.0,0.0
336,wave2,dual_nonbiased,5.0,5.0,5.0,5.0,5.0,5.0,40.0,40.0,10.0,10.0,0.0,0.0,5.0,5.0,0.0,0.0,0.0,0.0,0.0,0.0,0.0,0.0,0.0,0.0,0.0,0.0,0.0,0.0,0.0,0.0,0.0,0.0,0.0,0.0,0.0,0.0,0.0,0.0,0.0,0.0,0.0,0.0,0.0,0.0,0.0,0.0,30.0,30.0,0.0,0.0
72,wave2,dual_opposition,0.0,0.0,0.0,0.0,0.0,0.0,10.0,10.0,0.0,0.0,35.0,35.0,0.0,5.0,5.0,5.0,10.0,10.0,5.0,5.0,10.0,10.0,10.0,10.0,0.0,5.0,0.0,0.0,5.0,5.0,0.0,0.0,0.0,0.0,0.0,0.0,0.0,0.0,5.0,0.0,0.0,0.0,5.0,0.0,0.0,0.0,0.0,0.0,0.0,0.0
1377,wave2,dual_nonbiased,5.0,5.0,5.0,5.0,0.0,0.0,5.0,5.0,0.0,0.0,15.0,20.0,10.0,10.0,10.0,10.0,0.0,0.0,0.0,5.0,0.0,0.0,0.0,0.0,5.0,5.0,10.0,10.0,20.0,15.0,10.0,5.0,0.0,0.0,0.0,0.0,0.0,0.0,5.0,5.0,0.0,0.0,0.0,0.0,0.0,0.0,0.0,0.0,0.0,0.0
209,wave2,dual_balanced,0.0,0.0,0.0,0.0,0.0,0.0,0.0,0.0,0.0,0.0,0.0,0.0,0.0,0.0,10.0,5.0,0.0,0.0,0.0,0.0,15.0,5.0,0.0,0.0,0.0,0.0,10.0,10.0,25.0,5.0,0.0,20.0,10.0,10.0,0.0,0.0,0.0,15.0,0.0,0.0,0.0,0.0,7.5,7.5,15.0,15.0,7.5,7.5,0.0,0.0
905,wave2,dual_balanced,0.0,0.0,0.0,0.0,0.0,0.0,20.0,20.0,0.0,0.0,10.0,10.0,0.0,0.0,0.0,0.0,0.0,0.0,0.0,0.0,0.0,0.0,20.0,20.0,0.0,0.0,10.0,10.0,10.0,10.0,10.0,10.0,10.0,10.0,0.0,0.0,0.0,0.0,0.0,0.0,0.0,0.0,0.0,0.0,0.0,0.0,5.0,5.0,5.0,5.0
969,wave2,dual_nonbiased,30.0,30.0,10.0,10.0,10.0,10.0,20.0,20.0,20.0,20.0,10.0,10.0,0.0,0.0,0.0,0.0,0.0,0.0,0.0,0.0,0.0,0.0,0.0,0.0,0.0,0.0,0.0,0.0,0.0,0.0,0.0,0.0,0.0,0.0,0.0,0.0,0.0,0.0,0.0,0.0,0.0,0.0,0.0,0.0,0.0,0.0,0.0,0.0,0.0,0.0
1194,wave2,dual_balanced,7.0,15.0,10.0,15.0,10.0,10.0,12.0,7.0,5.0,0.0,5.0,15.0,5.0,7.0,0.0,0.0,0.0,0.0,5.0,6.0,5.0,5.0,5.0,5.0,0.0,5.0,5.0,0.0,6.0,0.0,5.0,5.0,5.0,0.0,0.0,0.0,0.0,0.0,0.0,0.0,0.0,0.0,0.0,0.0,5.0,0.0,0.0,5.0,5.0,0.0
2152,wave2,dual_opposition,0.0,0.0,20.0,20.0,0.0,10.0,0.0,5.0,5.0,5.0,5.0,30.0,0.0,0.0,5.0,0.0,0.0,0.0,0.0,0.0,10.0,0.0,5.0,10.0,5.0,10.0,5.0,0.0,0.0,0.0,5.0,0.0,0.0,0.0,0.0,0.0,0.0,0.0,0.0,0.0,0.0,0.0,5.0,0.0,0.0,0.0,15.0,5.0,15.0,5.0
387,wave2,dual_opposition,0.0,0.0,25.0,0.0,0.0,0.0,0.0,0.0,0.0,0.0,0.0,0.0,0.0,0.0,15.0,0.0,0.0,0.0,0.0,0.0,0.0,0.0,5.0,5.0,0.0,0.0,0.0,0.0,5.0,20.0,30.0,30.0,0.0,20.0,0.0,0.0,0.0,0.0,5.0,5.0,0.0,0.0,0.0,0.0,0.0,0.0,15.0,20.0,0.0,0.0
82,wave2,dual_nonbiased,5.0,5.0,5.0,5.0,0.0,0.0,10.0,10.0,40.0,40.0,40.0,40.0,0.0,0.0,0.0,0.0,0.0,0.0,0.0,0.0,0.0,0.0,0.0,0.0,0.0,0.0,0.0,0.0,0.0,0.0,0.0,0.0,0.0,0.0,0.0,0.0,0.0,0.0,0.0,0.0,0.0,0.0,0.0,0.0,0.0,0.0,0.0,0.0,0.0,0.0
192,wave2,dual_opposition,40.0,40.0,20.0,20.0,10.0,10.0,20.0,20.0,0.0,0.0,0.0,0.0,0.0,0.0,0.0,0.0,0.0,0.0,0.0,0.0,0.0,0.0,0.0,0.0,0.0,0.0,10.0,10.0,0.0,0.0,0.0,0.0,0.0,0.0,0.0,0.0,0.0,0.0,0.0,0.0,0.0,0.0,0.0,0.0,0.0,0.0,0.0,0.0,0.0,0.0
1875,wave2,dual_nonbiased,0.0,15.0,0.0,0.0,0.0,0.0,10.0,10.0,0.0,0.0,30.0,15.0,0.0,0.0,20.0,20.0,0.0,0.0,0.0,0.0,0.0,0.0,20.0,20.0,20.0,20.0,0.0,0.0,0.0,0.0,0.0,0.0,0.0,0.0,0.0,0.0,0.0,0.0,0.0,0.0,0.0,0.0,0.0,0.0,0.0,0.0,0.0,0.0,0.0,0.0
2163,wave2,dual_nonbiased,0.0,0.0,20.0,20.0,0.0,0.0,10.0,10.0,0.0,0.0,10.0,25.0,0.0,0.0,25.0,10.0,0.0,0.0,0.0,0.0,0.0,0.0,0.0,5.0,0.0,0.0,0.0,0.0,20.0,15.0,5.0,10.0,0.0,0.0,0.0,0.0,0.0,0.0,10.0,5.0,0.0,0.0,0.0,0.0,0.0,0.0,0.0,0.0,0.0,0.0
1418,wave2,dual_nonbiased,40.0,40.0,0.0,0.0,0.0,10.0,0.0,0.0,0.0,0.0,19.0,19.0,0.0,0.0,0.0,0.0,0.0,5.0,0.0,0.0,0.0,0.0,5.0,5.0,5.0,5.0,5.0,5.0,5.0,5.0,0.0,0.0,0.0,0.0,5.0,0.0,0.0,0.0,0.0,0.0,0.0,0.0,0.0,0.0,0.0,0.0,10.0,0.0,6.0,6.0
706,wave2,dual_balanced,40.0,35.0,15.0,15.0,10.0,10.0,5.0,10.0,25.0,0.0,5.0,10.0,0.0,0.0,0.0,0.0,0.0,0.0,0.0,10.0,0.0,10.0,0.0,0.0,0.0,0.0,0.0,0.0,0.0,0.0,0.0,0.0,0.0,0.0,0.0,0.0,0.0,0.0,0.0,0.0,0.0,0.0,0.0,0.0,0.0,0.0,0.0,0.0,0.0,0.0
291,wave2,dual_nonbiased,0.0,0.0,0.0,0.0,0.0,0.0,0.0,10.0,0.0,0.0,40.0,40.0,0.0,0.0,10.0,10.0,0.0,0.0,10.0,10.0,0.0,0.0,0.0,0.0,10.0,5.0,10.0,10.0,5.0,5.0,5.0,5.0,0.0,0.0,0.0,0.0,0.0,0.0,5.0,0.0,0.0,0.0,0.0,0.0,0.0,0.0,5.0,5.0,0.0,0.0
2221,wave2,dual_balanced,10.0,10.0,0.0,0.0,20.0,15.0,10.0,10.0,0.0,0.0,0.0,25.0,0.0,10.0,0.0,0.0,0.0,0.0,0.0,0.0,0.0,0.0,10.0,10.0,10.0,10.0,10.0,5.0,10.0,0.0,10.0,5.0,10.0,0.0,0.0,0.0,0.0,0.0,0.0,0.0,0.0,0.0,0.0,0.0,0.0,0.0,0.0,0.0,0.0,0.0
2013,wave2,dual_balanced,10.0,40.0,5.0,20.0,0.0,10.0,5.0,10.0,0.0,0.0,15.0,0.0,5.0,0.0,5.0,0.0,0.0,0.0,5.0,10.0,0.0,10.0,0.0,0.0,15.0,0.0,0.0,0.0,0.0,0.0,10.0,0.0,0.0,0.0,0.0,0.0,5.0,0.0,10.0,0.0,0.0,0.0,0.0,0.0,0.0,0.0,10.0,0.0,0.0,0.0
11,wave2,dual_balanced,10.0,10.0,0.0,10.0,0.0,20.0,40.0,20.0,0.0,0.0,0.0,0.0,0.0,0.0,25.0,15.0,0.0,0.0,0.0,0.0,0.0,0.0,0.0,0.0,10.0,10.0,15.0,15.0,0.0,0.0,0.0,0.0,0.0,0.0,0.0,0.0,0.0,0.0,0.0,0.0,0.0,0.0,0.0,0.0,0.0,0.0,0.0,0.0,0.0,0.0
1027,wave2,dual_balanced,0.0,0.0,0.0,0.0,0.0,0.0,5.0,5.0,5.0,5.0,20.0,20.0,10.0,10.0,10.0,10.0,10.0,10.0,0.0,0.0,0.0,0.0,5.0,5.0,5.0,5.0,5.0,5.0,10.0,10.0,10.0,10.0,0.0,0.0,0.0,0.0,0.0,0.0,5.0,5.0,0.0,0.0,0.0,0.0,0.0,0.0,0.0,0.0,0.0,0.0
577,wave2,dual_opposition,10.0,5.0,5.0,0.0,10.0,5.0,10.0,5.0,10.0,10.0,20.0,15.0,0.0,0.0,0.0,0.0,0.0,0.0,10.0,10.0,0.0,0.0,0.0,0.0,0.0,0.0,0.0,0.0,0.0,0.0,10.0,15.0,0.0,0.0,0.0,5.0,0.0,0.0,0.0,0.0,5.0,5.0,0.0,0.0,0.0,0.0,10.0,15.0,0.0,10.0
1657,wave2,dual_nonbiased,0.0,15.0,0.0,0.0,0.0,0.0,0.0,5.0,5.0,5.0,20.0,10.0,0.0,5.0,0.0,0.0,0.0,0.0,0.0,10.0,0.0,0.0,0.0,0.0,15.0,10.0,15.0,10.0,15.0,10.0,10.0,10.0,0.0,0.0,5.0,5.0,0.0,0.0,0.0,0.0,5.0,5.0,0.0,0.0,5.0,0.0,5.0,0.0,0.0,0.0
2269,wave2,dual_opposition,10.0,10.0,10.0,10.0,10.0,10.0,10.0,10.0,10.0,10.0,10.0,10.0,10.0,10.0,10.0,10.0,10.0,10.0,5.0,5.0,5.0,5.0,0.0,0.0,0.0,0.0,0.0,0.0,0.0,0.0,0.0,0.0,0.0,0.0,0.0,0.0,0.0,0.0,0.0,0.0,0.0,0.0,0.0,0.0,0.0,0.0,0.0,0.0,0.0,0.0
303,wave2,dual_nonbiased,0.0,0.0,0.0,0.0,0.0,0.0,0.0,0.0,0.0,0.0,0.0,0.0,0.0,0.0,0.0,0.0,0.0,0.0,0.0,0.0,0.0,0.0,0.0,0.0,0.0,0.0,0.0,0.0,0.0,0.0,10.0,10.0,0.0,0.0,5.0,5.0,5.0,5.0,40.0,40.0,0.0,0.0,0.0,0.0,0.0,0.0,40.0,40.0,0.0,0.0
2021,wave2,dual_balanced,10.0,20.0,5.0,15.0,5.0,10.0,5.0,0.0,0.0,0.0,5.0,0.0,0.0,0.0,10.0,0.0,5.0,0.0,0.0,10.0,5.0,10.0,10.0,10.0,0.0,0.0,10.0,10.0,0.0,0.0,15.0,10.0,0.0,0.0,5.0,5.0,0.0,0.0,5.0,0.0,5.0,0.0,0.0,0.0,0.0,0.0,0.0,0.0,0.0,0.0
1518,wave2,dual_opposition,0.0,0.0,0.0,0.0,10.0,10.0,0.0,0.0,10.0,0.0,0.0,0.0,0.0,0.0,35.0,25.0,0.0,0.0,5.0,0.0,10.0,0.0,0.0,0.0,0.0,0.0,15.0,15.0,15.0,15.0,0.0,15.0,0.0,0.0,0.0,0.0,0.0,0.0,0.0,0.0,0.0,0.0,0.0,10.0,0.0,10.0,0.0,0.0,0.0,0.0
667,wave2,dual_nonbiased,10.0,0.0,10.0,15.0,5.0,0.0,15.0,10.0,5.0,5.0,5.0,20.0,10.0,10.0,10.0,10.0,10.0,10.0,5.0,5.0,5.0,5.0,5.0,5.0,5.0,5.0,0.0,0.0,0.0,0.0,0.0,0.0,0.0,0.0,0.0,0.0,0.0,0.0,0.0,0.0,0.0,0.0,0.0,0.0,0.0,0.0,0.0,0.0,0.0,0.0
2111,wave2,dual_nonbiased,0.0,10.0,0.0,0.0,0.0,0.0,20.0,10.0,0.0,0.0,0.0,30.0,0.0,0.0,0.0,0.0,0.0,0.0,0.0,0.0,0.0,0.0,0.0,0.0,0.0,0.0,10.0,10.0,10.0,10.0,20.0,15.0,40.0,15.0,0.0,0.0,0.0,0.0,0.0,0.0,0.0,0.0,0.0,0.0,0.0,0.0,0.0,0.0,0.0,0.0
758,wave2,dual_nonbiased,0.0,0.0,0.0,0.0,0.0,0.0,0.0,0.0,0.0,0.0,0.0,25.0,0.0,0.0,5.0,5.0,0.0,0.0,0.0,0.0,0.0,0.0,10.0,10.0,10.0,10.0,0.0,0.0,30.0,20.0,40.0,25.0,0.0,0.0,0.0,0.0,0.0,0.0,0.0,0.0,0.0,0.0,0.0,0.0,0.0,0.0,5.0,5.0,0.0,0.0
1474,wave2,dual_nonbiased,10.0,10.0,0.0,0.0,0.0,0.0,0.0,10.0,0.0,0.0,40.0,30.0,0.0,15.0,20.0,15.0,0.0,0.0,0.0,0.0,0.0,0.0,0.0,0.0,0.0,0.0,0.0,0.0,0.0,0.0,20.0,15.0,0.0,0.0,0.0,0.0,0.0,0.0,10.0,5.0,0.0,0.0,0.0,0.0,0.0,0.0,0.0,0.0,0.0,0.0
753,wave2,dual_nonbiased,0.0,0.0,30.0,15.0,0.0,0.0,0.0,10.0,30.0,10.0,20.0,25.0,0.0,10.0,0.0,10.0,0.0,0.0,0.0,0.0,10.0,0.0,10.0,10.0,0.0,0.0,0.0,0.0,0.0,0.0,0.0,10.0,0.0,0.0,0.0,0.0,0.0,0.0,0.0,0.0,0.0,0.0,0.0,0.0,0.0,0.0,0.0,0.0,0.0,0.0
580,wave2,dual_opposition,5.0,15.0,5.0,17.0,0.0,0.0,5.0,7.0,0.0,0.0,0.0,0.0,5.0,0.0,7.0,10.0,8.0,10.0,7.0,10.0,5.0,8.0,7.0,0.0,12.0,5.0,5.0,0.0,11.0,5.0,5.0,0.0,0.0,0.0,0.0,0.0,0.0,0.0,5.0,5.0,0.0,0.0,0.0,0.0,0.0,0.0,8.0,8.0,0.0,0.0
2371,wave2,dual_balanced,25.0,30.0,5.0,10.0,0.0,0.0,0.0,0.0,15.0,0.0,0.0,0.0,0.0,0.0,0.0,0.0,0.0,0.0,0.0,0.0,0.0,0.0,5.0,5.0,0.0,0.0,10.0,10.0,0.0,0.0,15.0,15.0,0.0,0.0,0.0,0.0,0.0,0.0,10.0,10.0,0.0,0.0,0.0,0.0,5.0,5.0,10.0,15.0,0.0,0.0
858,wave2,dual_nonbiased,0.0,0.0,0.0,10.0,0.0,0.0,10.0,10.0,5.0,0.0,25.0,20.0,5.0,10.0,10.0,10.0,5.0,5.0,0.0,0.0,0.0,0.0,5.0,5.0,5.0,5.0,5.0,5.0,10.0,5.0,10.0,10.0,0.0,0.0,0.0,0.0,0.0,0.0,5.0,5.0,0.0,0.0,0.0,0.0,0.0,0.0,0.0,0.0,0.0,0.0
1879,wave2,dual_opposition,10.0,15.0,0.0,10.0,0.0,0.0,0.0,0.0,0.0,0.0,20.0,20.0,0.0,10.0,40.0,10.0,10.0,10.0,0.0,10.0,10.0,0.0,0.0,0.0,0.0,0.0,0.0,0.0,0.0,0.0,0.0,0.0,0.0,0.0,0.0,0.0,0.0,0.0,0.0,0.0,0.0,0.0,10.0,10.0,0.0,5.0,0.0,0.0,0.0,0.0
230,wave2,dual_balanced,0.0,0.0,10.0,10.0,0.0,0.0,0.0,0.0,0.0,0.0,0.0,20.0,0.0,0.0,0.0,10.0,0.0,0.0,0.0,0.0,0.0,0.0,25.0,15.0,0.0,0.0,10.0,10.0,0.0,0.0,25.0,10.0,20.0,20.0,0.0,0.0,0.0,0.0,0.0,0.0,0.0,0.0,5.0,0.0,0.0,0.0,5.0,5.0,0.0,0.0
1760,wave2,dual_balanced,0.0,0.0,0.0,0.0,0.0,0.0,0.0,0.0,0.0,0.0,0.0,0.0,0.0,0.0,0.0,0.0,0.0,0.0,0.0,0.0,0.0,0.0,10.0,0.0,10.0,0.0,20.0,0.0,0.0,0.0,30.0,25.0,0.0,10.0,20.0,0.0,0.0,0.0,0.0,10.0,10.0,0.0,0.0,0.0,0.0,10.0,0.0,30.0,0.0,15.0
691,wave2,dual_opposition,5.0,10.0,5.0,10.0,0.0,0.0,0.0,5.0,0.0,0.0,5.0,15.0,5.0,10.0,5.0,5.0,5.0,5.0,0.0,0.0,10.0,10.0,0.0,0.0,15.0,10.0,10.0,5.0,10.0,10.0,10.0,5.0,0.0,0.0,5.0,0.0,0.0,0.0,0.0,0.0,0.0,0.0,5.0,0.0,5.0,0.0,0.0,0.0,0.0,0.0
2250,wave2,dual_opposition,0.0,20.0,0.0,0.0,0.0,0.0,10.0,10.0,15.0,5.0,0.0,15.0,0.0,0.0,10.0,10.0,0.0,0.0,0.0,10.0,0.0,0.0,15.0,5.0,0.0,0.0,10.0,5.0,0.0,0.0,0.0,0.0,10.0,5.0,5.0,5.0,0.0,0.0,0.0,0.0,0.0,0.0,0.0,0.0,20.0,5.0,5.0,5.0,0.0,0.0
1595,wave2,dual_balanced,10.0,10.0,10.0,10.0,10.0,10.0,10.0,10.0,10.0,10.0,10.0,10.0,10.0,10.0,10.0,10.0,10.0,10.0,0.0,0.0,0.0,0.0,5.0,5.0,0.0,0.0,5.0,5.0,0.0,0.0,0.0,0.0,0.0,0.0,0.0,0.0,0.0,0.0,0.0,0.0,0.0,0.0,0.0,0.0,0.0,0.0,0.0,0.0,0.0,0.0
1395,wave2,dual_balanced,30.0,30.0,0.0,0.0,10.0,10.0,0.0,0.0,0.0,0.0,10.0,10.0,0.0,0.0,0.0,0.0,10.0,10.0,0.0,0.0,0.0,0.0,20.0,20.0,0.0,0.0,0.0,0.0,0.0,0.0,0.0,0.0,0.0,0.0,0.0,0.0,0.0,0.0,0.0,0.0,0.0,0.0,10.0,10.0,0.0,0.0,0.0,0.0,10.0,10.0
200,wave2,dual_opposition,5.0,5.0,5.0,5.0,5.0,5.0,5.0,5.0,5.0,5.0,5.0,5.0,0.0,0.0,5.0,5.0,15.0,15.0,15.0,15.0,5.0,5.0,5.0,5.0,5.0,5.0,0.0,0.0,0.0,0.0,10.0,10.0,0.0,0.0,0.0,0.0,0.0,0.0,10.0,10.0,0.0,0.0,0.0,0.0,0.0,0.0,0.0,0.0,0.0,0.0
1044,wave2,dual_opposition,0.0,0.0,0.0,0.0,0.0,0.0,0.0,0.0,20.0,20.0,0.0,0.0,0.0,0.0,0.0,0.0,0.0,0.0,0.0,0.0,0.0,0.0,20.0,20.0,10.0,10.0,10.0,10.0,0.0,0.0,10.0,10.0,10.0,10.0,0.0,0.0,0.0,0.0,0.0,0.0,10.0,10.0,0.0,0.0,0.0,0.0,10.0,10.0,0.0,0.0
1053,wave2,dual_balanced,0.0,5.0,0.0,0.0,0.0,0.0,40.0,20.0,0.0,0.0,0.0,20.0,0.0,0.0,15.0,15.0,0.0,0.0,0.0,0.0,15.0,15.0,0.0,0.0,0.0,0.0,15.0,15.0,0.0,0.0,0.0,0.0,0.0,0.0,0.0,0.0,0.0,0.0,0.0,0.0,10.0,5.0,0.0,0.0,0.0,0.0,5.0,5.0,0.0,0.0
1037,wave2,dual_nonbiased,0.0,0.0,0.0,0.0,0.0,0.0,0.0,0.0,0.0,0.0,0.0,0.0,0.0,0.0,0.0,0.0,0.0,0.0,0.0,0.0,0.0,0.0,0.0,0.0,20.0,0.0,0.0,0.0,0.0,0.0,0.0,20.0,20.0,20.0,0.0,0.0,0.0,0.0,0.0,0.0,20.0,20.0,10.0,10.0,15.0,15.0,15.0,15.0,0.0,0.0
872,wave2,dual_opposition,0.0,0.0,0.0,0.0,0.0,0.0,0.0,0.0,0.0,0.0,40.0,40.0,0.0,0.0,0.0,0.0,0.0,0.0,0.0,0.0,10.0,15.0,10.0,5.0,0.0,0.0,0.0,0.0,10.0,10.0,10.0,10.0,10.0,10.0,0.0,0.0,0.0,0.0,0.0,0.0,0.0,0.0,0.0,0.0,0.0,0.0,10.0,10.0,0.0,0.0
1859,wave2,dual_nonbiased,0.0,15.0,0.0,0.0,0.0,0.0,0.0,0.0,0.0,0.0,0.0,30.0,0.0,0.0,15.0,10.0,0.0,0.0,0.0,0.0,0.0,0.0,10.0,10.0,0.0,0.0,20.0,10.0,0.0,0.0,15.0,10.0,10.0,5.0,0.0,0.0,0.0,0.0,0.0,0.0,0.0,0.0,20.0,5.0,0.0,0.0,10.0,5.0,0.0,0.0
1246,wave2,dual_balanced,0.0,0.0,0.0,0.0,0.0,0.0,10.0,10.0,0.0,0.0,20.0,20.0,0.0,10.0,10.0,10.0,0.0,0.0,0.0,0.0,0.0,0.0,0.0,0.0,0.0,0.0,0.0,0.0,0.0,0.0,40.0,30.0,0.0,0.0,0.0,0.0,0.0,0.0,20.0,20.0,0.0,0.0,0.0,0.0,0.0,0.0,0.0,0.0,0.0,0.0
2029,wave2,dual_balanced,0.0,20.0,5.0,5.0,0.0,5.0,10.0,10.0,25.0,0.0,0.0,20.0,5.0,5.0,5.0,5.0,0.0,0.0,0.0,0.0,0.0,0.0,10.0,10.0,15.0,5.0,5.0,5.0,0.0,0.0,10.0,10.0,0.0,0.0,0.0,0.0,0.0,0.0,0.0,0.0,0.0,0.0,0.0,0.0,0.0,0.0,10.0,0.0,0.0,0.0
1798,wave2,dual_balanced,40.0,0.0,40.0,0.0,10.0,0.0,5.0,0.0,5.0,0.0,0.0,0.0,0.0,0.0,0.0,0.0,0.0,0.0,0.0,0.0,0.0,0.0,0.0,5.0,0.0,5.0,0.0,5.0,0.0,0.0,0.0,10.0,0.0,10.0,0.0,10.0,0.0,5.0,0.0,10.0,0.0,10.0,0.0,10.0,0.0,10.0,0.0,5.0,0.0,5.0
173,wave2,dual_opposition,0.0,5.0,5.0,5.0,0.0,0.0,0.0,5.0,0.0,0.0,20.0,20.0,5.0,10.0,5.0,5.0,5.0,5.0,5.0,5.0,5.0,0.0,5.0,5.0,5.0,5.0,5.0,5.0,10.0,5.0,10.0,5.0,5.0,5.0,0.0,0.0,5.0,5.0,5.0,5.0,0.0,0.0,0.0,0.0,0.0,0.0,0.0,0.0,0.0,0.0
2240,wave2,dual_nonbiased,0.0,5.0,0.0,0.0,0.0,0.0,0.0,15.0,25.0,5.0,0.0,0.0,0.0,0.0,25.0,5.0,25.0,5.0,0.0,0.0,0.0,0.0,10.0,10.0,0.0,10.0,0.0,10.0,0.0,0.0,15.0,15.0,0.0,10.0,0.0,10.0,0.0,0.0,0.0,0.0,0.0,0.0,0.0,0.0,0.0,0.0,0.0,0.0,0.0,0.0
414,wave2,dual_opposition,0.0,0.0,0.0,0.0,0.0,0.0,30.0,25.0,0.0,0.0,0.0,0.0,0.0,0.0,20.0,20.0,0.0,0.0,15.0,20.0,15.0,15.0,0.0,0.0,0.0,0.0,5.0,5.0,5.0,5.0,0.0,0.0,0.0,0.0,5.0,5.0,0.0,0.0,0.0,0.0,0.0,0.0,0.0,0.0,0.0,0.0,0.0,0.0,5.0,5.0
1765,wave2,dual_balanced,20.0,20.0,0.0,5.0,10.0,10.0,15.0,15.0,0.0,0.0,0.0,0.0,0.0,0.0,10.0,10.0,0.0,0.0,0.0,0.0,0.0,0.0,10.0,5.0,5.0,5.0,0.0,5.0,5.0,5.0,10.0,5.0,5.0,5.0,0.0,0.0,0.0,0.0,0.0,0.0,0.0,0.0,0.0,0.0,0.0,0.0,5.0,5.0,5.0,5.0
242,wave2,dual_opposition,0.0,0.0,10.0,10.0,0.0,0.0,20.0,20.0,0.0,0.0,30.0,30.0,0.0,0.0,0.0,0.0,0.0,0.0,0.0,0.0,0.0,0.0,0.0,0.0,0.0,0.0,0.0,0.0,0.0,20.0,0.0,0.0,0.0,0.0,0.0,0.0,0.0,0.0,0.0,0.0,0.0,0.0,0.0,0.0,0.0,0.0,20.0,10.0,20.0,10.0
1560,wave2,dual_balanced,20.0,35.0,0.0,0.0,0.0,0.0,25.0,10.0,0.0,0.0,0.0,0.0,0.0,0.0,0.0,0.0,0.0,0.0,0.0,0.0,30.0,30.0,0.0,0.0,0.0,0.0,5.0,5.0,0.0,0.0,10.0,10.0,0.0,0.0,0.0,0.0,10.0,10.0,0.0,0.0,0.0,0.0,0.0,0.0,0.0,0.0,0.0,0.0,0.0,0.0
1826,wave2,dual_balanced,0.0,0.0,0.0,0.0,10.0,10.0,20.0,15.0,0.0,0.0,40.0,10.0,10.0,10.0,0.0,0.0,0.0,0.0,0.0,0.0,5.0,10.0,5.0,10.0,5.0,10.0,5.0,10.0,0.0,0.0,0.0,15.0,0.0,0.0,0.0,0.0,0.0,0.0,0.0,0.0,0.0,0.0,0.0,0.0,0.0,0.0,0.0,0.0,0.0,0.0
1602,wave2,dual_opposition,5.0,5.0,5.0,0.0,5.0,5.0,5.0,5.0,5.0,5.0,40.0,20.0,0.0,0.0,10.0,10.0,0.0,0.0,0.0,0.0,0.0,0.0,0.0,0.0,0.0,0.0,0.0,0.0,0.0,0.0,10.0,25.0,0.0,0.0,0.0,0.0,0.0,0.0,0.0,0.0,10.0,10.0,0.0,0.0,0.0,0.0,5.0,15.0,0.0,0.0
1580,wave2,dual_nonbiased,0.0,30.0,0.0,0.0,0.0,0.0,0.0,0.0,0.0,0.0,0.0,0.0,0.0,0.0,0.0,0.0,0.0,0.0,0.0,0.0,0.0,0.0,5.0,5.0,5.0,5.0,5.0,0.0,0.0,0.0,16.0,15.0,9.0,10.0,0.0,0.0,0.0,0.0,5.0,5.0,5.0,0.0,0.0,0.0,0.0,0.0,30.0,20.0,20.0,10.0
263,wave2,dual_nonbiased,0.0,0.0,0.0,20.0,0.0,0.0,20.0,10.0,0.0,0.0,0.0,30.0,0.0,0.0,30.0,15.0,0.0,0.0,0.0,0.0,0.0,0.0,0.0,0.0,0.0,0.0,0.0,0.0,0.0,0.0,15.0,15.0,0.0,0.0,0.0,0.0,0.0,0.0,0.0,0.0,0.0,0.0,0.0,0.0,15.0,0.0,20.0,10.0,0.0,0.0
707,wave2,dual_opposition,10.0,20.0,0.0,0.0,10.0,20.0,0.0,0.0,0.0,0.0,30.0,30.0,5.0,5.0,5.0,5.0,5.0,5.0,5.0,5.0,5.0,5.0,0.0,0.0,5.0,5.0,5.0,0.0,0.0,0.0,0.0,0.0,5.0,0.0,0.0,0.0,0.0,0.0,0.0,0.0,0.0,0.0,0.0,0.0,0.0,0.0,5.0,0.0,5.0,0.0
1016,wave2,dual_balanced,0.0,0.0,0.0,0.0,0.0,0.0,5.0,5.0,5.0,5.0,40.0,40.0,5.0,5.0,5.0,5.0,5.0,5.0,0.0,0.0,5.0,5.0,5.0,5.0,0.0,0.0,5.0,5.0,0.0,0.0,15.0,15.0,0.0,0.0,0.0,0.0,0.0,0.0,5.0,5.0,0.0,0.0,0.0,0.0,0.0,0.0,0.0,0.0,0.0,0.0
2046,wave2,dual_opposition,0.0,0.0,0.0,0.0,0.0,0.0,5.0,5.0,0.0,0.0,40.0,40.0,10.0,15.0,0.0,0.0,0.0,0.0,0.0,7.0,0.0,0.0,0.0,0.0,10.0,8.0,0.0,0.0,20.0,15.0,10.0,5.0,0.0,0.0,0.0,0.0,0.0,0.0,0.0,0.0,0.0,0.0,0.0,0.0,0.0,0.0,5.0,5.0,0.0,0.0
237,wave2,dual_balanced,0.0,0.0,0.0,0.0,0.0,0.0,40.0,40.0,0.0,0.0,0.0,0.0,0.0,0.0,0.0,0.0,0.0,0.0,0.0,0.0,0.0,0.0,0.0,0.0,0.0,0.0,10.0,10.0,0.0,0.0,0.0,0.0,10.0,5.0,0.0,0.0,0.0,0.0,0.0,0.0,0.0,5.0,0.0,0.0,0.0,0.0,20.0,25.0,20.0,15.0
2079,wave2,dual_balanced,10.0,10.0,0.0,0.0,0.0,0.0,0.0,0.0,0.0,0.0,0.0,20.0,0.0,0.0,0.0,0.0,0.0,0.0,10.0,10.0,10.0,10.0,15.0,10.0,0.0,0.0,20.0,10.0,10.0,10.0,5.0,5.0,0.0,0.0,0.0,0.0,5.0,5.0,0.0,0.0,10.0,5.0,0.0,0.0,5.0,5.0,0.0,0.0,0.0,0.0
158,wave2,dual_balanced,0.0,0.0,0.0,0.0,0.0,0.0,0.0,0.0,0.0,0.0,0.0,0.0,10.0,10.0,0.0,0.0,5.0,5.0,0.0,0.0,0.0,0.0,30.0,10.0,10.0,10.0,10.0,10.0,15.0,15.0,10.0,10.0,0.0,10.0,5.0,5.0,0.0,0.0,5.0,5.0,0.0,0.0,0.0,0.0,0.0,0.0,0.0,10.0,0.0,0.0
714,wave2,dual_nonbiased,10.0,10.0,10.0,10.0,0.0,0.0,20.0,15.0,0.0,0.0,0.0,15.0,0.0,10.0,0.0,0.0,0.0,0.0,10.0,10.0,0.0,0.0,20.0,15.0,0.0,0.0,0.0,0.0,0.0,0.0,30.0,15.0,0.0,0.0,0.0,0.0,0.0,0.0,0.0,0.0,0.0,0.0,0.0,0.0,0.0,0.0,0.0,0.0,0.0,0.0
1339,wave2,dual_balanced,0.0,0.0,0.0,0.0,0.0,0.0,0.0,0.0,10.0,10.0,10.0,10.0,0.0,0.0,0.0,0.0,0.0,0.0,0.0,0.0,0.0,0.0,20.0,20.0,10.0,10.0,30.0,30.0,0.0,0.0,0.0,0.0,0.0,0.0,0.0,0.0,0.0,0.0,0.0,0.0,20.0,20.0,0.0,0.0,0.0,0.0,0.0,0.0,0.0,0.0
638,wave2,dual_balanced,10.0,10.0,0.0,0.0,10.0,10.0,0.0,0.0,0.0,0.0,20.0,20.0,0.0,0.0,0.0,0.0,0.0,0.0,0.0,0.0,0.0,0.0,10.0,10.0,10.0,10.0,10.0,10.0,5.0,5.0,15.0,15.0,0.0,0.0,0.0,0.0,0.0,0.0,0.0,0.0,0.0,0.0,0.0,0.0,0.0,0.0,5.0,5.0,5.0,5.0
413,wave2,dual_opposition,5.0,5.0,5.0,10.0,5.0,5.0,0.0,10.0,0.0,0.0,20.0,25.0,10.0,10.0,5.0,5.0,5.0,0.0,0.0,0.0,0.0,0.0,10.0,5.0,10.0,5.0,10.0,10.0,0.0,0.0,0.0,0.0,0.0,0.0,0.0,0.0,0.0,0.0,0.0,0.0,0.0,0.0,0.0,0.0,0.0,0.0,15.0,10.0,0.0,0.0
2165,wave2,dual_nonbiased,0.0,0.0,0.0,0.0,0.0,0.0,0.0,0.0,0.0,0.0,30.0,30.0,0.0,0.0,0.0,0.0,0.0,0.0,0.0,0.0,0.0,0.0,20.0,20.0,0.0,0.0,0.0,10.0,0.0,0.0,10.0,20.0,0.0,0.0,0.0,0.0,0.0,0.0,20.0,0.0,0.0,0.0,0.0,0.0,0.0,0.0,0.0,0.0,20.0,20.0
1988,wave2,dual_balanced,0.0,0.0,5.0,0.0,10.0,0.0,0.0,0.0,0.0,0.0,20.0,20.0,0.0,0.0,20.0,5.0,0.0,0.0,0.0,0.0,0.0,0.0,0.0,0.0,0.0,0.0,0.0,0.0,10.0,10.0,0.0,20.0,0.0,0.0,5.0,5.0,0.0,0.0,0.0,0.0,5.0,5.0,0.0,0.0,0.0,15.0,25.0,20.0,0.0,0.0
418,wave2,dual_nonbiased,20.0,15.0,20.0,15.0,0.0,0.0,15.0,10.0,0.0,0.0,10.0,20.0,0.0,5.0,0.0,0.0,0.0,0.0,0.0,0.0,0.0,0.0,0.0,0.0,0.0,10.0,15.0,10.0,0.0,0.0,0.0,0.0,0.0,0.0,10.0,5.0,0.0,0.0,0.0,0.0,0.0,0.0,0.0,0.0,0.0,0.0,5.0,5.0,5.0,5.0
1970,wave2,dual_nonbiased,10.0,10.0,0.0,0.0,0.0,0.0,0.0,5.0,0.0,0.0,25.0,10.0,0.0,10.0,0.0,0.0,0.0,0.0,0.0,0.0,10.0,10.0,10.0,10.0,0.0,0.0,10.0,10.0,10.0,10.0,10.0,10.0,5.0,5.0,0.0,0.0,0.0,0.0,5.0,5.0,0.0,0.0,0.0,0.0,0.0,0.0,5.0,5.0,0.0,0.0
2054,wave2,dual_nonbiased,0.0,0.0,0.0,10.0,0.0,0.0,5.0,10.0,0.0,0.0,10.0,15.0,10.0,10.0,15.0,10.0,5.0,0.0,5.0,5.0,5.0,5.0,0.0,0.0,20.0,15.0,0.0,0.0,10.0,10.0,10.0,10.0,0.0,0.0,0.0,0.0,0.0,0.0,5.0,0.0,0.0,0.0,0.0,0.0,0.0,0.0,0.0,0.0,0.0,0.0
1960,wave2,dual_balanced,5.0,10.0,0.0,0.0,8.0,10.0,0.0,0.0,0.0,0.0,35.0,30.0,0.0,10.0,0.0,0.0,0.0,0.0,0.0,0.0,5.0,5.0,12.0,10.0,10.0,10.0,0.0,0.0,0.0,0.0,0.0,0.0,5.0,5.0,0.0,0.0,0.0,0.0,15.0,5.0,0.0,0.0,0.0,0.0,5.0,5.0,0.0,0.0,0.0,0.0
6,wave2,dual_opposition,0.0,0.0,0.0,0.0,0.0,0.0,15.0,0.0,15.0,0.0,40.0,10.0,0.0,0.0,20.0,10.0,0.0,0.0,0.0,0.0,0.0,0.0,0.0,0.0,0.0,0.0,0.0,0.0,5.0,25.0,5.0,25.0,0.0,0.0,0.0,0.0,0.0,0.0,0.0,0.0,0.0,10.0,0.0,0.0,0.0,0.0,0.0,15.0,0.0,5.0
1393,wave2,dual_nonbiased,0.0,0.0,0.0,0.0,10.0,10.0,20.0,15.0,0.0,0.0,0.0,15.0,0.0,0.0,10.0,10.0,0.0,0.0,0.0,0.0,0.0,0.0,0.0,0.0,0.0,0.0,0.0,0.0,0.0,0.0,40.0,35.0,0.0,0.0,0.0,0.0,0.0,0.0,10.0,5.0,10.0,10.0,0.0,0.0,0.0,0.0,0.0,0.0,0.0,0.0
771,wave2,dual_balanced,5.0,0.0,5.0,5.0,5.0,0.0,10.0,5.0,10.0,5.0,10.0,0.0,5.0,5.0,15.0,10.0,15.0,10.0,10.0,10.0,10.0,5.0,0.0,5.0,0.0,5.0,0.0,5.0,0.0,5.0,0.0,5.0,0.0,5.0,0.0,5.0,0.0,5.0,0.0,5.0,0.0,0.0,0.0,0.0,0.0,0.0,0.0,0.0,0.0,0.0
81,wave2,dual_balanced,0.0,10.0,0.0,0.0,0.0,0.0,0.0,0.0,0.0,0.0,40.0,35.0,10.0,10.0,5.0,10.0,5.0,10.0,35.0,10.0,0.0,10.0,0.0,0.0,5.0,5.0,0.0,0.0,0.0,0.0,0.0,0.0,0.0,0.0,0.0,0.0,0.0,0.0,0.0,0.0,0.0,0.0,0.0,0.0,0.0,0.0,0.0,0.0,0.0,0.0
1976,wave2,dual_balanced,0.0,0.0,0.0,0.0,0.0,0.0,10.0,10.0,0.0,0.0,0.0,0.0,0.0,0.0,20.0,20.0,0.0,0.0,0.0,0.0,0.0,0.0,0.0,0.0,10.0,10.0,0.0,0.0,0.0,0.0,20.0,20.0,0.0,0.0,0.0,0.0,40.0,40.0,0.0,0.0,0.0,0.0,0.0,0.0,0.0,0.0,0.0,0.0,0.0,0.0
1692,wave2,dual_opposition,0.0,0.0,0.0,0.0,0.0,0.0,0.0,0.0,0.0,0.0,17.0,0.0,17.0,0.0,5.0,30.0,17.0,0.0,17.0,0.0,17.0,0.0,0.0,0.0,10.0,10.0,0.0,0.0,0.0,0.0,0.0,20.0,0.0,20.0,0.0,0.0,0.0,0.0,0.0,0.0,0.0,0.0,0.0,0.0,0.0,10.0,0.0,5.0,0.0,5.0
1934,wave2,dual_balanced,0.0,0.0,10.0,10.0,5.0,10.0,0.0,10.0,15.0,10.0,0.0,20.0,10.0,10.0,30.0,20.0,0.0,0.0,0.0,0.0,10.0,0.0,0.0,0.0,10.0,10.0,0.0,0.0,5.0,0.0,0.0,0.0,0.0,0.0,0.0,0.0,0.0,0.0,0.0,0.0,0.0,0.0,0.0,0.0,5.0,0.0,0.0,0.0,0.0,0.0
227,wave2,dual_balanced,10.0,10.0,10.0,10.0,10.0,10.0,5.0,5.0,5.0,5.0,5.0,5.0,10.0,10.0,10.0,10.0,10.0,10.0,20.0,20.0,5.0,5.0,0.0,0.0,0.0,0.0,0.0,0.0,0.0,0.0,0.0,0.0,0.0,0.0,0.0,0.0,0.0,0.0,0.0,0.0,0.0,0.0,0.0,0.0,0.0,0.0,0.0,0.0,0.0,0.0
678,wave2,dual_balanced,0.0,0.0,0.0,0.0,0.0,0.0,0.0,0.0,5.0,5.0,30.0,20.0,0.0,0.0,0.0,0.0,0.0,0.0,0.0,0.0,0.0,0.0,5.0,5.0,5.0,5.0,10.0,10.0,10.0,10.0,15.0,10.0,0.0,10.0,0.0,0.0,0.0,0.0,5.0,5.0,5.0,5.0,0.0,0.0,0.0,0.0,5.0,10.0,5.0,5.0
515,wave2,dual_nonbiased,10.0,5.0,10.0,5.0,10.0,5.0,10.0,5.0,10.0,5.0,7.5,5.0,7.5,5.0,7.5,5.0,7.5,5.0,7.5,5.0,7.5,5.0,0.0,5.0,0.0,5.0,0.0,5.0,0.0,5.0,5.0,5.0,0.0,5.0,0.0,5.0,0.0,5.0,0.0,5.0,0.0,0.0,0.0,0.0,0.0,0.0,0.0,0.0,0.0,0.0
449,wave2,dual_balanced,5.0,5.0,5.0,5.0,5.0,5.0,5.0,5.0,5.0,5.0,15.0,15.0,5.0,5.0,5.0,5.0,5.0,5.0,5.0,5.0,5.0,5.0,5.0,5.0,5.0,5.0,5.0,5.0,5.0,5.0,5.0,5.0,0.0,0.0,0.0,0.0,0.0,0.0,0.0,0.0,0.0,0.0,0.0,0.0,0.0,0.0,5.0,5.0,5.0,5.0
787,wave2,dual_nonbiased,5.0,5.0,10.0,10.0,10.0,10.0,10.0,10.0,0.0,0.0,10.0,20.0,0.0,5.0,20.0,10.0,0.0,0.0,0.0,0.0,0.0,0.0,10.0,10.0,5.0,10.0,5.0,5.0,0.0,0.0,5.0,5.0,0.0,0.0,0.0,0.0,0.0,0.0,0.0,0.0,0.0,0.0,0.0,0.0,10.0,0.0,0.0,0.0,0.0,0.0
911,wave2,dual_nonbiased,0.0,15.0,0.0,0.0,0.0,0.0,0.0,10.0,20.0,0.0,10.0,25.0,0.0,0.0,0.0,0.0,0.0,0.0,0.0,0.0,0.0,0.0,40.0,20.0,20.0,20.0,0.0,0.0,0.0,0.0,0.0,0.0,0.0,0.0,0.0,0.0,0.0,0.0,0.0,0.0,0.0,0.0,10.0,10.0,0.0,0.0,0.0,0.0,0.0,0.0
102,wave2,dual_balanced,8.0,8.0,0.0,0.0,5.0,5.0,15.0,10.0,10.0,10.0,0.0,0.0,8.0,8.0,8.0,8.0,8.0,10.0,0.0,0.0,8.0,8.0,0.0,0.0,0.0,0.0,8.0,8.0,0.0,0.0,0.0,0.0,5.0,8.0,5.0,5.0,0.0,0.0,0.0,0.0,0.0,0.0,0.0,0.0,0.0,0.0,5.0,5.0,7.0,7.0
1600,wave2,dual_opposition,0.0,0.0,0.0,0.0,20.0,0.0,0.0,0.0,0.0,0.0,0.0,0.0,0.0,0.0,25.0,0.0,20.0,0.0,0.0,0.0,5.0,0.0,0.0,0.0,0.0,0.0,0.0,0.0,0.0,0.0,5.0,25.0,0.0,0.0,0.0,0.0,0.0,0.0,0.0,0.0,5.0,0.0,0.0,15.0,15.0,15.0,0.0,30.0,5.0,15.0
1563,wave2,dual_opposition,15.0,15.0,0.0,10.0,0.0,0.0,0.0,10.0,0.0,0.0,40.0,40.0,0.0,10.0,5.0,0.0,0.0,0.0,0.0,5.0,0.0,0.0,0.0,0.0,0.0,0.0,10.0,0.0,10.0,0.0,15.0,10.0,0.0,0.0,0.0,0.0,0.0,0.0,0.0,0.0,0.0,0.0,5.0,0.0,0.0,0.0,0.0,0.0,0.0,0.0
462,wave2,dual_nonbiased,0.0,0.0,0.0,0.0,0.0,0.0,20.0,10.0,0.0,0.0,0.0,25.0,0.0,15.0,0.0,10.0,0.0,0.0,0.0,0.0,0.0,0.0,20.0,10.0,0.0,0.0,0.0,0.0,20.0,0.0,20.0,10.0,0.0,0.0,20.0,20.0,0.0,0.0,0.0,0.0,0.0,0.0,0.0,0.0,0.0,0.0,0.0,0.0,0.0,0.0
112,wave2,dual_balanced,8.0,8.0,8.0,8.0,8.0,8.0,8.0,8.0,8.0,8.0,5.0,5.0,5.0,5.0,5.0,5.0,5.0,5.0,5.0,5.0,5.0,5.0,5.0,5.0,5.0,5.0,0.0,0.0,0.0,0.0,5.0,5.0,0.0,0.0,5.0,5.0,5.0,5.0,0.0,0.0,0.0,0.0,0.0,0.0,0.0,0.0,0.0,0.0,5.0,5.0
1272,wave2,dual_nonbiased,0.0,0.0,0.0,0.0,0.0,0.0,0.0,0.0,5.0,5.0,0.0,5.0,5.0,5.0,10.0,10.0,0.0,0.0,0.0,0.0,10.0,10.0,5.0,5.0,0.0,0.0,0.0,0.0,0.0,0.0,10.0,10.0,0.0,0.0,0.0,0.0,10.0,10.0,25.0,20.0,0.0,0.0,0.0,0.0,0.0,0.0,20.0,20.0,0.0,0.0
2290,wave2,dual_opposition,0.0,0.0,0.0,0.0,0.0,0.0,0.0,0.0,0.0,0.0,10.0,10.0,10.0,10.0,15.0,15.0,0.0,0.0,0.0,0.0,10.0,10.0,5.0,5.0,15.0,15.0,0.0,0.0,0.0,0.0,0.0,0.0,0.0,0.0,0.0,0.0,15.0,15.0,0.0,0.0,20.0,20.0,0.0,0.0,0.0,0.0,0.0,0.0,0.0,0.0
2295,wave2,dual_opposition,0.0,0.0,0.0,0.0,0.0,0.0,0.0,0.0,5.0,0.0,10.0,0.0,0.0,0.0,10.0,0.0,5.0,0.0,5.0,0.0,5.0,0.0,5.0,0.0,10.0,5.0,5.0,0.0,5.0,10.0,5.0,25.0,10.0,5.0,0.0,0.0,0.0,10.0,10.0,25.0,0.0,0.0,0.0,0.0,5.0,0.0,5.0,10.0,0.0,10.0
702,wave2,dual_balanced,0.0,0.0,0.0,0.0,0.0,0.0,0.0,0.0,0.0,0.0,0.0,0.0,10.0,10.0,10.0,10.0,0.0,0.0,0.0,0.0,0.0,0.0,0.0,0.0,0.0,5.0,5.0,10.0,0.0,0.0,40.0,25.0,0.0,0.0,5.0,5.0,0.0,0.0,10.0,10.0,5.0,5.0,0.0,0.0,0.0,0.0,10.0,15.0,5.0,5.0
529,wave2,dual_nonbiased,5.0,5.0,5.0,10.0,0.0,0.0,25.0,10.0,25.0,10.0,0.0,25.0,0.0,5.0,5.0,5.0,0.0,0.0,0.0,0.0,5.0,0.0,5.0,10.0,5.0,10.0,5.0,0.0,5.0,0.0,0.0,0.0,0.0,0.0,0.0,0.0,0.0,0.0,0.0,0.0,0.0,0.0,0.0,0.0,0.0,0.0,5.0,5.0,5.0,5.0
1771,wave2,dual_opposition,0.0,0.0,0.0,0.0,10.0,10.0,5.0,5.0,0.0,0.0,0.0,0.0,0.0,0.0,40.0,40.0,10.0,10.0,0.0,0.0,0.0,0.0,10.0,10.0,0.0,0.0,5.0,5.0,0.0,0.0,20.0,20.0,0.0,0.0,0.0,0.0,0.0,0.0,0.0,0.0,0.0,0.0,0.0,0.0,0.0,0.0,0.0,0.0,0.0,0.0
1183,wave2,dual_balanced,5.0,10.0,5.0,10.0,5.0,15.0,0.0,0.0,0.0,0.0,30.0,20.0,0.0,0.0,10.0,10.0,0.0,0.0,15.0,10.0,15.0,10.0,0.0,0.0,5.0,5.0,5.0,5.0,5.0,5.0,0.0,0.0,0.0,0.0,0.0,0.0,0.0,0.0,0.0,0.0,0.0,0.0,0.0,0.0,0.0,0.0,0.0,0.0,0.0,0.0
2198,wave2,dual_opposition,10.0,10.0,10.0,10.0,20.0,20.0,5.0,5.0,10.0,10.0,5.0,5.0,5.0,5.0,10.0,10.0,10.0,10.0,10.0,10.0,5.0,5.0,0.0,0.0,0.0,0.0,0.0,0.0,0.0,0.0,0.0,0.0,0.0,0.0,0.0,0.0,0.0,0.0,0.0,0.0,0.0,0.0,0.0,0.0,0.0,0.0,0.0,0.0,0.0,0.0
1747,wave2,dual_opposition,10.0,10.0,0.0,0.0,0.0,0.0,5.0,5.0,5.0,5.0,0.0,0.0,0.0,0.0,0.0,0.0,0.0,0.0,10.0,10.0,5.0,5.0,5.0,5.0,5.0,5.0,5.0,5.0,5.0,5.0,5.0,5.0,5.0,5.0,5.0,5.0,5.0,5.0,5.0,5.0,5.0,5.0,5.0,5.0,5.0,5.0,5.0,5.0,0.0,0.0
2043,wave2,dual_balanced,10.0,20.0,10.0,15.0,5.0,10.0,10.0,10.0,0.0,0.0,20.0,15.0,0.0,10.0,10.0,0.0,5.0,0.0,5.0,10.0,0.0,10.0,5.0,0.0,5.0,0.0,5.0,0.0,5.0,0.0,0.0,0.0,0.0,0.0,0.0,0.0,0.0,0.0,0.0,0.0,0.0,0.0,0.0,0.0,0.0,0.0,0.0,0.0,5.0,0.0
2251,wave2,dual_opposition,5.0,5.0,0.0,0.0,5.0,5.0,5.0,5.0,5.0,5.0,5.0,5.0,0.0,0.0,0.0,0.0,0.0,0.0,0.0,0.0,5.0,5.0,5.0,5.0,5.0,5.0,5.0,5.0,5.0,5.0,5.0,5.0,5.0,5.0,5.0,5.0,5.0,5.0,5.0,5.0,5.0,5.0,5.0,5.0,5.0,5.0,5.0,5.0,5.0,5.0
1833,wave2,dual_balanced,5.0,5.0,0.0,0.0,5.0,5.0,5.0,5.0,15.0,15.0,40.0,40.0,0.0,0.0,0.0,0.0,0.0,0.0,0.0,0.0,0.0,0.0,5.0,5.0,0.0,0.0,5.0,5.0,5.0,5.0,0.0,0.0,5.0,5.0,5.0,5.0,0.0,0.0,0.0,0.0,0.0,0.0,0.0,0.0,0.0,0.0,5.0,5.0,0.0,0.0
1500,wave2,dual_opposition,0.0,0.0,0.0,0.0,0.0,0.0,5.0,15.0,0.0,0.0,25.0,25.0,0.0,0.0,0.0,0.0,0.0,0.0,0.0,0.0,0.0,0.0,15.0,15.0,0.0,0.0,0.0,0.0,10.0,10.0,35.0,35.0,10.0,0.0,0.0,0.0,0.0,0.0,0.0,0.0,0.0,0.0,0.0,0.0,0.0,0.0,0.0,0.0,0.0,0.0
231,wave2,dual_nonbiased,0.0,0.0,0.0,0.0,0.0,0.0,5.0,5.0,0.0,0.0,8.0,12.0,8.0,8.0,8.0,8.0,8.0,8.0,8.0,8.0,5.0,5.0,6.0,6.0,11.0,10.0,5.0,10.0,9.0,10.0,5.0,5.0,0.0,0.0,0.0,0.0,0.0,0.0,0.0,0.0,5.0,0.0,0.0,0.0,0.0,0.0,9.0,5.0,0.0,0.0
1051,wave2,dual_nonbiased,20.0,20.0,0.0,0.0,0.0,0.0,0.0,0.0,0.0,0.0,0.0,20.0,10.0,10.0,0.0,0.0,0.0,0.0,0.0,0.0,0.0,0.0,10.0,0.0,10.0,0.0,10.0,10.0,10.0,0.0,10.0,10.0,0.0,0.0,0.0,0.0,0.0,0.0,10.0,10.0,0.0,10.0,0.0,0.0,0.0,0.0,10.0,10.0,0.0,0.0
1266,wave2,dual_nonbiased,0.0,0.0,0.0,0.0,0.0,0.0,0.0,0.0,0.0,0.0,20.0,20.0,0.0,0.0,0.0,0.0,0.0,0.0,0.0,0.0,10.0,10.0,0.0,0.0,0.0,0.0,10.0,10.0,0.0,0.0,30.0,30.0,20.0,20.0,0.0,0.0,0.0,0.0,0.0,0.0,0.0,0.0,10.0,10.0,0.0,0.0,0.0,0.0,0.0,0.0
110,wave2,dual_opposition,0.0,0.0,0.0,0.0,10.0,5.0,5.0,0.0,0.0,0.0,5.0,0.0,0.0,0.0,0.0,0.0,0.0,0.0,5.0,5.0,5.0,5.0,15.0,15.0,0.0,0.0,10.0,10.0,5.0,5.0,20.0,20.0,0.0,0.0,0.0,5.0,0.0,5.0,0.0,0.0,5.0,10.0,0.0,0.0,5.0,5.0,5.0,5.0,5.0,5.0
1155,wave2,dual_balanced,5.0,5.0,5.0,5.0,5.0,5.0,10.0,10.0,0.0,0.0,5.0,5.0,0.0,0.0,10.0,10.0,0.0,0.0,0.0,0.0,0.0,0.0,10.0,10.0,10.0,10.0,10.0,10.0,10.0,10.0,0.0,0.0,10.0,10.0,0.0,0.0,0.0,0.0,0.0,0.0,10.0,10.0,0.0,0.0,0.0,0.0,0.0,0.0,0.0,0.0
923,wave2,dual_opposition,0.0,0.0,0.0,0.0,0.0,0.0,10.0,10.0,0.0,0.0,15.0,15.0,10.0,10.0,10.0,10.0,10.0,10.0,20.0,20.0,0.0,0.0,0.0,0.0,0.0,0.0,5.0,5.0,0.0,0.0,5.0,5.0,0.0,0.0,0.0,0.0,5.0,5.0,5.0,5.0,0.0,0.0,0.0,0.0,5.0,5.0,0.0,0.0,0.0,0.0
1062,wave2,dual_opposition,10.0,10.0,0.0,0.0,0.0,0.0,20.0,20.0,0.0,0.0,0.0,0.0,0.0,0.0,30.0,30.0,0.0,0.0,0.0,0.0,20.0,20.0,0.0,0.0,20.0,20.0,0.0,0.0,0.0,0.0,0.0,0.0,0.0,0.0,0.0,0.0,0.0,0.0,0.0,0.0,0.0,0.0,0.0,0.0,0.0,0.0,0.0,0.0,0.0,0.0
39,wave2,dual_balanced,0.0,35.0,0.0,20.0,0.0,10.0,0.0,15.0,0.0,0.0,5.0,0.0,10.0,0.0,10.0,0.0,10.0,0.0,5.0,10.0,10.0,10.0,10.0,0.0,10.0,0.0,5.0,0.0,10.0,0.0,10.0,0.0,5.0,0.0,0.0,0.0,0.0,0.0,0.0,0.0,0.0,0.0,0.0,0.0,0.0,0.0,0.0,0.0,0.0,0.0
1708,wave2,dual_opposition,0.0,0.0,0.0,0.0,0.0,0.0,40.0,20.0,0.0,0.0,20.0,20.0,10.0,10.0,20.0,20.0,0.0,0.0,0.0,10.0,0.0,10.0,0.0,0.0,0.0,0.0,0.0,0.0,0.0,0.0,0.0,0.0,0.0,0.0,0.0,0.0,0.0,0.0,0.0,0.0,10.0,10.0,0.0,0.0,0.0,0.0,0.0,0.0,0.0,0.0
164,wave2,dual_opposition,10.0,10.0,10.0,10.0,0.0,0.0,0.0,0.0,20.0,20.0,0.0,0.0,0.0,0.0,0.0,0.0,0.0,0.0,0.0,0.0,0.0,0.0,0.0,0.0,0.0,0.0,10.0,10.0,0.0,0.0,0.0,0.0,0.0,0.0,20.0,20.0,0.0,0.0,0.0,0.0,0.0,0.0,20.0,20.0,0.0,0.0,10.0,10.0,0.0,0.0
752,wave2,dual_opposition,0.0,0.0,0.0,0.0,0.0,0.0,0.0,0.0,0.0,0.0,15.0,15.0,0.0,0.0,0.0,0.0,0.0,0.0,0.0,0.0,0.0,0.0,25.0,25.0,0.0,0.0,0.0,0.0,25.0,25.0,25.0,25.0,0.0,0.0,0.0,0.0,10.0,10.0,0.0,0.0,0.0,0.0,0.0,0.0,0.0,0.0,0.0,0.0,0.0,0.0
885,wave2,dual_nonbiased,0.0,0.0,0.0,0.0,0.0,0.0,0.0,0.0,0.0,0.0,40.0,40.0,0.0,0.0,0.0,0.0,0.0,0.0,0.0,0.0,0.0,0.0,10.0,10.0,10.0,10.0,10.0,10.0,15.0,15.0,10.0,10.0,0.0,0.0,0.0,0.0,0.0,0.0,0.0,0.0,0.0,0.0,0.0,0.0,0.0,0.0,5.0,5.0,0.0,0.0
849,wave2,dual_nonbiased,10.0,10.0,7.0,10.0,0.0,0.0,5.0,5.0,10.0,5.0,10.0,20.0,0.0,10.0,0.0,10.0,0.0,0.0,0.0,0.0,0.0,0.0,8.0,5.0,8.0,5.0,8.0,5.0,8.0,0.0,8.0,5.0,8.0,0.0,0.0,0.0,0.0,0.0,0.0,0.0,0.0,0.0,0.0,0.0,0.0,0.0,5.0,5.0,5.0,5.0
2026,wave2,dual_opposition,15.0,15.0,0.0,0.0,0.0,0.0,0.0,0.0,0.0,0.0,15.0,25.0,10.0,0.0,15.0,10.0,15.0,10.0,15.0,10.0,15.0,10.0,0.0,10.0,0.0,10.0,0.0,0.0,0.0,0.0,0.0,0.0,0.0,0.0,0.0,0.0,0.0,0.0,0.0,0.0,0.0,0.0,0.0,0.0,0.0,0.0,0.0,0.0,0.0,0.0
1701,wave2,dual_opposition,0.0,0.0,0.0,0.0,0.0,0.0,10.0,10.0,0.0,0.0,0.0,0.0,0.0,0.0,0.0,0.0,0.0,0.0,0.0,0.0,10.0,10.0,20.0,20.0,0.0,0.0,10.0,10.0,0.0,0.0,10.0,10.0,10.0,10.0,0.0,0.0,0.0,0.0,20.0,20.0,0.0,0.0,0.0,0.0,0.0,0.0,10.0,10.0,0.0,0.0
1577,wave2,dual_opposition,0.0,0.0,10.0,0.0,0.0,0.0,10.0,0.0,0.0,0.0,0.0,0.0,0.0,0.0,10.0,0.0,0.0,0.0,0.0,0.0,0.0,0.0,20.0,20.0,0.0,0.0,10.0,10.0,0.0,0.0,0.0,20.0,0.0,0.0,0.0,0.0,0.0,0.0,20.0,20.0,0.0,0.0,0.0,0.0,0.0,0.0,10.0,15.0,10.0,15.0
810,wave2,dual_balanced,0.0,0.0,0.0,0.0,0.0,0.0,20.0,20.0,0.0,0.0,0.0,0.0,0.0,0.0,20.0,20.0,0.0,0.0,0.0,0.0,30.0,30.0,0.0,0.0,0.0,0.0,0.0,0.0,0.0,0.0,10.0,10.0,0.0,0.0,0.0,0.0,0.0,0.0,20.0,20.0,0.0,0.0,0.0,0.0,0.0,0.0,0.0,0.0,0.0,0.0
904,wave2,dual_opposition,5.0,25.0,5.0,15.0,5.0,5.0,5.0,10.0,5.0,5.0,5.0,5.0,5.0,5.0,5.0,5.0,5.0,5.0,5.0,5.0,5.0,5.0,5.0,5.0,5.0,5.0,5.0,0.0,5.0,0.0,5.0,0.0,5.0,0.0,5.0,0.0,5.0,0.0,5.0,0.0,0.0,0.0,0.0,0.0,0.0,0.0,0.0,0.0,0.0,0.0
1697,wave2,dual_opposition,0.0,15.0,0.0,15.0,0.0,0.0,0.0,0.0,0.0,0.0,40.0,20.0,10.0,10.0,10.0,10.0,10.0,10.0,10.0,10.0,10.0,10.0,0.0,0.0,0.0,0.0,0.0,0.0,0.0,0.0,0.0,0.0,0.0,0.0,0.0,0.0,0.0,0.0,0.0,0.0,0.0,0.0,0.0,0.0,0.0,0.0,10.0,0.0,0.0,0.0
653,wave2,dual_balanced,20.0,20.0,20.0,20.0,0.0,0.0,10.0,10.0,30.0,30.0,0.0,0.0,0.0,0.0,20.0,20.0,0.0,0.0,0.0,0.0,0.0,0.0,0.0,0.0,0.0,0.0,0.0,0.0,0.0,0.0,0.0,0.0,0.0,0.0,0.0,0.0,0.0,0.0,0.0,0.0,0.0,0.0,0.0,0.0,0.0,0.0,0.0,0.0,0.0,0.0
1026,wave2,dual_nonbiased,20.0,0.0,20.0,20.0,20.0,20.0,20.0,20.0,20.0,20.0,0.0,0.0,0.0,0.0,0.0,0.0,0.0,0.0,0.0,0.0,0.0,0.0,0.0,20.0,0.0,0.0,0.0,0.0,0.0,0.0,0.0,0.0,0.0,0.0,0.0,0.0,0.0,0.0,0.0,0.0,0.0,0.0,0.0,0.0,0.0,0.0,0.0,0.0,0.0,0.0
761,wave2,dual_nonbiased,0.0,10.0,0.0,0.0,0.0,0.0,0.0,0.0,0.0,0.0,20.0,20.0,0.0,10.0,0.0,0.0,0.0,0.0,0.0,0.0,0.0,0.0,0.0,0.0,10.0,10.0,0.0,0.0,20.0,10.0,40.0,30.0,10.0,10.0,0.0,0.0,0.0,0.0,0.0,0.0,0.0,0.0,0.0,0.0,0.0,0.0,0.0,0.0,0.0,0.0
772,wave2,dual_opposition,5.0,5.0,0.0,0.0,0.0,0.0,10.0,10.0,0.0,0.0,0.0,0.0,0.0,0.0,0.0,0.0,0.0,0.0,0.0,0.0,0.0,0.0,10.0,10.0,20.0,10.0,25.0,15.0,15.0,5.0,0.0,25.0,0.0,0.0,0.0,0.0,0.0,0.0,0.0,0.0,0.0,0.0,0.0,0.0,0.0,0.0,10.0,15.0,5.0,5.0
1317,wave2,dual_nonbiased,10.0,10.0,10.0,10.0,10.0,10.0,20.0,20.0,20.0,20.0,20.0,20.0,0.0,0.0,10.0,10.0,0.0,0.0,0.0,0.0,0.0,0.0,0.0,0.0,0.0,0.0,0.0,0.0,0.0,0.0,0.0,0.0,0.0,0.0,0.0,0.0,0.0,0.0,0.0,0.0,0.0,0.0,0.0,0.0,0.0,0.0,0.0,0.0,0.0,0.0
1010,wave2,dual_balanced,0.0,0.0,0.0,20.0,0.0,0.0,0.0,0.0,0.0,0.0,0.0,40.0,10.0,0.0,10.0,0.0,10.0,0.0,10.0,0.0,10.0,0.0,10.0,10.0,0.0,0.0,10.0,0.0,10.0,10.0,20.0,20.0,0.0,0.0,0.0,0.0,0.0,0.0,0.0,0.0,0.0,0.0,0.0,0.0,0.0,0.0,0.0,0.0,0.0,0.0
2340,wave2,dual_opposition,0.0,10.0,0.0,0.0,0.0,10.0,0.0,0.0,0.0,10.0,0.0,0.0,0.0,0.0,20.0,10.0,0.0,0.0,0.0,0.0,10.0,10.0,0.0,0.0,0.0,0.0,10.0,10.0,20.0,10.0,0.0,0.0,20.0,10.0,0.0,0.0,0.0,0.0,0.0,0.0,0.0,0.0,0.0,0.0,0.0,0.0,10.0,10.0,10.0,10.0
1713,wave2,dual_balanced,0.0,0.0,0.0,0.0,0.0,0.0,15.0,15.0,0.0,0.0,30.0,30.0,0.0,0.0,0.0,0.0,0.0,0.0,0.0,0.0,0.0,0.0,20.0,20.0,20.0,20.0,0.0,0.0,0.0,0.0,0.0,0.0,0.0,0.0,0.0,0.0,0.0,0.0,0.0,0.0,0.0,0.0,0.0,0.0,0.0,0.0,0.0,0.0,15.0,15.0
2286,wave2,dual_nonbiased,0.0,0.0,0.0,0.0,0.0,0.0,30.0,15.0,25.0,25.0,0.0,15.0,0.0,0.0,10.0,10.0,0.0,0.0,0.0,0.0,0.0,0.0,0.0,0.0,10.0,10.0,20.0,20.0,0.0,0.0,0.0,0.0,0.0,0.0,5.0,5.0,0.0,0.0,0.0,0.0,0.0,0.0,0.0,0.0,0.0,0.0,0.0,0.0,0.0,0.0
73,wave2,dual_balanced,10.0,10.0,0.0,10.0,0.0,0.0,10.0,10.0,20.0,10.0,20.0,20.0,0.0,0.0,10.0,10.0,0.0,0.0,0.0,0.0,0.0,0.0,0.0,0.0,0.0,0.0,0.0,0.0,0.0,0.0,10.0,5.0,0.0,0.0,0.0,0.0,0.0,0.0,20.0,25.0,0.0,0.0,0.0,0.0,0.0,0.0,0.0,0.0,0.0,0.0
621,wave2,dual_balanced,0.0,0.0,0.0,0.0,0.0,0.0,0.0,0.0,0.0,0.0,25.0,0.0,5.0,0.0,5.0,0.0,5.0,0.0,5.0,0.0,5.0,5.0,5.0,0.0,5.0,0.0,0.0,0.0,15.0,30.0,10.0,20.0,5.0,20.0,5.0,5.0,0.0,0.0,0.0,10.0,0.0,0.0,0.0,0.0,0.0,0.0,5.0,10.0,0.0,0.0
2212,wave2,dual_opposition,0.0,0.0,0.0,15.0,0.0,0.0,0.0,5.0,0.0,0.0,0.0,35.0,0.0,0.0,20.0,15.0,0.0,0.0,0.0,5.0,5.0,0.0,0.0,0.0,0.0,0.0,0.0,0.0,20.0,0.0,0.0,0.0,15.0,0.0,0.0,0.0,0.0,0.0,0.0,0.0,40.0,25.0,0.0,0.0,0.0,0.0,0.0,0.0,0.0,0.0
2209,wave2,dual_nonbiased,10.0,10.0,5.0,5.0,0.0,0.0,0.0,10.0,0.0,0.0,20.0,20.0,0.0,10.0,15.0,15.0,0.0,0.0,0.0,0.0,0.0,0.0,10.0,10.0,10.0,5.0,10.0,0.0,10.0,5.0,10.0,10.0,0.0,0.0,0.0,0.0,0.0,0.0,0.0,0.0,0.0,0.0,0.0,0.0,0.0,0.0,0.0,0.0,0.0,0.0
2045,wave2,dual_nonbiased,10.0,10.0,10.0,10.0,10.0,10.0,5.0,5.0,0.0,0.0,10.0,10.0,5.0,5.0,0.0,0.0,0.0,0.0,0.0,0.0,0.0,0.0,10.0,10.0,0.0,10.0,10.0,10.0,0.0,0.0,0.0,0.0,0.0,0.0,5.0,5.0,0.0,0.0,0.0,0.0,20.0,10.0,0.0,0.0,5.0,5.0,0.0,0.0,0.0,0.0
226,wave2,dual_balanced,0.0,0.0,0.0,0.0,25.0,25.0,20.0,20.0,20.0,20.0,0.0,0.0,0.0,0.0,0.0,0.0,0.0,0.0,0.0,0.0,0.0,0.0,0.0,0.0,20.0,20.0,0.0,0.0,0.0,0.0,15.0,15.0,0.0,0.0,0.0,0.0,0.0,0.0,0.0,0.0,0.0,0.0,0.0,0.0,0.0,0.0,0.0,0.0,0.0,0.0
1534,wave2,dual_opposition,0.0,20.0,0.0,25.0,0.0,15.0,0.0,0.0,0.0,0.0,20.0,15.0,20.0,0.0,20.0,0.0,10.0,0.0,20.0,25.0,10.0,0.0,0.0,0.0,0.0,0.0,0.0,0.0,0.0,0.0,0.0,0.0,0.0,0.0,0.0,0.0,0.0,0.0,0.0,0.0,0.0,0.0,0.0,0.0,0.0,0.0,0.0,0.0,0.0,0.0
163,wave2,dual_nonbiased,25.0,22.0,10.0,8.0,0.0,0.0,0.0,0.0,10.0,5.0,20.0,20.0,0.0,15.0,0.0,0.0,0.0,0.0,0.0,0.0,0.0,0.0,10.0,10.0,10.0,5.0,10.0,10.0,0.0,0.0,0.0,0.0,0.0,0.0,0.0,0.0,0.0,0.0,0.0,0.0,0.0,0.0,0.0,0.0,0.0,0.0,5.0,5.0,0.0,0.0
2193,wave2,dual_balanced,0.0,0.0,20.0,20.0,0.0,0.0,0.0,15.0,0.0,0.0,0.0,0.0,30.0,15.0,20.0,15.0,10.0,10.0,10.0,10.0,10.0,15.0,0.0,0.0,0.0,0.0,0.0,0.0,0.0,0.0,0.0,0.0,0.0,0.0,0.0,0.0,0.0,0.0,0.0,0.0,0.0,0.0,0.0,0.0,0.0,0.0,0.0,0.0,0.0,0.0
586,wave2,dual_balanced,10.0,10.0,0.0,10.0,0.0,0.0,10.0,20.0,0.0,0.0,0.0,0.0,0.0,0.0,0.0,0.0,0.0,0.0,0.0,0.0,0.0,0.0,10.0,10.0,10.0,5.0,15.0,10.0,0.0,0.0,10.0,10.0,5.0,5.0,10.0,5.0,0.0,0.0,0.0,0.0,10.0,10.0,0.0,0.0,0.0,0.0,10.0,5.0,0.0,0.0
267,wave2,dual_nonbiased,0.0,25.0,5.0,10.0,0.0,0.0,0.0,0.0,0.0,0.0,0.0,0.0,5.0,5.0,20.0,10.0,0.0,0.0,0.0,0.0,5.0,10.0,10.0,10.0,0.0,0.0,25.0,15.0,0.0,0.0,0.0,0.0,30.0,15.0,0.0,0.0,0.0,0.0,0.0,0.0,0.0,0.0,0.0,0.0,0.0,0.0,0.0,0.0,0.0,0.0
698,wave2,dual_nonbiased,5.0,10.0,5.0,10.0,5.0,0.0,5.0,10.0,5.0,0.0,5.0,20.0,5.0,10.0,5.0,0.0,5.0,0.0,5.0,0.0,5.0,5.0,5.0,5.0,5.0,5.0,5.0,10.0,5.0,5.0,5.0,10.0,5.0,0.0,5.0,0.0,5.0,0.0,5.0,0.0,0.0,0.0,0.0,0.0,0.0,0.0,0.0,0.0,0.0,0.0
406,wave2,dual_nonbiased,10.0,10.0,0.0,0.0,0.0,0.0,10.0,10.0,10.0,10.0,0.0,15.0,0.0,0.0,5.0,5.0,5.0,5.0,0.0,0.0,5.0,5.0,0.0,0.0,0.0,0.0,0.0,0.0,10.0,10.0,20.0,15.0,0.0,0.0,10.0,5.0,0.0,0.0,0.0,0.0,10.0,5.0,0.0,0.0,0.0,0.0,0.0,0.0,5.0,5.0
930,wave2,dual_nonbiased,0.0,0.0,0.0,0.0,0.0,0.0,40.0,10.0,0.0,0.0,0.0,25.0,0.0,0.0,0.0,0.0,0.0,0.0,0.0,0.0,0.0,0.0,0.0,0.0,0.0,15.0,0.0,0.0,0.0,0.0,0.0,0.0,0.0,0.0,0.0,0.0,0.0,0.0,10.0,10.0,10.0,10.0,0.0,0.0,20.0,10.0,20.0,20.0,0.0,0.0
1487,wave2,dual_opposition,0.0,0.0,0.0,20.0,0.0,0.0,0.0,10.0,0.0,0.0,0.0,30.0,0.0,0.0,0.0,0.0,5.0,0.0,10.0,10.0,0.0,0.0,20.0,10.0,10.0,0.0,15.0,10.0,10.0,0.0,10.0,10.0,0.0,0.0,20.0,0.0,0.0,0.0,0.0,0.0,0.0,0.0,0.0,0.0,0.0,0.0,0.0,0.0,0.0,0.0
1186,wave2,dual_balanced,5.0,5.0,5.0,5.0,5.0,5.0,5.0,5.0,5.0,5.0,5.0,5.0,5.0,5.0,5.0,5.0,5.0,5.0,5.0,5.0,10.0,10.0,10.0,10.0,5.0,5.0,0.0,0.0,5.0,5.0,0.0,0.0,0.0,0.0,5.0,5.0,0.0,0.0,0.0,0.0,5.0,5.0,0.0,0.0,0.0,0.0,5.0,5.0,5.0,5.0
1014,wave2,dual_nonbiased,0.0,0.0,0.0,0.0,5.0,10.0,5.0,10.0,25.0,10.0,0.0,20.0,0.0,0.0,10.0,10.0,0.0,0.0,0.0,0.0,0.0,0.0,10.0,10.0,0.0,0.0,15.0,10.0,8.0,10.0,0.0,0.0,0.0,0.0,7.0,0.0,0.0,0.0,0.0,0.0,10.0,5.0,0.0,0.0,0.0,0.0,5.0,5.0,0.0,0.0
1958,wave2,dual_opposition,0.0,0.0,20.0,20.0,0.0,0.0,0.0,0.0,0.0,0.0,40.0,40.0,0.0,0.0,5.0,5.0,0.0,0.0,0.0,0.0,10.0,10.0,5.0,5.0,0.0,0.0,5.0,5.0,0.0,0.0,0.0,0.0,0.0,0.0,5.0,5.0,0.0,0.0,0.0,0.0,0.0,0.0,10.0,10.0,0.0,0.0,0.0,0.0,0.0,0.0
1310,wave2,dual_balanced,5.0,5.0,5.0,5.0,10.0,10.0,10.0,10.0,10.0,10.0,10.0,10.0,9.0,9.0,5.0,5.0,5.0,5.0,0.0,0.0,5.0,5.0,0.0,0.0,0.0,0.0,0.0,0.0,10.0,10.0,10.0,10.0,6.0,6.0,0.0,0.0,0.0,0.0,0.0,0.0,0.0,0.0,0.0,0.0,0.0,0.0,0.0,0.0,0.0,0.0
2083,wave2,dual_opposition,10.0,20.0,0.0,0.0,0.0,0.0,20.0,20.0,0.0,0.0,0.0,0.0,0.0,0.0,10.0,5.0,0.0,0.0,0.0,5.0,0.0,20.0,0.0,0.0,0.0,0.0,0.0,0.0,0.0,0.0,40.0,5.0,0.0,0.0,0.0,0.0,0.0,0.0,0.0,0.0,10.0,10.0,0.0,0.0,0.0,0.0,0.0,5.0,10.0,10.0
2105,wave2,dual_nonbiased,5.0,5.0,0.0,0.0,0.0,0.0,20.0,20.0,0.0,0.0,0.0,0.0,0.0,0.0,0.0,0.0,0.0,0.0,0.0,0.0,10.0,10.0,10.0,10.0,10.0,10.0,10.0,10.0,0.0,0.0,10.0,10.0,0.0,0.0,5.0,5.0,10.0,10.0,0.0,0.0,10.0,10.0,0.0,0.0,0.0,0.0,0.0,0.0,0.0,0.0
1710,wave2,dual_nonbiased,10.0,16.0,5.0,0.0,0.0,0.0,5.0,10.0,5.0,0.0,5.0,15.0,5.0,10.0,10.0,0.0,5.0,10.0,5.0,0.0,0.0,0.0,10.0,10.0,5.0,9.0,5.0,0.0,10.0,0.0,5.0,10.0,0.0,0.0,0.0,0.0,0.0,0.0,0.0,0.0,0.0,0.0,0.0,0.0,0.0,0.0,5.0,10.0,5.0,0.0
1039,wave2,dual_opposition,0.0,0.0,0.0,0.0,0.0,0.0,10.0,10.0,0.0,0.0,0.0,0.0,0.0,0.0,0.0,0.0,0.0,0.0,0.0,0.0,0.0,0.0,0.0,0.0,0.0,0.0,20.0,20.0,0.0,0.0,0.0,0.0,0.0,0.0,0.0,0.0,5.0,5.0,10.0,10.0,5.0,5.0,23.0,23.0,27.0,27.0,0.0,0.0,0.0,0.0
384,wave2,dual_balanced,0.0,0.0,0.0,10.0,10.0,0.0,5.0,10.0,0.0,0.0,0.0,0.0,0.0,0.0,0.0,0.0,0.0,0.0,0.0,0.0,0.0,0.0,10.0,10.0,10.0,0.0,10.0,10.0,10.0,0.0,0.0,0.0,8.0,10.0,5.0,0.0,0.0,0.0,0.0,0.0,5.0,0.0,0.0,0.0,5.0,5.0,17.0,35.0,5.0,10.0
2381,wave2,dual_opposition,5.0,10.0,5.0,5.0,5.0,5.0,5.0,10.0,5.0,5.0,0.0,0.0,0.0,0.0,5.0,5.0,0.0,0.0,0.0,0.0,10.0,10.0,20.0,5.0,20.0,5.0,0.0,0.0,0.0,0.0,0.0,0.0,0.0,0.0,0.0,0.0,0.0,0.0,0.0,0.0,0.0,0.0,0.0,0.0,0.0,0.0,0.0,0.0,20.0,40.0
2350,wave2,dual_nonbiased,15.0,15.0,15.0,15.0,15.0,15.0,0.0,0.0,15.0,15.0,40.0,40.0,0.0,0.0,0.0,0.0,0.0,0.0,0.0,0.0,0.0,0.0,0.0,0.0,0.0,0.0,0.0,0.0,0.0,0.0,0.0,0.0,0.0,0.0,0.0,0.0,0.0,0.0,0.0,0.0,0.0,0.0,0.0,0.0,0.0,0.0,0.0,0.0,0.0,0.0
1973,wave2,dual_nonbiased,5.0,5.0,5.0,5.0,5.0,5.0,5.0,5.0,5.0,5.0,5.0,5.0,5.0,5.0,5.0,5.0,5.0,5.0,5.0,5.0,5.0,5.0,5.0,5.0,5.0,5.0,5.0,5.0,5.0,5.0,5.0,5.0,5.0,5.0,5.0,5.0,5.0,5.0,0.0,0.0,0.0,0.0,0.0,0.0,0.0,0.0,0.0,0.0,5.0,5.0
2206,wave2,dual_balanced,0.0,20.0,10.0,30.0,0.0,10.0,0.0,0.0,0.0,0.0,40.0,20.0,30.0,20.0,0.0,0.0,0.0,0.0,0.0,0.0,0.0,0.0,0.0,0.0,10.0,0.0,10.0,0.0,0.0,0.0,0.0,0.0,0.0,0.0,0.0,0.0,0.0,0.0,0.0,0.0,0.0,0.0,0.0,0.0,0.0,0.0,0.0,0.0,0.0,0.0
1445,wave2,dual_balanced,0.0,15.0,0.0,0.0,0.0,0.0,15.0,15.0,0.0,0.0,30.0,25.0,0.0,0.0,15.0,15.0,0.0,0.0,0.0,0.0,0.0,0.0,20.0,15.0,20.0,15.0,0.0,0.0,0.0,0.0,0.0,0.0,0.0,0.0,0.0,0.0,0.0,0.0,0.0,0.0,0.0,0.0,0.0,0.0,0.0,0.0,0.0,0.0,0.0,0.0
1285,wave2,dual_opposition,0.0,0.0,0.0,0.0,25.0,25.0,20.0,20.0,0.0,0.0,0.0,0.0,0.0,0.0,20.0,10.0,0.0,0.0,0.0,0.0,0.0,0.0,20.0,0.0,0.0,0.0,0.0,0.0,15.0,25.0,0.0,20.0,0.0,0.0,0.0,0.0,0.0,0.0,0.0,0.0,0.0,0.0,0.0,0.0,0.0,0.0,0.0,0.0,0.0,0.0
2002,wave2,dual_opposition,0.0,0.0,0.0,0.0,0.0,0.0,20.0,10.0,0.0,0.0,30.0,20.0,0.0,10.0,10.0,10.0,0.0,0.0,0.0,0.0,0.0,0.0,0.0,5.0,0.0,5.0,0.0,5.0,0.0,5.0,20.0,5.0,0.0,5.0,0.0,0.0,0.0,0.0,0.0,0.0,0.0,0.0,0.0,0.0,0.0,0.0,20.0,20.0,0.0,0.0
739,wave2,dual_balanced,5.0,5.0,5.0,5.0,5.0,5.0,5.0,5.0,10.0,10.0,10.0,10.0,5.0,5.0,0.0,0.0,5.0,5.0,15.0,25.0,5.0,15.0,5.0,5.0,5.0,5.0,0.0,0.0,5.0,0.0,0.0,0.0,0.0,0.0,5.0,0.0,5.0,0.0,0.0,0.0,0.0,0.0,0.0,0.0,5.0,0.0,0.0,0.0,0.0,0.0
701,wave2,dual_nonbiased,9.0,0.0,9.0,0.0,9.0,0.0,0.0,5.0,8.0,10.0,5.0,0.0,5.0,0.0,5.0,10.0,5.0,10.0,0.0,0.0,0.0,0.0,5.0,10.0,5.0,10.0,5.0,10.0,5.0,10.0,10.0,15.0,5.0,0.0,5.0,0.0,0.0,0.0,0.0,0.0,0.0,0.0,5.0,10.0,0.0,0.0,0.0,0.0,0.0,0.0
998,wave2,dual_opposition,10.0,0.0,0.0,0.0,0.0,0.0,10.0,10.0,0.0,0.0,0.0,0.0,0.0,0.0,40.0,0.0,0.0,0.0,20.0,0.0,20.0,0.0,0.0,0.0,0.0,0.0,0.0,0.0,0.0,0.0,0.0,30.0,0.0,10.0,0.0,0.0,0.0,0.0,0.0,10.0,0.0,0.0,0.0,10.0,0.0,10.0,0.0,10.0,0.0,10.0
2308,wave2,dual_nonbiased,10.0,10.0,10.0,10.0,10.0,10.0,10.0,10.0,10.0,10.0,10.0,10.0,10.0,10.0,10.0,10.0,10.0,10.0,5.0,5.0,5.0,5.0,0.0,0.0,0.0,0.0,0.0,0.0,0.0,0.0,0.0,0.0,0.0,0.0,0.0,0.0,0.0,0.0,0.0,0.0,0.0,0.0,0.0,0.0,0.0,0.0,0.0,0.0,0.0,0.0
319,wave2,dual_balanced,20.0,25.0,10.0,10.0,0.0,10.0,10.0,10.0,0.0,0.0,20.0,20.0,0.0,0.0,0.0,0.0,0.0,0.0,0.0,10.0,0.0,0.0,10.0,0.0,10.0,5.0,0.0,0.0,0.0,0.0,0.0,0.0,0.0,0.0,0.0,0.0,0.0,0.0,0.0,0.0,0.0,0.0,0.0,0.0,0.0,0.0,20.0,10.0,0.0,0.0
660,wave2,dual_opposition,8.0,0.0,8.0,15.0,8.0,0.0,8.0,10.0,8.0,0.0,5.0,20.0,5.0,10.0,5.0,10.0,5.0,0.0,5.0,0.0,5.0,0.0,0.0,0.0,0.0,10.0,5.0,5.0,5.0,0.0,5.0,10.0,0.0,0.0,0.0,0.0,0.0,0.0,0.0,0.0,0.0,0.0,0.0,0.0,5.0,0.0,5.0,5.0,5.0,5.0
239,wave2,dual_opposition,5.0,10.0,5.0,10.0,10.0,10.0,10.0,10.0,10.0,10.0,5.0,25.0,5.0,5.0,5.0,5.0,5.0,5.0,5.0,5.0,5.0,5.0,0.0,0.0,0.0,0.0,10.0,0.0,10.0,0.0,10.0,0.0,0.0,0.0,0.0,0.0,0.0,0.0,0.0,0.0,0.0,0.0,0.0,0.0,0.0,0.0,0.0,0.0,0.0,0.0
1719,wave2,dual_opposition,5.0,5.0,0.0,0.0,0.0,0.0,5.0,5.0,0.0,0.0,0.0,40.0,10.0,0.0,0.0,0.0,0.0,0.0,0.0,0.0,0.0,0.0,0.0,0.0,0.0,10.0,0.0,0.0,25.0,15.0,25.0,15.0,0.0,0.0,0.0,0.0,0.0,0.0,25.0,5.0,0.0,0.0,0.0,0.0,0.0,0.0,0.0,0.0,5.0,5.0
1682,wave2,dual_opposition,10.0,10.0,0.0,0.0,10.0,10.0,0.0,0.0,0.0,0.0,30.0,25.0,10.0,10.0,10.0,0.0,10.0,10.0,0.0,10.0,10.0,10.0,0.0,0.0,0.0,5.0,0.0,5.0,0.0,0.0,0.0,0.0,0.0,0.0,0.0,0.0,0.0,0.0,10.0,5.0,0.0,0.0,0.0,0.0,0.0,0.0,0.0,0.0,0.0,0.0
458,wave2,dual_nonbiased,0.0,0.0,0.0,0.0,0.0,0.0,0.0,0.0,20.0,20.0,0.0,20.0,0.0,0.0,0.0,0.0,0.0,0.0,0.0,0.0,0.0,0.0,20.0,10.0,0.0,0.0,20.0,20.0,0.0,0.0,20.0,10.0,0.0,0.0,0.0,0.0,0.0,0.0,20.0,20.0,0.0,0.0,0.0,0.0,0.0,0.0,0.0,0.0,0.0,0.0
1252,wave2,dual_balanced,10.0,20.0,0.0,0.0,0.0,0.0,40.0,40.0,10.0,10.0,0.0,0.0,0.0,0.0,0.0,0.0,0.0,0.0,0.0,0.0,0.0,0.0,10.0,5.0,10.0,5.0,10.0,0.0,0.0,0.0,0.0,0.0,0.0,0.0,0.0,0.0,0.0,0.0,0.0,0.0,0.0,0.0,10.0,10.0,0.0,0.0,0.0,10.0,0.0,0.0
96,wave2,dual_opposition,5.0,20.0,0.0,15.0,10.0,10.0,0.0,10.0,0.0,0.0,10.0,0.0,10.0,10.0,10.0,0.0,0.0,10.0,5.0,0.0,10.0,0.0,10.0,10.0,5.0,10.0,5.0,0.0,5.0,0.0,0.0,0.0,5.0,0.0,5.0,0.0,0.0,0.0,0.0,0.0,0.0,0.0,0.0,0.0,5.0,0.0,0.0,5.0,0.0,0.0
839,wave2,dual_opposition,10.0,10.0,0.0,0.0,0.0,0.0,20.0,20.0,0.0,0.0,0.0,0.0,0.0,0.0,0.0,0.0,0.0,0.0,0.0,0.0,0.0,0.0,10.0,10.0,10.0,10.0,20.0,20.0,20.0,20.0,10.0,10.0,0.0,0.0,0.0,0.0,0.0,0.0,0.0,0.0,0.0,0.0,0.0,0.0,0.0,0.0,0.0,0.0,0.0,0.0
1750,wave2,dual_opposition,0.0,0.0,0.0,10.0,0.0,0.0,0.0,0.0,0.0,0.0,40.0,30.0,10.0,10.0,10.0,10.0,10.0,10.0,10.0,10.0,10.0,10.0,0.0,0.0,0.0,0.0,5.0,5.0,0.0,0.0,0.0,0.0,0.0,0.0,5.0,5.0,0.0,0.0,0.0,0.0,0.0,0.0,0.0,0.0,0.0,0.0,0.0,0.0,0.0,0.0
948,wave2,dual_opposition,0.0,0.0,20.0,20.0,20.0,20.0,0.0,0.0,0.0,0.0,40.0,40.0,0.0,0.0,10.0,10.0,10.0,10.0,0.0,0.0,0.0,0.0,0.0,0.0,0.0,0.0,0.0,0.0,0.0,0.0,0.0,0.0,0.0,0.0,0.0,0.0,0.0,0.0,0.0,0.0,0.0,0.0,0.0,0.0,0.0,0.0,0.0,0.0,0.0,0.0
233,wave2,dual_nonbiased,5.0,10.0,0.0,0.0,0.0,0.0,39.0,20.0,0.0,0.0,0.0,0.0,5.0,15.0,5.0,15.0,5.0,15.0,15.0,15.0,10.0,10.0,0.0,0.0,0.0,0.0,0.0,0.0,0.0,0.0,6.0,0.0,5.0,0.0,0.0,0.0,5.0,0.0,0.0,0.0,0.0,0.0,0.0,0.0,0.0,0.0,0.0,0.0,0.0,0.0
1928,wave2,dual_opposition,0.0,0.0,0.0,0.0,0.0,0.0,10.0,10.0,0.0,10.0,0.0,5.0,0.0,0.0,10.0,10.0,0.0,0.0,0.0,0.0,0.0,0.0,10.0,5.0,0.0,0.0,0.0,0.0,30.0,25.0,25.0,15.0,0.0,0.0,0.0,0.0,0.0,0.0,0.0,5.0,10.0,5.0,0.0,5.0,0.0,0.0,5.0,5.0,0.0,0.0
845,wave2,dual_opposition,10.0,0.0,10.0,0.0,5.0,0.0,5.0,0.0,5.0,0.0,5.0,0.0,5.0,0.0,5.0,0.0,5.0,0.0,5.0,0.0,5.0,0.0,5.0,0.0,5.0,0.0,10.0,15.0,5.0,0.0,5.0,25.0,5.0,15.0,0.0,0.0,0.0,0.0,0.0,10.0,0.0,0.0,0.0,0.0,0.0,0.0,0.0,20.0,0.0,15.0
1807,wave2,dual_nonbiased,30.0,30.0,7.0,0.0,7.0,0.0,7.0,14.0,7.0,0.0,7.0,7.0,7.0,14.0,0.0,0.0,0.0,0.0,0.0,0.0,0.0,0.0,0.0,0.0,7.0,14.0,7.0,7.0,0.0,0.0,7.0,7.0,0.0,0.0,0.0,0.0,0.0,0.0,0.0,0.0,0.0,0.0,0.0,0.0,0.0,0.0,7.0,7.0,0.0,0.0
840,wave2,dual_opposition,10.0,10.0,20.0,20.0,10.0,10.0,40.0,40.0,0.0,0.0,0.0,0.0,0.0,0.0,0.0,0.0,0.0,0.0,0.0,0.0,0.0,0.0,0.0,0.0,0.0,0.0,0.0,0.0,20.0,20.0,0.0,0.0,0.0,0.0,0.0,0.0,0.0,0.0,0.0,0.0,0.0,0.0,0.0,0.0,0.0,0.0,0.0,0.0,0.0,0.0
1319,wave2,dual_opposition,19.0,19.0,5.0,5.0,5.0,5.0,8.0,8.0,5.0,5.0,0.0,0.0,9.0,9.0,5.0,5.0,0.0,0.0,5.0,5.0,5.0,5.0,5.0,5.0,9.0,9.0,9.0,9.0,6.0,6.0,5.0,5.0,0.0,0.0,0.0,0.0,0.0,0.0,0.0,0.0,0.0,0.0,0.0,0.0,0.0,0.0,0.0,0.0,0.0,0.0
1275,wave2,dual_nonbiased,0.0,0.0,0.0,0.0,0.0,0.0,5.0,15.0,10.0,0.0,0.0,0.0,0.0,0.0,0.0,0.0,0.0,0.0,20.0,0.0,0.0,0.0,5.0,10.0,0.0,0.0,0.0,0.0,0.0,0.0,0.0,15.0,0.0,0.0,0.0,0.0,0.0,0.0,40.0,30.0,5.0,5.0,10.0,10.0,5.0,5.0,0.0,0.0,0.0,10.0
816,wave2,dual_opposition,5.0,5.0,5.0,5.0,5.0,5.0,0.0,0.0,0.0,0.0,40.0,40.0,0.0,0.0,0.0,0.0,0.0,0.0,8.0,10.0,7.0,10.0,5.0,5.0,5.0,5.0,0.0,0.0,0.0,0.0,10.0,5.0,0.0,0.0,5.0,5.0,0.0,0.0,5.0,5.0,0.0,0.0,0.0,0.0,0.0,0.0,0.0,0.0,0.0,0.0
1158,wave2,dual_nonbiased,20.0,20.0,0.0,0.0,0.0,0.0,20.0,20.0,0.0,0.0,0.0,0.0,0.0,0.0,10.0,10.0,0.0,0.0,0.0,0.0,0.0,0.0,0.0,0.0,0.0,0.0,0.0,0.0,10.0,10.0,0.0,0.0,0.0,0.0,20.0,20.0,20.0,20.0,0.0,0.0,0.0,0.0,0.0,0.0,0.0,0.0,0.0,0.0,0.0,0.0
1938,wave2,dual_opposition,5.0,5.0,10.0,10.0,0.0,0.0,10.0,10.0,0.0,0.0,0.0,0.0,0.0,0.0,0.0,0.0,0.0,0.0,0.0,0.0,0.0,0.0,20.0,20.0,0.0,0.0,0.0,0.0,0.0,0.0,5.0,5.0,10.0,10.0,0.0,0.0,0.0,0.0,0.0,0.0,0.0,0.0,0.0,0.0,0.0,0.0,40.0,40.0,0.0,0.0
2164,wave2,dual_balanced,10.0,15.0,0.0,15.0,0.0,0.0,20.0,15.0,10.0,5.0,10.0,15.0,0.0,0.0,20.0,5.0,5.0,0.0,0.0,10.0,0.0,10.0,0.0,0.0,10.0,5.0,5.0,5.0,5.0,0.0,0.0,0.0,5.0,0.0,0.0,0.0,0.0,0.0,0.0,0.0,0.0,0.0,0.0,0.0,0.0,0.0,0.0,0.0,0.0,0.0
768,wave2,dual_balanced,0.0,5.0,0.0,0.0,0.0,0.0,0.0,0.0,0.0,0.0,0.0,0.0,0.0,0.0,15.0,10.0,0.0,0.0,10.0,10.0,10.0,10.0,15.0,10.0,10.0,10.0,10.0,10.0,0.0,0.0,0.0,5.0,0.0,0.0,15.0,10.0,0.0,0.0,0.0,10.0,15.0,10.0,0.0,0.0,0.0,0.0,0.0,0.0,0.0,0.0
1605,wave2,dual_opposition,0.0,10.0,0.0,0.0,0.0,0.0,20.0,20.0,0.0,0.0,40.0,30.0,5.0,5.0,10.0,10.0,10.0,10.0,0.0,0.0,10.0,10.0,5.0,5.0,0.0,0.0,0.0,0.0,0.0,0.0,0.0,0.0,0.0,0.0,0.0,0.0,0.0,0.0,0.0,0.0,0.0,0.0,0.0,0.0,0.0,0.0,0.0,0.0,0.0,0.0
1212,wave2,dual_opposition,5.0,10.0,10.0,10.0,10.0,10.0,5.0,10.0,10.0,10.0,15.0,15.0,0.0,0.0,0.0,0.0,0.0,0.0,5.0,10.0,5.0,5.0,10.0,5.0,0.0,0.0,5.0,5.0,0.0,0.0,10.0,5.0,0.0,0.0,0.0,0.0,0.0,0.0,0.0,0.0,0.0,0.0,0.0,0.0,0.0,0.0,10.0,5.0,0.0,0.0
271,wave2,dual_opposition,5.0,0.0,0.0,0.0,5.0,0.0,0.0,0.0,0.0,0.0,16.0,16.0,5.0,5.0,21.0,21.0,5.0,5.0,0.0,0.0,0.0,0.0,5.0,5.0,5.0,5.0,8.0,8.0,10.0,10.0,10.0,10.0,0.0,0.0,0.0,0.0,0.0,0.0,5.0,5.0,0.0,0.0,0.0,0.0,0.0,0.0,0.0,5.0,0.0,5.0
1149,wave2,dual_opposition,0.0,0.0,0.0,0.0,0.0,0.0,10.0,10.0,0.0,0.0,10.0,0.0,0.0,0.0,0.0,10.0,0.0,0.0,0.0,0.0,0.0,0.0,0.0,0.0,0.0,0.0,0.0,0.0,20.0,0.0,40.0,35.0,0.0,0.0,0.0,0.0,0.0,10.0,0.0,0.0,0.0,0.0,0.0,0.0,0.0,0.0,20.0,20.0,0.0,15.0
1242,wave2,dual_nonbiased,10.0,10.0,10.0,10.0,10.0,10.0,5.0,5.0,5.0,5.0,10.0,15.0,5.0,5.0,0.0,0.0,0.0,0.0,0.0,0.0,0.0,0.0,15.0,10.0,0.0,10.0,15.0,10.0,0.0,0.0,0.0,0.0,0.0,0.0,0.0,0.0,0.0,0.0,15.0,10.0,0.0,0.0,0.0,0.0,0.0,0.0,0.0,0.0,0.0,0.0
292,wave2,dual_opposition,0.0,0.0,0.0,0.0,0.0,0.0,25.0,25.0,0.0,0.0,0.0,0.0,25.0,25.0,0.0,0.0,0.0,0.0,0.0,0.0,0.0,0.0,20.0,20.0,0.0,0.0,15.0,15.0,0.0,0.0,0.0,0.0,15.0,15.0,0.0,0.0,0.0,0.0,0.0,0.0,0.0,0.0,0.0,0.0,0.0,0.0,0.0,0.0,0.0,0.0
957,wave2,dual_opposition,0.0,0.0,0.0,10.0,0.0,0.0,0.0,0.0,0.0,0.0,0.0,10.0,0.0,0.0,20.0,20.0,0.0,0.0,0.0,0.0,0.0,0.0,0.0,0.0,0.0,0.0,0.0,0.0,10.0,10.0,20.0,20.0,0.0,0.0,10.0,0.0,10.0,0.0,30.0,30.0,0.0,0.0,0.0,0.0,0.0,0.0,0.0,0.0,0.0,0.0
2012,wave2,dual_opposition,0.0,0.0,0.0,15.0,0.0,0.0,0.0,5.0,0.0,0.0,17.0,15.0,10.0,10.0,10.0,10.0,12.0,10.0,12.0,10.0,12.0,10.0,11.0,10.0,0.0,0.0,0.0,0.0,0.0,0.0,0.0,0.0,8.0,0.0,0.0,0.0,8.0,0.0,0.0,0.0,0.0,0.0,0.0,0.0,0.0,0.0,0.0,5.0,0.0,0.0
2197,wave2,dual_opposition,10.0,10.0,5.0,10.0,0.0,0.0,5.0,10.0,0.0,0.0,10.0,10.0,0.0,0.0,0.0,0.0,0.0,0.0,0.0,0.0,0.0,0.0,10.0,10.0,10.0,10.0,10.0,10.0,10.0,10.0,30.0,15.0,0.0,0.0,0.0,0.0,0.0,0.0,0.0,0.0,0.0,0.0,0.0,0.0,0.0,5.0,0.0,0.0,0.0,0.0
374,wave1,dual_nonbiased,20.0,20.0,0.0,0.0,0.0,0.0,15.0,15.0,0.0,10.0,40.0,40.0,0.0,0.0,0.0,0.0,0.0,0.0,0.0,0.0,0.0,0.0,20.0,0.0,0.0,0.0,0.0,0.0,0.0,0.0,0.0,0.0,0.0,0.0,0.0,0.0,0.0,0.0,5.0,15.0,0.0,0.0,0.0,0.0,0.0,0.0,0.0,0.0,0.0,0.0
2339,wave1,dual_opposition,0.0,0.0,0.0,0.0,0.0,0.0,10.0,10.0,0.0,0.0,25.0,15.0,0.0,0.0,10.0,10.0,0.0,0.0,0.0,0.0,0.0,0.0,15.0,15.0,10.0,10.0,0.0,0.0,0.0,0.0,20.0,25.0,0.0,0.0,0.0,0.0,0.0,0.0,0.0,0.0,0.0,0.0,0.0,0.0,0.0,0.0,10.0,10.0,0.0,5.0
1304,wave1,dual_opposition,0.0,0.0,0.0,15.0,0.0,10.0,5.0,5.0,0.0,0.0,40.0,30.0,0.0,0.0,5.0,5.0,5.0,5.0,8.0,5.0,0.0,0.0,5.0,5.0,5.0,5.0,5.0,0.0,5.0,0.0,5.0,5.0,0.0,0.0,0.0,0.0,0.0,0.0,0.0,0.0,0.0,0.0,0.0,0.0,0.0,0.0,7.0,5.0,5.0,5.0
47,wave1,dual_balanced,0.0,0.0,0.0,0.0,0.0,0.0,0.0,0.0,0.0,0.0,0.0,0.0,0.0,0.0,0.0,0.0,0.0,0.0,0.0,0.0,0.0,0.0,0.0,0.0,0.0,0.0,0.0,0.0,0.0,0.0,40.0,35.0,15.0,15.0,0.0,0.0,0.0,0.0,20.0,15.0,0.0,0.0,0.0,0.0,0.0,0.0,15.0,30.0,10.0,5.0
504,wave1,dual_nonbiased,0.0,0.0,0.0,0.0,0.0,0.0,5.0,5.0,0.0,0.0,38.0,38.0,6.0,6.0,5.0,5.0,5.0,5.0,0.0,0.0,0.0,0.0,5.0,5.0,0.0,0.0,6.0,6.0,7.0,7.0,13.0,13.0,0.0,0.0,0.0,0.0,0.0,0.0,5.0,5.0,0.0,0.0,0.0,0.0,5.0,5.0,0.0,0.0,0.0,0.0
1493,wave1,dual_balanced,0.0,0.0,0.0,20.0,0.0,0.0,20.0,10.0,0.0,0.0,20.0,30.0,0.0,0.0,0.0,0.0,0.0,0.0,0.0,10.0,0.0,0.0,0.0,0.0,20.0,15.0,0.0,0.0,0.0,0.0,0.0,0.0,20.0,5.0,0.0,0.0,0.0,0.0,0.0,0.0,0.0,0.0,0.0,0.0,0.0,0.0,10.0,10.0,10.0,0.0
1907,wave1,dual_balanced,0.0,0.0,0.0,0.0,0.0,0.0,0.0,5.0,20.0,20.0,0.0,0.0,25.0,20.0,15.0,15.0,0.0,0.0,0.0,0.0,0.0,0.0,0.0,0.0,0.0,0.0,15.0,15.0,0.0,0.0,0.0,0.0,0.0,0.0,0.0,0.0,0.0,0.0,0.0,0.0,15.0,15.0,0.0,0.0,0.0,0.0,10.0,10.0,0.0,0.0
198,wave1,dual_nonbiased,0.0,0.0,0.0,0.0,0.0,0.0,5.0,5.0,0.0,0.0,20.0,20.0,0.0,0.0,0.0,0.0,0.0,0.0,0.0,0.0,0.0,0.0,0.0,0.0,20.0,20.0,0.0,0.0,0.0,0.0,20.0,20.0,15.0,15.0,0.0,0.0,0.0,0.0,10.0,10.0,0.0,0.0,0.0,0.0,0.0,0.0,10.0,10.0,0.0,0.0
1357,wave1,dual_opposition,0.0,0.0,0.0,0.0,0.0,0.0,20.0,20.0,30.0,30.0,0.0,0.0,10.0,10.0,10.0,10.0,0.0,0.0,30.0,30.0,0.0,0.0,0.0,0.0,0.0,0.0,0.0,0.0,0.0,0.0,0.0,0.0,0.0,0.0,0.0,0.0,0.0,0.0,0.0,0.0,0.0,0.0,0.0,0.0,0.0,0.0,0.0,0.0,0.0,0.0
1303,wave1,dual_opposition,20.0,5.0,0.0,0.0,35.0,5.0,10.0,5.0,10.0,10.0,0.0,0.0,0.0,0.0,0.0,0.0,0.0,0.0,0.0,0.0,0.0,0.0,5.0,10.0,5.0,10.0,5.0,10.0,0.0,5.0,0.0,0.0,0.0,0.0,5.0,20.0,0.0,0.0,0.0,0.0,0.0,0.0,0.0,0.0,0.0,0.0,5.0,20.0,0.0,0.0
2154,wave1,dual_balanced,5.0,5.0,6.0,6.0,5.0,5.0,5.0,5.0,5.0,5.0,9.0,9.0,10.0,10.0,15.0,10.0,10.0,10.0,5.0,5.0,10.0,5.0,5.0,5.0,0.0,0.0,0.0,0.0,0.0,0.0,0.0,5.0,0.0,0.0,0.0,0.0,0.0,0.0,0.0,0.0,0.0,0.0,0.0,0.0,0.0,0.0,5.0,10.0,5.0,5.0
361,wave1,dual_opposition,0.0,25.0,0.0,20.0,0.0,0.0,40.0,10.0,0.0,0.0,0.0,0.0,0.0,0.0,0.0,0.0,0.0,0.0,0.0,15.0,0.0,15.0,5.0,0.0,5.0,5.0,0.0,0.0,0.0,0.0,0.0,0.0,0.0,0.0,5.0,0.0,0.0,0.0,0.0,0.0,5.0,0.0,0.0,0.0,0.0,0.0,40.0,10.0,0.0,0.0
891,wave1,dual_opposition,0.0,0.0,0.0,0.0,0.0,0.0,0.0,0.0,0.0,0.0,20.0,0.0,0.0,0.0,10.0,0.0,0.0,0.0,0.0,0.0,0.0,0.0,20.0,0.0,0.0,0.0,20.0,0.0,0.0,0.0,10.0,30.0,0.0,15.0,0.0,0.0,0.0,0.0,0.0,10.0,0.0,0.0,0.0,0.0,0.0,0.0,20.0,25.0,0.0,20.0
1345,wave1,dual_nonbiased,0.0,0.0,5.0,0.0,0.0,0.0,0.0,0.0,0.0,0.0,0.0,0.0,0.0,0.0,0.0,0.0,0.0,0.0,0.0,0.0,0.0,0.0,25.0,25.0,10.0,15.0,10.0,10.0,15.0,20.0,18.0,20.0,5.0,5.0,0.0,0.0,0.0,0.0,5.0,0.0,0.0,0.0,0.0,0.0,0.0,0.0,7.0,5.0,0.0,0.0
1455,wave1,dual_nonbiased,20.0,20.0,0.0,0.0,0.0,0.0,20.0,20.0,0.0,0.0,15.0,15.0,0.0,0.0,0.0,0.0,0.0,0.0,0.0,0.0,0.0,0.0,0.0,0.0,0.0,0.0,0.0,0.0,10.0,10.0,10.0,10.0,10.0,10.0,0.0,0.0,0.0,0.0,0.0,0.0,15.0,15.0,0.0,0.0,0.0,0.0,0.0,0.0,0.0,0.0
2370,wave1,dual_nonbiased,0.0,20.0,0.0,0.0,0.0,0.0,0.0,10.0,0.0,0.0,0.0,30.0,0.0,0.0,0.0,0.0,0.0,0.0,0.0,0.0,0.0,0.0,25.0,15.0,20.0,15.0,15.0,0.0,10.0,0.0,15.0,10.0,15.0,0.0,0.0,0.0,0.0,0.0,0.0,0.0,0.0,0.0,0.0,0.0,0.0,0.0,0.0,0.0,0.0,0.0
52,wave1,dual_nonbiased,15.0,15.0,15.0,10.0,0.0,10.0,0.0,10.0,0.0,0.0,0.0,0.0,0.0,0.0,15.0,10.0,0.0,0.0,0.0,0.0,0.0,0.0,10.0,10.0,10.0,10.0,10.0,10.0,0.0,0.0,10.0,10.0,0.0,0.0,5.0,0.0,0.0,0.0,0.0,0.0,0.0,0.0,0.0,0.0,0.0,0.0,5.0,5.0,5.0,0.0
22,wave1,dual_balanced,10.0,15.0,20.0,20.0,10.0,10.0,10.0,15.0,10.0,5.0,10.0,10.0,0.0,0.0,10.0,5.0,0.0,0.0,10.0,10.0,10.0,10.0,0.0,0.0,0.0,0.0,0.0,0.0,0.0,0.0,0.0,0.0,0.0,0.0,0.0,0.0,0.0,0.0,0.0,0.0,0.0,0.0,0.0,0.0,0.0,0.0,0.0,0.0,0.0,0.0
2278,wave1,dual_nonbiased,0.0,10.0,0.0,10.0,0.0,0.0,10.0,10.0,0.0,0.0,5.0,25.0,5.0,10.0,5.0,10.0,5.0,0.0,5.0,0.0,5.0,0.0,5.0,0.0,5.0,10.0,5.0,0.0,5.0,0.0,5.0,5.0,5.0,0.0,5.0,0.0,5.0,0.0,5.0,0.0,5.0,0.0,0.0,0.0,0.0,0.0,10.0,10.0,0.0,0.0
1874,wave1,dual_opposition,0.0,0.0,0.0,0.0,0.0,0.0,0.0,10.0,20.0,20.0,5.0,15.0,0.0,15.0,20.0,5.0,0.0,5.0,20.0,5.0,20.0,5.0,0.0,0.0,0.0,5.0,5.0,5.0,5.0,5.0,5.0,5.0,0.0,0.0,0.0,0.0,0.0,0.0,0.0,0.0,0.0,0.0,0.0,0.0,0.0,0.0,0.0,0.0,0.0,0.0
932,wave1,dual_nonbiased,0.0,0.0,10.0,10.0,0.0,0.0,10.0,10.0,0.0,0.0,0.0,0.0,10.0,10.0,10.0,10.0,0.0,0.0,0.0,0.0,10.0,10.0,10.0,10.0,0.0,0.0,10.0,10.0,10.0,10.0,10.0,10.0,0.0,0.0,0.0,0.0,0.0,0.0,10.0,10.0,0.0,0.0,0.0,0.0,0.0,0.0,0.0,0.0,0.0,0.0
868,wave1,dual_nonbiased,15.0,10.0,0.0,0.0,0.0,0.0,25.0,15.0,0.0,0.0,0.0,20.0,0.0,10.0,0.0,0.0,0.0,0.0,0.0,0.0,0.0,0.0,0.0,0.0,0.0,10.0,20.0,10.0,0.0,0.0,20.0,15.0,0.0,0.0,0.0,0.0,0.0,0.0,0.0,0.0,0.0,0.0,0.0,0.0,0.0,0.0,20.0,10.0,0.0,0.0
2044,wave1,dual_opposition,0.0,0.0,0.0,0.0,0.0,0.0,10.0,0.0,0.0,0.0,15.0,15.0,0.0,0.0,0.0,0.0,0.0,0.0,0.0,0.0,0.0,0.0,10.0,10.0,10.0,10.0,0.0,5.0,15.0,20.0,25.0,25.0,0.0,0.0,0.0,0.0,0.0,0.0,10.0,10.0,0.0,0.0,0.0,0.0,0.0,0.0,5.0,5.0,0.0,0.0
1008,wave1,dual_opposition,0.0,15.0,0.0,10.0,0.0,0.0,20.0,10.0,0.0,0.0,15.0,10.0,0.0,0.0,20.0,10.0,0.0,0.0,0.0,0.0,0.0,0.0,0.0,0.0,0.0,0.0,0.0,0.0,0.0,0.0,30.0,15.0,0.0,0.0,0.0,0.0,0.0,0.0,0.0,10.0,0.0,0.0,0.0,0.0,0.0,0.0,15.0,20.0,0.0,0.0
508,wave1,dual_balanced,5.0,20.0,0.0,10.0,0.0,0.0,5.0,10.0,5.0,0.0,15.0,35.0,10.0,10.0,25.0,0.0,5.0,10.0,0.0,0.0,0.0,0.0,5.0,0.0,5.0,5.0,5.0,0.0,0.0,0.0,10.0,0.0,0.0,0.0,0.0,0.0,0.0,0.0,5.0,0.0,0.0,0.0,0.0,0.0,0.0,0.0,0.0,0.0,0.0,0.0
1824,wave1,dual_opposition,0.0,0.0,0.0,0.0,0.0,0.0,0.0,0.0,0.0,0.0,0.0,15.0,0.0,0.0,0.0,0.0,0.0,0.0,0.0,0.0,0.0,0.0,15.0,10.0,15.0,10.0,10.0,10.0,15.0,15.0,20.0,15.0,8.0,8.0,5.0,5.0,0.0,0.0,12.0,12.0,0.0,0.0,0.0,0.0,0.0,0.0,0.0,0.0,0.0,0.0
837,wave1,dual_nonbiased,15.0,15.0,10.0,10.0,30.0,30.0,10.0,10.0,25.0,25.0,10.0,10.0,0.0,0.0,0.0,0.0,0.0,0.0,0.0,0.0,0.0,0.0,0.0,0.0,0.0,0.0,0.0,0.0,0.0,0.0,0.0,0.0,0.0,0.0,0.0,0.0,0.0,0.0,0.0,0.0,0.0,0.0,0.0,0.0,0.0,0.0,0.0,0.0,0.0,0.0
1115,wave1,dual_nonbiased,20.0,20.0,10.0,10.0,0.0,0.0,5.0,5.0,0.0,0.0,0.0,0.0,0.0,0.0,0.0,0.0,0.0,0.0,0.0,0.0,0.0,0.0,0.0,0.0,15.0,15.0,10.0,10.0,20.0,20.0,5.0,5.0,0.0,0.0,0.0,0.0,0.0,0.0,0.0,0.0,0.0,0.0,15.0,15.0,0.0,0.0,0.0,0.0,0.0,0.0
2098,wave1,dual_nonbiased,0.0,0.0,25.0,25.0,25.0,25.0,0.0,10.0,0.0,0.0,40.0,35.0,0.0,0.0,0.0,0.0,0.0,0.0,0.0,0.0,0.0,0.0,5.0,0.0,0.0,0.0,0.0,0.0,5.0,0.0,0.0,0.0,0.0,0.0,0.0,0.0,0.0,0.0,0.0,0.0,0.0,0.0,0.0,0.0,0.0,0.0,0.0,0.0,0.0,5.0
119,wave1,dual_nonbiased,5.0,5.0,0.0,0.0,0.0,0.0,0.0,0.0,0.0,0.0,40.0,40.0,5.0,5.0,5.0,5.0,5.0,5.0,5.0,5.0,5.0,5.0,0.0,0.0,10.0,10.0,10.0,10.0,5.0,5.0,5.0,5.0,0.0,0.0,0.0,0.0,0.0,0.0,0.0,0.0,0.0,0.0,0.0,0.0,0.0,0.0,0.0,0.0,0.0,0.0
2114,wave1,dual_balanced,10.0,10.0,20.0,20.0,0.0,0.0,0.0,5.0,20.0,10.0,0.0,0.0,0.0,0.0,15.0,5.0,0.0,0.0,0.0,10.0,0.0,5.0,5.0,5.0,5.0,5.0,5.0,5.0,5.0,5.0,0.0,0.0,5.0,5.0,0.0,0.0,0.0,0.0,0.0,0.0,5.0,5.0,0.0,0.0,0.0,0.0,5.0,5.0,0.0,0.0
2363,wave1,dual_balanced,0.0,0.0,0.0,0.0,0.0,0.0,0.0,0.0,0.0,0.0,0.0,0.0,0.0,0.0,0.0,0.0,0.0,0.0,0.0,0.0,0.0,0.0,10.0,10.0,15.0,15.0,0.0,0.0,15.0,15.0,40.0,40.0,20.0,20.0,0.0,0.0,0.0,0.0,0.0,0.0,0.0,0.0,0.0,0.0,0.0,0.0,0.0,0.0,0.0,0.0
1476,wave1,dual_nonbiased,0.0,0.0,0.0,0.0,0.0,0.0,5.0,0.0,0.0,0.0,30.0,0.0,30.0,0.0,5.0,0.0,20.0,0.0,0.0,0.0,10.0,0.0,0.0,0.0,0.0,0.0,0.0,0.0,0.0,0.0,0.0,30.0,0.0,20.0,0.0,0.0,0.0,0.0,0.0,5.0,0.0,0.0,0.0,0.0,0.0,0.0,0.0,25.0,0.0,20.0
954,wave1,dual_balanced,0.0,0.0,0.0,0.0,0.0,0.0,0.0,0.0,0.0,0.0,40.0,30.0,0.0,0.0,20.0,20.0,0.0,0.0,0.0,0.0,0.0,0.0,0.0,0.0,0.0,0.0,0.0,0.0,10.0,10.0,20.0,20.0,0.0,0.0,0.0,0.0,0.0,0.0,0.0,10.0,0.0,0.0,0.0,0.0,0.0,0.0,10.0,10.0,0.0,0.0
1965,wave1,dual_nonbiased,0.0,25.0,0.0,0.0,0.0,0.0,0.0,20.0,10.0,0.0,10.0,0.0,0.0,15.0,0.0,0.0,0.0,0.0,0.0,0.0,0.0,0.0,0.0,0.0,0.0,0.0,30.0,10.0,20.0,10.0,30.0,20.0,0.0,0.0,0.0,0.0,0.0,0.0,0.0,0.0,0.0,0.0,0.0,0.0,0.0,0.0,0.0,0.0,0.0,0.0
42,wave1,dual_balanced,20.0,20.0,30.0,30.0,0.0,0.0,20.0,15.0,0.0,0.0,0.0,15.0,0.0,0.0,0.0,0.0,0.0,0.0,0.0,0.0,0.0,0.0,10.0,5.0,0.0,0.0,0.0,0.0,10.0,5.0,0.0,0.0,10.0,10.0,0.0,0.0,0.0,0.0,0.0,0.0,0.0,0.0,0.0,0.0,0.0,0.0,0.0,0.0,0.0,0.0
901,wave1,dual_balanced,20.0,10.0,0.0,10.0,0.0,0.0,10.0,10.0,10.0,10.0,0.0,0.0,0.0,0.0,10.0,10.0,0.0,0.0,0.0,0.0,0.0,0.0,0.0,0.0,20.0,15.0,20.0,15.0,10.0,10.0,0.0,10.0,0.0,0.0,0.0,0.0,0.0,0.0,0.0,0.0,0.0,0.0,0.0,0.0,0.0,0.0,0.0,0.0,0.0,0.0
588,wave1,dual_nonbiased,30.0,20.0,5.0,10.0,10.0,10.0,5.0,10.0,0.0,0.0,40.0,30.0,0.0,0.0,0.0,10.0,0.0,0.0,0.0,0.0,0.0,0.0,0.0,0.0,0.0,0.0,0.0,0.0,0.0,0.0,0.0,0.0,0.0,0.0,0.0,0.0,0.0,0.0,0.0,0.0,0.0,0.0,0.0,0.0,0.0,0.0,5.0,5.0,5.0,5.0
2323,wave1,dual_balanced,0.0,0.0,0.0,0.0,0.0,0.0,5.0,5.0,0.0,5.0,35.0,35.0,5.0,15.0,5.0,5.0,15.0,5.0,20.0,5.0,5.0,5.0,0.0,0.0,5.0,10.0,0.0,0.0,5.0,10.0,0.0,0.0,0.0,0.0,0.0,0.0,0.0,0.0,0.0,0.0,0.0,0.0,0.0,0.0,0.0,0.0,0.0,0.0,0.0,0.0
1483,wave1,dual_opposition,10.0,5.0,10.0,5.0,5.0,5.0,10.0,10.0,5.0,5.0,5.0,5.0,0.0,10.0,5.0,5.0,0.0,0.0,0.0,0.0,0.0,0.0,5.0,5.0,5.0,5.0,5.0,5.0,5.0,5.0,5.0,5.0,0.0,0.0,5.0,5.0,0.0,0.0,0.0,0.0,5.0,5.0,0.0,0.0,5.0,5.0,5.0,5.0,5.0,5.0
1240,wave1,dual_balanced,0.0,0.0,0.0,0.0,0.0,0.0,0.0,0.0,0.0,0.0,40.0,40.0,0.0,0.0,0.0,0.0,0.0,0.0,0.0,0.0,0.0,0.0,10.0,10.0,10.0,10.0,10.0,10.0,10.0,10.0,20.0,20.0,0.0,0.0,0.0,0.0,0.0,0.0,0.0,0.0,0.0,0.0,0.0,0.0,0.0,0.0,0.0,0.0,0.0,0.0
912,wave1,dual_nonbiased,0.0,0.0,0.0,0.0,0.0,0.0,10.0,10.0,15.0,15.0,15.0,15.0,0.0,0.0,0.0,0.0,0.0,0.0,0.0,0.0,0.0,0.0,0.0,0.0,10.0,10.0,0.0,0.0,5.0,5.0,20.0,20.0,0.0,0.0,0.0,0.0,0.0,0.0,15.0,15.0,0.0,0.0,0.0,0.0,0.0,0.0,10.0,10.0,0.0,0.0
216,wave1,dual_opposition,0.0,0.0,0.0,0.0,0.0,0.0,10.0,10.0,0.0,0.0,20.0,20.0,0.0,0.0,30.0,30.0,0.0,0.0,0.0,0.0,20.0,20.0,10.0,10.0,0.0,0.0,0.0,0.0,0.0,0.0,10.0,10.0,0.0,0.0,0.0,0.0,0.0,0.0,0.0,0.0,0.0,0.0,0.0,0.0,0.0,0.0,0.0,0.0,0.0,0.0
970,wave1,dual_opposition,0.0,0.0,0.0,20.0,0.0,0.0,20.0,10.0,20.0,0.0,0.0,30.0,0.0,0.0,0.0,0.0,20.0,15.0,0.0,0.0,0.0,0.0,0.0,0.0,0.0,0.0,0.0,0.0,20.0,15.0,20.0,10.0,0.0,0.0,0.0,0.0,0.0,0.0,0.0,0.0,0.0,0.0,0.0,0.0,0.0,0.0,0.0,0.0,0.0,0.0
864,wave1,dual_opposition,10.0,10.0,10.0,10.0,0.0,0.0,10.0,10.0,0.0,0.0,0.0,0.0,0.0,0.0,25.0,25.0,0.0,0.0,10.0,10.0,10.0,10.0,0.0,0.0,0.0,0.0,5.0,5.0,0.0,0.0,15.0,15.0,5.0,5.0,0.0,0.0,0.0,0.0,0.0,0.0,0.0,0.0,0.0,0.0,0.0,0.0,0.0,0.0,0.0,0.0
1865,wave1,dual_opposition,0.0,20.0,0.0,0.0,10.0,20.0,10.0,10.0,10.0,20.0,0.0,0.0,10.0,10.0,10.0,10.0,0.0,0.0,0.0,0.0,0.0,0.0,0.0,0.0,0.0,0.0,10.0,5.0,0.0,0.0,10.0,5.0,20.0,0.0,10.0,0.0,0.0,0.0,0.0,0.0,0.0,0.0,0.0,0.0,0.0,0.0,0.0,0.0,0.0,0.0
12,wave1,dual_balanced,5.0,5.0,0.0,0.0,10.0,10.0,0.0,0.0,0.0,0.0,40.0,40.0,0.0,0.0,0.0,0.0,0.0,0.0,5.0,5.0,0.0,0.0,0.0,0.0,0.0,0.0,10.0,10.0,15.0,15.0,15.0,15.0,0.0,0.0,0.0,0.0,0.0,0.0,0.0,0.0,0.0,0.0,0.0,0.0,0.0,0.0,0.0,0.0,0.0,0.0
1998,wave1,dual_opposition,0.0,0.0,0.0,10.0,0.0,0.0,5.0,10.0,0.0,0.0,10.0,25.0,5.0,0.0,0.0,0.0,0.0,0.0,0.0,0.0,5.0,0.0,10.0,15.0,0.0,0.0,0.0,0.0,0.0,0.0,30.0,20.0,20.0,15.0,0.0,0.0,0.0,0.0,0.0,0.0,5.0,0.0,0.0,0.0,0.0,0.0,10.0,5.0,0.0,0.0
517,wave1,dual_opposition,0.0,20.0,0.0,15.0,0.0,0.0,0.0,10.0,0.0,0.0,0.0,20.0,0.0,0.0,0.0,0.0,0.0,0.0,0.0,15.0,0.0,0.0,5.0,0.0,20.0,10.0,20.0,0.0,10.0,10.0,10.0,0.0,10.0,0.0,10.0,0.0,0.0,0.0,10.0,0.0,5.0,0.0,0.0,0.0,0.0,0.0,0.0,0.0,0.0,0.0
208,wave1,dual_balanced,0.0,0.0,0.0,0.0,0.0,0.0,0.0,0.0,0.0,0.0,5.0,5.0,0.0,0.0,0.0,0.0,0.0,0.0,0.0,0.0,0.0,0.0,25.0,30.0,0.0,0.0,0.0,0.0,10.0,10.0,30.0,35.0,5.0,5.0,0.0,0.0,0.0,0.0,0.0,0.0,0.0,0.0,0.0,0.0,0.0,0.0,0.0,15.0,25.0,0.0
2246,wave1,dual_nonbiased,0.0,0.0,0.0,0.0,0.0,0.0,25.0,25.0,0.0,0.0,0.0,0.0,5.0,0.0,0.0,10.0,0.0,0.0,25.0,25.0,0.0,25.0,40.0,10.0,0.0,0.0,0.0,0.0,0.0,0.0,0.0,0.0,0.0,0.0,0.0,0.0,0.0,0.0,0.0,0.0,0.0,0.0,5.0,5.0,0.0,0.0,0.0,0.0,0.0,0.0
1627,wave1,dual_balanced,0.0,0.0,0.0,0.0,5.0,5.0,5.0,5.0,0.0,0.0,40.0,40.0,20.0,20.0,10.0,10.0,0.0,0.0,0.0,0.0,10.0,5.0,10.0,5.0,0.0,0.0,0.0,0.0,0.0,5.0,0.0,0.0,0.0,0.0,0.0,0.0,0.0,0.0,0.0,0.0,0.0,0.0,0.0,0.0,0.0,0.0,0.0,5.0,0.0,0.0
1759,wave1,dual_opposition,0.0,0.0,0.0,0.0,40.0,0.0,10.0,0.0,0.0,0.0,15.0,15.0,0.0,0.0,0.0,0.0,0.0,0.0,0.0,0.0,0.0,0.0,10.0,10.0,15.0,15.0,0.0,0.0,0.0,0.0,0.0,0.0,0.0,30.0,10.0,30.0,0.0,0.0,0.0,0.0,0.0,0.0,0.0,0.0,0.0,0.0,0.0,0.0,0.0,0.0
822,wave1,dual_balanced,0.0,0.0,0.0,0.0,0.0,0.0,0.0,0.0,0.0,0.0,0.0,0.0,0.0,0.0,0.0,0.0,0.0,0.0,0.0,0.0,0.0,0.0,15.0,15.0,15.0,15.0,10.0,10.0,20.0,20.0,40.0,30.0,0.0,0.0,0.0,0.0,0.0,0.0,0.0,0.0,0.0,0.0,0.0,0.0,0.0,0.0,0.0,10.0,0.0,0.0
1020,wave1,dual_nonbiased,0.0,5.0,0.0,0.0,0.0,5.0,10.0,10.0,5.0,5.0,40.0,30.0,10.0,10.0,0.0,0.0,0.0,0.0,0.0,0.0,0.0,0.0,15.0,15.0,0.0,0.0,0.0,0.0,5.0,5.0,10.0,10.0,0.0,0.0,0.0,0.0,0.0,0.0,0.0,0.0,5.0,5.0,0.0,0.0,0.0,0.0,0.0,0.0,0.0,0.0
1604,wave1,dual_balanced,5.0,30.0,5.0,20.0,0.0,10.0,0.0,0.0,0.0,0.0,40.0,30.0,10.0,0.0,10.0,5.0,10.0,0.0,10.0,5.0,10.0,0.0,0.0,0.0,0.0,0.0,0.0,0.0,0.0,0.0,0.0,0.0,0.0,0.0,0.0,0.0,0.0,0.0,0.0,0.0,0.0,0.0,0.0,0.0,0.0,0.0,0.0,0.0,0.0,0.0
1072,wave1,dual_balanced,0.0,0.0,0.0,0.0,0.0,0.0,5.0,0.0,0.0,0.0,15.0,0.0,0.0,0.0,20.0,0.0,0.0,0.0,0.0,0.0,0.0,0.0,0.0,0.0,5.0,0.0,0.0,0.0,5.0,0.0,30.0,35.0,0.0,15.0,0.0,0.0,0.0,0.0,10.0,10.0,0.0,0.0,0.0,0.0,0.0,5.0,10.0,20.0,0.0,15.0
682,wave1,dual_nonbiased,0.0,0.0,0.0,0.0,30.0,20.0,0.0,5.0,0.0,0.0,25.0,25.0,5.0,10.0,10.0,10.0,0.0,0.0,10.0,5.0,0.0,0.0,0.0,0.0,0.0,0.0,5.0,7.5,5.0,7.5,5.0,10.0,0.0,0.0,0.0,0.0,0.0,0.0,0.0,0.0,0.0,0.0,0.0,0.0,5.0,0.0,0.0,0.0,0.0,0.0
1745,wave1,dual_opposition,0.0,0.0,0.0,15.0,0.0,0.0,10.0,10.0,10.0,10.0,10.0,20.0,10.0,10.0,0.0,0.0,0.0,0.0,0.0,0.0,0.0,0.0,0.0,10.0,0.0,10.0,10.0,10.0,0.0,0.0,0.0,0.0,0.0,0.0,10.0,0.0,0.0,0.0,0.0,0.0,10.0,0.0,0.0,0.0,10.0,0.0,10.0,5.0,10.0,0.0
284,wave1,dual_nonbiased,0.0,0.0,20.0,20.0,0.0,0.0,10.0,10.0,0.0,0.0,10.0,10.0,30.0,10.0,0.0,10.0,0.0,0.0,10.0,10.0,0.0,0.0,0.0,0.0,0.0,5.0,0.0,5.0,5.0,5.0,5.0,5.0,0.0,0.0,0.0,0.0,0.0,0.0,10.0,10.0,0.0,0.0,0.0,0.0,0.0,0.0,0.0,0.0,0.0,0.0
931,wave1,dual_balanced,0.0,0.0,0.0,0.0,0.0,0.0,0.0,0.0,0.0,0.0,10.0,0.0,10.0,0.0,0.0,0.0,10.0,0.0,0.0,0.0,0.0,0.0,0.0,0.0,0.0,0.0,30.0,20.0,0.0,0.0,40.0,30.0,0.0,15.0,0.0,0.0,0.0,0.0,0.0,10.0,0.0,0.0,0.0,0.0,0.0,0.0,0.0,25.0,0.0,0.0
1651,wave1,dual_opposition,25.0,25.0,0.0,0.0,0.0,0.0,10.0,10.0,0.0,0.0,0.0,0.0,0.0,0.0,0.0,0.0,0.0,0.0,0.0,0.0,0.0,0.0,15.0,15.0,15.0,15.0,10.0,10.0,0.0,0.0,15.0,15.0,0.0,0.0,0.0,0.0,0.0,0.0,0.0,0.0,0.0,0.0,0.0,0.0,0.0,0.0,0.0,0.0,10.0,10.0
1856,wave1,dual_balanced,10.0,10.0,25.0,25.0,0.0,0.0,0.0,0.0,0.0,0.0,0.0,0.0,0.0,0.0,0.0,0.0,0.0,0.0,0.0,0.0,0.0,0.0,0.0,0.0,0.0,0.0,30.0,30.0,0.0,0.0,0.0,0.0,0.0,0.0,20.0,20.0,0.0,0.0,0.0,0.0,0.0,0.0,0.0,0.0,0.0,0.0,15.0,15.0,0.0,0.0
955,wave1,dual_opposition,10.0,0.0,0.0,0.0,0.0,0.0,0.0,0.0,10.0,0.0,20.0,20.0,0.0,0.0,0.0,0.0,0.0,0.0,20.0,10.0,0.0,0.0,20.0,20.0,0.0,0.0,0.0,0.0,0.0,0.0,0.0,20.0,10.0,10.0,0.0,0.0,0.0,0.0,10.0,10.0,0.0,0.0,0.0,0.0,0.0,0.0,0.0,10.0,0.0,0.0
1769,wave1,dual_opposition,0.0,0.0,0.0,0.0,0.0,0.0,5.0,10.0,0.0,0.0,30.0,35.0,0.0,0.0,0.0,0.0,0.0,0.0,0.0,0.0,5.0,10.0,5.0,5.0,5.0,5.0,5.0,0.0,5.0,0.0,15.0,15.0,5.0,0.0,0.0,0.0,0.0,0.0,5.0,5.0,0.0,0.0,0.0,0.0,10.0,10.0,5.0,5.0,0.0,0.0
1300,wave1,dual_balanced,0.0,0.0,0.0,0.0,0.0,0.0,0.0,0.0,0.0,0.0,0.0,0.0,0.0,0.0,10.0,10.0,0.0,0.0,0.0,0.0,10.0,10.0,10.0,10.0,10.0,10.0,10.0,10.0,10.0,10.0,10.0,10.0,10.0,10.0,0.0,0.0,0.0,0.0,10.0,10.0,0.0,0.0,0.0,0.0,0.0,0.0,5.0,5.0,5.0,5.0
2089,wave1,dual_opposition,10.0,0.0,10.0,15.0,0.0,0.0,0.0,10.0,10.0,0.0,0.0,25.0,0.0,10.0,0.0,0.0,0.0,10.0,10.0,0.0,10.0,0.0,20.0,10.0,20.0,10.0,10.0,0.0,0.0,0.0,0.0,10.0,0.0,0.0,0.0,0.0,0.0,0.0,0.0,0.0,0.0,0.0,0.0,0.0,0.0,0.0,0.0,0.0,0.0,0.0
190,wave1,dual_opposition,10.0,10.0,10.0,10.0,10.0,10.0,10.0,10.0,0.0,0.0,0.0,0.0,10.0,10.0,0.0,0.0,0.0,0.0,0.0,0.0,10.0,10.0,10.0,10.0,10.0,10.0,10.0,10.0,0.0,0.0,10.0,10.0,0.0,0.0,0.0,0.0,0.0,0.0,0.0,0.0,0.0,0.0,0.0,0.0,0.0,0.0,0.0,0.0,0.0,0.0
111,wave1,dual_nonbiased,20.0,15.0,10.0,15.0,10.0,0.0,0.0,15.0,0.0,0.0,0.0,0.0,0.0,0.0,40.0,40.0,0.0,0.0,20.0,15.0,0.0,0.0,0.0,0.0,0.0,0.0,0.0,0.0,0.0,0.0,0.0,0.0,0.0,0.0,0.0,0.0,0.0,0.0,0.0,0.0,0.0,0.0,0.0,0.0,0.0,0.0,0.0,0.0,0.0,0.0
2260,wave1,dual_opposition,20.0,20.0,5.0,5.0,0.0,0.0,0.0,0.0,30.0,30.0,0.0,0.0,0.0,0.0,0.0,0.0,0.0,0.0,0.0,0.0,0.0,0.0,0.0,0.0,5.0,5.0,5.0,5.0,5.0,5.0,10.0,10.0,0.0,0.0,15.0,15.0,0.0,0.0,5.0,5.0,0.0,0.0,0.0,0.0,0.0,0.0,0.0,0.0,0.0,0.0
2257,wave1,dual_balanced,0.0,0.0,10.0,10.0,0.0,0.0,10.0,10.0,20.0,20.0,15.0,15.0,0.0,0.0,5.0,5.0,5.0,5.0,0.0,0.0,0.0,0.0,15.0,10.0,15.0,10.0,0.0,0.0,0.0,0.0,0.0,10.0,0.0,0.0,0.0,0.0,0.0,0.0,0.0,0.0,0.0,0.0,0.0,0.0,0.0,0.0,5.0,5.0,0.0,0.0
2155,wave1,dual_balanced,0.0,0.0,0.0,0.0,0.0,0.0,0.0,0.0,10.0,10.0,0.0,0.0,0.0,0.0,20.0,20.0,10.0,10.0,0.0,0.0,0.0,0.0,20.0,20.0,40.0,40.0,0.0,0.0,0.0,0.0,0.0,0.0,0.0,0.0,0.0,0.0,0.0,0.0,0.0,0.0,0.0,0.0,0.0,0.0,0.0,0.0,0.0,0.0,0.0,0.0
544,wave1,dual_balanced,15.0,15.0,0.0,0.0,0.0,0.0,0.0,0.0,0.0,0.0,40.0,30.0,0.0,0.0,15.0,10.0,0.0,0.0,0.0,0.0,15.0,15.0,0.0,0.0,0.0,0.0,0.0,0.0,0.0,0.0,0.0,5.0,0.0,5.0,0.0,0.0,0.0,0.0,15.0,15.0,0.0,0.0,0.0,0.0,0.0,0.0,0.0,5.0,0.0,0.0
1264,wave1,dual_nonbiased,20.0,15.0,20.0,10.0,20.0,0.0,20.0,20.0,20.0,10.0,0.0,20.0,0.0,0.0,0.0,0.0,0.0,0.0,0.0,25.0,0.0,0.0,0.0,0.0,0.0,0.0,0.0,0.0,0.0,0.0,0.0,0.0,0.0,0.0,0.0,0.0,0.0,0.0,0.0,0.0,0.0,0.0,0.0,0.0,0.0,0.0,0.0,0.0,0.0,0.0
2148,wave1,dual_nonbiased,5.0,5.0,5.0,5.0,0.0,5.0,0.0,5.0,0.0,0.0,40.0,30.0,0.0,0.0,0.0,0.0,0.0,0.0,0.0,0.0,0.0,0.0,10.0,10.0,10.0,10.0,10.0,10.0,0.0,0.0,10.0,10.0,0.0,0.0,0.0,0.0,0.0,0.0,5.0,5.0,0.0,0.0,0.0,0.0,0.0,0.0,5.0,5.0,0.0,0.0
2329,wave1,dual_opposition,0.0,0.0,0.0,0.0,0.0,0.0,10.0,10.0,0.0,0.0,0.0,10.0,0.0,0.0,15.0,15.0,0.0,0.0,0.0,0.0,0.0,0.0,10.0,10.0,10.0,20.0,0.0,0.0,10.0,10.0,0.0,0.0,0.0,0.0,0.0,0.0,0.0,0.0,0.0,0.0,5.0,5.0,25.0,5.0,0.0,0.0,15.0,15.0,0.0,0.0
2265,wave1,dual_nonbiased,0.0,0.0,0.0,0.0,0.0,0.0,0.0,0.0,0.0,0.0,0.0,0.0,10.0,10.0,5.0,5.0,0.0,0.0,0.0,0.0,0.0,0.0,10.0,10.0,5.0,5.0,5.0,5.0,5.0,5.0,15.0,15.0,10.0,10.0,5.0,5.0,0.0,0.0,0.0,0.0,0.0,0.0,0.0,0.0,0.0,0.0,30.0,30.0,0.0,0.0
1852,wave1,dual_nonbiased,0.0,0.0,0.0,0.0,0.0,0.0,10.0,10.0,30.0,10.0,20.0,20.0,0.0,0.0,0.0,0.0,0.0,0.0,0.0,0.0,0.0,0.0,0.0,0.0,0.0,0.0,20.0,10.0,0.0,10.0,0.0,0.0,20.0,20.0,0.0,0.0,0.0,0.0,0.0,20.0,0.0,0.0,0.0,0.0,0.0,0.0,0.0,0.0,0.0,0.0
760,wave1,dual_nonbiased,0.0,0.0,0.0,0.0,0.0,0.0,0.0,0.0,0.0,0.0,20.0,0.0,0.0,0.0,0.0,0.0,0.0,0.0,0.0,0.0,0.0,0.0,10.0,20.0,20.0,25.0,15.0,0.0,25.0,15.0,10.0,30.0,0.0,0.0,0.0,0.0,0.0,0.0,0.0,10.0,0.0,0.0,0.0,0.0,0.0,0.0,0.0,0.0,0.0,0.0
108,wave1,dual_opposition,0.0,0.0,0.0,0.0,0.0,0.0,0.0,0.0,0.0,0.0,0.0,0.0,0.0,0.0,0.0,0.0,10.0,0.0,0.0,0.0,10.0,0.0,0.0,0.0,0.0,0.0,20.0,20.0,20.0,20.0,0.0,10.0,0.0,0.0,0.0,0.0,0.0,0.0,0.0,10.0,0.0,0.0,0.0,0.0,0.0,0.0,40.0,40.0,0.0,0.0
2058,wave1,dual_nonbiased,0.0,10.0,0.0,0.0,0.0,0.0,15.0,10.0,0.0,0.0,20.0,20.0,0.0,10.0,10.0,10.0,0.0,0.0,0.0,0.0,0.0,0.0,10.0,10.0,0.0,0.0,0.0,0.0,10.0,10.0,10.0,10.0,10.0,0.0,0.0,0.0,0.0,0.0,0.0,0.0,0.0,0.0,0.0,0.0,0.0,0.0,5.0,10.0,10.0,0.0
308,wave1,dual_balanced,25.0,25.0,15.0,15.0,0.0,0.0,40.0,40.0,0.0,0.0,0.0,0.0,0.0,0.0,10.0,0.0,0.0,0.0,0.0,0.0,0.0,10.0,0.0,0.0,0.0,0.0,0.0,0.0,0.0,0.0,5.0,5.0,5.0,5.0,0.0,0.0,0.0,0.0,0.0,0.0,0.0,0.0,0.0,0.0,0.0,0.0,0.0,0.0,0.0,0.0
1152,wave1,dual_nonbiased,0.0,0.0,0.0,0.0,15.0,20.0,35.0,30.0,0.0,0.0,0.0,15.0,0.0,0.0,0.0,0.0,0.0,0.0,0.0,0.0,0.0,0.0,0.0,0.0,0.0,0.0,0.0,0.0,0.0,0.0,10.0,10.0,25.0,15.0,0.0,0.0,0.0,0.0,0.0,0.0,15.0,10.0,0.0,0.0,0.0,0.0,0.0,0.0,0.0,0.0
1424,wave1,dual_balanced,0.0,0.0,10.0,10.0,0.0,0.0,10.0,10.0,0.0,0.0,0.0,0.0,0.0,0.0,0.0,0.0,0.0,0.0,0.0,0.0,0.0,0.0,0.0,0.0,0.0,0.0,0.0,0.0,0.0,0.0,40.0,40.0,30.0,30.0,0.0,0.0,0.0,0.0,0.0,0.0,0.0,0.0,0.0,0.0,0.0,0.0,10.0,10.0,0.0,0.0
1373,wave1,dual_nonbiased,0.0,0.0,0.0,0.0,0.0,0.0,0.0,10.0,0.0,0.0,0.0,20.0,0.0,0.0,5.0,5.0,10.0,10.0,0.0,0.0,0.0,0.0,5.0,5.0,5.0,5.0,5.0,5.0,5.0,5.0,40.0,10.0,0.0,0.0,0.0,0.0,0.0,0.0,10.0,10.0,5.0,5.0,0.0,0.0,10.0,10.0,0.0,0.0,0.0,0.0
2147,wave1,dual_balanced,0.0,0.0,0.0,0.0,0.0,0.0,10.0,20.0,5.0,0.0,10.0,5.0,10.0,10.0,0.0,0.0,0.0,0.0,0.0,0.0,0.0,0.0,0.0,0.0,0.0,0.0,10.0,10.0,10.0,10.0,10.0,10.0,0.0,0.0,0.0,0.0,0.0,0.0,10.0,10.0,5.0,5.0,5.0,5.0,5.0,5.0,5.0,5.0,5.0,5.0
10,wave1,dual_nonbiased,0.0,0.0,0.0,0.0,0.0,0.0,5.0,5.0,5.0,5.0,0.0,0.0,10.0,10.0,10.0,10.0,10.0,10.0,10.0,10.0,10.0,10.0,10.0,10.0,5.0,5.0,5.0,5.0,5.0,5.0,5.0,5.0,0.0,0.0,5.0,5.0,0.0,0.0,0.0,0.0,0.0,0.0,0.0,0.0,5.0,5.0,0.0,0.0,0.0,0.0
1166,wave1,dual_nonbiased,10.0,10.0,5.0,10.0,0.0,0.0,10.0,5.0,10.0,10.0,30.0,30.0,0.0,0.0,0.0,0.0,0.0,0.0,0.0,0.0,0.0,10.0,5.0,0.0,0.0,0.0,5.0,10.0,5.0,0.0,10.0,10.0,5.0,5.0,0.0,0.0,0.0,0.0,0.0,0.0,0.0,0.0,0.0,0.0,0.0,0.0,5.0,0.0,0.0,0.0
1180,wave1,dual_balanced,0.0,0.0,0.0,0.0,0.0,0.0,20.0,20.0,0.0,0.0,0.0,0.0,0.0,0.0,10.0,10.0,0.0,0.0,0.0,0.0,0.0,0.0,30.0,30.0,0.0,0.0,10.0,10.0,0.0,0.0,0.0,0.0,30.0,30.0,0.0,0.0,0.0,0.0,0.0,0.0,0.0,0.0,0.0,0.0,0.0,0.0,0.0,0.0,0.0,0.0
1131,wave1,dual_balanced,0.0,0.0,0.0,0.0,0.0,0.0,20.0,20.0,0.0,0.0,20.0,10.0,0.0,0.0,10.0,10.0,0.0,0.0,0.0,0.0,0.0,0.0,0.0,0.0,0.0,0.0,0.0,0.0,0.0,0.0,40.0,30.0,0.0,0.0,0.0,0.0,0.0,0.0,0.0,0.0,0.0,0.0,0.0,0.0,0.0,0.0,0.0,20.0,10.0,10.0
695,wave1,dual_opposition,0.0,0.0,0.0,0.0,0.0,0.0,20.0,0.0,0.0,0.0,0.0,0.0,0.0,0.0,0.0,0.0,0.0,0.0,0.0,0.0,0.0,0.0,20.0,0.0,10.0,0.0,10.0,10.0,10.0,20.0,0.0,0.0,0.0,0.0,0.0,10.0,0.0,15.0,10.0,10.0,0.0,0.0,0.0,0.0,10.0,10.0,10.0,25.0,0.0,0.0
2081,wave1,dual_nonbiased,0.0,30.0,0.0,0.0,0.0,0.0,0.0,0.0,0.0,0.0,40.0,40.0,10.0,10.0,10.0,10.0,10.0,10.0,10.0,0.0,10.0,0.0,5.0,0.0,5.0,0.0,0.0,0.0,0.0,0.0,0.0,0.0,0.0,0.0,0.0,0.0,0.0,0.0,0.0,0.0,0.0,0.0,0.0,0.0,0.0,0.0,0.0,0.0,0.0,0.0
1394,wave1,dual_nonbiased,0.0,0.0,0.0,0.0,0.0,0.0,10.0,10.0,0.0,0.0,10.0,10.0,10.0,10.0,5.0,5.0,5.0,5.0,5.0,5.0,5.0,5.0,10.0,10.0,5.0,5.0,5.0,5.0,5.0,5.0,5.0,5.0,5.0,5.0,5.0,5.0,0.0,0.0,0.0,0.0,5.0,5.0,0.0,0.0,0.0,0.0,5.0,5.0,0.0,0.0
593,wave1,dual_balanced,5.0,5.0,0.0,0.0,5.0,10.0,0.0,0.0,5.0,0.0,8.0,15.0,7.0,0.0,8.0,10.0,7.0,0.0,8.0,10.0,7.0,0.0,5.0,5.0,5.0,0.0,5.0,0.0,5.0,5.0,5.0,5.0,5.0,0.0,0.0,0.0,5.0,0.0,0.0,0.0,0.0,0.0,5.0,10.0,0.0,15.0,0.0,10.0,0.0,0.0
1081,wave1,dual_opposition,0.0,0.0,0.0,15.0,0.0,0.0,0.0,10.0,0.0,0.0,20.0,20.0,20.0,0.0,20.0,0.0,0.0,0.0,0.0,0.0,0.0,0.0,5.0,10.0,0.0,10.0,5.0,10.0,5.0,10.0,0.0,0.0,0.0,0.0,0.0,0.0,0.0,0.0,20.0,10.0,0.0,0.0,0.0,0.0,0.0,0.0,5.0,5.0,0.0,0.0
219,wave1,dual_opposition,5.0,0.0,5.0,0.0,15.0,0.0,5.0,0.0,0.0,0.0,30.0,20.0,0.0,0.0,0.0,0.0,0.0,0.0,0.0,0.0,0.0,0.0,10.0,0.0,10.0,10.0,0.0,0.0,0.0,0.0,10.0,25.0,0.0,10.0,0.0,0.0,0.0,0.0,0.0,0.0,0.0,0.0,0.0,0.0,0.0,0.0,5.0,20.0,5.0,15.0
1202,wave1,dual_opposition,0.0,0.0,0.0,0.0,0.0,0.0,10.0,10.0,0.0,0.0,0.0,0.0,0.0,15.0,25.0,25.0,0.0,20.0,0.0,0.0,10.0,10.0,0.0,0.0,0.0,0.0,40.0,20.0,0.0,0.0,15.0,0.0,0.0,0.0,0.0,0.0,0.0,0.0,0.0,0.0,0.0,0.0,0.0,0.0,0.0,0.0,0.0,0.0,0.0,0.0
2027,wave1,dual_balanced,0.0,0.0,0.0,0.0,10.0,10.0,10.0,10.0,10.0,10.0,30.0,30.0,0.0,0.0,15.0,15.0,0.0,0.0,0.0,0.0,10.0,10.0,0.0,0.0,0.0,0.0,0.0,0.0,0.0,0.0,0.0,0.0,0.0,0.0,0.0,0.0,0.0,0.0,0.0,0.0,0.0,0.0,0.0,0.0,0.0,0.0,10.0,10.0,5.0,5.0
1187,wave1,dual_opposition,20.0,20.0,16.0,16.0,0.0,0.0,20.0,20.0,0.0,0.0,0.0,0.0,0.0,0.0,0.0,0.0,0.0,0.0,0.0,0.0,0.0,0.0,0.0,0.0,0.0,0.0,10.0,10.0,10.0,10.0,0.0,0.0,0.0,0.0,7.0,7.0,0.0,0.0,0.0,0.0,0.0,0.0,0.0,0.0,7.0,7.0,10.0,10.0,0.0,0.0
369,wave1,dual_opposition,0.0,0.0,0.0,0.0,10.0,10.0,40.0,0.0,0.0,0.0,0.0,0.0,0.0,0.0,0.0,0.0,0.0,0.0,0.0,0.0,0.0,0.0,0.0,0.0,10.0,10.0,20.0,20.0,0.0,0.0,10.0,10.0,10.0,10.0,0.0,0.0,0.0,10.0,0.0,10.0,0.0,0.0,0.0,0.0,0.0,0.0,0.0,0.0,0.0,20.0
799,wave1,dual_opposition,0.0,0.0,10.0,20.0,0.0,0.0,0.0,15.0,20.0,0.0,30.0,30.0,10.0,10.0,0.0,0.0,0.0,0.0,0.0,0.0,0.0,0.0,0.0,0.0,0.0,0.0,0.0,0.0,0.0,0.0,30.0,15.0,0.0,0.0,0.0,0.0,0.0,0.0,0.0,0.0,0.0,0.0,0.0,0.0,0.0,0.0,0.0,0.0,0.0,10.0
1780,wave1,dual_opposition,10.0,10.0,5.0,5.0,5.0,5.0,10.0,10.0,0.0,5.0,5.0,5.0,5.0,5.0,5.0,5.0,5.0,5.0,5.0,5.0,5.0,5.0,5.0,5.0,5.0,5.0,5.0,5.0,5.0,5.0,5.0,5.0,0.0,0.0,0.0,0.0,0.0,0.0,5.0,5.0,0.0,0.0,0.0,0.0,0.0,0.0,5.0,5.0,5.0,0.0
1948,wave1,dual_balanced,10.0,10.0,10.0,0.0,5.0,0.0,5.0,5.0,5.0,0.0,20.0,20.0,5.0,5.0,0.0,0.0,0.0,0.0,5.0,5.0,5.0,5.0,5.0,5.0,5.0,5.0,5.0,10.0,5.0,5.0,0.0,0.0,5.0,10.0,0.0,0.0,0.0,0.0,0.0,0.0,0.0,0.0,0.0,0.0,0.0,0.0,5.0,15.0,0.0,0.0
1939,wave1,dual_nonbiased,0.0,0.0,0.0,0.0,0.0,0.0,0.0,0.0,0.0,0.0,40.0,40.0,15.0,15.0,10.0,10.0,15.0,15.0,0.0,0.0,0.0,0.0,0.0,0.0,5.0,5.0,5.0,5.0,5.0,5.0,5.0,5.0,0.0,0.0,0.0,0.0,0.0,0.0,0.0,0.0,0.0,0.0,0.0,0.0,0.0,0.0,0.0,0.0,0.0,0.0
2146,wave1,dual_opposition,5.0,0.0,5.0,0.0,5.0,0.0,5.0,0.0,5.0,0.0,5.0,0.0,5.0,0.0,5.0,5.0,5.0,5.0,5.0,5.0,5.0,5.0,10.0,10.0,5.0,5.0,5.0,5.0,10.0,10.0,5.0,5.0,5.0,40.0,5.0,5.0,0.0,0.0,0.0,0.0,0.0,0.0,0.0,0.0,0.0,0.0,0.0,0.0,0.0,0.0
1098,wave1,dual_nonbiased,0.0,0.0,0.0,0.0,0.0,0.0,30.0,40.0,0.0,0.0,10.0,0.0,0.0,0.0,40.0,40.0,0.0,10.0,0.0,0.0,10.0,0.0,0.0,0.0,0.0,0.0,0.0,0.0,0.0,0.0,0.0,0.0,0.0,0.0,0.0,0.0,0.0,0.0,10.0,5.0,0.0,0.0,0.0,0.0,0.0,0.0,0.0,5.0,0.0,0.0
1068,wave1,dual_balanced,0.0,20.0,0.0,0.0,0.0,0.0,5.0,5.0,0.0,0.0,15.0,15.0,0.0,0.0,0.0,0.0,0.0,0.0,0.0,0.0,0.0,0.0,5.0,5.0,5.0,5.0,0.0,0.0,30.0,15.0,0.0,0.0,0.0,0.0,0.0,0.0,0.0,0.0,30.0,25.0,5.0,5.0,0.0,0.0,0.0,0.0,5.0,5.0,0.0,0.0
351,wave1,dual_balanced,0.0,0.0,0.0,0.0,0.0,0.0,20.0,20.0,15.0,15.0,20.0,20.0,0.0,0.0,30.0,30.0,0.0,0.0,0.0,0.0,0.0,0.0,0.0,0.0,0.0,0.0,0.0,0.0,0.0,0.0,15.0,15.0,0.0,0.0,0.0,0.0,0.0,0.0,0.0,0.0,0.0,0.0,0.0,0.0,0.0,0.0,0.0,0.0,0.0,0.0
1013,wave1,dual_opposition,5.0,10.0,5.0,10.0,0.0,0.0,0.0,0.0,5.0,5.0,20.0,30.0,5.0,5.0,15.0,0.0,5.0,5.0,0.0,0.0,15.0,0.0,5.0,5.0,5.0,10.0,5.0,10.0,5.0,5.0,5.0,5.0,0.0,0.0,0.0,0.0,0.0,0.0,0.0,0.0,0.0,0.0,0.0,0.0,0.0,0.0,0.0,0.0,0.0,0.0
1882,wave1,dual_nonbiased,0.0,0.0,0.0,20.0,0.0,0.0,15.0,10.0,0.0,0.0,0.0,20.0,0.0,0.0,15.0,0.0,15.0,10.0,0.0,0.0,15.0,0.0,0.0,0.0,0.0,0.0,15.0,15.0,15.0,15.0,0.0,0.0,0.0,0.0,0.0,0.0,0.0,0.0,0.0,0.0,0.0,0.0,0.0,0.0,0.0,0.0,10.0,10.0,0.0,0.0
1603,wave1,dual_nonbiased,25.0,25.0,0.0,0.0,0.0,0.0,0.0,0.0,5.0,5.0,40.0,30.0,10.0,20.0,0.0,0.0,0.0,0.0,0.0,0.0,0.0,0.0,10.0,10.0,10.0,10.0,0.0,0.0,0.0,0.0,0.0,0.0,0.0,0.0,0.0,0.0,0.0,0.0,0.0,0.0,0.0,0.0,0.0,0.0,0.0,0.0,0.0,0.0,0.0,0.0
354,wave1,dual_nonbiased,0.0,0.0,0.0,0.0,0.0,0.0,0.0,0.0,0.0,0.0,0.0,0.0,0.0,0.0,0.0,0.0,0.0,0.0,0.0,0.0,0.0,0.0,25.0,25.0,25.0,25.0,15.0,15.0,20.0,20.0,5.0,5.0,0.0,0.0,0.0,0.0,0.0,0.0,0.0,0.0,10.0,10.0,0.0,0.0,0.0,0.0,0.0,0.0,0.0,0.0
1978,wave1,dual_balanced,15.0,15.0,0.0,10.0,0.0,0.0,0.0,10.0,0.0,0.0,0.0,0.0,0.0,0.0,0.0,0.0,0.0,0.0,0.0,0.0,0.0,0.0,0.0,0.0,15.0,15.0,40.0,20.0,15.0,15.0,0.0,0.0,0.0,0.0,0.0,0.0,0.0,0.0,0.0,0.0,0.0,0.0,0.0,0.0,0.0,0.0,15.0,15.0,0.0,0.0
419,wave1,dual_balanced,0.0,0.0,0.0,0.0,0.0,0.0,40.0,40.0,0.0,0.0,0.0,0.0,0.0,0.0,10.0,10.0,0.0,0.0,0.0,0.0,0.0,0.0,10.0,10.0,0.0,0.0,0.0,0.0,10.0,5.0,0.0,5.0,0.0,0.0,0.0,0.0,0.0,0.0,15.0,15.0,5.0,5.0,0.0,0.0,0.0,0.0,10.0,10.0,0.0,0.0
1248,wave1,dual_nonbiased,5.0,5.0,5.0,5.0,10.0,10.0,0.0,0.0,0.0,0.0,30.0,30.0,10.0,10.0,10.0,10.0,0.0,0.0,0.0,0.0,20.0,20.0,0.0,0.0,5.0,5.0,5.0,5.0,0.0,0.0,0.0,0.0,0.0,0.0,0.0,0.0,0.0,0.0,0.0,0.0,0.0,0.0,0.0,0.0,0.0,0.0,0.0,0.0,0.0,0.0
2218,wave1,dual_opposition,0.0,0.0,0.0,10.0,0.0,0.0,0.0,10.0,0.0,0.0,0.0,0.0,0.0,0.0,0.0,0.0,0.0,0.0,0.0,0.0,0.0,0.0,10.0,10.0,10.0,10.0,10.0,10.0,10.0,10.0,20.0,10.0,20.0,10.0,0.0,0.0,0.0,0.0,10.0,10.0,0.0,0.0,0.0,0.0,10.0,10.0,0.0,0.0,0.0,0.0
228,wave1,dual_balanced,0.0,0.0,0.0,0.0,0.0,0.0,0.0,0.0,20.0,0.0,30.0,30.0,0.0,0.0,0.0,0.0,15.0,15.0,0.0,0.0,10.0,10.0,10.0,10.0,0.0,0.0,0.0,0.0,0.0,0.0,0.0,0.0,0.0,0.0,0.0,20.0,0.0,0.0,0.0,0.0,0.0,0.0,0.0,0.0,0.0,0.0,0.0,0.0,15.0,15.0
527,wave1,dual_opposition,10.0,10.0,0.0,0.0,0.0,0.0,5.0,5.0,0.0,0.0,20.0,20.0,0.0,0.0,10.0,10.0,0.0,0.0,0.0,0.0,10.0,10.0,0.0,0.0,0.0,0.0,0.0,0.0,0.0,0.0,20.0,20.0,0.0,0.0,0.0,0.0,0.0,0.0,20.0,20.0,0.0,0.0,0.0,0.0,5.0,5.0,0.0,0.0,0.0,0.0
480,wave1,dual_nonbiased,0.0,0.0,0.0,0.0,10.0,10.0,30.0,30.0,0.0,0.0,0.0,0.0,0.0,0.0,0.0,0.0,0.0,0.0,0.0,0.0,0.0,0.0,10.0,10.0,10.0,10.0,10.0,10.0,0.0,0.0,0.0,0.0,20.0,20.0,0.0,0.0,0.0,0.0,10.0,10.0,0.0,0.0,0.0,0.0,0.0,0.0,0.0,0.0,0.0,0.0
687,wave1,dual_opposition,5.0,0.0,5.0,0.0,0.0,0.0,25.0,0.0,0.0,0.0,0.0,0.0,0.0,0.0,10.0,10.0,10.0,10.0,0.0,0.0,5.0,5.0,5.0,5.0,5.0,5.0,5.0,15.0,5.0,10.0,5.0,20.0,10.0,15.0,0.0,0.0,0.0,0.0,0.0,0.0,0.0,0.0,0.0,0.0,0.0,0.0,5.0,5.0,0.0,0.0
963,wave1,dual_nonbiased,10.0,10.0,0.0,0.0,0.0,0.0,0.0,0.0,0.0,0.0,0.0,0.0,0.0,0.0,30.0,10.0,0.0,10.0,10.0,10.0,0.0,0.0,0.0,0.0,20.0,15.0,10.0,15.0,0.0,0.0,0.0,0.0,0.0,0.0,20.0,20.0,0.0,0.0,0.0,0.0,0.0,0.0,0.0,0.0,0.0,10.0,0.0,0.0,0.0,0.0
1382,wave1,dual_nonbiased,0.0,0.0,0.0,0.0,0.0,0.0,0.0,10.0,25.0,10.0,10.0,15.0,10.0,10.0,5.0,5.0,10.0,10.0,10.0,10.0,10.0,10.0,0.0,0.0,0.0,10.0,0.0,0.0,0.0,0.0,0.0,0.0,0.0,0.0,10.0,5.0,0.0,0.0,0.0,0.0,10.0,5.0,0.0,0.0,0.0,0.0,0.0,0.0,0.0,0.0
1075,wave1,dual_nonbiased,5.0,5.0,0.0,0.0,0.0,0.0,0.0,10.0,0.0,0.0,10.0,15.0,5.0,5.0,5.0,5.0,0.0,0.0,0.0,0.0,0.0,0.0,20.0,10.0,5.0,10.0,5.0,5.0,5.0,5.0,10.0,10.0,0.0,0.0,5.0,5.0,0.0,0.0,0.0,0.0,5.0,0.0,0.0,0.0,0.0,0.0,10.0,10.0,10.0,5.0
551,wave1,dual_opposition,0.0,0.0,0.0,0.0,0.0,0.0,15.0,10.0,20.0,0.0,0.0,30.0,0.0,0.0,20.0,10.0,0.0,0.0,0.0,0.0,15.0,0.0,0.0,0.0,0.0,0.0,10.0,10.0,0.0,0.0,0.0,20.0,0.0,0.0,0.0,0.0,0.0,0.0,0.0,0.0,20.0,10.0,0.0,0.0,0.0,0.0,0.0,0.0,0.0,10.0
2242,wave1,dual_opposition,0.0,0.0,0.0,0.0,0.0,0.0,0.0,0.0,0.0,0.0,40.0,40.0,15.0,15.0,15.0,15.0,15.0,15.0,15.0,15.0,0.0,0.0,0.0,0.0,0.0,0.0,0.0,0.0,0.0,0.0,0.0,0.0,0.0,0.0,0.0,0.0,0.0,0.0,0.0,0.0,0.0,0.0,0.0,0.0,0.0,0.0,0.0,0.0,0.0,0.0
1729,wave1,dual_balanced,0.0,10.0,0.0,0.0,10.0,10.0,0.0,0.0,10.0,0.0,0.0,0.0,0.0,0.0,5.0,5.0,0.0,0.0,5.0,5.0,15.0,15.0,20.0,5.0,0.0,0.0,0.0,0.0,0.0,0.0,0.0,0.0,0.0,0.0,0.0,0.0,0.0,0.0,0.0,0.0,0.0,0.0,0.0,0.0,0.0,15.0,25.0,25.0,10.0,10.0
1224,wave1,dual_opposition,0.0,0.0,0.0,0.0,0.0,0.0,5.0,5.0,10.0,10.0,20.0,20.0,0.0,0.0,15.0,15.0,0.0,0.0,0.0,0.0,0.0,0.0,0.0,0.0,0.0,0.0,0.0,0.0,0.0,0.0,20.0,20.0,20.0,20.0,0.0,0.0,0.0,0.0,0.0,0.0,0.0,0.0,0.0,0.0,0.0,0.0,10.0,10.0,0.0,0.0
468,wave1,dual_opposition,0.0,0.0,0.0,0.0,0.0,0.0,5.0,5.0,0.0,0.0,10.0,25.0,5.0,5.0,10.0,9.0,10.0,8.0,0.0,0.0,5.0,5.0,5.0,0.0,5.0,5.0,5.0,5.0,5.0,5.0,10.0,8.0,0.0,0.0,5.0,5.0,5.0,5.0,5.0,5.0,0.0,0.0,0.0,0.0,0.0,0.0,5.0,5.0,5.0,0.0
1626,wave1,dual_opposition,20.0,20.0,20.0,20.0,0.0,0.0,0.0,0.0,20.0,20.0,20.0,20.0,0.0,0.0,0.0,0.0,0.0,0.0,0.0,0.0,20.0,20.0,0.0,0.0,0.0,0.0,0.0,0.0,0.0,0.0,0.0,0.0,0.0,0.0,0.0,0.0,0.0,0.0,0.0,0.0,0.0,0.0,0.0,0.0,0.0,0.0,0.0,0.0,0.0,0.0
482,wave1,dual_opposition,5.0,5.0,5.0,5.0,5.0,5.0,25.0,20.0,0.0,0.0,25.0,25.0,0.0,5.0,25.0,25.0,0.0,0.0,0.0,0.0,0.0,0.0,0.0,0.0,0.0,0.0,5.0,5.0,5.0,5.0,0.0,0.0,0.0,0.0,0.0,0.0,0.0,0.0,0.0,0.0,0.0,0.0,0.0,0.0,0.0,0.0,0.0,0.0,0.0,0.0
528,wave1,dual_opposition,20.0,20.0,0.0,0.0,15.0,15.0,30.0,30.0,20.0,20.0,15.0,15.0,0.0,0.0,0.0,0.0,0.0,0.0,0.0,0.0,0.0,0.0,0.0,0.0,0.0,0.0,0.0,0.0,0.0,0.0,0.0,0.0,0.0,0.0,0.0,0.0,0.0,0.0,0.0,0.0,0.0,0.0,0.0,0.0,0.0,0.0,0.0,0.0,0.0,0.0
1086,wave1,dual_opposition,0.0,0.0,0.0,0.0,0.0,0.0,0.0,0.0,0.0,0.0,0.0,0.0,0.0,0.0,0.0,0.0,0.0,0.0,0.0,0.0,0.0,0.0,30.0,30.0,25.0,25.0,25.0,25.0,0.0,0.0,0.0,0.0,0.0,0.0,10.0,10.0,0.0,0.0,0.0,0.0,0.0,0.0,0.0,0.0,10.0,10.0,0.0,0.0,0.0,0.0
2186,wave1,dual_nonbiased,10.0,15.0,5.0,0.0,20.0,20.0,5.0,5.0,0.0,0.0,15.0,20.0,5.0,0.0,5.0,10.0,0.0,0.0,5.0,0.0,0.0,0.0,5.0,5.0,5.0,0.0,5.0,5.0,5.0,5.0,5.0,10.0,0.0,0.0,0.0,0.0,0.0,0.0,0.0,0.0,5.0,5.0,0.0,0.0,0.0,0.0,0.0,0.0,0.0,0.0
2243,wave1,dual_opposition,10.0,10.0,5.0,0.0,5.0,10.0,15.0,10.0,0.0,0.0,25.0,25.0,0.0,10.0,0.0,0.0,0.0,0.0,15.0,10.0,15.0,10.0,0.0,0.0,0.0,5.0,0.0,0.0,0.0,10.0,5.0,0.0,0.0,0.0,0.0,0.0,0.0,0.0,5.0,0.0,0.0,0.0,0.0,0.0,0.0,0.0,0.0,0.0,0.0,0.0
124,wave1,dual_opposition,5.0,5.0,5.0,5.0,0.0,0.0,0.0,0.0,0.0,0.0,20.0,20.0,10.0,10.0,20.0,20.0,10.0,10.0,10.0,10.0,10.0,10.0,5.0,5.0,0.0,0.0,0.0,0.0,0.0,0.0,0.0,0.0,0.0,0.0,0.0,0.0,0.0,0.0,0.0,0.0,0.0,0.0,5.0,5.0,0.0,0.0,0.0,0.0,0.0,0.0
749,wave1,dual_nonbiased,0.0,0.0,0.0,0.0,10.0,10.0,15.0,15.0,0.0,0.0,0.0,0.0,5.0,5.0,20.0,20.0,5.0,5.0,0.0,0.0,25.0,25.0,0.0,0.0,0.0,0.0,0.0,0.0,0.0,0.0,0.0,0.0,0.0,0.0,0.0,0.0,0.0,0.0,0.0,0.0,0.0,0.0,0.0,0.0,0.0,0.0,15.0,15.0,5.0,5.0
1094,wave1,dual_opposition,5.0,0.0,5.0,0.0,0.0,0.0,5.0,0.0,10.0,0.0,0.0,0.0,0.0,0.0,25.0,10.0,5.0,0.0,5.0,0.0,10.0,10.0,10.0,0.0,0.0,0.0,5.0,10.0,0.0,0.0,10.0,25.0,5.0,15.0,0.0,5.0,0.0,0.0,0.0,0.0,0.0,0.0,0.0,0.0,0.0,0.0,0.0,15.0,0.0,10.0
1819,wave1,dual_opposition,0.0,0.0,5.0,5.0,0.0,0.0,5.0,5.0,10.0,10.0,40.0,40.0,0.0,0.0,15.0,15.0,0.0,0.0,0.0,0.0,5.0,5.0,0.0,0.0,0.0,0.0,0.0,0.0,0.0,0.0,5.0,5.0,0.0,0.0,0.0,0.0,0.0,0.0,0.0,0.0,0.0,0.0,0.0,0.0,0.0,0.0,10.0,10.0,5.0,5.0
1834,wave1,dual_balanced,10.0,10.0,10.0,10.0,10.0,5.0,0.0,0.0,5.0,5.0,15.0,20.0,5.0,5.0,5.0,5.0,5.0,5.0,7.0,7.0,7.0,7.0,5.0,5.0,5.0,5.0,5.0,5.0,0.0,0.0,0.0,0.0,0.0,0.0,0.0,0.0,0.0,0.0,0.0,0.0,0.0,0.0,0.0,0.0,0.0,0.0,6.0,6.0,0.0,0.0
1770,wave1,dual_opposition,9.0,9.0,16.0,16.0,0.0,0.0,5.0,5.0,0.0,0.0,0.0,0.0,0.0,0.0,0.0,0.0,0.0,0.0,0.0,0.0,0.0,0.0,0.0,0.0,26.0,26.0,20.0,20.0,0.0,0.0,0.0,0.0,24.0,24.0,0.0,0.0,0.0,0.0,0.0,0.0,0.0,0.0,0.0,0.0,0.0,0.0,0.0,0.0,0.0,0.0
582,wave1,dual_opposition,5.0,0.0,5.0,15.0,5.0,0.0,5.0,10.0,10.0,0.0,25.0,30.0,10.0,10.0,5.0,10.0,5.0,0.0,5.0,0.0,5.0,0.0,0.0,0.0,0.0,10.0,0.0,0.0,0.0,0.0,5.0,5.0,5.0,5.0,0.0,0.0,0.0,0.0,0.0,0.0,0.0,0.0,0.0,0.0,0.0,0.0,5.0,5.0,0.0,0.0
318,wave1,dual_opposition,15.0,25.0,15.0,15.0,15.0,10.0,0.0,10.0,0.0,0.0,0.0,0.0,0.0,10.0,0.0,0.0,0.0,0.0,0.0,0.0,0.0,0.0,15.0,10.0,15.0,10.0,15.0,0.0,0.0,0.0,0.0,0.0,0.0,0.0,0.0,0.0,0.0,0.0,10.0,10.0,0.0,0.0,0.0,0.0,0.0,0.0,0.0,0.0,0.0,0.0
829,wave1,dual_balanced,0.0,0.0,0.0,0.0,0.0,0.0,10.0,10.0,0.0,0.0,40.0,25.0,10.0,10.0,15.0,10.0,0.0,0.0,0.0,0.0,5.0,0.0,0.0,0.0,0.0,0.0,5.0,5.0,0.0,0.0,5.0,20.0,0.0,0.0,0.0,0.0,0.0,0.0,5.0,5.0,0.0,0.0,0.0,0.0,0.0,0.0,5.0,15.0,0.0,0.0
1279,wave1,dual_balanced,20.0,15.0,10.0,10.0,5.0,5.0,15.0,10.0,5.0,5.0,5.0,15.0,10.0,5.0,5.0,5.0,0.0,0.0,0.0,0.0,0.0,0.0,5.0,5.0,5.0,5.0,5.0,0.0,0.0,0.0,5.0,5.0,0.0,10.0,0.0,0.0,0.0,0.0,0.0,0.0,0.0,0.0,0.0,0.0,0.0,0.0,5.0,5.0,0.0,0.0
115,wave1,dual_nonbiased,0.0,0.0,0.0,0.0,0.0,0.0,5.0,5.0,0.0,0.0,0.0,0.0,0.0,0.0,0.0,0.0,0.0,0.0,0.0,0.0,0.0,0.0,20.0,20.0,25.0,25.0,0.0,0.0,0.0,0.0,25.0,25.0,25.0,25.0,0.0,0.0,0.0,0.0,0.0,0.0,0.0,0.0,0.0,0.0,0.0,0.0,0.0,0.0,0.0,0.0
1299,wave1,dual_nonbiased,0.0,0.0,0.0,10.0,0.0,10.0,0.0,0.0,10.0,10.0,40.0,30.0,10.0,10.0,20.0,10.0,10.0,10.0,10.0,10.0,0.0,0.0,0.0,0.0,0.0,0.0,0.0,0.0,0.0,0.0,0.0,0.0,0.0,0.0,0.0,0.0,0.0,0.0,0.0,0.0,0.0,0.0,0.0,0.0,0.0,0.0,0.0,0.0,0.0,0.0
672,wave1,dual_opposition,10.0,10.0,5.0,5.0,10.0,10.0,10.0,10.0,10.0,10.0,5.0,5.0,5.0,5.0,10.0,10.0,10.0,10.0,0.0,0.0,0.0,0.0,5.0,5.0,5.0,5.0,5.0,5.0,5.0,5.0,5.0,5.0,0.0,0.0,0.0,0.0,0.0,0.0,0.0,0.0,0.0,0.0,0.0,0.0,0.0,0.0,0.0,0.0,0.0,0.0
1429,wave1,dual_balanced,0.0,0.0,0.0,0.0,0.0,0.0,5.0,10.0,0.0,0.0,0.0,0.0,0.0,0.0,0.0,0.0,0.0,0.0,0.0,0.0,0.0,0.0,20.0,0.0,0.0,0.0,30.0,10.0,0.0,0.0,0.0,20.0,5.0,0.0,0.0,0.0,0.0,0.0,0.0,0.0,0.0,0.0,0.0,0.0,0.0,0.0,40.0,40.0,0.0,20.0
646,wave1,dual_nonbiased,0.0,10.0,0.0,0.0,0.0,0.0,20.0,15.0,0.0,0.0,10.0,30.0,0.0,20.0,0.0,0.0,0.0,0.0,0.0,0.0,0.0,0.0,0.0,0.0,0.0,0.0,0.0,0.0,0.0,0.0,30.0,15.0,20.0,10.0,0.0,0.0,0.0,0.0,0.0,0.0,20.0,0.0,0.0,0.0,0.0,0.0,0.0,0.0,0.0,0.0
958,wave1,dual_balanced,30.0,30.0,20.0,20.0,30.0,30.0,0.0,0.0,0.0,0.0,10.0,10.0,0.0,0.0,10.0,10.0,0.0,0.0,0.0,0.0,0.0,0.0,0.0,0.0,0.0,0.0,0.0,0.0,0.0,0.0,0.0,0.0,0.0,0.0,0.0,0.0,0.0,0.0,0.0,0.0,0.0,0.0,0.0,0.0,0.0,0.0,0.0,0.0,0.0,0.0
2048,wave1,dual_balanced,10.0,10.0,10.0,10.0,20.0,20.0,0.0,0.0,0.0,0.0,0.0,0.0,10.0,10.0,0.0,0.0,0.0,0.0,0.0,0.0,0.0,0.0,20.0,20.0,0.0,0.0,0.0,0.0,0.0,0.0,0.0,0.0,0.0,0.0,0.0,0.0,0.0,0.0,0.0,0.0,0.0,0.0,0.0,0.0,0.0,0.0,30.0,30.0,0.0,0.0
21,wave1,dual_nonbiased,0.0,15.0,0.0,0.0,0.0,0.0,10.0,10.0,0.0,0.0,10.0,20.0,0.0,10.0,0.0,0.0,0.0,0.0,0.0,0.0,0.0,0.0,0.0,0.0,0.0,10.0,0.0,0.0,25.0,15.0,20.0,10.0,5.0,0.0,0.0,0.0,0.0,0.0,15.0,10.0,0.0,0.0,0.0,0.0,15.0,0.0,0.0,0.0,0.0,0.0
523,wave1,dual_opposition,5.0,5.0,5.0,5.0,5.0,5.0,5.0,5.0,0.0,0.0,26.0,26.0,5.0,5.0,10.0,10.0,0.0,0.0,15.0,15.0,0.0,0.0,5.0,5.0,5.0,5.0,6.0,6.0,0.0,0.0,0.0,0.0,0.0,0.0,0.0,0.0,0.0,0.0,0.0,0.0,8.0,8.0,0.0,0.0,0.0,0.0,0.0,0.0,0.0,0.0
594,wave1,dual_nonbiased,0.0,0.0,0.0,0.0,0.0,0.0,10.0,10.0,5.0,5.0,30.0,20.0,0.0,10.0,0.0,10.0,0.0,0.0,0.0,5.0,0.0,0.0,5.0,5.0,15.0,10.0,0.0,0.0,15.0,10.0,15.0,10.0,0.0,0.0,5.0,5.0,0.0,0.0,0.0,0.0,0.0,0.0,0.0,0.0,0.0,0.0,0.0,0.0,0.0,0.0
1036,wave1,dual_opposition,0.0,10.0,0.0,10.0,0.0,0.0,0.0,30.0,0.0,0.0,0.0,0.0,0.0,0.0,0.0,0.0,0.0,0.0,0.0,0.0,30.0,10.0,0.0,0.0,5.0,5.0,5.0,5.0,5.0,5.0,5.0,5.0,5.0,5.0,0.0,0.0,0.0,0.0,40.0,10.0,0.0,0.0,0.0,0.0,0.0,0.0,5.0,5.0,0.0,0.0
1994,wave1,dual_opposition,0.0,5.0,0.0,0.0,0.0,5.0,40.0,10.0,10.0,5.0,0.0,0.0,0.0,0.0,0.0,0.0,0.0,0.0,0.0,0.0,0.0,0.0,0.0,20.0,0.0,15.0,0.0,20.0,0.0,5.0,0.0,0.0,0.0,15.0,10.0,0.0,10.0,0.0,10.0,0.0,10.0,0.0,0.0,0.0,10.0,0.0,0.0,0.0,0.0,0.0
1425,wave1,dual_balanced,0.0,0.0,0.0,0.0,0.0,0.0,10.0,10.0,0.0,0.0,0.0,0.0,0.0,0.0,0.0,0.0,0.0,0.0,0.0,0.0,0.0,0.0,10.0,10.0,0.0,0.0,20.0,20.0,10.0,10.0,20.0,20.0,20.0,20.0,0.0,0.0,0.0,0.0,0.0,0.0,0.0,0.0,0.0,0.0,0.0,0.0,10.0,10.0,0.0,0.0
1235,wave1,dual_opposition,0.0,0.0,0.0,0.0,0.0,0.0,15.0,15.0,0.0,0.0,0.0,25.0,0.0,0.0,0.0,0.0,0.0,0.0,0.0,0.0,0.0,0.0,0.0,0.0,0.0,0.0,0.0,0.0,25.0,15.0,12.0,12.0,15.0,0.0,10.0,10.0,10.0,10.0,0.0,0.0,0.0,0.0,0.0,0.0,0.0,0.0,13.0,13.0,0.0,0.0
1909,wave1,dual_balanced,10.0,35.0,10.0,20.0,10.0,10.0,10.0,10.0,10.0,0.0,10.0,0.0,5.0,0.0,5.0,0.0,5.0,0.0,5.0,10.0,0.0,10.0,5.0,5.0,0.0,0.0,0.0,0.0,0.0,0.0,5.0,0.0,0.0,0.0,0.0,0.0,0.0,0.0,0.0,0.0,0.0,0.0,5.0,0.0,0.0,0.0,5.0,0.0,0.0,0.0
1598,wave1,dual_nonbiased,5.0,5.0,10.0,10.0,10.0,10.0,10.0,10.0,5.0,5.0,30.0,30.0,0.0,5.0,0.0,5.0,0.0,0.0,0.0,0.0,0.0,0.0,0.0,0.0,0.0,0.0,0.0,0.0,5.0,5.0,5.0,5.0,0.0,0.0,0.0,0.0,0.0,0.0,5.0,5.0,5.0,5.0,10.0,0.0,0.0,0.0,0.0,0.0,0.0,0.0
2302,wave1,dual_nonbiased,10.0,15.0,10.0,10.0,20.0,10.0,5.0,5.0,0.0,0.0,10.0,20.0,0.0,0.0,5.0,5.0,5.0,5.0,0.0,0.0,5.0,0.0,0.0,10.0,0.0,0.0,10.0,10.0,0.0,0.0,5.0,5.0,0.0,0.0,5.0,0.0,0.0,0.0,0.0,0.0,5.0,0.0,0.0,0.0,0.0,0.0,5.0,5.0,0.0,0.0
259,wave1,dual_balanced,10.0,10.0,0.0,0.0,0.0,0.0,0.0,0.0,0.0,0.0,40.0,40.0,10.0,10.0,10.0,10.0,10.0,10.0,10.0,10.0,10.0,10.0,0.0,0.0,0.0,0.0,0.0,0.0,0.0,0.0,0.0,0.0,0.0,0.0,0.0,0.0,0.0,0.0,0.0,0.0,0.0,0.0,0.0,0.0,0.0,0.0,0.0,0.0,0.0,0.0
2034,wave1,dual_balanced,0.0,0.0,0.0,0.0,10.0,10.0,40.0,40.0,0.0,0.0,0.0,0.0,0.0,0.0,0.0,0.0,0.0,0.0,0.0,0.0,0.0,0.0,20.0,20.0,0.0,0.0,0.0,0.0,0.0,0.0,10.0,10.0,0.0,0.0,0.0,0.0,0.0,0.0,0.0,0.0,0.0,0.0,0.0,0.0,0.0,0.0,20.0,20.0,0.0,0.0
2195,wave1,dual_balanced,0.0,0.0,0.0,0.0,0.0,0.0,0.0,0.0,0.0,0.0,25.0,25.0,0.0,0.0,0.0,0.0,0.0,0.0,0.0,0.0,0.0,0.0,10.0,10.0,10.0,10.0,10.0,10.0,10.0,10.0,10.0,10.0,10.0,10.0,0.0,0.0,0.0,0.0,0.0,0.0,0.0,0.0,0.0,0.0,0.0,0.0,7.5,7.5,7.5,7.5
2207,wave1,dual_balanced,0.0,0.0,0.0,0.0,0.0,0.0,40.0,40.0,0.0,0.0,0.0,0.0,0.0,0.0,25.0,25.0,0.0,0.0,10.0,10.0,0.0,0.0,0.0,0.0,0.0,0.0,0.0,0.0,0.0,0.0,15.0,15.0,0.0,0.0,0.0,0.0,0.0,0.0,10.0,10.0,0.0,0.0,0.0,0.0,0.0,0.0,0.0,0.0,0.0,0.0
686,wave1,dual_balanced,0.0,0.0,20.0,20.0,0.0,0.0,0.0,0.0,0.0,0.0,0.0,0.0,0.0,0.0,30.0,30.0,10.0,10.0,0.0,0.0,0.0,0.0,0.0,0.0,0.0,0.0,20.0,20.0,20.0,20.0,0.0,0.0,0.0,0.0,0.0,0.0,0.0,0.0,0.0,0.0,0.0,0.0,0.0,0.0,0.0,0.0,0.0,0.0,0.0,0.0
359,wave1,dual_balanced,10.0,10.0,0.0,0.0,0.0,10.0,20.0,10.0,0.0,0.0,0.0,10.0,10.0,10.0,10.0,10.0,10.0,10.0,10.0,10.0,0.0,0.0,0.0,0.0,10.0,0.0,10.0,10.0,10.0,10.0,0.0,0.0,0.0,0.0,0.0,0.0,0.0,0.0,0.0,0.0,0.0,0.0,0.0,0.0,0.0,0.0,0.0,0.0,0.0,0.0
500,wave1,dual_nonbiased,0.0,0.0,0.0,0.0,0.0,0.0,0.0,0.0,0.0,0.0,20.0,20.0,10.0,10.0,10.0,10.0,0.0,10.0,0.0,0.0,0.0,0.0,0.0,0.0,5.0,5.0,20.0,15.0,20.0,15.0,10.0,10.0,0.0,0.0,0.0,0.0,0.0,0.0,0.0,0.0,0.0,0.0,0.0,0.0,0.0,0.0,5.0,5.0,0.0,0.0
1755,wave1,dual_opposition,15.0,0.0,10.0,0.0,0.0,0.0,0.0,0.0,0.0,0.0,10.0,0.0,0.0,0.0,0.0,0.0,0.0,0.0,0.0,0.0,0.0,0.0,0.0,0.0,0.0,0.0,0.0,0.0,0.0,0.0,40.0,40.0,0.0,0.0,0.0,0.0,0.0,0.0,15.0,20.0,0.0,0.0,0.0,0.0,0.0,5.0,10.0,20.0,0.0,15.0
184,wave1,dual_balanced,0.0,0.0,0.0,0.0,0.0,0.0,0.0,5.0,0.0,0.0,10.0,10.0,0.0,0.0,20.0,20.0,0.0,0.0,20.0,15.0,0.0,0.0,10.0,10.0,0.0,0.0,10.0,10.0,5.0,5.0,20.0,20.0,0.0,0.0,0.0,0.0,0.0,0.0,0.0,0.0,0.0,0.0,0.0,0.0,0.0,0.0,5.0,5.0,0.0,0.0
1618,wave1,dual_nonbiased,5.0,5.0,5.0,5.0,10.0,10.0,25.0,25.0,25.0,25.0,0.0,0.0,5.0,5.0,0.0,0.0,15.0,15.0,0.0,0.0,0.0,0.0,0.0,0.0,0.0,0.0,0.0,0.0,0.0,0.0,0.0,0.0,0.0,0.0,0.0,0.0,0.0,0.0,0.0,0.0,0.0,0.0,0.0,0.0,0.0,0.0,10.0,10.0,0.0,0.0
1398,wave1,dual_nonbiased,25.0,15.0,15.0,15.0,0.0,0.0,0.0,10.0,10.0,10.0,30.0,20.0,10.0,10.0,10.0,10.0,0.0,0.0,0.0,0.0,0.0,10.0,0.0,0.0,0.0,0.0,0.0,0.0,0.0,0.0,0.0,0.0,0.0,0.0,0.0,0.0,0.0,0.0,0.0,0.0,0.0,0.0,0.0,0.0,0.0,0.0,0.0,0.0,0.0,0.0
256,wave1,dual_balanced,15.0,30.0,15.0,25.0,10.0,15.0,15.0,10.0,40.0,0.0,0.0,0.0,0.0,0.0,0.0,0.0,0.0,0.0,0.0,10.0,0.0,10.0,0.0,0.0,0.0,0.0,0.0,0.0,0.0,0.0,0.0,0.0,5.0,0.0,0.0,0.0,0.0,0.0,0.0,0.0,0.0,0.0,0.0,0.0,0.0,0.0,0.0,0.0,0.0,0.0
1291,wave1,dual_opposition,0.0,0.0,0.0,0.0,0.0,0.0,20.0,0.0,0.0,0.0,20.0,0.0,0.0,0.0,0.0,0.0,0.0,0.0,10.0,10.0,15.0,15.0,0.0,0.0,0.0,0.0,0.0,0.0,0.0,0.0,15.0,40.0,0.0,15.0,0.0,0.0,0.0,0.0,0.0,0.0,5.0,5.0,0.0,0.0,5.0,5.0,5.0,5.0,5.0,5.0
1868,wave1,dual_nonbiased,20.0,10.0,0.0,0.0,0.0,0.0,0.0,5.0,0.0,0.0,0.0,15.0,10.0,5.0,20.0,10.0,20.0,5.0,20.0,10.0,10.0,5.0,0.0,10.0,0.0,5.0,0.0,5.0,0.0,10.0,0.0,0.0,0.0,0.0,0.0,0.0,0.0,0.0,0.0,5.0,0.0,0.0,0.0,0.0,0.0,0.0,0.0,0.0,0.0,0.0
405,wave1,dual_nonbiased,10.0,10.0,5.0,5.0,10.0,10.0,0.0,0.0,0.0,0.0,20.0,20.0,5.0,5.0,0.0,0.0,40.0,40.0,10.0,10.0,0.0,0.0,0.0,0.0,0.0,0.0,0.0,0.0,0.0,0.0,0.0,0.0,0.0,0.0,0.0,0.0,0.0,0.0,0.0,0.0,0.0,0.0,0.0,0.0,0.0,0.0,0.0,0.0,0.0,0.0
434,wave1,dual_balanced,0.0,0.0,0.0,0.0,0.0,0.0,20.0,20.0,0.0,0.0,0.0,0.0,0.0,0.0,10.0,10.0,0.0,0.0,0.0,0.0,0.0,0.0,0.0,0.0,0.0,0.0,0.0,0.0,0.0,0.0,20.0,20.0,0.0,0.0,0.0,0.0,0.0,0.0,20.0,20.0,10.0,10.0,0.0,0.0,20.0,20.0,0.0,0.0,0.0,0.0
1943,wave1,dual_balanced,5.0,8.0,5.0,8.0,5.0,8.0,5.0,8.0,5.0,0.0,5.0,8.0,5.0,0.0,5.0,0.0,5.0,0.0,5.0,8.0,5.0,8.0,5.0,0.0,5.0,0.0,5.0,0.0,5.0,0.0,5.0,7.0,5.0,7.0,0.0,8.0,0.0,0.0,0.0,8.0,0.0,0.0,0.0,0.0,5.0,0.0,5.0,7.0,5.0,7.0
1485,wave1,dual_nonbiased,40.0,40.0,0.0,0.0,10.0,10.0,40.0,40.0,0.0,0.0,5.0,5.0,0.0,0.0,5.0,5.0,0.0,0.0,0.0,0.0,0.0,0.0,0.0,0.0,0.0,0.0,0.0,0.0,0.0,0.0,0.0,0.0,0.0,0.0,0.0,0.0,0.0,0.0,0.0,0.0,0.0,0.0,0.0,0.0,0.0,0.0,0.0,0.0,0.0,0.0
1231,wave1,dual_nonbiased,0.0,15.0,0.0,0.0,0.0,0.0,20.0,20.0,0.0,0.0,0.0,20.0,0.0,0.0,0.0,0.0,0.0,0.0,20.0,15.0,0.0,0.0,20.0,10.0,0.0,0.0,20.0,10.0,0.0,0.0,20.0,10.0,0.0,0.0,0.0,0.0,0.0,0.0,0.0,0.0,0.0,0.0,0.0,0.0,0.0,0.0,0.0,0.0,0.0,0.0
595,wave1,dual_nonbiased,0.0,10.0,0.0,0.0,0.0,0.0,10.0,10.0,10.0,5.0,40.0,30.0,0.0,0.0,0.0,0.0,10.0,10.0,10.0,10.0,0.0,0.0,0.0,0.0,5.0,10.0,0.0,0.0,0.0,0.0,5.0,10.0,5.0,0.0,0.0,0.0,0.0,0.0,5.0,5.0,0.0,0.0,0.0,0.0,0.0,0.0,0.0,0.0,0.0,0.0
939,wave1,dual_nonbiased,0.0,0.0,0.0,0.0,0.0,0.0,5.0,5.0,0.0,0.0,5.0,5.0,0.0,0.0,10.0,10.0,10.0,10.0,10.0,10.0,15.0,15.0,0.0,10.0,0.0,0.0,0.0,5.0,5.0,5.0,0.0,5.0,0.0,0.0,0.0,0.0,0.0,0.0,0.0,0.0,10.0,5.0,0.0,0.0,0.0,0.0,10.0,10.0,20.0,5.0
71,wave1,dual_opposition,0.0,0.0,0.0,0.0,0.0,0.0,0.0,0.0,0.0,0.0,0.0,0.0,0.0,0.0,0.0,0.0,0.0,0.0,0.0,0.0,15.0,15.0,15.0,15.0,10.0,10.0,10.0,10.0,0.0,0.0,10.0,10.0,10.0,10.0,0.0,0.0,0.0,0.0,10.0,10.0,0.0,0.0,20.0,20.0,0.0,0.0,0.0,0.0,0.0,0.0
45,wave1,dual_nonbiased,5.0,5.0,5.0,5.0,5.0,5.0,5.0,5.0,5.0,5.0,0.0,0.0,0.0,0.0,0.0,0.0,0.0,0.0,10.0,10.0,10.0,10.0,10.0,10.0,10.0,10.0,10.0,10.0,10.0,10.0,10.0,10.0,0.0,0.0,0.0,0.0,0.0,0.0,5.0,5.0,0.0,0.0,0.0,0.0,0.0,0.0,0.0,0.0,0.0,0.0
2263,wave1,dual_balanced,0.0,0.0,0.0,0.0,0.0,0.0,0.0,0.0,0.0,0.0,10.0,10.0,10.0,10.0,10.0,10.0,0.0,0.0,0.0,0.0,0.0,0.0,0.0,0.0,10.0,10.0,10.0,10.0,0.0,0.0,0.0,0.0,0.0,0.0,10.0,10.0,0.0,0.0,0.0,0.0,0.0,0.0,0.0,0.0,10.0,10.0,20.0,20.0,10.0,10.0
828,wave1,dual_balanced,0.0,12.0,0.0,9.0,9.0,9.0,0.0,0.0,12.0,10.0,0.0,0.0,0.0,0.0,7.0,10.0,0.0,0.0,0.0,0.0,0.0,0.0,0.0,0.0,0.0,0.0,7.0,0.0,0.0,0.0,0.0,0.0,0.0,0.0,15.0,8.0,0.0,0.0,8.0,8.0,28.0,20.0,14.0,14.0,0.0,0.0,0.0,0.0,0.0,0.0
467,wave1,dual_opposition,0.0,10.0,0.0,0.0,0.0,5.0,5.0,5.0,5.0,5.0,25.0,25.0,5.0,5.0,35.0,5.0,0.0,0.0,0.0,5.0,0.0,0.0,0.0,0.0,5.0,10.0,5.0,10.0,5.0,5.0,5.0,5.0,0.0,0.0,0.0,0.0,0.0,0.0,0.0,0.0,0.0,0.0,0.0,0.0,0.0,0.0,0.0,0.0,5.0,5.0
2131,wave1,dual_nonbiased,0.0,0.0,0.0,10.0,0.0,0.0,10.0,10.0,0.0,0.0,20.0,25.0,5.0,10.0,0.0,0.0,0.0,0.0,0.0,0.0,10.0,10.0,0.0,0.0,0.0,0.0,0.0,0.0,0.0,0.0,40.0,20.0,0.0,0.0,0.0,0.0,5.0,5.0,0.0,0.0,0.0,0.0,0.0,0.0,0.0,0.0,10.0,10.0,0.0,0.0
17,wave1,dual_balanced,10.0,10.0,5.0,5.0,0.0,0.0,5.0,5.0,10.0,10.0,0.0,0.0,0.0,0.0,15.0,15.0,5.0,5.0,5.0,5.0,10.0,10.0,5.0,5.0,5.0,5.0,0.0,0.0,5.0,5.0,0.0,0.0,5.0,5.0,5.0,5.0,0.0,0.0,0.0,0.0,0.0,0.0,0.0,0.0,5.0,5.0,0.0,0.0,5.0,5.0
1723,wave1,dual_nonbiased,0.0,10.0,0.0,5.0,0.0,0.0,40.0,15.0,0.0,0.0,20.0,20.0,5.0,5.0,5.0,5.0,5.0,5.0,5.0,5.0,5.0,5.0,5.0,5.0,0.0,5.0,0.0,0.0,0.0,0.0,10.0,15.0,0.0,0.0,0.0,0.0,0.0,0.0,0.0,0.0,0.0,0.0,0.0,0.0,0.0,0.0,0.0,0.0,0.0,0.0
2138,wave1,dual_nonbiased,0.0,0.0,0.0,0.0,0.0,0.0,40.0,40.0,0.0,0.0,0.0,0.0,0.0,0.0,5.0,5.0,0.0,0.0,0.0,0.0,0.0,0.0,10.0,10.0,15.0,15.0,0.0,0.0,0.0,0.0,0.0,0.0,0.0,0.0,0.0,0.0,0.0,0.0,30.0,30.0,0.0,0.0,0.0,0.0,0.0,0.0,0.0,0.0,0.0,0.0
2059,wave1,dual_nonbiased,0.0,0.0,10.0,10.0,0.0,0.0,15.0,10.0,0.0,0.0,30.0,25.0,0.0,10.0,0.0,0.0,0.0,0.0,0.0,10.0,10.0,0.0,0.0,0.0,10.0,10.0,0.0,0.0,10.0,10.0,0.0,0.0,0.0,0.0,0.0,0.0,0.0,0.0,0.0,0.0,0.0,0.0,0.0,0.0,0.0,0.0,10.0,10.0,5.0,5.0
986,wave1,dual_balanced,0.0,0.0,0.0,0.0,0.0,0.0,0.0,0.0,10.0,10.0,10.0,10.0,0.0,0.0,20.0,20.0,20.0,20.0,0.0,0.0,0.0,0.0,0.0,0.0,0.0,0.0,10.0,10.0,0.0,0.0,20.0,20.0,0.0,0.0,0.0,0.0,0.0,0.0,0.0,0.0,0.0,0.0,0.0,0.0,0.0,0.0,10.0,10.0,0.0,0.0
433,wave1,dual_nonbiased,0.0,10.0,25.0,10.0,0.0,0.0,0.0,10.0,0.0,0.0,25.0,25.0,0.0,10.0,0.0,0.0,0.0,0.0,0.0,0.0,0.0,0.0,0.0,0.0,0.0,0.0,0.0,0.0,10.0,10.0,20.0,15.0,0.0,0.0,0.0,0.0,0.0,0.0,0.0,0.0,0.0,0.0,0.0,0.0,0.0,0.0,20.0,10.0,0.0,0.0
2309,wave1,dual_opposition,0.0,0.0,10.0,10.0,0.0,0.0,0.0,0.0,0.0,0.0,30.0,30.0,0.0,0.0,0.0,0.0,0.0,0.0,0.0,0.0,0.0,0.0,5.0,5.0,0.0,0.0,10.0,10.0,0.0,0.0,40.0,40.0,0.0,0.0,0.0,0.0,0.0,0.0,0.0,0.0,0.0,0.0,0.0,0.0,0.0,0.0,0.0,0.0,5.0,5.0
827,wave1,dual_opposition,10.0,25.0,10.0,20.0,0.0,0.0,5.0,10.0,5.0,0.0,10.0,10.0,0.0,0.0,0.0,0.0,0.0,0.0,5.0,10.0,5.0,10.0,10.0,0.0,10.0,0.0,0.0,0.0,0.0,0.0,20.0,15.0,0.0,0.0,0.0,0.0,0.0,0.0,0.0,0.0,0.0,0.0,0.0,0.0,0.0,0.0,5.0,0.0,5.0,0.0
99,wave1,dual_opposition,0.0,0.0,0.0,0.0,0.0,0.0,5.0,5.0,5.0,5.0,12.0,15.0,0.0,5.0,5.0,5.0,0.0,0.0,0.0,0.0,0.0,5.0,10.0,10.0,8.0,8.0,7.0,7.0,0.0,0.0,20.0,10.0,0.0,0.0,0.0,0.0,0.0,0.0,5.0,10.0,10.0,5.0,5.0,5.0,0.0,0.0,0.0,0.0,8.0,5.0
532,wave1,dual_balanced,15.0,25.0,5.0,5.0,5.0,5.0,0.0,0.0,35.0,25.0,40.0,40.0,0.0,0.0,0.0,0.0,0.0,0.0,0.0,0.0,0.0,0.0,0.0,0.0,0.0,0.0,0.0,0.0,0.0,0.0,0.0,0.0,0.0,0.0,0.0,0.0,0.0,0.0,0.0,0.0,0.0,0.0,0.0,0.0,0.0,0.0,0.0,0.0,0.0,0.0
900,wave1,dual_balanced,0.0,0.0,0.0,0.0,0.0,0.0,0.0,0.0,0.0,0.0,40.0,40.0,10.0,10.0,10.0,10.0,10.0,10.0,30.0,30.0,0.0,0.0,0.0,0.0,0.0,0.0,0.0,0.0,0.0,0.0,0.0,0.0,0.0,0.0,0.0,0.0,0.0,0.0,0.0,0.0,0.0,0.0,0.0,0.0,0.0,0.0,0.0,0.0,0.0,0.0
1549,wave1,dual_opposition,10.0,10.0,0.0,0.0,0.0,0.0,10.0,10.0,0.0,0.0,0.0,0.0,0.0,0.0,10.0,10.0,10.0,10.0,0.0,0.0,0.0,0.0,10.0,10.0,10.0,10.0,10.0,10.0,0.0,0.0,10.0,10.0,0.0,0.0,0.0,0.0,0.0,0.0,10.0,10.0,0.0,0.0,0.0,0.0,0.0,0.0,0.0,0.0,10.0,10.0
981,wave1,dual_balanced,0.0,0.0,0.0,0.0,0.0,0.0,0.0,0.0,0.0,0.0,15.0,15.0,5.0,5.0,5.0,5.0,0.0,0.0,0.0,0.0,0.0,0.0,10.0,10.0,10.0,10.0,10.0,10.0,20.0,20.0,20.0,20.0,0.0,0.0,0.0,0.0,0.0,0.0,5.0,5.0,0.0,0.0,0.0,0.0,0.0,0.0,0.0,0.0,0.0,0.0
305,wave1,dual_opposition,0.0,0.0,0.0,0.0,0.0,0.0,0.0,0.0,0.0,0.0,15.0,15.0,15.0,10.0,15.0,10.0,15.0,10.0,15.0,10.0,15.0,10.0,0.0,0.0,0.0,5.0,5.0,5.0,5.0,0.0,0.0,5.0,0.0,5.0,0.0,5.0,0.0,0.0,0.0,10.0,0.0,0.0,0.0,0.0,0.0,0.0,0.0,0.0,0.0,0.0
2355,wave1,dual_nonbiased,5.0,5.0,5.0,5.0,5.0,5.0,10.0,10.0,5.0,5.0,5.0,5.0,0.0,0.0,0.0,0.0,5.0,5.0,0.0,0.0,5.0,5.0,0.0,0.0,5.0,5.0,5.0,5.0,5.0,5.0,5.0,5.0,5.0,5.0,0.0,0.0,0.0,0.0,30.0,30.0,0.0,0.0,0.0,0.0,0.0,0.0,0.0,0.0,0.0,0.0
946,wave1,dual_opposition,0.0,0.0,0.0,0.0,0.0,0.0,20.0,10.0,20.0,0.0,0.0,0.0,0.0,0.0,20.0,20.0,0.0,0.0,0.0,0.0,5.0,0.0,0.0,0.0,0.0,0.0,0.0,0.0,0.0,0.0,10.0,20.0,0.0,0.0,0.0,0.0,0.0,0.0,10.0,15.0,0.0,0.0,0.0,0.0,5.0,10.0,5.0,15.0,5.0,10.0
1401,wave1,dual_opposition,5.0,5.0,5.0,5.0,5.0,5.0,5.0,5.0,5.0,5.0,15.0,15.0,0.0,0.0,0.0,0.0,10.0,10.0,0.0,0.0,0.0,0.0,10.0,10.0,10.0,10.0,10.0,10.0,10.0,10.0,10.0,10.0,0.0,0.0,0.0,0.0,0.0,0.0,0.0,0.0,0.0,0.0,0.0,0.0,0.0,0.0,0.0,0.0,0.0,0.0
1637,wave1,dual_balanced,0.0,0.0,0.0,0.0,0.0,5.0,0.0,0.0,5.0,5.0,35.0,35.0,0.0,10.0,10.0,10.0,0.0,0.0,0.0,0.0,0.0,0.0,5.0,5.0,5.0,5.0,5.0,5.0,5.0,5.0,5.0,5.0,0.0,0.0,0.0,0.0,0.0,0.0,0.0,0.0,0.0,0.0,0.0,0.0,0.0,0.0,25.0,10.0,0.0,0.0
661,wave1,dual_nonbiased,0.0,0.0,0.0,0.0,0.0,0.0,0.0,0.0,0.0,0.0,40.0,40.0,0.0,0.0,0.0,0.0,0.0,0.0,0.0,0.0,0.0,0.0,20.0,20.0,15.0,15.0,5.0,5.0,0.0,0.0,20.0,20.0,0.0,0.0,0.0,0.0,0.0,0.0,0.0,0.0,0.0,0.0,0.0,0.0,0.0,0.0,0.0,0.0,0.0,0.0
1512,wave1,dual_balanced,0.0,30.0,0.0,20.0,0.0,0.0,0.0,0.0,20.0,20.0,0.0,0.0,0.0,0.0,20.0,0.0,0.0,0.0,0.0,0.0,0.0,0.0,20.0,0.0,20.0,0.0,0.0,0.0,0.0,0.0,0.0,10.0,0.0,10.0,0.0,0.0,0.0,0.0,0.0,0.0,0.0,0.0,0.0,0.0,20.0,10.0,0.0,0.0,0.0,0.0
2351,wave1,dual_opposition,0.0,5.0,0.0,0.0,0.0,5.0,5.0,5.0,10.0,10.0,25.0,30.0,0.0,0.0,0.0,0.0,0.0,0.0,0.0,0.0,0.0,0.0,0.0,0.0,0.0,0.0,20.0,15.0,0.0,0.0,0.0,0.0,20.0,15.0,0.0,0.0,0.0,0.0,0.0,0.0,0.0,0.0,0.0,0.0,0.0,0.0,20.0,15.0,0.0,0.0
32,wave1,dual_nonbiased,5.0,5.0,5.0,5.0,0.0,0.0,5.0,5.0,0.0,0.0,20.0,20.0,0.0,0.0,0.0,5.0,0.0,0.0,5.0,5.0,0.0,5.0,10.0,10.0,15.0,15.0,10.0,10.0,15.0,10.0,0.0,0.0,0.0,0.0,0.0,0.0,0.0,0.0,0.0,0.0,0.0,0.0,0.0,0.0,10.0,5.0,0.0,0.0,0.0,0.0
1145,wave1,dual_nonbiased,5.0,0.0,15.0,15.0,0.0,0.0,0.0,5.0,0.0,0.0,35.0,30.0,0.0,0.0,10.0,10.0,0.0,0.0,20.0,20.0,10.0,10.0,0.0,0.0,0.0,0.0,0.0,0.0,0.0,0.0,5.0,10.0,0.0,0.0,0.0,0.0,0.0,0.0,0.0,0.0,0.0,0.0,0.0,0.0,0.0,0.0,0.0,0.0,0.0,0.0
2387,wave1,dual_opposition,0.0,0.0,5.0,0.0,0.0,0.0,0.0,0.0,0.0,0.0,0.0,0.0,0.0,0.0,0.0,0.0,0.0,0.0,0.0,0.0,0.0,0.0,25.0,0.0,15.0,0.0,30.0,0.0,0.0,0.0,0.0,25.0,15.0,15.0,0.0,0.0,0.0,0.0,0.0,10.0,0.0,0.0,0.0,0.0,0.0,10.0,10.0,20.0,0.0,20.0
1758,wave1,dual_balanced,0.0,0.0,0.0,10.0,0.0,0.0,0.0,0.0,0.0,0.0,0.0,35.0,0.0,0.0,40.0,0.0,0.0,15.0,20.0,5.0,0.0,0.0,0.0,0.0,0.0,0.0,0.0,10.0,0.0,0.0,10.0,15.0,0.0,0.0,0.0,0.0,10.0,0.0,0.0,0.0,0.0,0.0,10.0,0.0,0.0,0.0,0.0,10.0,10.0,0.0
631,wave1,dual_nonbiased,0.0,0.0,0.0,0.0,10.0,10.0,30.0,20.0,0.0,0.0,0.0,20.0,0.0,0.0,0.0,10.0,0.0,0.0,0.0,0.0,0.0,0.0,20.0,15.0,0.0,0.0,20.0,15.0,0.0,0.0,0.0,0.0,20.0,10.0,0.0,0.0,0.0,0.0,0.0,0.0,0.0,0.0,0.0,0.0,0.0,0.0,0.0,0.0,0.0,0.0
260,wave1,dual_opposition,10.0,10.0,10.0,0.0,0.0,0.0,40.0,30.0,20.0,20.0,0.0,0.0,10.0,0.0,0.0,10.0,0.0,0.0,0.0,0.0,10.0,10.0,0.0,0.0,0.0,0.0,0.0,20.0,0.0,0.0,0.0,0.0,0.0,0.0,0.0,0.0,0.0,0.0,0.0,0.0,0.0,0.0,0.0,0.0,0.0,0.0,0.0,0.0,0.0,0.0
2215,wave1,dual_balanced,10.0,20.0,10.0,15.0,10.0,10.0,10.0,10.0,10.0,10.0,5.0,5.0,5.0,0.0,5.0,5.0,5.0,5.0,5.0,5.0,5.0,5.0,5.0,5.0,5.0,0.0,5.0,0.0,5.0,5.0,0.0,0.0,0.0,0.0,0.0,0.0,0.0,0.0,0.0,0.0,0.0,0.0,0.0,0.0,0.0,0.0,0.0,0.0,0.0,0.0
166,wave1,dual_opposition,0.0,0.0,0.0,0.0,10.0,10.0,5.0,5.0,5.0,0.0,10.0,10.0,0.0,0.0,5.0,5.0,5.0,0.0,5.0,0.0,5.0,0.0,5.0,5.0,5.0,5.0,5.0,5.0,0.0,0.0,20.0,30.0,0.0,0.0,0.0,0.0,0.0,0.0,5.0,10.0,5.0,5.0,0.0,0.0,0.0,0.0,5.0,10.0,0.0,0.0
2267,wave1,dual_opposition,40.0,15.0,10.0,10.0,0.0,0.0,0.0,10.0,0.0,0.0,0.0,25.0,10.0,10.0,0.0,0.0,0.0,0.0,0.0,0.0,0.0,0.0,10.0,10.0,10.0,10.0,10.0,5.0,0.0,0.0,0.0,0.0,0.0,0.0,0.0,0.0,0.0,0.0,0.0,0.0,0.0,0.0,0.0,0.0,0.0,0.0,10.0,5.0,0.0,0.0
1586,wave1,dual_balanced,30.0,10.0,0.0,0.0,0.0,0.0,10.0,5.0,0.0,0.0,0.0,0.0,0.0,0.0,0.0,0.0,0.0,0.0,0.0,0.0,5.0,5.0,0.0,10.0,0.0,10.0,0.0,10.0,0.0,0.0,35.0,20.0,0.0,0.0,0.0,0.0,0.0,0.0,0.0,10.0,0.0,0.0,0.0,10.0,0.0,0.0,10.0,5.0,10.0,5.0
1706,wave1,dual_balanced,0.0,0.0,0.0,0.0,5.0,5.0,0.0,0.0,5.0,5.0,40.0,40.0,0.0,0.0,5.0,5.0,5.0,5.0,20.0,20.0,20.0,20.0,0.0,0.0,0.0,0.0,0.0,0.0,0.0,0.0,0.0,0.0,0.0,0.0,0.0,0.0,0.0,0.0,0.0,0.0,0.0,0.0,0.0,0.0,0.0,0.0,0.0,0.0,0.0,0.0
2120,wave1,dual_balanced,0.0,0.0,0.0,0.0,0.0,0.0,0.0,0.0,0.0,0.0,0.0,0.0,0.0,0.0,0.0,0.0,0.0,0.0,0.0,0.0,0.0,0.0,40.0,10.0,20.0,10.0,10.0,10.0,20.0,10.0,10.0,20.0,0.0,15.0,0.0,0.0,0.0,0.0,0.0,0.0,0.0,0.0,0.0,0.0,0.0,0.0,0.0,20.0,0.0,5.0
1803,wave1,dual_balanced,0.0,0.0,0.0,0.0,0.0,0.0,0.0,0.0,0.0,0.0,40.0,40.0,0.0,0.0,0.0,5.0,0.0,0.0,0.0,0.0,0.0,0.0,0.0,0.0,5.0,5.0,5.0,5.0,5.0,5.0,5.0,5.0,0.0,0.0,0.0,0.0,0.0,0.0,0.0,5.0,0.0,0.0,0.0,0.0,0.0,0.0,0.0,15.0,40.0,15.0
1326,wave1,dual_nonbiased,0.0,0.0,0.0,0.0,10.0,10.0,5.0,10.0,0.0,0.0,0.0,20.0,0.0,0.0,20.0,15.0,0.0,0.0,0.0,0.0,0.0,0.0,5.0,10.0,0.0,0.0,0.0,0.0,0.0,0.0,20.0,15.0,0.0,0.0,0.0,0.0,0.0,0.0,20.0,15.0,0.0,0.0,0.0,0.0,10.0,0.0,10.0,5.0,0.0,0.0
2289,wave1,dual_opposition,10.0,10.0,10.0,10.0,0.0,0.0,10.0,10.0,10.0,10.0,10.0,10.0,0.0,0.0,10.0,10.0,10.0,10.0,0.0,0.0,10.0,10.0,0.0,0.0,0.0,0.0,0.0,0.0,10.0,10.0,0.0,10.0,0.0,0.0,0.0,0.0,0.0,0.0,0.0,0.0,0.0,0.0,0.0,0.0,0.0,0.0,5.0,0.0,5.0,0.0
700,wave1,dual_nonbiased,0.0,0.0,0.0,0.0,0.0,0.0,10.0,20.0,0.0,0.0,0.0,10.0,0.0,0.0,0.0,0.0,0.0,0.0,0.0,0.0,0.0,0.0,10.0,10.0,0.0,0.0,0.0,0.0,0.0,0.0,10.0,10.0,0.0,0.0,0.0,0.0,25.0,20.0,25.0,20.0,0.0,0.0,0.0,0.0,0.0,0.0,20.0,10.0,0.0,0.0
1387,wave1,dual_balanced,0.0,5.0,0.0,5.0,0.0,0.0,0.0,5.0,0.0,0.0,0.0,5.0,20.0,10.0,20.0,10.0,20.0,10.0,20.0,5.0,20.0,5.0,0.0,5.0,0.0,5.0,0.0,0.0,0.0,5.0,0.0,5.0,0.0,5.0,0.0,5.0,0.0,0.0,0.0,0.0,0.0,0.0,0.0,0.0,0.0,0.0,0.0,5.0,0.0,5.0
2357,wave1,dual_opposition,0.0,25.0,0.0,15.0,10.0,0.0,10.0,15.0,10.0,0.0,10.0,15.0,10.0,0.0,10.0,0.0,10.0,0.0,10.0,15.0,10.0,0.0,10.0,0.0,0.0,0.0,0.0,0.0,0.0,0.0,0.0,0.0,0.0,0.0,0.0,0.0,0.0,0.0,0.0,0.0,0.0,0.0,0.0,0.0,0.0,0.0,0.0,15.0,0.0,0.0
109,wave1,dual_balanced,0.0,0.0,0.0,0.0,0.0,0.0,15.0,0.0,0.0,0.0,0.0,0.0,0.0,0.0,0.0,0.0,0.0,0.0,0.0,0.0,0.0,0.0,0.0,0.0,0.0,0.0,0.0,0.0,5.0,0.0,15.0,20.0,0.0,15.0,0.0,5.0,0.0,0.0,0.0,10.0,0.0,0.0,0.0,0.0,0.0,0.0,35.0,30.0,30.0,20.0
1889,wave1,dual_nonbiased,0.0,0.0,0.0,0.0,0.0,0.0,0.0,0.0,0.0,0.0,0.0,0.0,0.0,0.0,0.0,0.0,20.0,20.0,0.0,0.0,0.0,0.0,0.0,0.0,5.0,5.0,0.0,0.0,5.0,5.0,40.0,40.0,0.0,0.0,10.0,10.0,0.0,0.0,0.0,0.0,0.0,0.0,0.0,0.0,0.0,0.0,10.0,10.0,10.0,10.0
1356,wave1,dual_nonbiased,5.0,5.0,5.0,5.0,7.0,7.0,5.0,5.0,7.0,7.0,18.0,18.0,10.0,10.0,5.0,5.0,0.0,0.0,0.0,0.0,7.0,7.0,0.0,0.0,5.0,5.0,6.0,6.0,5.0,5.0,5.0,5.0,0.0,0.0,0.0,0.0,0.0,0.0,0.0,0.0,0.0,0.0,0.0,0.0,0.0,0.0,5.0,5.0,5.0,5.0
309,wave1,dual_nonbiased,5.0,5.0,5.0,10.0,5.0,10.0,0.0,0.0,0.0,0.0,0.0,0.0,5.0,5.0,0.0,0.0,0.0,5.0,0.0,5.0,0.0,0.0,20.0,10.0,20.0,15.0,20.0,15.0,10.0,10.0,0.0,0.0,5.0,5.0,0.0,0.0,0.0,0.0,5.0,5.0,0.0,0.0,0.0,0.0,0.0,0.0,0.0,0.0,0.0,0.0
272,wave1,dual_nonbiased,0.0,0.0,0.0,10.0,0.0,0.0,35.0,20.0,15.0,15.0,0.0,10.0,0.0,0.0,0.0,0.0,0.0,0.0,0.0,0.0,0.0,0.0,0.0,0.0,25.0,15.0,5.0,10.0,0.0,0.0,5.0,5.0,0.0,5.0,0.0,0.0,5.0,5.0,0.0,0.0,0.0,0.0,0.0,0.0,0.0,0.0,10.0,5.0,0.0,0.0
1981,wave1,dual_opposition,5.0,5.0,10.0,10.0,0.0,0.0,10.0,10.0,0.0,0.0,25.0,25.0,0.0,0.0,0.0,0.0,0.0,0.0,0.0,0.0,0.0,0.0,10.0,10.0,10.0,10.0,5.0,5.0,0.0,0.0,10.0,10.0,5.0,5.0,0.0,0.0,0.0,0.0,5.0,5.0,0.0,0.0,0.0,0.0,0.0,0.0,0.0,0.0,5.0,5.0
1003,wave1,dual_nonbiased,10.0,10.0,5.0,5.0,15.0,15.0,10.0,10.0,0.0,0.0,10.0,15.0,0.0,0.0,0.0,0.0,0.0,0.0,0.0,0.0,0.0,0.0,10.0,10.0,0.0,0.0,5.0,5.0,5.0,5.0,5.0,5.0,10.0,10.0,0.0,0.0,0.0,0.0,10.0,5.0,0.0,0.0,0.0,0.0,0.0,0.0,5.0,5.0,0.0,0.0
1638,wave1,dual_opposition,0.0,0.0,0.0,15.0,0.0,0.0,0.0,15.0,0.0,0.0,30.0,25.0,0.0,0.0,10.0,15.0,0.0,0.0,0.0,10.0,0.0,0.0,0.0,0.0,20.0,0.0,20.0,10.0,20.0,10.0,0.0,0.0,0.0,0.0,0.0,0.0,0.0,0.0,0.0,0.0,0.0,0.0,0.0,0.0,0.0,0.0,0.0,0.0,0.0,0.0
1400,wave1,dual_balanced,0.0,10.0,0.0,0.0,0.0,0.0,10.0,15.0,0.0,0.0,20.0,20.0,20.0,0.0,0.0,0.0,0.0,8.0,0.0,10.0,10.0,10.0,10.0,0.0,10.0,5.0,10.0,5.0,10.0,5.0,0.0,0.0,0.0,0.0,0.0,0.0,0.0,0.0,0.0,0.0,0.0,0.0,0.0,0.0,0.0,0.0,0.0,12.0,0.0,0.0
1656,wave1,dual_balanced,0.0,0.0,0.0,0.0,0.0,0.0,40.0,20.0,0.0,0.0,0.0,0.0,20.0,20.0,0.0,0.0,0.0,0.0,0.0,0.0,10.0,20.0,0.0,0.0,0.0,0.0,10.0,10.0,10.0,10.0,0.0,0.0,0.0,0.0,0.0,0.0,0.0,0.0,0.0,0.0,0.0,0.0,0.0,0.0,10.0,10.0,0.0,10.0,0.0,0.0
587,wave1,dual_nonbiased,0.0,0.0,5.0,5.0,0.0,0.0,10.0,10.0,0.0,0.0,23.0,23.0,0.0,0.0,7.0,7.0,0.0,0.0,0.0,0.0,0.0,0.0,0.0,0.0,5.0,5.0,15.0,15.0,20.0,20.0,0.0,0.0,0.0,0.0,0.0,0.0,0.0,0.0,5.0,5.0,0.0,0.0,5.0,5.0,0.0,0.0,5.0,5.0,0.0,0.0
2393,wave1,dual_nonbiased,0.0,0.0,25.0,25.0,20.0,20.0,30.0,30.0,0.0,0.0,0.0,0.0,10.0,10.0,0.0,0.0,0.0,5.0,0.0,0.0,0.0,0.0,0.0,0.0,0.0,0.0,0.0,0.0,0.0,0.0,0.0,0.0,0.0,0.0,0.0,0.0,0.0,0.0,0.0,0.0,15.0,10.0,0.0,0.0,0.0,0.0,0.0,0.0,0.0,0.0
710,wave1,dual_nonbiased,10.0,10.0,10.0,10.0,0.0,0.0,10.0,10.0,0.0,0.0,10.0,15.0,0.0,5.0,10.0,5.0,0.0,0.0,0.0,0.0,10.0,10.0,10.0,10.0,10.0,10.0,5.0,5.0,0.0,0.0,0.0,5.0,0.0,0.0,0.0,0.0,0.0,0.0,0.0,0.0,10.0,0.0,0.0,0.0,0.0,0.0,5.0,5.0,0.0,0.0
649,wave1,dual_opposition,0.0,0.0,0.0,0.0,0.0,0.0,10.0,5.0,0.0,0.0,0.0,0.0,0.0,0.0,10.0,0.0,0.0,0.0,0.0,0.0,10.0,0.0,15.0,15.0,15.0,15.0,15.0,15.0,0.0,0.0,20.0,25.0,0.0,10.0,0.0,0.0,0.0,0.0,0.0,0.0,0.0,0.0,0.0,0.0,0.0,0.0,5.0,15.0,0.0,0.0
326,wave1,dual_nonbiased,5.0,5.0,5.0,5.0,5.0,5.0,5.0,5.0,10.0,5.0,5.0,20.0,5.0,5.0,10.0,10.0,0.0,0.0,0.0,5.0,10.0,5.0,10.0,5.0,10.0,5.0,0.0,0.0,10.0,10.0,10.0,10.0,0.0,0.0,0.0,0.0,0.0,0.0,0.0,0.0,0.0,0.0,0.0,0.0,0.0,0.0,0.0,0.0,0.0,0.0
1739,wave1,dual_nonbiased,13.0,13.0,7.0,7.0,12.0,12.0,5.0,5.0,0.0,0.0,5.0,5.0,0.0,0.0,6.0,6.0,0.0,0.0,0.0,0.0,8.0,8.0,0.0,0.0,5.0,5.0,0.0,0.0,0.0,0.0,10.0,10.0,5.0,5.0,0.0,0.0,0.0,0.0,5.0,5.0,5.0,5.0,0.0,0.0,6.0,6.0,8.0,8.0,0.0,0.0
251,wave1,dual_balanced,5.0,5.0,8.0,8.0,10.0,10.0,15.0,15.0,15.0,15.0,5.0,5.0,0.0,0.0,0.0,0.0,0.0,0.0,0.0,0.0,0.0,0.0,0.0,0.0,6.0,6.0,0.0,0.0,5.0,5.0,19.0,19.0,0.0,0.0,0.0,0.0,0.0,0.0,0.0,0.0,0.0,0.0,0.0,0.0,0.0,0.0,7.0,7.0,5.0,5.0
113,wave1,dual_opposition,0.0,0.0,0.0,0.0,0.0,0.0,0.0,0.0,0.0,0.0,20.0,20.0,20.0,20.0,20.0,20.0,20.0,20.0,20.0,20.0,0.0,0.0,0.0,0.0,0.0,0.0,0.0,0.0,0.0,0.0,0.0,0.0,0.0,0.0,0.0,0.0,0.0,0.0,0.0,0.0,0.0,0.0,0.0,0.0,0.0,0.0,0.0,0.0,0.0,0.0
2144,wave1,dual_balanced,0.0,0.0,0.0,0.0,0.0,0.0,20.0,20.0,0.0,0.0,5.0,5.0,10.0,10.0,10.0,10.0,10.0,10.0,10.0,10.0,10.0,10.0,5.0,5.0,0.0,0.0,0.0,0.0,0.0,0.0,0.0,0.0,0.0,0.0,0.0,0.0,0.0,0.0,20.0,20.0,0.0,0.0,0.0,0.0,0.0,0.0,0.0,0.0,0.0,0.0
2003,wave1,dual_balanced,30.0,30.0,30.0,30.0,10.0,10.0,20.0,20.0,0.0,0.0,0.0,0.0,10.0,10.0,0.0,0.0,0.0,0.0,0.0,0.0,0.0,0.0,0.0,0.0,0.0,0.0,0.0,0.0,0.0,0.0,0.0,0.0,0.0,0.0,0.0,0.0,0.0,0.0,0.0,0.0,0.0,0.0,0.0,0.0,0.0,0.0,0.0,0.0,0.0,0.0
1860,wave1,dual_nonbiased,10.0,5.0,10.0,0.0,0.0,0.0,0.0,0.0,0.0,0.0,10.0,20.0,0.0,10.0,10.0,10.0,0.0,0.0,10.0,10.0,0.0,0.0,10.0,10.0,0.0,0.0,0.0,0.0,10.0,10.0,0.0,0.0,0.0,0.0,10.0,10.0,0.0,0.0,0.0,0.0,10.0,10.0,0.0,0.0,0.0,0.0,0.0,0.0,10.0,5.0
1969,wave1,dual_nonbiased,5.0,5.0,5.0,5.0,5.0,5.0,5.0,5.0,5.0,5.0,5.0,5.0,5.0,5.0,5.0,5.0,5.0,5.0,5.0,5.0,5.0,5.0,5.0,5.0,0.0,0.0,5.0,5.0,5.0,5.0,5.0,5.0,5.0,5.0,0.0,0.0,0.0,0.0,5.0,5.0,5.0,5.0,5.0,5.0,0.0,0.0,0.0,0.0,5.0,5.0
1330,wave1,dual_opposition,5.0,5.0,0.0,0.0,0.0,0.0,0.0,0.0,0.0,0.0,40.0,40.0,0.0,0.0,0.0,0.0,0.0,0.0,0.0,0.0,0.0,0.0,10.0,10.0,10.0,10.0,10.0,10.0,10.0,10.0,10.0,10.0,5.0,5.0,0.0,0.0,0.0,0.0,0.0,0.0,0.0,0.0,0.0,0.0,0.0,0.0,0.0,0.0,0.0,0.0
1360,wave1,dual_opposition,0.0,0.0,10.0,0.0,0.0,0.0,7.0,0.0,0.0,0.0,6.0,5.0,0.0,0.0,0.0,0.0,7.0,10.0,0.0,0.0,0.0,0.0,15.0,15.0,5.0,5.0,5.0,5.0,5.0,5.0,20.0,20.0,0.0,0.0,6.0,9.0,0.0,0.0,0.0,0.0,6.5,9.0,0.0,0.0,0.0,0.0,7.5,10.0,0.0,7.0
534,wave1,dual_balanced,5.0,20.0,5.0,10.0,5.0,5.0,0.0,0.0,0.0,0.0,0.0,0.0,10.0,10.0,20.0,5.0,10.0,10.0,5.0,5.0,20.0,15.0,5.0,5.0,0.0,5.0,0.0,0.0,10.0,5.0,0.0,0.0,0.0,0.0,0.0,0.0,0.0,0.0,0.0,0.0,0.0,0.0,0.0,0.0,0.0,0.0,0.0,0.0,5.0,5.0
1757,wave1,dual_opposition,20.0,20.0,20.0,20.0,10.0,10.0,10.0,10.0,0.0,0.0,30.0,30.0,0.0,0.0,0.0,0.0,0.0,0.0,0.0,0.0,0.0,0.0,0.0,0.0,0.0,0.0,0.0,0.0,0.0,0.0,0.0,0.0,0.0,0.0,0.0,0.0,0.0,0.0,0.0,0.0,0.0,0.0,0.0,0.0,0.0,0.0,10.0,10.0,0.0,0.0
366,wave1,dual_opposition,10.0,10.0,5.0,5.0,5.0,5.0,10.0,10.0,0.0,0.0,5.0,5.0,5.0,5.0,5.0,5.0,5.0,5.0,0.0,0.0,0.0,0.0,15.0,10.0,0.0,0.0,0.0,0.0,0.0,0.0,0.0,0.0,15.0,20.0,5.0,5.0,5.0,5.0,0.0,0.0,0.0,0.0,0.0,0.0,0.0,0.0,5.0,5.0,5.0,5.0
945,wave1,dual_nonbiased,25.0,25.0,10.0,10.0,5.0,5.0,0.0,0.0,10.0,10.0,40.0,40.0,0.0,0.0,0.0,0.0,0.0,0.0,0.0,0.0,0.0,0.0,0.0,0.0,0.0,0.0,0.0,0.0,0.0,0.0,10.0,10.0,0.0,0.0,0.0,0.0,0.0,0.0,0.0,0.0,0.0,0.0,0.0,0.0,0.0,0.0,0.0,0.0,0.0,0.0
1639,wave1,dual_nonbiased,0.0,0.0,0.0,0.0,0.0,0.0,0.0,0.0,0.0,0.0,0.0,0.0,20.0,20.0,20.0,20.0,0.0,0.0,20.0,20.0,0.0,0.0,0.0,0.0,10.0,10.0,10.0,10.0,10.0,10.0,10.0,10.0,0.0,0.0,0.0,0.0,0.0,0.0,0.0,0.0,0.0,0.0,0.0,0.0,0.0,0.0,0.0,0.0,0.0,0.0
1644,wave1,dual_nonbiased,5.0,5.0,5.0,5.0,0.0,5.0,0.0,5.0,5.0,5.0,25.0,20.0,10.0,10.0,5.0,5.0,10.0,10.0,10.0,10.0,0.0,5.0,5.0,5.0,5.0,0.0,5.0,5.0,5.0,5.0,5.0,0.0,0.0,0.0,0.0,0.0,0.0,0.0,0.0,0.0,0.0,0.0,0.0,0.0,0.0,0.0,0.0,0.0,0.0,0.0
382,wave1,dual_nonbiased,0.0,0.0,0.0,10.0,0.0,0.0,10.0,10.0,0.0,0.0,0.0,15.0,0.0,0.0,30.0,20.0,0.0,0.0,0.0,0.0,0.0,0.0,10.0,10.0,10.0,10.0,20.0,10.0,0.0,0.0,0.0,0.0,10.0,10.0,0.0,0.0,0.0,0.0,0.0,0.0,0.0,0.0,0.0,0.0,10.0,5.0,0.0,0.0,0.0,0.0
2180,wave1,dual_nonbiased,0.0,0.0,0.0,0.0,0.0,0.0,0.0,10.0,0.0,0.0,0.0,20.0,0.0,0.0,30.0,10.0,10.0,10.0,0.0,0.0,10.0,10.0,5.0,5.0,0.0,0.0,10.0,10.0,20.0,10.0,10.0,10.0,0.0,0.0,0.0,0.0,0.0,0.0,0.0,0.0,0.0,0.0,0.0,0.0,0.0,0.0,0.0,0.0,5.0,5.0
2404,wave1,dual_opposition,10.0,0.0,10.0,10.0,10.0,10.0,10.0,10.0,10.0,20.0,10.0,10.0,10.0,10.0,10.0,10.0,0.0,0.0,0.0,0.0,10.0,10.0,0.0,0.0,0.0,0.0,0.0,0.0,0.0,0.0,0.0,0.0,0.0,0.0,0.0,0.0,0.0,0.0,10.0,10.0,0.0,0.0,0.0,0.0,0.0,0.0,0.0,0.0,0.0,0.0
1953,wave1,dual_balanced,0.0,0.0,0.0,0.0,0.0,0.0,0.0,0.0,10.0,20.0,0.0,0.0,0.0,0.0,10.0,10.0,0.0,0.0,20.0,20.0,0.0,0.0,10.0,10.0,10.0,10.0,10.0,10.0,10.0,10.0,10.0,10.0,0.0,0.0,10.0,0.0,0.0,0.0,0.0,0.0,0.0,0.0,0.0,0.0,0.0,0.0,0.0,0.0,0.0,0.0
1167,wave1,dual_balanced,10.0,0.0,0.0,0.0,10.0,0.0,20.0,20.0,0.0,0.0,10.0,10.0,0.0,0.0,15.0,0.0,0.0,0.0,10.0,10.0,0.0,0.0,0.0,0.0,0.0,0.0,0.0,0.0,15.0,10.0,0.0,25.0,0.0,0.0,5.0,10.0,0.0,0.0,0.0,0.0,0.0,0.0,0.0,0.0,5.0,5.0,0.0,0.0,0.0,10.0
201,wave1,dual_opposition,20.0,20.0,0.0,0.0,0.0,0.0,0.0,0.0,10.0,10.0,0.0,0.0,0.0,0.0,0.0,0.0,10.0,10.0,0.0,0.0,0.0,0.0,0.0,0.0,20.0,20.0,0.0,0.0,0.0,0.0,0.0,0.0,20.0,20.0,0.0,0.0,0.0,0.0,0.0,0.0,0.0,0.0,0.0,0.0,20.0,20.0,0.0,0.0,0.0,0.0
1630,wave1,dual_balanced,25.0,25.0,0.0,0.0,20.0,20.0,0.0,0.0,15.0,15.0,20.0,20.0,0.0,0.0,0.0,0.0,0.0,0.0,20.0,20.0,0.0,0.0,0.0,0.0,0.0,0.0,0.0,0.0,0.0,0.0,0.0,0.0,0.0,0.0,0.0,0.0,0.0,0.0,0.0,0.0,0.0,0.0,0.0,0.0,0.0,0.0,0.0,0.0,0.0,0.0
1334,wave1,dual_balanced,0.0,0.0,0.0,0.0,30.0,30.0,0.0,0.0,0.0,0.0,40.0,40.0,0.0,0.0,10.0,10.0,0.0,0.0,0.0,0.0,10.0,10.0,0.0,0.0,0.0,0.0,0.0,0.0,10.0,10.0,0.0,0.0,0.0,0.0,0.0,0.0,0.0,0.0,0.0,0.0,0.0,0.0,0.0,0.0,0.0,0.0,0.0,0.0,0.0,0.0
622,wave1,dual_opposition,0.0,0.0,0.0,5.0,0.0,0.0,20.0,12.0,8.0,8.0,6.0,25.0,0.0,0.0,16.0,0.0,0.0,0.0,0.0,0.0,0.0,0.0,0.0,0.0,0.0,0.0,0.0,0.0,0.0,0.0,10.0,10.0,20.0,10.0,0.0,0.0,0.0,0.0,10.0,10.0,0.0,0.0,10.0,10.0,0.0,10.0,0.0,0.0,0.0,0.0
936,wave1,dual_balanced,0.0,0.0,0.0,0.0,0.0,0.0,5.0,5.0,0.0,0.0,10.0,10.0,0.0,0.0,0.0,0.0,0.0,0.0,0.0,0.0,0.0,0.0,10.0,0.0,10.0,15.0,15.0,15.0,0.0,0.0,25.0,20.0,0.0,0.0,0.0,0.0,0.0,0.0,15.0,15.0,0.0,0.0,0.0,0.0,0.0,0.0,10.0,10.0,0.0,10.0
2101,wave1,dual_opposition,5.0,0.0,5.0,15.0,0.0,0.0,30.0,15.0,20.0,10.0,0.0,25.0,0.0,0.0,10.0,5.0,0.0,0.0,0.0,0.0,0.0,0.0,0.0,0.0,0.0,10.0,0.0,0.0,0.0,0.0,5.0,5.0,15.0,10.0,0.0,0.0,0.0,0.0,5.0,0.0,0.0,0.0,0.0,0.0,0.0,0.0,0.0,0.0,5.0,5.0
806,wave1,dual_nonbiased,10.0,10.0,0.0,0.0,0.0,0.0,40.0,40.0,0.0,0.0,0.0,0.0,0.0,0.0,30.0,30.0,0.0,0.0,0.0,0.0,0.0,0.0,0.0,0.0,0.0,0.0,0.0,0.0,0.0,0.0,0.0,0.0,0.0,0.0,0.0,0.0,0.0,0.0,0.0,0.0,10.0,10.0,10.0,10.0,0.0,0.0,0.0,0.0,0.0,0.0
2234,wave1,dual_nonbiased,10.0,15.0,10.0,10.0,10.0,5.0,10.0,10.0,10.0,0.0,0.0,15.0,10.0,10.0,0.0,10.0,0.0,0.0,0.0,0.0,0.0,0.0,10.0,10.0,10.0,10.0,0.0,0.0,10.0,0.0,10.0,5.0,0.0,0.0,0.0,0.0,0.0,0.0,0.0,0.0,0.0,0.0,0.0,0.0,0.0,0.0,0.0,0.0,0.0,0.0
1047,wave1,dual_opposition,0.0,0.0,0.0,0.0,20.0,0.0,10.0,10.0,10.0,10.0,10.0,10.0,0.0,0.0,20.0,5.0,0.0,0.0,30.0,30.0,0.0,0.0,0.0,0.0,0.0,0.0,0.0,0.0,0.0,0.0,0.0,25.0,0.0,0.0,0.0,0.0,0.0,0.0,0.0,10.0,0.0,0.0,0.0,0.0,0.0,0.0,0.0,0.0,0.0,0.0
1508,wave1,dual_balanced,20.0,20.0,5.0,5.0,5.0,5.0,15.0,15.0,5.0,5.0,0.0,0.0,0.0,0.0,10.0,10.0,0.0,0.0,0.0,0.0,0.0,0.0,5.0,5.0,5.0,5.0,0.0,0.0,5.0,5.0,10.0,10.0,10.0,10.0,0.0,0.0,0.0,0.0,0.0,0.0,0.0,0.0,0.0,0.0,0.0,0.0,5.0,5.0,0.0,0.0
493,wave1,dual_balanced,0.0,0.0,0.0,0.0,0.0,0.0,10.0,0.0,0.0,0.0,0.0,0.0,0.0,0.0,0.0,0.0,0.0,0.0,10.0,0.0,20.0,0.0,0.0,0.0,20.0,0.0,20.0,0.0,0.0,0.0,0.0,30.0,0.0,20.0,10.0,0.0,0.0,0.0,0.0,10.0,10.0,0.0,0.0,0.0,0.0,0.0,0.0,25.0,0.0,15.0
1985,wave1,dual_nonbiased,10.0,15.0,0.0,10.0,0.0,0.0,10.0,10.0,5.0,5.0,20.0,20.0,0.0,0.0,20.0,20.0,0.0,0.0,0.0,0.0,10.0,0.0,5.0,0.0,0.0,10.0,0.0,0.0,5.0,0.0,5.0,5.0,0.0,0.0,0.0,0.0,0.0,0.0,0.0,0.0,5.0,0.0,0.0,0.0,0.0,0.0,5.0,5.0,0.0,0.0
1690,wave1,dual_opposition,5.0,5.0,5.0,5.0,5.0,5.0,10.0,15.0,5.0,5.0,5.0,0.0,5.0,5.0,5.0,5.0,5.0,5.0,0.0,0.0,5.0,0.0,5.0,5.0,5.0,5.0,5.0,5.0,0.0,5.0,5.0,5.0,5.0,5.0,5.0,5.0,5.0,5.0,5.0,5.0,0.0,0.0,0.0,0.0,0.0,0.0,5.0,5.0,0.0,0.0
943,wave1,dual_nonbiased,5.0,5.0,5.0,5.0,0.0,0.0,5.0,5.0,0.0,0.0,0.0,0.0,0.0,0.0,0.0,0.0,0.0,0.0,0.0,0.0,0.0,0.0,10.0,10.0,0.0,0.0,20.0,20.0,0.0,0.0,0.0,0.0,20.0,20.0,0.0,0.0,0.0,0.0,5.0,5.0,20.0,20.0,0.0,0.0,0.0,0.0,0.0,0.0,10.0,10.0
734,wave1,dual_balanced,0.0,10.0,0.0,0.0,0.0,0.0,20.0,20.0,0.0,0.0,0.0,0.0,0.0,0.0,0.0,0.0,0.0,0.0,0.0,0.0,0.0,10.0,25.0,15.0,0.0,0.0,20.0,10.0,15.0,15.0,10.0,10.0,10.0,5.0,0.0,5.0,0.0,0.0,0.0,0.0,0.0,0.0,0.0,0.0,0.0,0.0,0.0,0.0,0.0,0.0
809,wave1,dual_opposition,0.0,0.0,10.0,10.0,0.0,0.0,10.0,10.0,10.0,10.0,40.0,40.0,0.0,0.0,10.0,10.0,0.0,0.0,15.0,15.0,0.0,0.0,0.0,0.0,0.0,0.0,0.0,0.0,0.0,0.0,0.0,0.0,0.0,0.0,0.0,0.0,0.0,0.0,0.0,0.0,0.0,0.0,0.0,0.0,0.0,0.0,5.0,5.0,0.0,0.0
1715,wave1,dual_opposition,0.0,0.0,0.0,0.0,0.0,0.0,0.0,0.0,20.0,20.0,0.0,0.0,0.0,0.0,0.0,0.0,0.0,0.0,20.0,20.0,0.0,0.0,10.0,10.0,0.0,0.0,10.0,10.0,0.0,0.0,0.0,0.0,20.0,20.0,0.0,0.0,0.0,0.0,0.0,0.0,0.0,0.0,0.0,0.0,0.0,0.0,20.0,20.0,0.0,0.0
1323,wave1,dual_opposition,10.0,10.0,10.0,10.0,0.0,0.0,0.0,0.0,0.0,0.0,25.0,25.0,0.0,0.0,0.0,0.0,0.0,0.0,0.0,0.0,0.0,0.0,10.0,10.0,10.0,10.0,0.0,0.0,10.0,10.0,0.0,0.0,0.0,0.0,0.0,0.0,0.0,0.0,0.0,0.0,10.0,10.0,0.0,0.0,0.0,0.0,0.0,0.0,15.0,15.0
821,wave1,dual_nonbiased,0.0,0.0,0.0,0.0,0.0,0.0,0.0,0.0,0.0,0.0,0.0,0.0,0.0,0.0,10.0,10.0,0.0,0.0,10.0,10.0,10.0,10.0,10.0,10.0,10.0,10.0,15.0,15.0,5.0,5.0,0.0,0.0,0.0,0.0,0.0,0.0,0.0,0.0,0.0,0.0,0.0,0.0,30.0,30.0,0.0,0.0,0.0,0.0,0.0,0.0
1282,wave1,dual_nonbiased,5.0,5.0,0.0,10.0,5.0,5.0,10.0,10.0,5.0,5.0,0.0,10.0,0.0,0.0,5.0,0.0,0.0,5.0,5.0,0.0,0.0,0.0,5.0,5.0,0.0,0.0,5.0,5.0,0.0,0.0,10.0,5.0,10.0,10.0,0.0,0.0,0.0,0.0,15.0,10.0,0.0,0.0,5.0,5.0,0.0,0.0,10.0,5.0,5.0,5.0
485,wave1,dual_nonbiased,10.0,20.0,10.0,0.0,0.0,0.0,10.0,0.0,10.0,0.0,0.0,25.0,0.0,0.0,0.0,0.0,0.0,0.0,0.0,0.0,0.0,0.0,10.0,10.0,10.0,10.0,10.0,10.0,10.0,10.0,10.0,10.0,0.0,0.0,0.0,0.0,0.0,0.0,10.0,5.0,0.0,0.0,0.0,0.0,0.0,0.0,0.0,0.0,0.0,0.0
1107,wave1,dual_opposition,10.0,10.0,10.0,10.0,0.0,0.0,0.0,0.0,0.0,0.0,0.0,0.0,0.0,0.0,0.0,0.0,0.0,0.0,0.0,0.0,10.0,10.0,30.0,30.0,10.0,10.0,30.0,10.0,0.0,0.0,0.0,0.0,0.0,0.0,0.0,0.0,0.0,0.0,0.0,0.0,0.0,0.0,0.0,0.0,0.0,0.0,0.0,20.0,0.0,0.0
853,wave1,dual_balanced,10.0,10.0,0.0,0.0,0.0,0.0,10.0,10.0,0.0,0.0,20.0,20.0,5.0,5.0,5.0,5.0,0.0,0.0,0.0,0.0,0.0,0.0,7.5,7.5,7.5,7.5,7.5,7.5,0.0,0.0,7.5,7.5,0.0,0.0,5.0,5.0,0.0,0.0,5.0,5.0,0.0,0.0,0.0,0.0,0.0,0.0,5.0,5.0,5.0,5.0
966,wave1,dual_nonbiased,10.0,10.0,0.0,10.0,10.0,10.0,0.0,10.0,15.0,0.0,15.0,15.0,0.0,0.0,10.0,10.0,0.0,0.0,10.0,10.0,0.0,0.0,15.0,10.0,0.0,0.0,0.0,0.0,10.0,10.0,0.0,0.0,0.0,0.0,0.0,0.0,0.0,0.0,0.0,0.0,0.0,0.0,0.0,0.0,0.0,0.0,5.0,5.0,0.0,0.0
1460,wave1,dual_balanced,0.0,5.0,0.0,15.0,5.0,0.0,5.0,5.0,0.0,0.0,35.0,30.0,0.0,0.0,0.0,0.0,0.0,0.0,0.0,0.0,0.0,0.0,10.0,10.0,0.0,0.0,5.0,5.0,10.0,5.0,5.0,5.0,5.0,5.0,0.0,0.0,0.0,0.0,10.0,5.0,0.0,0.0,5.0,5.0,0.0,0.0,5.0,5.0,0.0,0.0
1589,wave1,dual_balanced,0.0,0.0,0.0,0.0,0.0,0.0,20.0,16.0,0.0,0.0,0.0,0.0,0.0,0.0,0.0,0.0,0.0,0.0,0.0,0.0,0.0,0.0,0.0,0.0,0.0,0.0,20.0,12.0,20.0,16.0,0.0,16.0,0.0,0.0,0.0,0.0,0.0,0.0,0.0,0.0,0.0,0.0,0.0,0.0,0.0,0.0,20.0,20.0,20.0,20.0
1861,wave1,dual_balanced,20.0,0.0,0.0,0.0,0.0,0.0,20.0,0.0,0.0,0.0,40.0,0.0,0.0,0.0,0.0,0.0,0.0,0.0,0.0,0.0,0.0,0.0,10.0,0.0,0.0,0.0,10.0,10.0,0.0,0.0,0.0,25.0,0.0,20.0,0.0,0.0,0.0,0.0,0.0,0.0,0.0,0.0,0.0,0.0,0.0,0.0,0.0,30.0,0.0,15.0
2007,wave1,dual_balanced,0.0,0.0,0.0,0.0,0.0,0.0,0.0,0.0,10.0,10.0,10.0,25.0,0.0,0.0,10.0,10.0,10.0,10.0,20.0,20.0,10.0,10.0,0.0,0.0,0.0,0.0,0.0,0.0,0.0,0.0,0.0,0.0,0.0,0.0,25.0,10.0,0.0,0.0,0.0,0.0,0.0,0.0,0.0,0.0,5.0,5.0,0.0,0.0,0.0,0.0
2171,wave1,dual_balanced,20.0,15.0,15.0,15.0,5.0,5.0,5.0,5.0,5.0,5.0,20.0,15.0,10.0,10.0,5.0,5.0,10.0,10.0,5.0,5.0,0.0,10.0,0.0,0.0,0.0,0.0,0.0,0.0,0.0,0.0,0.0,0.0,0.0,0.0,0.0,0.0,0.0,0.0,0.0,0.0,0.0,0.0,0.0,0.0,0.0,0.0,0.0,0.0,0.0,0.0
2213,wave1,dual_balanced,0.0,0.0,0.0,0.0,0.0,0.0,0.0,0.0,0.0,0.0,0.0,0.0,0.0,0.0,0.0,0.0,0.0,0.0,0.0,0.0,0.0,0.0,0.0,0.0,0.0,0.0,5.0,5.0,5.0,5.0,10.0,10.0,5.0,5.0,10.0,10.0,10.0,10.0,10.0,10.0,10.0,10.0,10.0,10.0,10.0,10.0,10.0,10.0,5.0,5.0
556,wave1,dual_nonbiased,0.0,10.0,0.0,0.0,0.0,0.0,0.0,0.0,0.0,0.0,30.0,30.0,0.0,0.0,5.0,5.0,0.0,0.0,0.0,0.0,0.0,0.0,10.0,10.0,0.0,0.0,5.0,5.0,15.0,15.0,15.0,15.0,0.0,0.0,0.0,0.0,0.0,0.0,0.0,0.0,0.0,0.0,0.0,0.0,0.0,0.0,20.0,10.0,0.0,0.0
1161,wave1,dual_opposition,0.0,0.0,0.0,0.0,0.0,0.0,0.0,0.0,20.0,0.0,0.0,20.0,0.0,25.0,0.0,20.0,0.0,20.0,0.0,15.0,0.0,0.0,0.0,0.0,0.0,0.0,0.0,0.0,25.0,0.0,20.0,0.0,0.0,0.0,0.0,0.0,0.0,0.0,20.0,0.0,15.0,0.0,0.0,0.0,0.0,0.0,0.0,0.0,0.0,0.0
1654,wave1,dual_balanced,0.0,0.0,0.0,0.0,5.0,5.0,10.0,10.0,0.0,0.0,20.0,20.0,10.0,10.0,0.0,0.0,0.0,0.0,0.0,0.0,0.0,0.0,10.0,10.0,15.0,15.0,0.0,0.0,10.0,10.0,10.0,10.0,0.0,0.0,0.0,0.0,0.0,0.0,0.0,0.0,0.0,0.0,0.0,0.0,0.0,0.0,5.0,5.0,5.0,5.0
2377,wave1,dual_nonbiased,5.0,0.0,0.0,0.0,5.0,0.0,0.0,5.0,5.0,5.0,5.0,25.0,5.0,0.0,10.0,5.0,5.0,5.0,0.0,5.0,0.0,0.0,10.0,15.0,0.0,10.0,5.0,10.0,5.0,5.0,5.0,5.0,10.0,5.0,5.0,0.0,5.0,0.0,5.0,0.0,0.0,0.0,5.0,0.0,5.0,0.0,0.0,0.0,0.0,0.0
1226,wave1,dual_balanced,0.0,20.0,0.0,0.0,0.0,20.0,20.0,20.0,0.0,0.0,10.0,15.0,0.0,0.0,10.0,0.0,10.0,0.0,10.0,10.0,10.0,10.0,0.0,0.0,0.0,0.0,0.0,0.0,10.0,5.0,0.0,0.0,0.0,0.0,0.0,0.0,0.0,0.0,20.0,0.0,0.0,0.0,0.0,0.0,0.0,0.0,0.0,0.0,0.0,0.0
340,wave1,dual_opposition,0.0,20.0,0.0,15.0,0.0,0.0,0.0,15.0,0.0,0.0,0.0,0.0,0.0,0.0,10.0,10.0,0.0,0.0,0.0,0.0,10.0,10.0,25.0,10.0,15.0,10.0,40.0,10.0,0.0,0.0,0.0,0.0,0.0,0.0,0.0,0.0,0.0,0.0,0.0,0.0,0.0,0.0,0.0,0.0,0.0,0.0,0.0,0.0,0.0,0.0
55,wave1,dual_balanced,5.0,0.0,5.0,0.0,5.0,0.0,22.0,40.0,5.0,0.0,5.0,0.0,5.0,0.0,5.0,0.0,5.0,0.0,6.0,0.0,5.0,5.0,5.0,0.0,5.0,0.0,11.0,40.0,0.0,0.0,0.0,0.0,0.0,0.0,0.0,5.0,0.0,0.0,0.0,0.0,0.0,0.0,0.0,0.0,6.0,10.0,0.0,0.0,0.0,0.0
136,wave1,dual_balanced,0.0,0.0,0.0,0.0,0.0,0.0,30.0,30.0,0.0,0.0,0.0,0.0,0.0,0.0,0.0,0.0,0.0,0.0,0.0,0.0,0.0,0.0,20.0,20.0,0.0,0.0,0.0,0.0,0.0,0.0,20.0,20.0,10.0,10.0,0.0,0.0,0.0,0.0,0.0,0.0,0.0,0.0,20.0,20.0,0.0,0.0,0.0,0.0,0.0,0.0
1573,wave1,dual_opposition,0.0,0.0,0.0,0.0,0.0,0.0,0.0,0.0,0.0,0.0,0.0,0.0,0.0,0.0,0.0,0.0,0.0,0.0,20.0,0.0,0.0,0.0,20.0,5.0,10.0,5.0,0.0,0.0,0.0,0.0,20.0,20.0,0.0,0.0,0.0,20.0,0.0,0.0,0.0,0.0,20.0,20.0,0.0,0.0,10.0,10.0,0.0,0.0,0.0,20.0
182,wave1,dual_opposition,0.0,0.0,0.0,0.0,0.0,10.0,20.0,10.0,0.0,0.0,0.0,5.0,0.0,0.0,0.0,0.0,0.0,0.0,0.0,0.0,0.0,0.0,0.0,0.0,0.0,0.0,15.0,15.0,10.0,10.0,0.0,0.0,0.0,0.0,0.0,0.0,0.0,0.0,25.0,20.0,15.0,15.0,0.0,0.0,15.0,15.0,0.0,0.0,0.0,0.0
1372,wave1,dual_nonbiased,20.0,0.0,20.0,0.0,20.0,0.0,20.0,20.0,0.0,0.0,0.0,0.0,0.0,0.0,0.0,20.0,0.0,20.0,10.0,20.0,10.0,0.0,0.0,0.0,0.0,0.0,0.0,0.0,0.0,0.0,0.0,0.0,0.0,0.0,0.0,0.0,0.0,0.0,0.0,20.0,0.0,0.0,0.0,0.0,0.0,0.0,0.0,0.0,0.0,0.0
637,wave1,dual_nonbiased,25.0,20.0,0.0,0.0,15.0,0.0,20.0,10.0,0.0,0.0,0.0,30.0,0.0,0.0,0.0,0.0,0.0,0.0,0.0,0.0,0.0,0.0,0.0,0.0,0.0,15.0,0.0,0.0,0.0,0.0,0.0,0.0,0.0,0.0,0.0,0.0,10.0,5.0,0.0,0.0,15.0,10.0,0.0,0.0,0.0,0.0,15.0,10.0,0.0,0.0
187,wave1,dual_balanced,0.0,0.0,0.0,0.0,0.0,0.0,10.0,0.0,0.0,0.0,20.0,0.0,5.0,0.0,20.0,0.0,15.0,0.0,0.0,0.0,10.0,0.0,5.0,0.0,0.0,0.0,0.0,0.0,0.0,0.0,5.0,40.0,0.0,10.0,0.0,10.0,0.0,15.0,0.0,20.0,0.0,0.0,0.0,5.0,10.0,0.0,0.0,0.0,0.0,0.0
612,wave1,dual_balanced,20.0,20.0,10.0,10.0,0.0,0.0,0.0,0.0,0.0,0.0,0.0,0.0,0.0,0.0,0.0,0.0,15.0,15.0,20.0,20.0,10.0,10.0,0.0,0.0,0.0,0.0,0.0,0.0,5.0,5.0,0.0,0.0,0.0,0.0,10.0,10.0,0.0,0.0,0.0,0.0,10.0,10.0,0.0,0.0,0.0,0.0,0.0,0.0,0.0,0.0
2162,wave1,dual_nonbiased,10.0,20.0,0.0,0.0,0.0,0.0,15.0,25.0,15.0,15.0,25.0,25.0,0.0,0.0,0.0,0.0,0.0,0.0,10.0,5.0,0.0,10.0,0.0,0.0,10.0,0.0,0.0,0.0,10.0,0.0,0.0,0.0,0.0,0.0,0.0,0.0,5.0,0.0,0.0,0.0,0.0,0.0,0.0,0.0,0.0,0.0,0.0,0.0,0.0,0.0
2394,wave1,dual_nonbiased,10.0,10.0,0.0,0.0,0.0,0.0,10.0,10.0,0.0,0.0,10.0,10.0,0.0,0.0,30.0,30.0,0.0,0.0,10.0,10.0,0.0,0.0,0.0,0.0,0.0,0.0,0.0,0.0,0.0,0.0,20.0,20.0,0.0,0.0,0.0,0.0,0.0,0.0,0.0,0.0,10.0,10.0,0.0,0.0,0.0,0.0,0.0,0.0,0.0,0.0
1274,wave1,dual_opposition,15.0,15.0,15.0,15.0,0.0,0.0,10.0,10.0,0.0,0.0,10.0,20.0,10.0,10.0,0.0,0.0,0.0,0.0,0.0,0.0,0.0,0.0,0.0,10.0,10.0,10.0,10.0,10.0,0.0,0.0,0.0,0.0,0.0,0.0,10.0,0.0,0.0,0.0,0.0,0.0,0.0,0.0,0.0,0.0,10.0,0.0,0.0,0.0,0.0,0.0
1921,wave1,dual_balanced,10.0,0.0,10.0,10.0,0.0,0.0,0.0,0.0,0.0,0.0,40.0,20.0,0.0,10.0,0.0,20.0,0.0,0.0,0.0,0.0,0.0,0.0,0.0,0.0,10.0,10.0,10.0,10.0,0.0,0.0,0.0,0.0,0.0,0.0,0.0,0.0,0.0,0.0,0.0,0.0,10.0,10.0,0.0,0.0,10.0,10.0,0.0,0.0,0.0,0.0
1142,wave1,dual_balanced,0.0,10.0,0.0,0.0,0.0,0.0,0.0,0.0,10.0,10.0,0.0,0.0,0.0,0.0,20.0,20.0,0.0,0.0,0.0,0.0,0.0,0.0,0.0,0.0,0.0,0.0,0.0,0.0,0.0,0.0,20.0,10.0,0.0,0.0,0.0,0.0,0.0,0.0,0.0,0.0,0.0,0.0,10.0,10.0,20.0,20.0,20.0,20.0,0.0,0.0
699,wave1,dual_opposition,0.0,0.0,0.0,0.0,0.0,0.0,0.0,0.0,0.0,0.0,0.0,0.0,10.0,10.0,10.0,10.0,0.0,0.0,0.0,0.0,0.0,0.0,20.0,20.0,10.0,10.0,20.0,20.0,20.0,20.0,10.0,10.0,0.0,0.0,0.0,0.0,0.0,0.0,0.0,0.0,0.0,0.0,0.0,0.0,0.0,0.0,0.0,0.0,0.0,0.0
862,wave1,dual_opposition,5.0,30.0,5.0,20.0,5.0,15.0,5.0,10.0,5.0,0.0,5.0,5.0,5.0,0.0,5.0,0.0,5.0,0.0,5.0,10.0,5.0,10.0,5.0,0.0,5.0,0.0,5.0,0.0,5.0,0.0,5.0,0.0,5.0,0.0,0.0,0.0,0.0,0.0,0.0,0.0,0.0,0.0,0.0,0.0,5.0,0.0,5.0,0.0,5.0,0.0
1924,wave1,dual_nonbiased,15.0,15.0,15.0,15.0,0.0,0.0,10.0,10.0,10.0,10.0,0.0,0.0,15.0,15.0,0.0,0.0,20.0,20.0,0.0,0.0,0.0,0.0,0.0,0.0,0.0,0.0,0.0,0.0,0.0,0.0,0.0,0.0,0.0,0.0,0.0,0.0,5.0,5.0,0.0,0.0,5.0,5.0,5.0,5.0,0.0,0.0,0.0,0.0,0.0,0.0
1629,wave1,dual_balanced,10.0,10.0,0.0,0.0,0.0,0.0,30.0,30.0,0.0,0.0,5.0,5.0,10.0,10.0,0.0,0.0,10.0,10.0,0.0,0.0,0.0,0.0,0.0,0.0,0.0,0.0,5.0,5.0,0.0,0.0,5.0,5.0,5.0,5.0,5.0,5.0,0.0,0.0,0.0,0.0,0.0,0.0,5.0,5.0,0.0,0.0,10.0,10.0,0.0,0.0
339,wave1,dual_opposition,0.0,0.0,0.0,0.0,0.0,0.0,15.0,15.0,0.0,0.0,15.0,15.0,0.0,0.0,0.0,0.0,0.0,0.0,0.0,0.0,0.0,0.0,0.0,0.0,10.0,10.0,0.0,0.0,0.0,0.0,20.0,20.0,0.0,0.0,0.0,0.0,0.0,0.0,0.0,0.0,0.0,0.0,0.0,0.0,0.0,0.0,0.0,40.0,40.0,0.0
1486,wave1,dual_balanced,0.0,0.0,30.0,30.0,0.0,0.0,0.0,0.0,10.0,10.0,30.0,30.0,0.0,0.0,10.0,10.0,0.0,0.0,0.0,0.0,0.0,0.0,0.0,0.0,0.0,0.0,20.0,20.0,0.0,0.0,0.0,0.0,0.0,0.0,0.0,0.0,0.0,0.0,0.0,0.0,0.0,0.0,0.0,0.0,0.0,0.0,0.0,0.0,0.0,0.0
