participantId,wave,session_id,eval_start,persona_ai1,persona_ai2,dual_condition,side_assignment,pre_active_m2_ann,post_active_m2_ann
879,wave3,17,2026-06-09,Neutral,E-Seeking,dual_opposition,opposition_above,-0.0699294555871219,-0.0361375691858715
1063,wave3,17,2026-06-09,S-Averse,S-Seeking,dual_balanced,ai1_averse_ai2_seeking,-0.0054933340048476,0.0060993915613183
620,wave3,17,2026-06-09,E-Averse,S-Averse,dual_opposition,opposition_below,-0.088984523315664,-0.0397976210237873
1430,wave3,17,2026-06-09,E-Seeking,Neutral,dual_balanced,ai1_seeking_ai2_averse,-0.059287398379238,-0.0625602845128846
1253,wave3,17,2026-06-09,Default,Default,dual_nonbiased,,-0.0477607256154589,-0.0477607256154589
1402,wave3,17,2026-06-09,S-Seeking,E-Averse,dual_balanced,ai1_seeking_ai2_averse,-0.0115821576274047,-0.0647290596770641
1292,wave3,17,2026-06-09,E-Averse,E-Averse,dual_opposition,opposition_below,-0.0522390150805057,-0.0463852247755311
590,wave3,17,2026-06-09,S-Seeking,E-Seeking,dual_opposition,opposition_above,0.0312585312037641,0.0106279212299842
1590,wave3,17,2026-06-09,Neutral,Neutral,dual_opposition,opposition_above,0.0128302629047427,-0.0180749415386413
2375,wave3,17,2026-06-09,E-Averse,S-Seeking,dual_balanced,ai1_averse_ai2_seeking,-0.0254381988143275,-0.012474331099633
1878,wave3,17,2026-06-09,E-Seeking,Neutral,dual_opposition,opposition_above,-0.073643968013288,-0.0576502533113363
654,wave3,17,2026-06-09,E-Seeking,S-Averse,dual_balanced,ai1_seeking_ai2_averse,-0.0608664442831151,-0.0333602759174692
1519,wave3,17,2026-06-09,S-Averse,S-Averse,dual_opposition,opposition_above,-0.0892512642544063,-0.036024345054315
2201,wave3,17,2026-06-09,Default,Default,dual_nonbiased,,-0.0114361653014235,0.0005472118965215
842,wave3,17,2026-06-09,S-Averse,S-Averse,dual_opposition,opposition_below,-0.0762113386626442,-0.0762113386626442
550,wave3,17,2026-06-09,Neutral,Neutral,dual_opposition,opposition_above,0.0289569427233065,-0.0215969218351539
1615,wave3,17,2026-06-09,Default,Default,dual_nonbiased,,-0.0224651163586413,-0.0512781383129288
1449,wave3,17,2026-06-09,S-Seeking,E-Seeking,dual_opposition,opposition_above,-0.0874490843208935,-0.0874490843208935
402,wave3,17,2026-06-09,E-Averse,S-Seeking,dual_balanced,ai1_averse_ai2_seeking,-0.0314134696005949,-0.0139739024359698
1497,wave3,17,2026-06-09,E-Seeking,S-Seeking,dual_opposition,opposition_above,-0.0353780536117155,-0.0326395009485636
1961,wave3,17,2026-06-09,Default,Default,dual_nonbiased,,0.0120635126498996,-0.0085750463865661
207,wave3,17,2026-06-09,S-Seeking,E-Seeking,dual_opposition,opposition_above,-0.0461423151653159,-0.0399728991273563
64,wave3,17,2026-06-09,S-Averse,S-Averse,dual_opposition,opposition_below,0.0155534029088804,0.0108289847127129
1413,wave3,17,2026-06-09,S-Seeking,E-Seeking,dual_opposition,opposition_above,-0.0461154888736709,-0.0511621006648682
1095,wave3,17,2026-06-09,S-Averse,S-Averse,dual_opposition,opposition_above,-0.0423224590046743,-0.0474915445307417
2080,wave3,17,2026-06-09,Default,Default,dual_nonbiased,,-0.0416890121301006,-0.0305743132980745
274,wave3,17,2026-06-09,Default,Default,dual_nonbiased,,-0.0519662075022491,-0.0480944773079741
1255,wave3,17,2026-06-09,S-Seeking,S-Seeking,dual_opposition,opposition_above,-0.0669037942792782,-0.0405907084794237
1617,wave3,17,2026-06-09,Default,Default,dual_nonbiased,,-0.0421327009151146,-0.0421327009151146
2343,wave3,17,2026-06-09,S-Seeking,E-Averse,dual_balanced,ai1_seeking_ai2_averse,-0.0360570993057942,-0.0473849608794217
91,wave3,17,2026-06-09,S-Averse,E-Averse,dual_balanced,ai1_seeking_ai2_averse,0.0103065373291843,0.013616711696293
1245,wave3,17,2026-06-09,E-Averse,E-Averse,dual_opposition,opposition_below,0.0133498069382086,0.0080819121701558
530,wave3,17,2026-06-09,Default,Default,dual_nonbiased,,-0.0746125894971519,-0.041897781054881
1082,wave3,17,2026-06-09,E-Seeking,S-Averse,dual_balanced,ai1_seeking_ai2_averse,-0.0867877033986609,-0.0657476209526444
488,wave3,17,2026-06-09,Default,Default,dual_nonbiased,,-0.0514117776105434,-0.067093297592036
553,wave3,17,2026-06-09,Neutral,E-Averse,dual_balanced,ai1_seeking_ai2_averse,-0.02027685774125,0.0223195756018336
302,wave3,17,2026-06-08,Default,Default,dual_nonbiased,,-0.0737845813671799,-0.0203201798122965
2067,wave3,17,2026-06-08,Neutral,Neutral,dual_opposition,opposition_above,-0.0523304359464125,-0.0635412712816299
4,wave3,17,2026-06-08,Default,Default,dual_nonbiased,,-0.0200316143160543,-0.0283566550692441
2229,wave3,17,2026-06-08,Default,Default,dual_nonbiased,,-0.0263020985499132,-0.0341241040591797
1328,wave3,17,2026-06-08,S-Averse,E-Averse,dual_opposition,opposition_below,-0.0123473636826961,-0.0162525923329907
2202,wave3,17,2026-06-08,Neutral,E-Averse,dual_balanced,ai1_seeking_ai2_averse,-0.0340975809002002,-0.0371425210656261
1648,wave3,17,2026-06-08,Default,Default,dual_nonbiased,,-0.0701303266457146,-0.0628125770832985
1144,wave3,17,2026-06-08,Neutral,Neutral,dual_opposition,opposition_below,-0.0538481134035951,-0.0647015515577631
1029,wave3,17,2026-06-08,E-Averse,Neutral,dual_balanced,ai1_averse_ai2_seeking,-0.0146673936812708,-0.0160588775493538
2009,wave3,17,2026-06-08,Default,Default,dual_nonbiased,,-0.0738742459658637,0.0062378916257559
1528,wave3,17,2026-06-08,S-Averse,E-Seeking,dual_balanced,ai1_averse_ai2_seeking,-0.096470125099627,-0.096470125099627
447,wave3,17,2026-06-08,Default,Default,dual_nonbiased,,-0.0155864411931648,-0.0300612160893983
287,wave3,17,2026-06-08,E-Averse,S-Averse,dual_opposition,opposition_below,-0.0735936292819143,-0.0618723887161169
373,wave3,17,2026-06-08,E-Averse,E-Seeking,dual_balanced,ai1_averse_ai2_seeking,-0.0653053852803811,-0.0314035236646585
221,wave3,17,2026-06-08,E-Seeking,Neutral,dual_balanced,ai1_seeking_ai2_averse,-0.0697584905666176,-0.0106806849833654
222,wave3,17,2026-06-08,Neutral,E-Averse,dual_balanced,ai1_seeking_ai2_averse,-0.0778322954711537,-0.0638090549399714
1436,wave3,17,2026-06-08,E-Averse,E-Seeking,dual_balanced,ai1_averse_ai2_seeking,-0.037064241496728,-0.0412675663935016
1143,wave3,17,2026-06-08,Neutral,S-Averse,dual_balanced,ai1_seeking_ai2_averse,-0.0178369311897013,-0.0352579602725713
1207,wave3,17,2026-06-08,Neutral,S-Seeking,dual_opposition,opposition_above,-0.1167834858831606,-0.08823578317643
1277,wave3,17,2026-06-08,Default,Default,dual_nonbiased,,-0.0214727028595422,-0.014052041461846
1444,wave3,17,2026-06-08,S-Averse,E-Averse,dual_opposition,opposition_below,-0.0550372928430331,-0.0550372928430331
1084,wave3,17,2026-06-08,S-Seeking,E-Averse,dual_balanced,ai1_seeking_ai2_averse,-0.0363474908574774,-0.0406705705302486
935,wave3,17,2026-06-08,Neutral,Neutral,dual_opposition,opposition_above,-0.0882693714262013,-0.0878860464157407
253,wave3,17,2026-06-08,Default,Default,dual_nonbiased,,-0.0281200865975266,-0.0682851979854778
1214,wave3,17,2026-06-08,S-Seeking,S-Averse,dual_opposition,opposition_above,-0.0255744933438733,-0.0255744933438733
2232,wave3,17,2026-06-08,Default,Default,dual_nonbiased,,-0.0128400455822029,-0.0128400455822029
41,wave3,17,2026-06-08,Default,Default,dual_nonbiased,,-0.0699549746883874,-0.0699549746883874
2296,wave3,17,2026-06-08,E-Averse,E-Seeking,dual_balanced,ai1_averse_ai2_seeking,-0.0705941067472549,-0.0705941067472549
507,wave3,17,2026-06-08,S-Averse,S-Seeking,dual_balanced,ai1_averse_ai2_seeking,-0.041439968803487,-0.041439968803487
1076,wave3,17,2026-06-08,Default,Default,dual_nonbiased,,-0.0845558842560311,-0.0897833274322721
1446,wave3,17,2026-06-08,Default,Default,dual_nonbiased,,-0.0461296218556058,-0.0257801665503764
2033,wave3,17,2026-06-08,S-Averse,Neutral,dual_balanced,ai1_averse_ai2_seeking,-0.0567627255342209,-0.0454658811675099
521,wave3,17,2026-06-08,S-Seeking,S-Seeking,dual_opposition,opposition_above,-0.0916132623013208,-0.0916132623013208
2129,wave3,17,2026-06-08,S-Seeking,S-Seeking,dual_opposition,opposition_above,-0.0635969719279222,-0.0635969719279222
608,wave3,17,2026-06-08,Neutral,S-Seeking,dual_opposition,opposition_above,-0.0907268935612154,-0.073542600868239
1908,wave3,17,2026-06-08,Neutral,E-Seeking,dual_balanced,ai1_averse_ai2_seeking,-0.0512325715554739,-0.0256031037217455
1112,wave3,17,2026-06-08,S-Seeking,Neutral,dual_opposition,opposition_above,-0.008700714696968,-0.008700714696968
1828,wave3,17,2026-06-08,Neutral,E-Seeking,dual_opposition,opposition_above,-0.069499384830181,-0.0805455455919491
1516,wave3,17,2026-06-08,E-Averse,E-Seeking,dual_balanced,ai1_averse_ai2_seeking,-0.0452971446259172,-0.0452971446259172
2266,wave3,17,2026-06-08,Default,Default,dual_nonbiased,,-0.0207188598070434,-0.0207188598070434
852,wave3,17,2026-06-08,Neutral,E-Averse,dual_balanced,ai1_seeking_ai2_averse,-0.0564628121008403,-0.0564628121008403
1673,wave3,17,2026-06-08,Default,Default,dual_nonbiased,,-0.0736608626794889,-0.0751021095195261
630,wave3,17,2026-06-08,Default,Default,dual_nonbiased,,-0.0280776678901599,-0.0305607427803211
1810,wave3,17,2026-06-08,Default,Default,dual_nonbiased,,-0.0165752300214862,-0.0241765200297112
1926,wave3,17,2026-06-08,Default,Default,dual_nonbiased,,-0.0153181348847226,-0.0489412356823246
1043,wave3,17,2026-06-08,Default,Default,dual_nonbiased,,-0.0196591577825024,-0.0203665890331181
1325,wave3,17,2026-06-08,E-Averse,S-Seeking,dual_balanced,ai1_averse_ai2_seeking,-0.0592971083290023,-0.0152353004231883
2095,wave3,17,2026-06-08,Default,Default,dual_nonbiased,,-0.0254982270056848,-0.0184146517274836
1783,wave3,17,2026-06-08,S-Seeking,E-Averse,dual_balanced,ai1_seeking_ai2_averse,-0.061392132816395,-0.0470593491641656
501,wave3,17,2026-06-08,Default,Default,dual_nonbiased,,-0.0715599103046971,-0.0621250433769642
2356,wave3,17,2026-06-08,Default,Default,dual_nonbiased,,-0.0448495046527447,-0.0448495046527447
669,wave3,17,2026-06-08,Default,Default,dual_nonbiased,,-0.0066752482568293,-0.0051379624644554
159,wave3,17,2026-06-08,S-Averse,Neutral,dual_balanced,ai1_averse_ai2_seeking,-0.052110003210499,-0.052110003210499
776,wave3,17,2026-06-08,E-Seeking,Neutral,dual_opposition,opposition_above,-0.036982855669426,-0.036982855669426
1606,wave3,17,2026-06-08,Default,Default,dual_nonbiased,,-0.0911156819631043,-0.0674362690333775
925,wave3,17,2026-06-08,Default,Default,dual_nonbiased,,-0.0490383647732774,-0.0484268809692056
1297,wave3,17,2026-06-08,S-Averse,E-Seeking,dual_balanced,ai1_averse_ai2_seeking,-0.0653797688435843,-0.0538033682351303
1628,wave3,17,2026-06-08,Neutral,Neutral,dual_opposition,opposition_above,-0.054373084727813,-0.0324485211952283
178,wave3,17,2026-06-08,Default,Default,dual_nonbiased,,-0.0389309769033821,-0.0527975304119567
2086,wave3,17,2026-06-08,E-Seeking,E-Seeking,dual_opposition,opposition_above,-0.0365390737521444,-0.0268156772396589
566,wave3,17,2026-06-08,E-Averse,E-Seeking,dual_balanced,ai1_averse_ai2_seeking,-0.0936628400960501,-0.0936628400960501
2270,wave3,17,2026-06-08,Default,Default,dual_nonbiased,,-0.0658193870058674,-0.0505456696913611
1278,wave3,17,2026-06-08,S-Averse,Neutral,dual_balanced,ai1_averse_ai2_seeking,-0.0745352111465836,-0.0745352111465836
1159,wave3,17,2026-06-08,E-Averse,Neutral,dual_opposition,opposition_below,-0.0117116872188046,-0.0165787144394418
766,wave3,17,2026-06-08,Default,Default,dual_nonbiased,,-0.0704213372240542,-0.0811271613190431
2160,wave3,17,2026-06-08,S-Averse,E-Averse,dual_opposition,opposition_below,-0.0510717123030504,-0.0182775301929785
2092,wave3,17,2026-06-08,E-Seeking,S-Averse,dual_balanced,ai1_seeking_ai2_averse,-0.0239827784839026,-0.0239827784839026
54,wave3,17,2026-06-08,E-Averse,E-Seeking,dual_balanced,ai1_averse_ai2_seeking,-0.0526068767765349,-0.0552112100523567
123,wave3,17,2026-06-08,E-Averse,S-Seeking,dual_balanced,ai1_averse_ai2_seeking,-0.0307945951126948,-0.0279837803221039
1850,wave3,17,2026-06-08,Neutral,E-Seeking,dual_opposition,opposition_above,-0.0962109589176835,-0.0962109589176835
526,wave3,17,2026-06-08,Neutral,Neutral,dual_opposition,opposition_above,-0.017397909294443,-0.0203335916818991
765,wave3,17,2026-06-08,Default,Default,dual_nonbiased,,-0.0170521473432108,-0.0170521473432108
1935,wave3,17,2026-06-08,Neutral,Neutral,dual_opposition,opposition_above,-0.0186537792449229,-0.0201322359964139
2211,wave3,17,2026-06-08,E-Averse,E-Averse,dual_opposition,opposition_below,-0.0190786902582863,-0.0349523862164494
1688,wave3,17,2026-06-08,E-Seeking,E-Averse,dual_balanced,ai1_seeking_ai2_averse,-0.084759701378165,-0.05958206761328
2178,wave3,17,2026-06-08,E-Averse,E-Seeking,dual_balanced,ai1_averse_ai2_seeking,-0.0652597199001042,-0.0345767256775244
1511,wave3,17,2026-06-08,E-Averse,E-Seeking,dual_balanced,ai1_averse_ai2_seeking,-0.0485158238758718,0.0034080996945969
1900,wave3,17,2026-06-08,E-Averse,Neutral,dual_balanced,ai1_averse_ai2_seeking,-0.076987788947662,-0.0180540575497924
1815,wave3,17,2026-06-08,S-Seeking,Neutral,dual_opposition,opposition_above,-0.0632696535670467,-0.0628593661164775
757,wave3,17,2026-06-08,Default,Default,dual_nonbiased,,-0.0387232877970997,-0.0318153458124666
1368,wave3,17,2026-06-08,E-Seeking,S-Averse,dual_opposition,opposition_above,-0.036228328625817,-0.0276733234037204
1399,wave3,17,2026-06-08,Default,Default,dual_nonbiased,,0.0054092482443474,-0.0187282185743242
150,wave3,17,2026-06-08,Neutral,Neutral,dual_opposition,opposition_above,-0.076011383967067,-0.0836484228354482
1836,wave3,17,2026-06-08,Neutral,Neutral,dual_opposition,opposition_below,-0.0128419118552562,-0.0128419118552562
1666,wave3,17,2026-06-08,E-Averse,S-Seeking,dual_balanced,ai1_averse_ai2_seeking,-0.0158581107130687,-0.0066988924769063
1922,wave3,17,2026-06-08,Neutral,E-Averse,dual_opposition,opposition_below,-0.0801818011007099,-0.0886206476274
2283,wave3,17,2026-06-08,E-Seeking,S-Averse,dual_balanced,ai1_seeking_ai2_averse,-0.0381999393441712,-0.0243495259179621
1052,wave3,17,2026-06-08,Neutral,E-Averse,dual_balanced,ai1_seeking_ai2_averse,-0.0722273170883577,-0.0238346514528037
843,wave3,17,2026-06-08,Default,Default,dual_nonbiased,,-0.0735543214871638,-0.0831694454117001
1863,wave3,17,2026-06-08,S-Seeking,E-Seeking,dual_opposition,opposition_above,-0.0446730739491166,-0.0049810586643486
1840,wave3,17,2026-06-08,Neutral,Neutral,dual_opposition,opposition_above,-0.0427685252077256,-0.0427685252077256
1378,wave3,17,2026-06-08,E-Averse,S-Averse,dual_opposition,opposition_below,-0.0632460605801142,-0.0204766557713399
100,wave3,17,2026-06-08,S-Averse,E-Averse,dual_opposition,opposition_below,-0.0001937401245226,-0.0076097915414268
1740,wave3,17,2026-06-08,Default,Default,dual_nonbiased,,-0.061042445981361,-0.0819091062706696
1975,wave3,17,2026-06-08,Default,Default,dual_nonbiased,,-0.1087608116755232,-0.0832845157146686
1694,wave3,17,2026-06-08,E-Seeking,S-Averse,dual_balanced,ai1_seeking_ai2_averse,-0.0688004778977227,-0.0376371800484346
711,wave3,17,2026-06-08,Default,Default,dual_nonbiased,,-0.0455540708946083,-0.0509515703312712
144,wave3,17,2026-06-08,E-Seeking,S-Averse,dual_balanced,ai1_seeking_ai2_averse,-0.041744322477706,-0.0721696189340039
892,wave3,17,2026-06-08,Default,Default,dual_nonbiased,,-0.0251723319137725,-0.0251723319137725
634,wave3,17,2026-06-08,Default,Default,dual_nonbiased,,-0.0559512698139501,-0.0600190893203076
297,wave3,17,2026-06-08,E-Seeking,E-Averse,dual_balanced,ai1_seeking_ai2_averse,-0.0624830835126894,-0.0109925933294554
460,wave3,17,2026-06-08,S-Averse,E-Averse,dual_opposition,opposition_below,-0.0277439892314573,-0.0277439892314573
1067,wave3,17,2026-06-08,E-Averse,Neutral,dual_opposition,opposition_below,-0.0274703129797736,-0.0274703129797736
1388,wave3,17,2026-06-08,S-Averse,Neutral,dual_balanced,ai1_averse_ai2_seeking,-0.0786990057068764,-0.0786990057068764
1412,wave3,17,2026-06-08,Default,Default,dual_nonbiased,,-0.0363154320969539,-0.0534927856862137
635,wave3,17,2026-06-08,S-Averse,E-Seeking,dual_balanced,ai1_averse_ai2_seeking,-0.0755623655173036,-0.0756133561075111
897,wave3,17,2026-06-08,S-Averse,Neutral,dual_balanced,ai1_averse_ai2_seeking,-0.0379051284379961,-0.0439116252472168
762,wave3,17,2026-06-08,Default,Default,dual_nonbiased,,-0.0638624845517457,-0.0707380657627926
2150,wave3,17,2026-06-08,Default,Default,dual_nonbiased,,-0.0599960753706047,-0.0847203510239308
262,wave3,17,2026-06-08,Neutral,S-Seeking,dual_opposition,opposition_above,-0.0723555297692069,-0.0203445923239829
786,wave3,17,2026-06-08,S-Averse,S-Seeking,dual_balanced,ai1_averse_ai2_seeking,-0.0095127811675415,-0.0095127811675415
1818,wave3,17,2026-06-08,E-Averse,E-Seeking,dual_balanced,ai1_averse_ai2_seeking,-0.0692002212591072,-0.0442862236578837
95,wave3,17,2026-06-08,Default,Default,dual_nonbiased,,-0.042875396296604,-0.0437958827440804
1034,wave3,17,2026-06-08,Default,Default,dual_nonbiased,,-0.070152229004704,0.007280283916701
499,wave3,17,2026-06-08,Default,Default,dual_nonbiased,,-0.0988695411163901,-0.0713257230552817
569,wave3,17,2026-06-08,Default,Default,dual_nonbiased,,-0.0568474814191176,-0.051519096878461
1380,wave3,17,2026-06-08,Default,Default,dual_nonbiased,,-0.0664854279116191,-0.0332490711939501
1495,wave3,17,2026-06-08,Default,Default,dual_nonbiased,,-0.0067864376123208,-0.0544310742968597
770,wave3,17,2026-06-08,E-Seeking,E-Averse,dual_balanced,ai1_seeking_ai2_averse,-0.0117118005117812,-0.0117118005117812
290,wave3,17,2026-06-08,Default,Default,dual_nonbiased,,-0.0465683210035724,-0.0785875823020721
1451,wave3,17,2026-06-08,Neutral,E-Seeking,dual_balanced,ai1_averse_ai2_seeking,-0.0085960712447401,-0.0085960712447401
86,wave3,17,2026-06-08,Default,Default,dual_nonbiased,,-0.0484080845274984,-0.0484080845274984
430,wave3,17,2026-06-08,E-Seeking,E-Seeking,dual_opposition,opposition_above,-0.0760503979367403,0.0161464437314036
171,wave3,17,2026-06-08,E-Seeking,E-Averse,dual_balanced,ai1_seeking_ai2_averse,-0.0166090858798973,-0.0166090858798973
365,wave3,17,2026-06-08,E-Seeking,E-Averse,dual_balanced,ai1_seeking_ai2_averse,0.0018882186916157,0.003126040613307
563,wave3,17,2026-06-08,E-Averse,Neutral,dual_balanced,ai1_averse_ai2_seeking,-0.0293385198124327,-0.0560106437144133
656,wave3,17,2026-06-08,Default,Default,dual_nonbiased,,-0.0748904362817993,-0.0748904362817993
377,wave3,17,2026-06-08,S-Averse,E-Averse,dual_balanced,ai1_seeking_ai2_averse,-0.0429823568669026,-0.0585241612213149
1668,wave3,17,2026-06-08,E-Seeking,Neutral,dual_opposition,opposition_above,-0.0725503552046056,-0.0725503552046056
1042,wave3,17,2026-06-08,Default,Default,dual_nonbiased,,-0.0464326450226832,-0.0553583815921566
1352,wave3,17,2026-06-08,S-Seeking,S-Seeking,dual_opposition,opposition_above,-0.0661263503375655,-0.0264705967081886
1867,wave3,17,2026-06-08,E-Averse,S-Seeking,dual_balanced,ai1_averse_ai2_seeking,-0.0092637999295992,-0.0106406564978994
1788,wave3,17,2026-06-08,E-Seeking,S-Averse,dual_balanced,ai1_seeking_ai2_averse,-0.0187353668474855,-0.0187353668474855
1263,wave3,17,2026-06-08,S-Averse,E-Seeking,dual_balanced,ai1_averse_ai2_seeking,-0.0331124038021459,-0.0486018490286409
878,wave3,17,2026-06-08,Default,Default,dual_nonbiased,,-0.059043907215723,-0.059043907215723
1092,wave3,17,2026-06-08,Default,Default,dual_nonbiased,,-0.0347311871137152,-0.0417715202208028
1428,wave3,17,2026-06-08,Neutral,S-Averse,dual_balanced,ai1_seeking_ai2_averse,-0.0184834925487291,-0.0103335053542921
332,wave3,17,2026-06-08,Neutral,E-Averse,dual_balanced,ai1_seeking_ai2_averse,-0.0423555908197106,-0.058923214695746
1538,wave3,17,2026-06-08,S-Seeking,Neutral,dual_balanced,ai1_seeking_ai2_averse,-0.03479613729821,-0.0849889613907771
2304,wave3,17,2026-06-08,S-Averse,Neutral,dual_opposition,opposition_below,-0.0501416927833934,-0.0554558301685568
798,wave3,17,2026-06-08,S-Seeking,S-Averse,dual_balanced,ai1_seeking_ai2_averse,-0.0146742425553995,-0.012057288025069
2174,wave3,17,2026-06-08,E-Seeking,E-Seeking,dual_opposition,opposition_above,-0.05991179656688,0.0081084555700396
1370,wave3,17,2026-06-08,Default,Default,dual_nonbiased,,-0.0784247253586663,-0.0784247253586663
1056,wave3,17,2026-06-08,E-Seeking,E-Averse,dual_balanced,ai1_seeking_ai2_averse,-0.0630018360381839,-0.0774210217905128
788,wave3,17,2026-06-08,E-Seeking,E-Seeking,dual_opposition,opposition_above,-0.0498638172545613,-0.067502445982865
2074,wave3,17,2026-06-08,Neutral,Neutral,dual_opposition,opposition_above,-0.0721099901106442,-0.0721099901106442
1695,wave3,17,2026-06-08,E-Seeking,S-Averse,dual_balanced,ai1_seeking_ai2_averse,-0.0960431637530333,-0.0387531447626953
723,wave3,17,2026-06-08,Default,Default,dual_nonbiased,,-0.1165697429655735,-0.1159579497864462
156,wave3,17,2026-06-08,Default,Default,dual_nonbiased,,-0.0819859522302118,-0.0819859522302118
1221,wave3,17,2026-06-08,S-Averse,Neutral,dual_opposition,opposition_below,-0.0289221438517795,-0.0333088946867865
186,wave3,17,2026-06-08,Neutral,S-Averse,dual_balanced,ai1_seeking_ai2_averse,-0.0021226683202563,-0.0021226683202563
37,wave3,17,2026-06-08,S-Seeking,S-Averse,dual_balanced,ai1_seeking_ai2_averse,-0.0799042458135403,-0.0750849561317208
1855,wave3,17,2026-06-08,E-Seeking,E-Seeking,dual_opposition,opposition_above,-0.0656213669043659,-0.0656213669043659
1293,wave3,17,2026-06-08,Neutral,S-Averse,dual_balanced,ai1_seeking_ai2_averse,-0.0927311831900975,-0.0699617127998056
1381,wave3,17,2026-06-08,Neutral,S-Seeking,dual_opposition,opposition_above,-0.0769560832970899,-0.0449677663360402
838,wave3,17,2026-06-08,Neutral,E-Seeking,dual_balanced,ai1_averse_ai2_seeking,-0.0416997003738115,-0.0416997003738115
404,wave3,17,2026-06-08,Neutral,E-Seeking,dual_balanced,ai1_averse_ai2_seeking,-0.0635078571824339,-0.0479291130528065
1468,wave3,17,2026-06-08,Neutral,E-Seeking,dual_opposition,opposition_above,-0.0542797162578213,-0.1004284065135095
609,wave3,17,2026-06-08,S-Seeking,Neutral,dual_balanced,ai1_seeking_ai2_averse,-0.1013304362605595,-0.0881653286262034
1593,wave3,17,2026-06-08,Default,Default,dual_nonbiased,,-0.084787911639286,-0.0692947836101053
1737,wave3,17,2026-06-08,Default,Default,dual_nonbiased,,-0.0175917294460324,-0.0175917294460324
2085,wave3,17,2026-06-08,Default,Default,dual_nonbiased,,-0.0523436298636789,-0.0523436298636789
680,wave3,17,2026-06-08,E-Averse,E-Averse,dual_opposition,opposition_below,-0.0405395208911001,-0.0405395208911001
769,wave3,17,2026-06-08,Default,Default,dual_nonbiased,,-0.0442192107158048,-0.0544882933967127
2015,wave3,17,2026-06-08,S-Seeking,E-Seeking,dual_opposition,opposition_above,-0.0135542590373618,-0.0113227433849484
1031,wave3,17,2026-06-08,S-Seeking,E-Averse,dual_balanced,ai1_seeking_ai2_averse,-0.0284735127111699,-0.042079417201142
1182,wave3,17,2026-06-08,Neutral,E-Averse,dual_balanced,ai1_seeking_ai2_averse,-0.0651296537886526,-0.0651296537886526
1741,wave3,17,2026-06-08,S-Seeking,S-Seeking,dual_opposition,opposition_above,-0.0540086618627128,-0.0651726502446144
1716,wave3,17,2026-06-08,Default,Default,dual_nonbiased,,-0.0734379886516226,-0.0966422496465042
848,wave3,17,2026-06-08,Default,Default,dual_nonbiased,,-0.052491020872469,-0.069029078314942
1753,wave3,17,2026-06-08,Neutral,S-Seeking,dual_opposition,opposition_above,-0.0445117013226848,-0.0611385923428861
887,wave3,17,2026-06-08,E-Averse,E-Seeking,dual_balanced,ai1_averse_ai2_seeking,-0.0683998815259134,-0.0642172826331343
1295,wave3,17,2026-06-08,Neutral,E-Averse,dual_opposition,opposition_below,-0.0170630076455787,-0.0130961752704616
1777,wave3,17,2026-06-08,S-Averse,Neutral,dual_balanced,ai1_averse_ai2_seeking,-0.057907153026905,-0.0455915220535072
1799,wave3,17,2026-06-08,E-Averse,S-Seeking,dual_balanced,ai1_averse_ai2_seeking,-0.0639593549565299,-0.0639593549565299
722,wave3,17,2026-06-08,E-Seeking,S-Averse,dual_balanced,ai1_seeking_ai2_averse,-0.03402829048087,-0.0263191563860112
1471,wave3,17,2026-06-08,E-Averse,Neutral,dual_balanced,ai1_averse_ai2_seeking,-0.0315162307719208,-0.0312786265932642
1085,wave3,17,2026-06-08,S-Averse,Neutral,dual_balanced,ai1_averse_ai2_seeking,-0.026734566219139,-0.0242031619430763
1147,wave3,17,2026-06-08,Default,Default,dual_nonbiased,,-0.0720919406367754,-0.0232587805860783
1389,wave3,17,2026-06-08,S-Seeking,Neutral,dual_opposition,opposition_above,-0.0174183083246109,-0.0481355154282808
990,wave3,17,2026-06-08,Default,Default,dual_nonbiased,,-0.0258949510387323,-0.0108807681837772
1305,wave3,17,2026-06-08,S-Averse,S-Averse,dual_opposition,opposition_below,-0.0386204606506639,-0.0573886560064293
2004,wave3,17,2026-06-08,Default,Default,dual_nonbiased,,-0.0330861350894753,-0.0330861350894753
2311,wave3,17,2026-06-08,Default,Default,dual_nonbiased,,-0.0804740222742174,-0.0804740222742174
666,wave3,17,2026-06-08,E-Seeking,E-Seeking,dual_opposition,opposition_above,-0.0318272167407989,-0.0318272167407989
2379,wave3,17,2026-06-08,Default,Default,dual_nonbiased,,-0.048666250408793,-0.0487860852094796
623,wave3,17,2026-06-08,E-Averse,Neutral,dual_balanced,ai1_averse_ai2_seeking,-0.068641891359211,-0.0774139459070359
1280,wave3,17,2026-06-08,E-Seeking,E-Seeking,dual_opposition,opposition_above,-0.0117759601194939,-0.0117759601194939
1077,wave3,17,2026-06-08,Default,Default,dual_nonbiased,,0.0081847343534215,-0.0113234393697866
1055,wave3,17,2026-06-08,Default,Default,dual_nonbiased,,-0.080620836302397,-0.0363404668182354
1181,wave3,17,2026-06-08,Neutral,E-Seeking,dual_opposition,opposition_above,-0.0527422485681341,-0.0527422485681341
2084,wave3,17,2026-06-08,E-Averse,Neutral,dual_balanced,ai1_averse_ai2_seeking,-0.0209163689533232,-0.0527043863831303
2230,wave3,17,2026-06-08,Default,Default,dual_nonbiased,,-0.028741415788747,-0.0551025885789333
2038,wave3,17,2026-06-08,E-Seeking,S-Seeking,dual_opposition,opposition_above,-0.0856709732069795,-0.0856709732069795
1249,wave3,17,2026-06-08,E-Averse,S-Averse,dual_opposition,opposition_below,-0.0224308005907785,-0.0224308005907785
1790,wave3,17,2026-06-08,S-Seeking,E-Averse,dual_balanced,ai1_seeking_ai2_averse,-0.060999926141421,-0.0674754386616385
2268,wave3,17,2026-06-08,E-Averse,S-Seeking,dual_balanced,ai1_averse_ai2_seeking,-0.0669909777202242,-0.0669909777202242
1736,wave3,17,2026-06-08,S-Seeking,S-Seeking,dual_opposition,opposition_above,-0.029902855007242,-0.0075018482248102
604,wave3,17,2026-06-08,S-Averse,S-Averse,dual_opposition,opposition_below,-0.028061590380411,-0.0244874274537103
567,wave3,17,2026-06-08,E-Averse,S-Seeking,dual_balanced,ai1_averse_ai2_seeking,-0.0466876752177369,-0.0186161663603857
2191,wave3,17,2026-06-08,E-Averse,Neutral,dual_balanced,ai1_averse_ai2_seeking,-0.0431496215793411,-0.0259823941587219
2280,wave3,17,2026-06-08,S-Seeking,E-Seeking,dual_opposition,opposition_above,-0.0419076170713068,-0.0126885741363614
1126,wave3,17,2026-06-08,Default,Default,dual_nonbiased,,-0.023578927339522,-0.023578927339522
783,wave3,17,2026-06-08,S-Averse,S-Averse,dual_opposition,opposition_below,-0.0713185428175292,-0.0347141000289176
910,wave3,17,2026-06-08,S-Seeking,S-Averse,dual_opposition,opposition_below,-0.0220234226460591,-0.0102683786592074
1489,wave3,17,2026-06-08,Default,Default,dual_nonbiased,,-0.0300223405455181,-0.0222706445727688
565,wave3,17,2026-06-08,S-Averse,S-Averse,dual_opposition,opposition_below,-0.0670453108595612,-0.0721193947129964
1435,wave3,17,2026-06-08,Default,Default,dual_nonbiased,,-0.0588504562522795,-0.1102161710244004
1912,wave3,17,2026-06-08,E-Seeking,S-Averse,dual_balanced,ai1_seeking_ai2_averse,-0.0143701054429673,-0.0143701054429673
1754,wave3,17,2026-06-08,Neutral,S-Averse,dual_opposition,opposition_below,-0.0662463943406854,-0.0662463943406854
610,wave3,17,2026-06-08,Neutral,E-Seeking,dual_opposition,opposition_above,-0.079618100787892,-0.079618100787892
2070,wave3,17,2026-06-08,E-Averse,E-Averse,dual_opposition,opposition_below,-0.0028753830385287,0.0005375178466325
2368,wave3,17,2026-06-08,Default,Default,dual_nonbiased,,-0.0211579624974132,-0.0203304539570266
235,wave3,17,2026-06-08,E-Seeking,Neutral,dual_opposition,opposition_above,-0.0635881482394151,-0.0740933836460366
1367,wave3,17,2026-06-08,E-Averse,E-Seeking,dual_balanced,ai1_averse_ai2_seeking,-0.0075145153115648,0.0115095320632709
2354,wave3,17,2026-06-08,E-Seeking,Neutral,dual_opposition,opposition_above,-0.0447603610053624,-0.0715180868968944
571,wave3,17,2026-06-08,S-Averse,S-Averse,dual_opposition,opposition_below,-0.0306553871831031,-0.0259155768157633
851,wave3,17,2026-06-08,Neutral,Neutral,dual_opposition,opposition_below,-0.0362149158372035,-0.0362149158372035
1046,wave3,17,2026-06-08,E-Seeking,E-Seeking,dual_opposition,opposition_above,-0.0762662269211341,-0.0500544006158685
808,wave3,17,2026-06-08,S-Averse,Neutral,dual_balanced,ai1_averse_ai2_seeking,-0.0605307497592385,-0.0614847790560506
1448,wave3,17,2026-06-08,S-Averse,S-Averse,dual_opposition,opposition_below,-0.0185478343158751,-0.0225111245324846
304,wave3,17,2026-06-08,Neutral,S-Seeking,dual_opposition,opposition_above,-0.0504758290058368,-0.0504758290058368
2373,wave3,17,2026-06-08,Default,Default,dual_nonbiased,,-0.0786761394399643,-0.0820748102134358
446,wave3,17,2026-06-08,S-Seeking,E-Averse,dual_balanced,ai1_seeking_ai2_averse,-0.0700505140640478,-0.0700505140640478
992,wave3,17,2026-06-08,Default,Default,dual_nonbiased,,-0.0344655014612525,-0.0355022683461372
486,wave3,17,2026-06-08,S-Averse,Neutral,dual_opposition,opposition_below,-0.0060965798785556,-0.0071759209111242
276,wave3,17,2026-06-08,Default,Default,dual_nonbiased,,-0.0430589002723194,-0.0872176070985717
1705,wave3,17,2026-06-08,Neutral,S-Averse,dual_balanced,ai1_seeking_ai2_averse,-0.0424583181629533,-0.0426493115463067
681,wave3,17,2026-06-08,S-Averse,E-Seeking,dual_balanced,ai1_averse_ai2_seeking,-0.0226281466533901,-0.0226281466533901
1832,wave3,17,2026-06-08,E-Seeking,S-Averse,dual_balanced,ai1_seeking_ai2_averse,-0.0523915761649603,-0.0315135904601754
478,wave3,17,2026-06-08,Neutral,E-Seeking,dual_opposition,opposition_above,-0.0018809113880814,-0.0018809113880814
756,wave3,17,2026-06-08,E-Seeking,S-Averse,dual_balanced,ai1_seeking_ai2_averse,-0.0394913601094148,-0.002165831919481
255,wave3,17,2026-06-08,Neutral,E-Seeking,dual_opposition,opposition_above,-0.043005729372702,-0.0403330242870094
400,wave3,17,2026-06-08,S-Averse,S-Seeking,dual_balanced,ai1_averse_ai2_seeking,-0.0662982279890755,-0.0301768161987614
28,wave3,17,2026-06-08,Default,Default,dual_nonbiased,,-0.0229919395954354,-0.0145646992142444
1188,wave3,17,2026-06-08,Default,Default,dual_nonbiased,,-0.062253165888489,-0.062253165888489
2315,wave3,17,2026-06-08,Default,Default,dual_nonbiased,,-0.080186565357454,-0.0766631221985106
1437,wave3,17,2026-06-08,S-Seeking,Neutral,dual_opposition,opposition_above,-0.0689042740154027,-0.0511959285217956
492,wave3,17,2026-06-08,Default,Default,dual_nonbiased,,-0.0425241182979301,-0.0256601254823075
2391,wave3,17,2026-06-08,Default,Default,dual_nonbiased,,-0.0749909240445001,-0.0537374587506051
1574,wave3,17,2026-06-08,S-Averse,S-Seeking,dual_balanced,ai1_averse_ai2_seeking,-0.0439022364530665,-0.0335620995753976
511,wave3,17,2026-06-08,S-Averse,S-Averse,dual_opposition,opposition_below,-0.068832516340805,-0.0379438705412659
362,wave3,17,2026-06-08,S-Averse,E-Seeking,dual_balanced,ai1_averse_ai2_seeking,-0.0588749788674746,-0.0116388746350996
118,wave3,17,2026-06-08,Neutral,E-Averse,dual_balanced,ai1_seeking_ai2_averse,-0.0139737604387566,-0.0177202367285932
1129,wave3,17,2026-06-08,S-Averse,Neutral,dual_opposition,opposition_below,-0.0846083658089109,-0.0842747024530659
2018,wave3,17,2026-06-08,Default,Default,dual_nonbiased,,-0.0506121337961329,-0.0435776035231559
409,wave3,17,2026-06-08,Neutral,Neutral,dual_opposition,opposition_above,-0.0240198150020626,-0.0185521199899509
1206,wave3,17,2026-06-08,E-Averse,S-Averse,dual_opposition,opposition_below,-0.05872115447262,-0.05872115447262
181,wave3,17,2026-06-08,E-Averse,S-Averse,dual_opposition,opposition_below,-0.0794923337237847,-0.0794923337237847
512,wave3,17,2026-06-08,E-Averse,E-Seeking,dual_balanced,ai1_averse_ai2_seeking,-0.0504377933681237,-0.0194442710907949
2055,wave3,17,2026-06-08,Neutral,E-Averse,dual_balanced,ai1_seeking_ai2_averse,-0.0850523087659014,-0.087701079767523
1069,wave3,17,2026-06-08,Default,Default,dual_nonbiased,,-0.0147973622565676,-0.0147973622565676
1193,wave3,17,2026-06-08,Default,Default,dual_nonbiased,,-0.054840538885571,-0.0621616595098679
2156,wave3,17,2026-06-08,Default,Default,dual_nonbiased,,-0.0244345301875987,-0.0174491947564721
2299,wave3,17,2026-06-08,Default,Default,dual_nonbiased,,-0.0606883627471197,-0.0727930461908063
1041,wave3,17,2026-06-08,Default,Default,dual_nonbiased,,-0.0276591773414316,-0.034118760354859
1847,wave3,17,2026-06-08,Neutral,S-Averse,dual_balanced,ai1_seeking_ai2_averse,-0.0172578523634819,-0.0347386961281013
1950,wave3,17,2026-06-08,Default,Default,dual_nonbiased,,-0.0786704380809145,-0.0469141014741864
1169,wave3,17,2026-06-08,E-Averse,E-Seeking,dual_balanced,ai1_averse_ai2_seeking,-0.0280936384491129,-0.0078839070981091
2319,wave3,17,2026-06-08,S-Averse,Neutral,dual_opposition,opposition_above,-0.0218651572629623,-0.0727601331562743
1022,wave3,17,2026-06-08,E-Seeking,S-Seeking,dual_opposition,opposition_above,-0.0364737214517719,-0.0240161906258184
1681,wave3,17,2026-06-08,E-Averse,S-Seeking,dual_balanced,ai1_averse_ai2_seeking,-0.031169457787777,-0.052055756181238
1499,wave3,17,2026-06-08,Default,Default,dual_nonbiased,,-0.0067864376123208,-0.0283590761791765
1247,wave3,17,2026-06-08,S-Averse,Neutral,dual_balanced,ai1_averse_ai2_seeking,-0.0611036780315331,-0.0394410832477085
257,wave3,17,2026-06-08,E-Seeking,Neutral,dual_opposition,opposition_above,-0.0537013866379526,-0.0133432250758889
370,wave3,17,2026-06-08,Neutral,Neutral,dual_opposition,opposition_above,-0.090953932205457,-0.0582955570614246
1490,wave3,17,2026-06-08,E-Seeking,E-Seeking,dual_opposition,opposition_above,-0.061811355537585,-0.0443320022560898
143,wave3,17,2026-06-08,S-Seeking,S-Averse,dual_balanced,ai1_seeking_ai2_averse,-0.0562522840762068,-0.0546588230124535
1189,wave3,17,2026-06-08,S-Seeking,S-Averse,dual_balanced,ai1_seeking_ai2_averse,-0.0532761412868186,-0.0532761412868186
1646,wave3,17,2026-06-08,Default,Default,dual_nonbiased,,-0.0780259786150574,-0.0940122463042362
496,wave3,17,2026-06-08,Default,Default,dual_nonbiased,,-0.0285289554630649,-0.0290001871814798
1562,wave3,17,2026-06-08,Default,Default,dual_nonbiased,,-0.0569538560111981,-0.0417359049104464
51,wave3,17,2026-06-08,E-Seeking,E-Averse,dual_balanced,ai1_seeking_ai2_averse,-0.0199791541621351,-0.0199791541621351
77,wave3,17,2026-06-08,Default,Default,dual_nonbiased,,-0.0467715570783994,-0.0759232316491154
149,wave3,17,2026-06-08,Default,Default,dual_nonbiased,,-0.0647668438182111,-0.0752526746809233
194,wave3,17,2026-06-08,Default,Default,dual_nonbiased,,-0.0377027838008307,-0.0357661010827996
1197,wave3,17,2026-06-08,Neutral,E-Seeking,dual_opposition,opposition_above,-0.0408287349177469,-0.0875392185419084
427,wave3,17,2026-06-08,Neutral,E-Averse,dual_opposition,opposition_below,-0.0399196504965263,-0.0223557391903894
875,wave3,17,2026-06-08,Default,Default,dual_nonbiased,,-0.0185908643766229,-0.0838521511907297
1496,wave3,17,2026-06-08,Default,Default,dual_nonbiased,,-0.0744996292007732,-0.0744996292007732
960,wave3,17,2026-06-08,S-Averse,E-Averse,dual_opposition,opposition_below,-0.0369537965015851,-0.0401794941755297
470,wave3,17,2026-06-08,E-Averse,Neutral,dual_balanced,ai1_averse_ai2_seeking,-0.0634425696961721,-0.0793530738927899
333,wave3,17,2026-06-08,E-Seeking,S-Seeking,dual_opposition,opposition_above,-0.0395895789312236,-0.0233220961783452
2306,wave3,17,2026-06-08,Neutral,E-Averse,dual_balanced,ai1_seeking_ai2_averse,-0.0660841513591905,-0.0131068860732812
146,wave3,17,2026-06-08,E-Seeking,E-Averse,dual_balanced,ai1_seeking_ai2_averse,-0.0485663508849198,-0.0597351152027343
1162,wave3,17,2026-06-08,S-Seeking,S-Averse,dual_opposition,opposition_above,-0.0171031139949281,-0.0166515057359471
1331,wave3,17,2026-06-08,E-Averse,E-Averse,dual_opposition,opposition_below,-0.0618105006423179,-0.0585798752990146
211,wave3,17,2026-06-08,Default,Default,dual_nonbiased,,-0.0294073458123704,-0.0294073458123704
601,wave3,17,2026-06-08,S-Averse,S-Seeking,dual_balanced,ai1_averse_ai2_seeking,-0.0697503169246817,-0.065525929539999
2199,wave3,17,2026-06-08,S-Averse,S-Seeking,dual_balanced,ai1_averse_ai2_seeking,-0.0632560303981865,-0.0369493681673344
1725,wave3,17,2026-06-08,E-Averse,S-Seeking,dual_balanced,ai1_averse_ai2_seeking,-0.0751999264937849,-0.0655361005832076
676,wave3,17,2026-06-08,S-Seeking,S-Seeking,dual_opposition,opposition_above,-0.0344579172669436,-0.0367298735817741
859,wave3,17,2026-06-08,E-Averse,Neutral,dual_balanced,ai1_averse_ai2_seeking,-0.0508331927992747,-0.0508331927992747
632,wave3,17,2026-06-08,S-Averse,E-Seeking,dual_balanced,ai1_averse_ai2_seeking,-0.0666893456513266,-0.0180664177367369
56,wave3,17,2026-06-08,Default,Default,dual_nonbiased,,-0.0579255131238547,-0.0920682864525988
977,wave3,17,2026-06-08,E-Averse,S-Averse,dual_opposition,opposition_below,-0.0517972105537078,-0.0536992114817077
2321,wave3,17,2026-06-08,E-Seeking,S-Seeking,dual_opposition,opposition_above,-0.0704097574020585,-0.0704097574020585
1982,wave3,17,2026-06-08,E-Averse,S-Seeking,dual_balanced,ai1_averse_ai2_seeking,-0.0611744553838397,-0.0538974477962197
1515,wave3,17,2026-06-08,Default,Default,dual_nonbiased,,-0.014598200025489,-0.014598200025489
1163,wave3,17,2026-06-08,E-Seeking,S-Averse,dual_balanced,ai1_seeking_ai2_averse,-0.0324760062645105,-0.0316230158926365
2181,wave3,17,2026-06-08,E-Seeking,E-Seeking,dual_opposition,opposition_above,-0.039507496877498,-0.037512756902687
2238,wave3,17,2026-06-08,Default,Default,dual_nonbiased,,-0.0689022929266893,-0.0689022929266893
503,wave3,17,2026-06-08,Neutral,S-Seeking,dual_opposition,opposition_above,-0.0379049059290654,-0.0352286556769418
2184,wave3,17,2026-06-08,E-Seeking,E-Averse,dual_balanced,ai1_seeking_ai2_averse,-0.0523939674438347,-0.051890446457584
952,wave3,17,2026-06-08,Default,Default,dual_nonbiased,,-0.0111712266194041,-0.0205867917872686
1501,wave3,17,2026-06-08,Default,Default,dual_nonbiased,,-0.0662696110104365,-0.0584338237518741
1114,wave3,17,2026-06-08,E-Averse,E-Seeking,dual_balanced,ai1_averse_ai2_seeking,-0.0339834883073365,-0.0471653927877543
428,wave3,17,2026-06-08,S-Averse,E-Averse,dual_opposition,opposition_below,-0.0637343754422839,-0.0511515498838599
2398,wave3,17,2026-06-08,S-Averse,S-Averse,dual_opposition,opposition_below,-0.0587280270103838,-0.0424556320977629
540,wave3,17,2026-06-08,E-Averse,Neutral,dual_balanced,ai1_averse_ai2_seeking,-0.0116031317315721,-0.0116031317315721
1812,wave3,17,2026-06-08,S-Seeking,S-Seeking,dual_opposition,opposition_above,-0.0779412590350671,-0.0565233006737073
294,wave3,17,2026-06-08,S-Seeking,Neutral,dual_opposition,opposition_above,-0.0427937248565416,-0.034513133379188
614,wave3,17,2026-06-08,Default,Default,dual_nonbiased,,-0.0643617699602319,-0.0643617699602319
1556,wave2,14,2026-05-24,Default,Default,dual_nonbiased,,0.016820898025544,0.0136215271556229
844,wave2,14,2026-05-24,E-Seeking,S-Averse,dual_balanced,ai1_seeking_ai2_averse,-0.0308310972521995,-0.0340363460366864
1665,wave2,14,2026-05-24,Default,Default,dual_nonbiased,,-0.018570372449713,-0.0217437614224708
1459,wave2,14,2026-05-24,E-Seeking,Neutral,dual_opposition,opposition_above,0.0082038809646665,-0.011979423770193
1698,wave2,14,2026-05-24,Default,Default,dual_nonbiased,,-0.0053864005762623,-0.0053864005762623
1650,wave2,14,2026-05-24,S-Seeking,E-Averse,dual_balanced,ai1_seeking_ai2_averse,-0.0059098009553623,-0.0118380872125081
322,wave2,14,2026-05-24,Default,Default,dual_nonbiased,,0.0080606762615171,-0.0320826795366663
2326,wave2,14,2026-05-24,Default,Default,dual_nonbiased,,0.0129540451646142,0.0066155180208645
1426,wave2,14,2026-05-24,E-Seeking,E-Averse,dual_balanced,ai1_seeking_ai2_averse,0.0490869959644318,0.0108611191134281
2334,wave2,14,2026-05-24,Neutral,E-Seeking,dual_balanced,ai1_averse_ai2_seeking,-0.0279669410274449,-0.0239276634607137
169,wave2,14,2026-05-24,Default,Default,dual_nonbiased,,-0.0444637571276878,-0.0486510102018763
286,wave2,14,2026-05-24,S-Seeking,E-Averse,dual_balanced,ai1_seeking_ai2_averse,-0.0202886317227578,-0.0202886317227578
252,wave2,14,2026-05-24,Default,Default,dual_nonbiased,,-0.018453265862157,-0.0015469924959249
1482,wave2,14,2026-05-24,Default,Default,dual_nonbiased,,-0.0690426402989418,-0.0690426402989418
1195,wave2,14,2026-05-24,Default,Default,dual_nonbiased,,-0.066236448479772,-0.0693662464062281
1139,wave2,14,2026-05-24,Neutral,E-Averse,dual_opposition,opposition_below,-0.0298980292634883,-0.0234966700197996
491,wave2,14,2026-05-24,E-Seeking,Neutral,dual_opposition,opposition_above,-0.0613590542357178,-0.038829402574803
1340,wave2,14,2026-05-24,E-Seeking,S-Averse,dual_balanced,ai1_seeking_ai2_averse,0.0022785200650822,0.0022785200650822
450,wave2,14,2026-05-24,Default,Default,dual_nonbiased,,-0.0290107519845738,0.0098297125800678
1542,wave2,14,2026-05-24,Neutral,S-Averse,dual_balanced,ai1_seeking_ai2_averse,-0.036554106786762,-0.0258603808334234
1168,wave2,14,2026-05-24,E-Seeking,E-Averse,dual_balanced,ai1_seeking_ai2_averse,0.0155218824089056,0.0155218824089056
444,wave2,14,2026-05-24,E-Seeking,E-Averse,dual_balanced,ai1_seeking_ai2_averse,-0.0077481292813387,-0.0077481292813387
899,wave2,14,2026-05-24,E-Seeking,E-Seeking,dual_opposition,opposition_above,-0.0156242219903125,-0.0032354037703648
1268,wave2,14,2026-05-24,E-Seeking,E-Seeking,dual_opposition,opposition_above,-0.0449698196034471,-0.0387008590461702
1018,wave2,14,2026-05-24,Default,Default,dual_nonbiased,,-0.0260085764631095,7.076988787762182e-06
1822,wave2,14,2026-05-24,Default,Default,dual_balanced,fallback_default_endpoint,0.0195995544503394,0.0130888050198932
688,wave2,14,2026-05-24,E-Seeking,E-Seeking,dual_opposition,opposition_above,-0.0301481215533692,-0.0301481215533692
2297,wave2,14,2026-05-24,E-Averse,E-Seeking,dual_balanced,ai1_averse_ai2_seeking,0.0367743220765673,0.0367743220765673
968,wave2,14,2026-05-24,Default,Default,dual_nonbiased,,-0.0331124867866223,-0.0520708889065977
375,wave2,14,2026-05-24,E-Averse,Neutral,dual_balanced,ai1_averse_ai2_seeking,-0.0336006465149636,-0.0527509044089768
1916,wave2,14,2026-05-24,Default,Default,dual_nonbiased,,-0.0210680910282942,-0.0225971697670036
1734,wave2,14,2026-05-24,E-Averse,E-Seeking,dual_balanced,ai1_averse_ai2_seeking,-0.0070916145427387,-0.0092071468792785
383,wave2,14,2026-05-24,Default,Default,dual_nonbiased,,0.0080322260202924,0.0129348903683984
1219,wave2,14,2026-05-24,E-Seeking,E-Averse,dual_balanced,ai1_seeking_ai2_averse,-0.0117762519904211,-0.0072816040752632
1208,wave2,14,2026-05-24,Neutral,E-Seeking,dual_opposition,opposition_above,0.0303627284665387,0.0303627284665387
270,wave2,14,2026-05-24,E-Seeking,E-Averse,dual_balanced,ai1_seeking_ai2_averse,-0.0246364758146466,-0.0246364758146466
679,wave2,14,2026-05-24,Default,Default,dual_nonbiased,,-0.0376199143037653,-0.0383396236850823
2177,wave2,14,2026-05-24,Default,Default,dual_nonbiased,,-0.0024178231761156,-0.0012166151510086
510,wave2,14,2026-05-24,E-Seeking,E-Averse,dual_balanced,ai1_seeking_ai2_averse,-0.0217686080401497,-0.0217686080401497
597,wave2,14,2026-05-24,Neutral,Neutral,dual_opposition,opposition_above,-0.024453629484032,-0.024453629484032
1225,wave2,14,2026-05-24,E-Averse,Neutral,dual_balanced,ai1_averse_ai2_seeking,-0.0357175689832576,-0.0357175689832576
1054,wave2,14,2026-05-24,Default,Default,dual_nonbiased,,0.0174155399125918,0.0174155399125918
1513,wave2,14,2026-05-24,Neutral,S-Seeking,dual_opposition,opposition_above,-0.0297904232648168,-0.0297904232648168
489,wave2,14,2026-05-24,Neutral,Neutral,dual_opposition,opposition_above,-0.0294074392539555,-0.0162696636346474
258,wave2,14,2026-05-24,E-Seeking,E-Averse,dual_balanced,ai1_seeking_ai2_averse,-0.0384489373703371,-0.0314928303343206
1927,wave2,14,2026-05-24,Default,Default,dual_nonbiased,,-0.0079007137933962,-0.0079007137933962
920,wave2,14,2026-05-24,Default,Default,dual_nonbiased,,0.0077820836812123,-0.040972522105168
1415,wave2,14,2026-05-24,S-Seeking,S-Averse,dual_balanced,ai1_seeking_ai2_averse,-0.0120702192963743,-0.0120702192963743
922,wave2,14,2026-05-24,S-Averse,E-Seeking,dual_balanced,ai1_averse_ai2_seeking,-0.0209684482114823,-0.0209684482114823
518,wave2,14,2026-05-24,Default,Default,dual_nonbiased,,-0.0230230269362575,-0.0230230269362575
1951,wave2,14,2026-05-24,Default,Default,dual_nonbiased,,0.0063976063198753,-0.0492966316518357
2168,wave2,14,2026-05-24,Default,Default,dual_nonbiased,,0.0063086837693574,0.0242598002083419
2158,wave2,14,2026-05-24,S-Seeking,S-Averse,dual_balanced,ai1_seeking_ai2_averse,-0.037351835495712,-0.037351835495712
1742,wave2,14,2026-05-24,Default,Default,dual_nonbiased,,-0.0120173042239823,-0.0049827028103031
774,wave2,14,2026-05-24,Neutral,S-Averse,dual_opposition,opposition_below,0.012581726711579,0.012581726711579
1962,wave2,14,2026-05-24,Default,Default,dual_nonbiased,,-0.004344052496026,-0.007526639526273
328,wave2,14,2026-05-24,S-Seeking,S-Seeking,dual_opposition,opposition_above,-0.0610061191784299,-0.0589689380325997
390,wave2,14,2026-05-24,Neutral,E-Averse,dual_balanced,ai1_seeking_ai2_averse,0.0317184977837075,0.0339459600702618
1647,wave2,14,2026-05-24,S-Averse,E-Averse,dual_opposition,opposition_below,-0.0260678368443656,-0.0237261603902874
748,wave2,14,2026-05-24,Default,Default,dual_nonbiased,,0.0148577626425577,0.0164664869252471
2324,wave2,14,2026-05-24,E-Seeking,E-Seeking,dual_opposition,opposition_above,-0.0187591011992258,-0.019768796345372
234,wave2,14,2026-05-24,Neutral,Neutral,dual_opposition,opposition_below,-0.0010272975579431,-0.0026145706780163
1751,wave2,14,2026-05-24,Default,Default,dual_nonbiased,,-0.0039888142128797,-0.0152388897369435
1700,wave2,14,2026-05-24,E-Averse,S-Seeking,dual_balanced,ai1_averse_ai2_seeking,-0.068097314564584,-0.0596788619795813
1894,wave2,14,2026-05-24,Default,Default,dual_nonbiased,,-0.0032087963866874,-0.0044218827767439
542,wave2,14,2026-05-24,Default,Default,dual_nonbiased,,-0.0167744306551917,-0.0105075427308252
2313,wave2,14,2026-05-24,E-Seeking,S-Seeking,dual_opposition,opposition_above,-0.0180876976553924,-0.0261189494276321
1709,wave2,14,2026-05-24,Default,Default,dual_nonbiased,,-0.0416199955542765,-0.0368285497040193
1555,wave2,14,2026-05-24,E-Averse,S-Averse,dual_opposition,opposition_below,0.0025386489353795,0.0025386489353795
1151,wave2,14,2026-05-24,S-Averse,E-Averse,dual_opposition,opposition_below,-0.0401613889512274,-0.0066047265515353
473,wave2,14,2026-05-24,Neutral,E-Averse,dual_opposition,opposition_below,-0.0090711757104272,0.0130530514023219
2345,wave2,14,2026-05-24,Default,Default,dual_nonbiased,,-0.0359441504013766,-0.0359441504013766
1625,wave2,14,2026-05-24,S-Seeking,S-Averse,dual_balanced,ai1_seeking_ai2_averse,-0.003377304444208,-0.0061883774728402
50,wave2,14,2026-05-24,E-Averse,E-Seeking,dual_balanced,ai1_averse_ai2_seeking,-0.0444541679045528,-0.0424413383970051
997,wave2,14,2026-05-24,E-Seeking,S-Averse,dual_balanced,ai1_seeking_ai2_averse,0.0024773399641449,-0.0441466112584458
909,wave2,14,2026-05-24,S-Seeking,E-Averse,dual_balanced,ai1_seeking_ai2_averse,-0.0586987442147902,-0.0554726146786685
731,wave2,14,2026-05-24,S-Seeking,E-Seeking,dual_opposition,opposition_above,-0.0018487612534848,-0.0141055718767353
2159,wave2,14,2026-05-24,Default,Default,dual_nonbiased,,-0.0517466772419117,-0.0517466772419117
487,wave2,14,2026-05-24,Default,Default,dual_nonbiased,,0.0430643066353696,0.0327808546773337
834,wave2,14,2026-05-24,E-Seeking,S-Averse,dual_balanced,ai1_seeking_ai2_averse,-0.0206072620695688,0.0224462570389375
685,wave2,14,2026-05-24,Default,Default,dual_nonbiased,,0.004938600932801,-0.030600272634009
196,wave2,14,2026-05-24,Default,Default,dual_balanced,fallback_default_endpoint,-0.030002067950923,-0.0369074465353593
154,wave2,14,2026-05-24,S-Averse,E-Seeking,dual_balanced,ai1_averse_ai2_seeking,-0.0354758227144784,-0.0491632185000605
733,wave2,14,2026-05-24,E-Seeking,E-Averse,dual_balanced,ai1_seeking_ai2_averse,0.0010889508651659,-0.0474044420686224
1301,wave2,14,2026-05-24,Default,Default,dual_nonbiased,,-0.0429549113234653,-0.0429549113234653
320,wave2,14,2026-05-24,S-Seeking,E-Averse,dual_balanced,ai1_seeking_ai2_averse,0.0359546011192339,-0.0787334242413402
1957,wave2,14,2026-05-24,S-Averse,S-Seeking,dual_balanced,ai1_averse_ai2_seeking,-0.0341147679073604,-0.0341147679073604
2298,wave2,14,2026-05-24,S-Averse,S-Seeking,dual_balanced,ai1_averse_ai2_seeking,-0.0363960986303067,-0.0436062605531426
1749,wave2,14,2026-05-24,Neutral,E-Seeking,dual_balanced,ai1_averse_ai2_seeking,0.0002269144502273,0.0002269144502273
451,wave2,14,2026-05-24,Default,Default,dual_nonbiased,,-0.0603843429166233,-0.0254045361270884
1915,wave2,14,2026-05-24,Neutral,Neutral,dual_opposition,opposition_above,-0.003128390919345,-0.0103564798979875
1353,wave2,14,2026-05-24,S-Seeking,E-Seeking,dual_opposition,opposition_above,-0.0048332188577224,-0.0365779143233805
1554,wave2,14,2026-05-24,Default,Default,dual_nonbiased,,0.006048888887751,0.0050200536801146
1820,wave2,14,2026-05-24,E-Averse,Neutral,dual_balanced,ai1_averse_ai2_seeking,-0.0131252039335886,-0.0131252039335886
1575,wave2,14,2026-05-24,Neutral,E-Averse,dual_balanced,ai1_seeking_ai2_averse,0.0043976339252011,-0.0046942082934863
978,wave2,14,2026-05-24,Default,Default,dual_nonbiased,,0.0303681969589472,-0.0007770649765574
584,wave2,14,2026-05-24,S-Seeking,E-Averse,dual_balanced,ai1_seeking_ai2_averse,-0.0087887510094574,-0.0263094441330236
2364,wave2,14,2026-05-24,E-Seeking,E-Seeking,dual_opposition,opposition_above,-0.0279084793651443,-0.0279084793651443
1597,wave2,14,2026-05-24,Default,Default,dual_nonbiased,,0.0055244995475722,0.0093745926881604
1536,wave2,14,2026-05-24,S-Averse,S-Averse,dual_opposition,opposition_below,-0.0322858237140593,-0.0322858237140593
1806,wave2,14,2026-05-24,E-Seeking,E-Averse,dual_balanced,ai1_seeking_ai2_averse,-0.0188115070786116,-0.0351269688276399
199,wave2,14,2026-05-24,E-Seeking,E-Averse,dual_balanced,ai1_seeking_ai2_averse,-0.0091113587376052,-0.0091113587376052
908,wave2,14,2026-05-24,E-Seeking,S-Seeking,dual_opposition,opposition_above,-0.0438669687713704,-0.044240101969561
2247,wave2,14,2026-05-24,Default,Default,dual_nonbiased,,-0.0068344198590369,-0.0046513668012633
1669,wave2,14,2026-05-24,Default,Default,dual_nonbiased,,-0.0501657135846945,-0.0512080033140396
536,wave2,14,2026-05-24,E-Seeking,Neutral,dual_balanced,ai1_seeking_ai2_averse,-0.0314674255049413,-0.0325376757307787
2292,wave2,14,2026-05-24,E-Averse,S-Seeking,dual_balanced,ai1_averse_ai2_seeking,-0.0031604350900984,-0.0031604350900984
76,wave2,14,2026-05-24,Neutral,Neutral,dual_opposition,opposition_above,0.0125734990502919,-0.0126229482973158
74,wave2,14,2026-05-24,E-Seeking,S-Seeking,dual_opposition,opposition_above,-0.0336658918332927,-0.0437714618710228
886,wave2,14,2026-05-24,Default,Default,dual_nonbiased,,0.0049145832201216,0.0066629101643236
2127,wave2,14,2026-05-24,Neutral,E-Averse,dual_balanced,ai1_seeking_ai2_averse,-0.0309305936476983,-0.0073497121731297
2353,wave2,14,2026-05-24,Default,Default,dual_nonbiased,,-0.0051064646657799,-0.0051064646657799
1361,wave2,14,2026-05-24,S-Seeking,E-Seeking,dual_opposition,opposition_above,0.0189910969759406,0.0232058342371555
1814,wave2,14,2026-05-24,Neutral,E-Seeking,dual_opposition,opposition_above,-0.0463644337321327,-0.0310579401638336
2216,wave2,14,2026-05-24,Neutral,E-Seeking,dual_opposition,opposition_above,-0.0073446096313655,-0.0073446096313655
1521,wave2,14,2026-05-24,E-Seeking,E-Seeking,dual_opposition,opposition_above,-0.056523591384586,-0.056523591384586
1422,wave2,14,2026-05-24,Default,Default,dual_nonbiased,,-0.0508868516763284,-0.0467248696527474
2082,wave2,14,2026-05-24,Default,Default,dual_nonbiased,,0.0038898507627122,0.0038898507627122
1509,wave2,14,2026-05-24,S-Seeking,E-Seeking,dual_opposition,opposition_above,-0.0142343450934977,-0.0142343450934977
57,wave2,14,2026-05-24,S-Seeking,E-Seeking,dual_opposition,opposition_above,0.0020532553395157,-0.0108537850348449
1454,wave2,14,2026-05-24,E-Averse,E-Averse,dual_opposition,opposition_below,-0.0379521062078699,-0.0379521062078699
15,wave2,14,2026-05-24,Default,Default,dual_nonbiased,,-0.0616185175649345,-0.0568004439483709
296,wave2,14,2026-05-24,S-Averse,E-Seeking,dual_balanced,ai1_averse_ai2_seeking,-0.0150136592940902,-0.0150136592940902
1157,wave2,14,2026-05-24,E-Averse,S-Seeking,dual_balanced,ai1_averse_ai2_seeking,-0.0274383672946494,0.0113836507886231
1265,wave2,14,2026-05-24,Neutral,Neutral,dual_opposition,opposition_above,-0.029499061948631,-0.0362619686072536
66,wave2,14,2026-05-24,S-Seeking,S-Averse,dual_balanced,ai1_seeking_ai2_averse,0.014672029927291,-0.0383532524257069
1877,wave2,14,2026-05-24,Neutral,E-Seeking,dual_opposition,opposition_above,0.0010567716825938,-0.0179059040786474
2024,wave2,14,2026-05-24,S-Averse,S-Averse,dual_opposition,opposition_above,-0.0387212091981677,-0.0103046063897264
1038,wave2,14,2026-05-24,Default,Default,dual_nonbiased,,-0.0153030104855478,-0.0117345381759651
1324,wave2,14,2026-05-24,Default,Default,dual_nonbiased,,-0.0275379679916898,-0.0167670303796625
1596,wave2,14,2026-05-24,S-Seeking,S-Averse,dual_balanced,ai1_seeking_ai2_averse,-0.0433934278898178,-0.0077938245895863
2210,wave2,14,2026-05-24,Default,Default,dual_nonbiased,,-0.0165970894295434,-0.0147627232958535
429,wave2,14,2026-05-24,E-Seeking,E-Averse,dual_balanced,ai1_seeking_ai2_averse,-0.0042625115661908,0.0291077974000375
1990,wave2,14,2026-05-24,S-Seeking,Neutral,dual_opposition,opposition_above,-0.000743404272237,-0.0091347814823904
1794,wave2,14,2026-05-24,Neutral,S-Seeking,dual_balanced,ai1_averse_ai2_seeking,-0.0306411604652631,-0.0306411604652631
832,wave2,14,2026-05-24,Default,Default,dual_nonbiased,,-0.0562909603443832,-0.0322977345039805
34,wave2,14,2026-05-24,Default,Default,dual_nonbiased,,-0.0187385652749055,-0.0162826233311163
1333,wave2,14,2026-05-24,Default,Default,dual_nonbiased,,-0.0200931042926238,-0.0155018350505992
777,wave2,14,2026-05-24,Neutral,Neutral,dual_opposition,opposition_below,0.0057888321777798,0.0061801409900391
61,wave2,14,2026-05-24,S-Averse,E-Seeking,dual_balanced,ai1_averse_ai2_seeking,-0.0106718901743133,-0.0014543354806585
1288,wave2,14,2026-05-24,Neutral,Neutral,dual_opposition,opposition_above,0.0107025392801207,0.0071190460683916
1661,wave2,14,2026-05-24,Default,Default,dual_nonbiased,,-0.0611523087309053,-0.0611523087309053
658,wave2,14,2026-05-24,E-Averse,S-Averse,dual_opposition,opposition_below,0.0025715560342363,0.0002021828255187
336,wave2,14,2026-05-24,Default,Default,dual_nonbiased,,-0.0577892134028335,-0.0577892134028335
72,wave2,14,2026-05-24,Neutral,S-Averse,dual_opposition,opposition_below,0.0160663168648345,-0.0048898146830839
1377,wave2,14,2026-05-24,Default,Default,dual_nonbiased,,-0.0207058099469915,-0.0192006475825907
209,wave2,14,2026-05-24,E-Seeking,E-Averse,dual_balanced,ai1_seeking_ai2_averse,-0.0141014184381725,0.0180222331532668
905,wave2,14,2026-05-24,E-Seeking,S-Averse,dual_balanced,ai1_seeking_ai2_averse,-0.0644595569064701,-0.0644595569064701
969,wave2,14,2026-05-24,Default,Default,dual_nonbiased,,0.0020135043326044,0.0020135043326044
1194,wave2,14,2026-05-24,Neutral,S-Averse,dual_balanced,ai1_seeking_ai2_averse,-0.0310175904027652,-0.0134837906010565
2152,wave2,14,2026-05-24,Neutral,S-Seeking,dual_opposition,opposition_above,-0.0516101120615737,-0.0311688019307256
387,wave2,14,2026-05-24,S-Averse,S-Seeking,dual_opposition,opposition_below,-0.0380226474284882,-0.0562836518179529
82,wave2,14,2026-05-24,Default,Default,dual_nonbiased,,0.0035849255654651,0.0035849255654651
192,wave2,14,2026-05-24,E-Seeking,S-Averse,dual_opposition,opposition_above,-0.0095188056450383,-0.0095188056450383
1875,wave2,14,2026-05-24,Default,Default,dual_nonbiased,,-0.0071283522773519,-0.0039359925606726
2163,wave2,14,2026-05-24,Default,Default,dual_nonbiased,,-0.0175096495255469,-0.0208398227348553
1418,wave2,14,2026-05-24,Default,Default,dual_nonbiased,,-0.0351141314966939,-0.0196485450079752
706,wave2,14,2026-05-24,S-Seeking,E-Averse,dual_balanced,ai1_seeking_ai2_averse,0.0098349033579136,0.0021814872491884
291,wave2,14,2026-05-24,Default,Default,dual_nonbiased,,-0.0306456298444716,-0.0524046077242973
2221,wave2,14,2026-05-24,E-Averse,Neutral,dual_balanced,ai1_averse_ai2_seeking,-0.0423829886626494,-0.0045176386518426
2013,wave2,14,2026-05-24,S-Seeking,E-Averse,dual_balanced,ai1_seeking_ai2_averse,0.001139717875533,0.0032275890614959
11,wave2,14,2026-05-24,Neutral,E-Averse,dual_balanced,ai1_seeking_ai2_averse,-0.0452006256876874,-0.0273346850822464
1027,wave2,14,2026-05-24,E-Averse,Neutral,dual_balanced,ai1_averse_ai2_seeking,-0.0123550055961991,-0.0123550055961991
577,wave2,14,2026-05-24,S-Seeking,S-Seeking,dual_opposition,opposition_above,-0.0349650464053715,-0.0444863779470251
1657,wave2,14,2026-05-24,Default,Default,dual_nonbiased,,-0.0145884591971076,-0.0077406713552497
2269,wave2,14,2026-05-24,Neutral,E-Seeking,dual_opposition,opposition_above,0.0038340212952898,0.0038340212952898
303,wave2,14,2026-05-24,Default,Default,dual_nonbiased,,-0.0135757621459541,-0.0135757621459541
2021,wave2,14,2026-05-24,Neutral,S-Averse,dual_balanced,ai1_seeking_ai2_averse,-0.0106757023335112,-0.0031150293774829
1518,wave2,14,2026-05-24,E-Seeking,S-Seeking,dual_opposition,opposition_above,-0.0208660623406231,-0.0011598158555165
667,wave2,14,2026-05-24,Default,Default,dual_nonbiased,,0.0013647198716398,0.0024368918536773
2111,wave2,14,2026-05-24,Default,Default,dual_nonbiased,,-0.0513876378437007,-0.0563767309713906
758,wave2,14,2026-05-24,Default,Default,dual_nonbiased,,-0.0226523316650922,-0.0252717894062576
1474,wave2,14,2026-05-24,Default,Default,dual_nonbiased,,-0.0097967177447849,-0.0115313776965319
753,wave2,14,2026-05-24,Default,Default,dual_nonbiased,,0.0070812372243759,-0.007387890130144
580,wave2,14,2026-05-24,Neutral,E-Averse,dual_opposition,opposition_below,-0.0261234720831161,-0.0199311137147853
2371,wave2,14,2026-05-24,Default,Default,dual_balanced,fallback_default_endpoint,-0.0255851709004546,-0.0324911461775637
858,wave2,14,2026-05-24,Default,Default,dual_nonbiased,,-0.0202286045916558,-0.0151573258616073
1879,wave2,14,2026-05-24,Neutral,E-Averse,dual_opposition,opposition_below,0.0135353139209868,0.0514779514835674
230,wave2,14,2026-05-24,S-Seeking,S-Averse,dual_balanced,ai1_seeking_ai2_averse,-0.039472620478685,-0.0593800259587835
1760,wave2,14,2026-05-24,S-Averse,E-Seeking,dual_balanced,ai1_averse_ai2_seeking,-0.002432672643601,-0.0436868108029723
691,wave2,14,2026-05-24,Neutral,Neutral,dual_opposition,opposition_above,0.0064428257400715,-0.0093044786565726
2250,wave2,14,2026-05-24,S-Averse,S-Averse,dual_opposition,opposition_above,-0.0086137547368822,-0.0221323287967749
1595,wave2,14,2026-05-24,E-Averse,S-Seeking,dual_balanced,ai1_averse_ai2_seeking,0.0009869290546848,0.0009869290546848
1395,wave2,14,2026-05-24,Neutral,E-Averse,dual_balanced,ai1_seeking_ai2_averse,0.0088425012727231,0.0088425012727231
200,wave2,14,2026-05-24,Neutral,Neutral,dual_opposition,opposition_below,0.0018081596509473,0.0018081596509473
1044,wave2,14,2026-05-24,E-Averse,Neutral,dual_opposition,opposition_below,-0.042643044521593,-0.042643044521593
1053,wave2,14,2026-05-24,Neutral,E-Averse,dual_balanced,ai1_seeking_ai2_averse,-0.0532714388284526,-0.0495636283580697
1037,wave2,14,2026-05-24,Default,Default,dual_nonbiased,,-0.0083298799364492,-0.0137003128204032
872,wave2,14,2026-05-24,S-Averse,S-Averse,dual_opposition,opposition_below,-0.0671491343953876,-0.067193822276811
1859,wave2,14,2026-05-24,Default,Default,dual_nonbiased,,-0.0140455974344728,-0.0455463541807054
1246,wave2,14,2026-05-24,Default,Default,dual_balanced,fallback_default_endpoint,-0.0093937383575644,-0.0073466145485273
2029,wave2,14,2026-05-24,Neutral,S-Averse,dual_balanced,ai1_seeking_ai2_averse,-0.0327486970040678,-0.0167069935199542
1798,wave2,14,2026-05-24,E-Averse,S-Seeking,dual_balanced,ai1_averse_ai2_seeking,0.0116813258662071,0.0093486447707105
173,wave2,14,2026-05-24,Neutral,Neutral,dual_opposition,opposition_above,0.0111954728059065,0.0152291254602862
2240,wave2,14,2026-05-24,Default,Default,dual_nonbiased,,-0.0001052471176221,-0.018570124235535
414,wave2,14,2026-05-24,Neutral,S-Seeking,dual_opposition,opposition_above,-0.0426238086935614,-0.0371831941510914
1765,wave2,14,2026-05-24,E-Seeking,S-Averse,dual_balanced,ai1_seeking_ai2_averse,-0.0641165131864409,-0.062857670439224
242,wave2,14,2026-05-24,E-Averse,Neutral,dual_opposition,opposition_below,-0.0571239225017408,-0.0532628536080886
1560,wave2,14,2026-05-24,E-Averse,E-Seeking,dual_balanced,ai1_averse_ai2_seeking,0.0212434768593565,0.0273612176952543
1826,wave2,14,2026-05-24,E-Averse,S-Seeking,dual_balanced,ai1_averse_ai2_seeking,-0.0165577789714236,-0.0271599822555137
1602,wave2,14,2026-05-24,E-Seeking,S-Seeking,dual_opposition,opposition_above,-0.0195484208138391,-0.0344009003349653
1580,wave2,14,2026-05-24,Default,Default,dual_nonbiased,,-0.0534400617946834,-0.0551004577979709
263,wave2,14,2026-05-24,Default,Default,dual_nonbiased,,-0.0394244962285341,-0.0508574879743205
707,wave2,14,2026-05-24,E-Averse,S-Averse,dual_opposition,opposition_below,-0.0480259839757179,0.0098414323649421
1016,wave2,14,2026-05-24,S-Averse,S-Seeking,dual_balanced,ai1_averse_ai2_seeking,-0.0197085150535863,-0.0197085150535863
2046,wave2,14,2026-05-24,Neutral,Neutral,dual_opposition,opposition_above,-0.0226142415764732,-0.020685851243392
237,wave2,14,2026-05-24,S-Averse,E-Seeking,dual_balanced,ai1_averse_ai2_seeking,-0.0628754186745165,-0.0628274805541174
2079,wave2,14,2026-05-24,Neutral,E-Averse,dual_balanced,ai1_seeking_ai2_averse,0.0062739269962058,0.0144653028749131
158,wave2,14,2026-05-24,E-Seeking,S-Averse,dual_balanced,ai1_seeking_ai2_averse,-0.0039205668292582,-0.0307076628012688
714,wave2,14,2026-05-24,Default,Default,dual_nonbiased,,-0.0232627901252273,-0.012654603422667
1339,wave2,14,2026-05-24,E-Averse,S-Seeking,dual_balanced,ai1_averse_ai2_seeking,-0.0141066579698229,-0.0141066579698229
638,wave2,14,2026-05-24,S-Averse,S-Seeking,dual_balanced,ai1_averse_ai2_seeking,-0.0424647849432283,-0.0424647849432283
413,wave2,14,2026-05-24,S-Averse,Neutral,dual_opposition,opposition_below,-0.0399243788492977,-0.0422455114909183
2165,wave2,14,2026-05-24,Default,Default,dual_nonbiased,,-0.0266815920851064,-0.0505064620387037
1988,wave2,14,2026-05-24,E-Averse,E-Seeking,dual_balanced,ai1_averse_ai2_seeking,-0.0457921671849968,-0.0224458436260375
418,wave2,14,2026-05-24,Default,Default,dual_nonbiased,,-0.0313453861067455,-0.0282035893737668
1970,wave2,14,2026-05-24,Default,Default,dual_nonbiased,,-0.0483345961957732,-0.0410960398160031
2054,wave2,14,2026-05-24,Default,Default,dual_nonbiased,,-0.0065728843342416,-0.0125058700247742
1960,wave2,14,2026-05-24,Default,Default,dual_balanced,fallback_default_endpoint,0.0041503384343896,0.009523516710644
6,wave2,14,2026-05-24,S-Seeking,E-Seeking,dual_opposition,opposition_above,-0.0228384734613789,-0.0375344150111664
1393,wave2,14,2026-05-24,Default,Default,dual_nonbiased,,-0.0121189753753051,-0.0123287354533835
771,wave2,14,2026-05-24,S-Seeking,S-Averse,dual_balanced,ai1_seeking_ai2_averse,-0.0003972563407912,0.0168335329018292
81,wave2,14,2026-05-24,Default,Default,dual_balanced,fallback_default_endpoint,0.0009871540771451,0.0036783825808695
1976,wave2,14,2026-05-24,E-Seeking,E-Averse,dual_balanced,ai1_seeking_ai2_averse,0.0279116317793643,0.0279116317793643
1692,wave2,14,2026-05-24,S-Seeking,E-Seeking,dual_opposition,opposition_above,0.0056552080926308,-0.0394935657398242
1934,wave2,14,2026-05-24,Neutral,S-Averse,dual_balanced,ai1_seeking_ai2_averse,0.000681090153313,-0.0015232448499768
227,wave2,14,2026-05-24,E-Seeking,E-Averse,dual_balanced,ai1_seeking_ai2_averse,0.0033183504712107,0.0033183504712107
678,wave2,14,2026-05-24,E-Seeking,E-Averse,dual_balanced,ai1_seeking_ai2_averse,-0.0341457899234042,-0.0503362839775094
515,wave2,14,2026-05-24,Default,Default,dual_nonbiased,,0.0003305249838733,0.017472266694914
449,wave2,14,2026-05-24,E-Seeking,S-Averse,dual_balanced,ai1_seeking_ai2_averse,-0.0430382418006337,-0.0430382418006337
787,wave2,14,2026-05-24,Default,Default,dual_nonbiased,,-0.0057218988128431,-0.0123803365578287
911,wave2,14,2026-05-24,Default,Default,dual_nonbiased,,0.0395518228113773,0.0274958964251619
102,wave2,14,2026-05-24,S-Averse,Neutral,dual_balanced,ai1_averse_ai2_seeking,-0.0481443011868773,-0.0488174131644269
1600,wave2,14,2026-05-24,E-Seeking,E-Seeking,dual_opposition,opposition_above,-0.0021177425083465,-0.0276661578767605
1563,wave2,14,2026-05-24,S-Averse,Neutral,dual_opposition,opposition_above,-0.013282046277062,-0.0071825840560635
462,wave2,14,2026-05-24,Default,Default,dual_nonbiased,,-0.0003869931560071,0.0137792318693668
112,wave2,14,2026-05-24,E-Averse,S-Seeking,dual_balanced,ai1_averse_ai2_seeking,0.0178671997976871,0.0178671997976871
1272,wave2,14,2026-05-24,Default,Default,dual_nonbiased,,0.0015587509953352,0.0014182382467702
2290,wave2,14,2026-05-24,Neutral,E-Averse,dual_opposition,opposition_below,0.0287512871092612,0.0287512871092612
2295,wave2,14,2026-05-24,S-Seeking,S-Seeking,dual_opposition,opposition_above,-0.0249012568801287,-0.0027652213451526
702,wave2,14,2026-05-24,S-Averse,S-Seeking,dual_balanced,ai1_averse_ai2_seeking,-0.022569389656398,-0.0288151990432279
529,wave2,14,2026-05-24,Default,Default,dual_nonbiased,,-0.0405011736211056,-0.0351336849920274
1771,wave2,14,2026-05-24,Neutral,E-Averse,dual_opposition,opposition_below,-0.0180791692602383,-0.0180791692602383
1183,wave2,14,2026-05-24,E-Averse,E-Seeking,dual_balanced,ai1_averse_ai2_seeking,-0.009765693615251,-0.0054722888355969
2198,wave2,14,2026-05-24,Neutral,S-Averse,dual_opposition,opposition_below,0.0053912104650978,0.0053912104650978
1747,wave2,14,2026-05-24,E-Seeking,E-Seeking,dual_opposition,opposition_above,0.0145061702472539,0.0145061702472539
2043,wave2,14,2026-05-24,E-Seeking,S-Averse,dual_balanced,ai1_seeking_ai2_averse,-0.0363514802541974,0.0025925015925048
2251,wave2,14,2026-05-24,Neutral,E-Averse,dual_opposition,opposition_below,0.0056477099926593,0.0056477099926593
1833,wave2,14,2026-05-24,S-Averse,Neutral,dual_balanced,ai1_averse_ai2_seeking,-0.0252299406624683,-0.0252299406624683
1500,wave2,14,2026-05-24,E-Averse,E-Averse,dual_opposition,opposition_below,-0.0272848868064211,-0.0211117584620971
231,wave2,14,2026-05-24,Default,Default,dual_nonbiased,,-0.0304235929039957,-0.0307601187464227
1051,wave2,14,2026-05-24,Default,Default,dual_nonbiased,,-0.0231665037376466,-0.0228952193503193
1266,wave2,14,2026-05-24,Default,Default,dual_nonbiased,,-0.0192756884150414,-0.0192756884150414
110,wave2,14,2026-05-24,E-Seeking,S-Seeking,dual_opposition,opposition_above,-0.0392228404269931,-0.003706009229899
1155,wave2,14,2026-05-24,S-Seeking,E-Averse,dual_balanced,ai1_seeking_ai2_averse,-0.0312719715518374,-0.0312719715518374
923,wave2,14,2026-05-24,E-Seeking,Neutral,dual_opposition,opposition_above,0.0190586613314487,0.0190586613314487
1062,wave2,14,2026-05-24,S-Seeking,E-Seeking,dual_opposition,opposition_above,-0.0158240463955286,-0.0158240463955286
39,wave2,14,2026-05-23,S-Seeking,E-Averse,dual_balanced,ai1_seeking_ai2_averse,-0.0208198484440806,0.0008277420788906
1708,wave2,14,2026-05-23,S-Averse,S-Seeking,dual_opposition,opposition_below,-0.024132990143654,-0.0122952300359191
164,wave2,14,2026-05-23,Neutral,Neutral,dual_opposition,opposition_above,0.0252260813003862,0.0252260813003862
752,wave2,14,2026-05-23,S-Averse,S-Averse,dual_opposition,opposition_below,0.0179550624237143,0.0179550624237143
885,wave2,14,2026-05-23,Default,Default,dual_nonbiased,,-0.0365036240726343,-0.0365036240726343
849,wave2,14,2026-05-23,Default,Default,dual_nonbiased,,-0.0687191120705701,-0.0573314178608482
2026,wave2,14,2026-05-23,S-Seeking,Neutral,dual_opposition,opposition_above,0.0018296730684824,0.0035724620245281
1701,wave2,14,2026-05-23,S-Averse,S-Averse,dual_opposition,opposition_below,-0.0348751823817496,-0.0348751823817496
1577,wave2,14,2026-05-23,E-Seeking,S-Seeking,dual_opposition,opposition_above,-0.0424340317591857,-0.0464579281689668
810,wave2,14,2026-05-23,S-Averse,Neutral,dual_balanced,ai1_averse_ai2_seeking,-0.0156336909774524,-0.0156336909774524
904,wave2,14,2026-05-23,Neutral,E-Seeking,dual_opposition,opposition_above,0.017472266694914,0.0050350968723054
1697,wave2,14,2026-05-23,S-Averse,E-Averse,dual_opposition,opposition_below,-0.032370292760494,0.0049678162766931
653,wave2,14,2026-05-23,E-Averse,Neutral,dual_balanced,ai1_averse_ai2_seeking,0.0006072359032729,0.0006072359032729
1026,wave2,14,2026-05-23,Default,Default,dual_nonbiased,,0.0037876345588084,0.0026134250077529
761,wave2,14,2026-05-23,Default,Default,dual_nonbiased,,-0.0215629215743492,-0.0205728175791918
772,wave2,14,2026-05-23,S-Seeking,E-Seeking,dual_opposition,opposition_above,-0.0475169131425062,-0.0597545867848126
1317,wave2,14,2026-05-23,Default,Default,dual_nonbiased,,-0.0049303523666537,-0.0049303523666537
1010,wave2,14,2026-05-23,Neutral,E-Averse,dual_balanced,ai1_seeking_ai2_averse,-0.0208220946650269,-0.0135229447685884
2340,wave2,14,2026-05-23,S-Averse,Neutral,dual_opposition,opposition_below,-0.0836942791035965,-0.0772503019237903
1713,wave2,14,2026-05-23,E-Averse,S-Seeking,dual_balanced,ai1_averse_ai2_seeking,-0.0483098152647204,-0.0483098152647204
2286,wave2,14,2026-05-23,Default,Default,dual_nonbiased,,-0.0253652588634005,-0.0200425079793057
73,wave2,14,2026-05-23,E-Averse,Neutral,dual_balanced,ai1_averse_ai2_seeking,-0.0026478308555082,-0.0001619810781101
621,wave2,14,2026-05-23,E-Averse,E-Seeking,dual_balanced,ai1_averse_ai2_seeking,-0.0292965952116607,-0.0398214796141989
2212,wave2,14,2026-05-23,Neutral,Neutral,dual_opposition,opposition_below,-0.01028699651162,-0.0006299489766681
2209,wave2,14,2026-05-23,Default,Default,dual_nonbiased,,-0.0264072475670546,-0.0139594443299117
2045,wave2,14,2026-05-23,Default,Default,dual_nonbiased,,0.0057396425966154,0.0071446994917205
226,wave2,14,2026-05-23,E-Averse,E-Seeking,dual_balanced,ai1_averse_ai2_seeking,-0.0061199811158952,-0.0061199811158952
1534,wave2,14,2026-05-23,Neutral,E-Averse,dual_opposition,opposition_below,1.1051026870863764e-05,0.0059974006790647
163,wave2,14,2026-05-23,Default,Default,dual_nonbiased,,-0.0177172310362186,-0.0147664482964984
2193,wave2,14,2026-05-23,S-Averse,E-Seeking,dual_balanced,ai1_averse_ai2_seeking,0.0045828647831697,-0.0029136356516104
586,wave2,14,2026-05-23,E-Averse,Neutral,dual_balanced,ai1_averse_ai2_seeking,-0.0274569404985383,-0.0328793430690372
267,wave2,14,2026-05-23,Default,Default,dual_nonbiased,,-0.0410622677470924,-0.0237647364205837
698,wave2,14,2026-05-23,Default,Default,dual_nonbiased,,0.017472266694914,-0.0241549923323018
406,wave2,14,2026-05-23,Default,Default,dual_nonbiased,,-0.0142305849813335,-0.0268687669033151
930,wave2,14,2026-05-23,Default,Default,dual_nonbiased,,-0.0250396948241804,-0.0228776183146362
1487,wave2,14,2026-05-23,Neutral,Neutral,dual_opposition,opposition_above,0.0032719143061651,-0.030374087787522
1186,wave2,14,2026-05-23,E-Averse,S-Seeking,dual_balanced,ai1_averse_ai2_seeking,-0.0299944130763511,-0.0299944130763511
1014,wave2,14,2026-05-23,Default,Default,dual_nonbiased,,-0.0179505817636584,-0.0349477780303131
1958,wave2,14,2026-05-23,E-Averse,E-Averse,dual_opposition,opposition_below,0.056049277815322,0.056049277815322
1310,wave2,14,2026-05-23,S-Averse,Neutral,dual_balanced,ai1_averse_ai2_seeking,-0.0175739494699777,-0.0175739494699777
2083,wave2,14,2026-05-23,S-Averse,E-Averse,dual_opposition,opposition_below,-0.0311583251101801,-0.0653858414337899
2105,wave2,14,2026-05-23,Default,Default,dual_nonbiased,,0.0182788411035959,0.0182788411035959
1710,wave2,14,2026-05-23,Default,Default,dual_nonbiased,,-0.0509570730931278,-0.0391404293833769
1039,wave2,14,2026-05-23,Neutral,S-Averse,dual_opposition,opposition_below,0.0237338512258533,0.0237338512258533
384,wave2,14,2026-05-23,E-Averse,E-Seeking,dual_balanced,ai1_averse_ai2_seeking,-0.0464342524289104,-0.0776858579536914
2381,wave2,14,2026-05-23,S-Averse,E-Averse,dual_opposition,opposition_below,-0.0635208603958912,-0.0844107038958648
2350,wave2,14,2026-05-23,Default,Default,dual_nonbiased,,0.0126653504172628,0.0126653504172628
1973,wave2,14,2026-05-23,Default,Default,dual_nonbiased,,0.0042883357936323,0.0042883357936323
2206,wave2,14,2026-05-23,E-Averse,S-Averse,dual_balanced,ai1_averse_ai2_seeking,0.0014502508059724,0.0156031046413389
1445,wave2,14,2026-05-23,S-Averse,S-Seeking,dual_balanced,ai1_averse_ai2_seeking,-0.0083625023077753,-0.0079977360250415
1285,wave2,14,2026-05-23,E-Seeking,S-Seeking,dual_opposition,opposition_above,-0.01690197251007,-0.0257626076264073
2002,wave2,14,2026-05-23,E-Seeking,Neutral,dual_opposition,opposition_above,-0.0699008972473927,-0.0752470831628405
739,wave2,14,2026-05-23,E-Averse,E-Seeking,dual_balanced,ai1_averse_ai2_seeking,0.0300153552459383,0.0012446343674119
701,wave2,14,2026-05-23,Default,Default,dual_nonbiased,,0.0214469831869972,0.0080939458666219
998,wave2,14,2026-05-23,S-Seeking,E-Seeking,dual_opposition,opposition_above,-0.0115375811292126,-0.0247226087071371
2308,wave2,14,2026-05-23,Default,Default,dual_nonbiased,,0.0038340212952898,0.0038340212952898
319,wave2,14,2026-05-23,Neutral,S-Averse,dual_balanced,ai1_seeking_ai2_averse,-0.0545998077157451,-0.0306109297975461
660,wave2,14,2026-05-23,E-Seeking,Neutral,dual_opposition,opposition_above,-0.0407693102498295,-0.0503453273779971
239,wave2,14,2026-05-23,S-Averse,E-Seeking,dual_opposition,opposition_above,-0.0191402228829467,0.002684434810498
1719,wave2,14,2026-05-23,S-Averse,E-Averse,dual_opposition,opposition_below,-0.0140141707214217,-0.0242806903283916
1682,wave2,14,2026-05-23,E-Averse,Neutral,dual_opposition,opposition_below,0.0092312813058484,0.004552656395302
458,wave2,14,2026-05-23,Default,Default,dual_nonbiased,,-0.0132430897926412,-0.0114272490879943
1252,wave2,14,2026-05-23,S-Seeking,E-Averse,dual_balanced,ai1_seeking_ai2_averse,0.00081457206167,-0.0211333508016534
96,wave2,14,2026-05-23,E-Averse,Neutral,dual_opposition,opposition_below,-0.0002845329366203,-0.003927313811298
839,wave2,14,2026-05-23,Neutral,Neutral,dual_opposition,opposition_below,-0.034349950107685,-0.034349950107685
1750,wave2,14,2026-05-23,Neutral,Neutral,dual_opposition,opposition_above,0.0029503255476675,0.0046664236012125
948,wave2,14,2026-05-23,Neutral,E-Seeking,dual_opposition,opposition_above,0.0127984776338108,0.0127984776338108
233,wave2,14,2026-05-23,Default,Default,dual_nonbiased,,0.0029700783755062,-0.0044860479250309
1928,wave2,14,2026-05-23,E-Averse,S-Averse,dual_opposition,opposition_below,-0.0267624059374648,-0.0207723342792816
845,wave2,14,2026-05-23,S-Seeking,S-Seeking,dual_opposition,opposition_below,-0.0190160581532939,-0.0667174868718579
1807,wave2,14,2026-05-23,Default,Default,dual_nonbiased,,-0.0284588337542419,-0.0279938475686105
840,wave2,14,2026-05-23,Neutral,E-Seeking,dual_opposition,opposition_above,-0.0226205025164001,-0.0226205025164001
1319,wave2,14,2026-05-23,S-Seeking,E-Seeking,dual_opposition,opposition_above,-0.0111469038130687,-0.0111469038130687
1275,wave2,14,2026-05-23,Default,Default,dual_nonbiased,,0.0121594170064548,-0.0053985303388163
816,wave2,14,2026-05-23,Neutral,Neutral,dual_opposition,opposition_above,0.0057649053543056,0.0086931145022249
1158,wave2,14,2026-05-23,Default,Default,dual_nonbiased,,0.0281190753073847,0.0281190753073847
1938,wave2,14,2026-05-23,S-Seeking,Neutral,dual_opposition,opposition_above,-0.0863167345076354,-0.0863167345076354
2164,wave2,14,2026-05-23,S-Averse,Neutral,dual_balanced,ai1_averse_ai2_seeking,-0.0323745690310508,-0.0100796612208931
768,wave2,14,2026-05-23,S-Seeking,E-Averse,dual_balanced,ai1_seeking_ai2_averse,0.0043304887161589,0.0006774589072113
1605,wave2,14,2026-05-23,Neutral,E-Averse,dual_opposition,opposition_below,-0.0131687558433353,-0.0095802698501049
1212,wave2,14,2026-05-23,S-Averse,S-Averse,dual_opposition,opposition_below,-0.0471690680340667,-0.0239636082020823
271,wave2,14,2026-05-23,E-Seeking,E-Seeking,dual_opposition,opposition_above,-0.0194605881582546,-0.0501707858095061
1149,wave2,14,2026-05-23,E-Seeking,Neutral,dual_opposition,opposition_above,-0.0462189257573386,-0.0248272898214883
1242,wave2,14,2026-05-23,Default,Default,dual_nonbiased,,-0.0048772084681642,-0.0005873140867312
292,wave2,14,2026-05-23,Neutral,E-Averse,dual_opposition,opposition_below,-0.0279684609446071,-0.0279684609446071
957,wave2,14,2026-05-23,E-Averse,Neutral,dual_opposition,opposition_below,0.012940613523462,-0.0049084304078638
2012,wave2,14,2026-05-23,E-Averse,Neutral,dual_opposition,opposition_below,0.0316921690445329,-0.0116790600004071
2197,wave2,14,2026-05-23,S-Averse,Neutral,dual_opposition,opposition_below,-0.0219411151692828,-0.0172520158243342
374,wave1,11,2026-05-14,Default,Default,dual_nonbiased,,-0.0045828610191556,-0.0001245666863938
2339,wave1,11,2026-05-14,Neutral,S-Seeking,dual_opposition,opposition_below,-0.0306138410751657,-0.036155083128983
1304,wave1,11,2026-05-14,Neutral,E-Averse,dual_opposition,opposition_below,-0.0452857827946067,-0.0436190152512767
47,wave1,11,2026-05-14,E-Seeking,Neutral,dual_balanced,ai1_seeking_ai2_averse,-0.0224895052315285,-0.0277043912197296
504,wave1,11,2026-05-14,Default,Default,dual_nonbiased,,-0.0242178530497602,-0.0242178530497602
1493,wave1,11,2026-05-14,S-Seeking,Neutral,dual_balanced,ai1_seeking_ai2_averse,-0.0468221664031285,-0.0319289324484963
1907,wave1,11,2026-05-14,E-Seeking,S-Averse,dual_balanced,ai1_seeking_ai2_averse,-0.0168564894947127,-0.0190244515217548
198,wave1,11,2026-05-14,Default,Default,dual_nonbiased,,-0.0124775920810913,-0.0124775920810913
1357,wave1,11,2026-05-14,S-Seeking,S-Seeking,dual_opposition,opposition_above,-0.0235653194124934,-0.0235653194124934
1303,wave1,11,2026-05-14,E-Seeking,Neutral,dual_opposition,opposition_above,-0.0098967710451612,0.0143929006192911
2154,wave1,11,2026-05-14,Neutral,S-Seeking,dual_balanced,ai1_averse_ai2_seeking,-0.0306013533355557,-0.0433770416675159
361,wave1,11,2026-05-14,S-Averse,S-Averse,dual_opposition,opposition_below,-0.0424635043926633,-0.0364162769987585
891,wave1,11,2026-05-14,E-Seeking,Neutral,dual_opposition,opposition_above,-0.0302310023592386,-0.0375319963610254
1345,wave1,11,2026-05-14,Default,Default,dual_nonbiased,,-0.020815412576252,-0.0274821390963778
1455,wave1,11,2026-05-14,Default,Default,dual_nonbiased,,-0.0488541642808131,-0.0488541642808131
2370,wave1,11,2026-05-14,Default,Default,dual_nonbiased,,-0.0051065153779238,-0.0108516426417932
52,wave1,11,2026-05-14,Default,Default,dual_nonbiased,,-0.0118879424204949,-0.0260092809294135
22,wave1,11,2026-05-14,E-Averse,S-Seeking,dual_balanced,ai1_averse_ai2_seeking,-0.025271259122999,-0.0332556900907186
2278,wave1,11,2026-05-14,Default,Default,dual_nonbiased,,0.0112930762681281,-0.0299036696715391
1874,wave1,11,2026-05-14,Neutral,Neutral,dual_opposition,opposition_below,-0.0190929077115083,-0.0333897055107672
932,wave1,11,2026-05-14,Default,Default,dual_nonbiased,,-0.0217074483335901,-0.0217074483335901
868,wave1,11,2026-05-14,Default,Default,dual_nonbiased,,-0.0520249201846483,-0.0427498460936988
2044,wave1,11,2026-05-14,S-Seeking,Neutral,dual_opposition,opposition_above,-0.0204082690138632,-0.0177057570019502
1008,wave1,11,2026-05-14,E-Averse,S-Seeking,dual_opposition,opposition_below,-0.0443889399198721,-0.0316065230055949
508,wave1,11,2026-05-14,Neutral,S-Averse,dual_balanced,ai1_seeking_ai2_averse,-0.0124614354815369,-0.0331369776364501
1824,wave1,11,2026-05-14,E-Averse,S-Averse,dual_opposition,opposition_below,0.0068229096507588,0.0077089605747593
837,wave1,11,2026-05-14,Default,Default,dual_nonbiased,,-0.0280883941378274,-0.0280883941378274
1115,wave1,11,2026-05-14,Default,Default,dual_nonbiased,,-0.008801833004674,-0.008801833004674
2098,wave1,11,2026-05-14,Default,Default,dual_nonbiased,,-0.0226243202025977,-0.0578725549002349
119,wave1,11,2026-05-14,Default,Default,dual_nonbiased,,-0.0170420674628056,-0.0170420674628056
2114,wave1,11,2026-05-14,S-Averse,E-Averse,dual_balanced,ai1_seeking_ai2_averse,-0.0193857514419331,-0.0255819399135242
2363,wave1,11,2026-05-14,S-Averse,E-Seeking,dual_balanced,ai1_averse_ai2_seeking,-0.0290226749608967,-0.0290226749608967
1476,wave1,11,2026-05-14,Default,Default,dual_nonbiased,,-0.0284386741433925,-0.041723021774605
954,wave1,11,2026-05-14,E-Seeking,S-Seeking,dual_balanced,ai1_seeking_ai2_averse,-0.0390054037224652,-0.0235194599656714
1965,wave1,11,2026-05-14,Default,Default,dual_nonbiased,,-0.0373333446286891,-0.0651375068671787
42,wave1,11,2026-05-14,E-Seeking,S-Averse,dual_balanced,ai1_seeking_ai2_averse,-0.0494401913254966,-0.0497788490361651
901,wave1,11,2026-05-14,Neutral,S-Seeking,dual_balanced,ai1_averse_ai2_seeking,-0.0102096893802382,-0.0257072498617291
588,wave1,11,2026-05-14,Default,Default,dual_nonbiased,,-0.0494460013391678,-0.0413565017572925
2323,wave1,11,2026-05-14,S-Seeking,Neutral,dual_balanced,ai1_seeking_ai2_averse,-0.0241895625054306,-0.0192409470739023
1483,wave1,11,2026-05-14,Neutral,Neutral,dual_opposition,opposition_above,-0.0208022163020089,-0.0200832706622934
1240,wave1,11,2026-05-14,S-Averse,E-Seeking,dual_balanced,ai1_averse_ai2_seeking,-0.0246560028890476,-0.0246560028890476
912,wave1,11,2026-05-14,Default,Default,dual_nonbiased,,-0.0144306874993809,-0.0144306874993809
216,wave1,11,2026-05-14,E-Seeking,S-Seeking,dual_opposition,opposition_above,-0.0208465081340148,-0.0208465081340148
970,wave1,11,2026-05-14,E-Averse,Neutral,dual_opposition,opposition_below,-0.0617993058570467,-0.0740189992861838
864,wave1,11,2026-05-14,S-Averse,S-Seeking,dual_opposition,opposition_above,-0.0344355599250214,-0.0344355599250214
1865,wave1,11,2026-05-14,Neutral,E-Seeking,dual_opposition,opposition_above,-0.0097559949612191,-0.0302842767819446
12,wave1,11,2026-05-14,S-Seeking,S-Averse,dual_balanced,ai1_seeking_ai2_averse,-0.0519654307597811,-0.0519654307597811
1998,wave1,11,2026-05-14,Neutral,Neutral,dual_opposition,opposition_below,-0.03685578280698,-0.0383824300675673
517,wave1,11,2026-05-14,S-Averse,S-Averse,dual_opposition,opposition_below,0.0167789206174554,-0.0241083640984471
208,wave1,11,2026-05-14,S-Seeking,E-Averse,dual_balanced,ai1_seeking_ai2_averse,-0.0515000571478825,-0.036737683735748
2246,wave1,10,2026-05-14,Default,Default,dual_nonbiased,,-0.0088966959203521,-0.0282364644274183
1627,wave1,10,2026-05-14,E-Seeking,E-Averse,dual_balanced,ai1_seeking_ai2_averse,-0.0127050717926931,-0.0271238813251519
1759,wave1,10,2026-05-14,E-Seeking,E-Seeking,dual_opposition,opposition_above,0.0190853665208997,0.039521688764304
822,wave1,10,2026-05-14,E-Seeking,S-Averse,dual_balanced,ai1_seeking_ai2_averse,-0.0294574885989546,-0.0345257559611048
1020,wave1,10,2026-05-14,Default,Default,dual_nonbiased,,-0.0427145281836488,-0.0424669880901888
1604,wave1,10,2026-05-14,E-Averse,Neutral,dual_balanced,ai1_averse_ai2_seeking,-0.0178462600536697,-0.0186169749021409
1072,wave1,10,2026-05-14,E-Seeking,E-Averse,dual_balanced,ai1_seeking_ai2_averse,-0.0233147628213208,-0.0335257955035868
682,wave1,10,2026-05-14,Default,Default,dual_nonbiased,,-0.0220621801690475,-0.0435223336117541
1745,wave1,10,2026-05-14,Neutral,Neutral,dual_opposition,opposition_below,-0.0098287261639082,-0.0146524281166053
284,wave1,10,2026-05-14,Default,Default,dual_nonbiased,,-0.0185824710804791,-0.0122336654324305
931,wave1,10,2026-05-14,S-Seeking,E-Averse,dual_balanced,ai1_seeking_ai2_averse,-0.030447860190361,-0.0286410501091822
1651,wave1,10,2026-05-14,E-Averse,Neutral,dual_opposition,opposition_below,-0.0335669900311444,-0.0335669900311444
1856,wave1,10,2026-05-14,E-Seeking,E-Averse,dual_balanced,ai1_seeking_ai2_averse,0.0144334317670639,0.0144334317670639
955,wave1,10,2026-05-14,E-Seeking,S-Seeking,dual_opposition,opposition_above,0.0105796583103705,-0.0171997002910817
1769,wave1,10,2026-05-14,S-Averse,S-Averse,dual_opposition,opposition_below,-0.0138795544183788,-0.0155023288017417
1300,wave1,10,2026-05-14,E-Seeking,S-Averse,dual_balanced,ai1_seeking_ai2_averse,-0.0214088118203347,-0.0214088118203347
2089,wave1,10,2026-05-14,Neutral,E-Seeking,dual_opposition,opposition_above,0.0067563066330598,-0.0337912987532304
190,wave1,10,2026-05-14,Neutral,S-Averse,dual_opposition,opposition_below,-0.0290327977084228,-0.0290327977084228
111,wave1,10,2026-05-14,Default,Default,dual_nonbiased,,-0.0117491997735717,-0.0169928853696019
2260,wave1,10,2026-05-13,E-Seeking,Neutral,dual_opposition,opposition_above,-0.0091887769609199,-0.0091887769609199
2257,wave1,10,2026-05-13,S-Seeking,E-Averse,dual_balanced,ai1_seeking_ai2_averse,-0.0195319161505331,-0.041120773306009
2155,wave1,10,2026-05-13,E-Averse,E-Seeking,dual_balanced,ai1_averse_ai2_seeking,-0.0010517117260574,-0.0010517117260574
544,wave1,10,2026-05-13,E-Seeking,S-Averse,dual_balanced,ai1_seeking_ai2_averse,-0.0160522769756052,-0.0280258803497069
1264,wave1,10,2026-05-13,Default,Default,dual_nonbiased,,-0.0413546884999113,-0.0362477339967634
2148,wave1,10,2026-05-13,Default,Default,dual_nonbiased,,-0.0223084640697957,-0.0314346955565093
2329,wave1,10,2026-05-13,Neutral,Neutral,dual_opposition,opposition_below,-0.0150083367654679,-0.0220523513330247
2265,wave1,10,2026-05-13,Default,Default,dual_nonbiased,,-0.0374105380193068,-0.0374105380193068
1852,wave1,10,2026-05-13,Default,Default,dual_nonbiased,,-0.0119449910280183,-0.0361955132728828
760,wave1,10,2026-05-13,Default,Default,dual_nonbiased,,-0.0047363852978182,-0.0164889609383745
108,wave1,10,2026-05-13,S-Seeking,Neutral,dual_opposition,opposition_above,-0.044649821026486,-0.0412681018876459
2058,wave1,10,2026-05-13,Default,Default,dual_nonbiased,,-0.0584206348812593,-0.0438788292708499
308,wave1,10,2026-05-13,S-Seeking,S-Averse,dual_balanced,ai1_seeking_ai2_averse,-0.0733851273698254,-0.077461136349733
1152,wave1,10,2026-05-13,Default,Default,dual_nonbiased,,-0.0349347872246947,-0.0464414450716683
1424,wave1,10,2026-05-13,E-Averse,S-Seeking,dual_balanced,ai1_averse_ai2_seeking,-0.0247628379805457,-0.0247628379805457
1373,wave1,10,2026-05-13,Default,Default,dual_nonbiased,,-0.0305963901943959,-0.0431236597039253
2147,wave1,10,2026-05-13,S-Averse,S-Seeking,dual_balanced,ai1_averse_ai2_seeking,-0.0413739773223209,-0.0469984348988621
10,wave1,10,2026-05-13,Default,Default,dual_nonbiased,,-0.0162755832678329,-0.0162755832678329
1166,wave1,10,2026-05-13,Default,Default,dual_nonbiased,,-0.0537006822612611,-0.0429196171423462
1180,wave1,10,2026-05-13,E-Averse,S-Seeking,dual_balanced,ai1_averse_ai2_seeking,-0.0058263466075524,-0.0058263466075524
1131,wave1,10,2026-05-13,S-Seeking,E-Averse,dual_balanced,ai1_seeking_ai2_averse,-0.0426712057691653,-0.0480889600110812
695,wave1,10,2026-05-13,E-Seeking,S-Seeking,dual_opposition,opposition_above,-0.0319142964592105,-0.0053039525981013
2081,wave1,10,2026-05-13,Default,Default,dual_nonbiased,,-0.012055266700392,-0.0189220118477916
1394,wave1,10,2026-05-13,Default,Default,dual_nonbiased,,-0.0254509075513183,-0.0254509075513183
593,wave1,10,2026-05-13,S-Averse,E-Seeking,dual_balanced,ai1_averse_ai2_seeking,-0.0038810843122654,-0.0229609246578651
1081,wave1,10,2026-05-13,Neutral,Neutral,dual_opposition,opposition_above,-0.0174995339588966,-0.0290016630768608
219,wave1,10,2026-05-13,E-Seeking,S-Seeking,dual_opposition,opposition_above,-0.0445038280029873,-0.041523497566432
1202,wave1,10,2026-05-13,E-Averse,S-Averse,dual_opposition,opposition_below,-0.0238283149350283,-0.0243091230771092
2027,wave1,10,2026-05-13,Neutral,E-Seeking,dual_balanced,ai1_averse_ai2_seeking,-0.0403673637404416,-0.0403673637404416
1187,wave1,10,2026-05-13,E-Averse,S-Averse,dual_opposition,opposition_below,-0.0371127866094582,-0.0371127866094582
369,wave1,10,2026-05-13,S-Seeking,S-Seeking,dual_opposition,opposition_above,-0.0490876854609672,-0.0356561152533315
799,wave1,10,2026-05-13,Neutral,Neutral,dual_opposition,opposition_above,-0.0315356893003857,-0.0652620551658958
1780,wave1,10,2026-05-13,E-Averse,E-Averse,dual_opposition,opposition_below,-0.0479343955021471,-0.0415734555673764
1948,wave1,10,2026-05-13,S-Seeking,E-Averse,dual_balanced,ai1_seeking_ai2_averse,-0.0367296317071367,-0.0459987970928406
1939,wave1,10,2026-05-13,Default,Default,dual_nonbiased,,-0.0270694347509819,-0.0270694347509819
2146,wave1,10,2026-05-13,S-Seeking,S-Seeking,dual_opposition,opposition_above,-0.0201675315337937,-7.63716395608307e-05
1098,wave1,10,2026-05-13,Default,Default,dual_nonbiased,,-0.0266934551367484,-0.0362158825560335
1068,wave1,10,2026-05-13,Neutral,S-Averse,dual_balanced,ai1_seeking_ai2_averse,-0.0291912462220542,-0.0267757617728312
351,wave1,10,2026-05-13,S-Averse,Neutral,dual_balanced,ai1_averse_ai2_seeking,-0.0341085492301681,-0.0341085492301681
1013,wave1,10,2026-05-13,E-Averse,Neutral,dual_opposition,opposition_below,-0.0184794077417931,-0.0172157623112757
1882,wave1,10,2026-05-13,Default,Default,dual_nonbiased,,-0.0515424432524523,-0.0430957654939729
1603,wave1,10,2026-05-13,Default,Default,dual_nonbiased,,-0.0056488126438472,-0.0079355979034317
354,wave1,10,2026-05-13,Default,Default,dual_nonbiased,,0.0047319400860858,0.0047319400860858
1978,wave1,8,2026-05-13,S-Averse,E-Seeking,dual_balanced,ai1_averse_ai2_seeking,-0.0158463933460881,-0.0338539324509621
419,wave1,8,2026-05-13,E-Seeking,E-Averse,dual_balanced,ai1_seeking_ai2_averse,-0.0505880821753278,-0.0516455920768731
1248,wave1,8,2026-05-13,Default,Default,dual_nonbiased,,-0.0166507931581984,-0.0166507931581984
2218,wave1,8,2026-05-13,Neutral,S-Averse,dual_opposition,opposition_below,-0.0148321382420082,-0.0298178494658458
228,wave1,8,2026-05-13,S-Averse,E-Seeking,dual_balanced,ai1_averse_ai2_seeking,-0.0426075440283772,-0.0112186643789471
527,wave1,8,2026-05-12,S-Averse,S-Seeking,dual_opposition,opposition_above,-0.0255518809692041,-0.0255518809692041
480,wave1,8,2026-05-12,Default,Default,dual_nonbiased,,-0.0467213075825963,-0.0467213075825963
687,wave1,8,2026-05-12,S-Seeking,Neutral,dual_opposition,opposition_above,-0.0805241971178964,-0.0354591176773469
963,wave1,8,2026-05-12,Default,Default,dual_nonbiased,,-0.0027736068367273,-0.0111431156197282
1382,wave1,8,2026-05-12,Default,Default,dual_nonbiased,,-0.0101606526373581,-0.0166604509882062
1075,wave1,8,2026-05-12,Default,Default,dual_nonbiased,,-0.0278645569198525,-0.0353069103166037
551,wave1,8,2026-05-12,S-Seeking,Neutral,dual_opposition,opposition_above,-0.0177693885710756,-0.0373739126859811
2242,wave1,8,2026-05-12,E-Seeking,Neutral,dual_opposition,opposition_above,-0.006907131196236,-0.006907131196236
1729,wave1,8,2026-05-12,E-Seeking,E-Averse,dual_balanced,ai1_seeking_ai2_averse,-0.0328251132841352,-0.0498012254637373
1224,wave1,8,2026-05-12,E-Averse,E-Averse,dual_opposition,opposition_below,-0.0393060411955486,-0.0393060411955486
468,wave1,8,2026-05-12,Neutral,S-Averse,dual_opposition,opposition_below,-0.0202374640252394,-0.0128842460992606
1626,wave1,8,2026-05-12,S-Seeking,Neutral,dual_opposition,opposition_above,-0.0177138987540848,-0.0177138987540848
482,wave1,8,2026-05-12,S-Seeking,S-Seeking,dual_opposition,opposition_above,-0.0258062508666188,-0.0212924287906603
528,wave1,8,2026-05-12,S-Seeking,E-Seeking,dual_opposition,opposition_above,-0.0437704804812113,-0.0437704804812113
1086,wave1,8,2026-05-12,E-Seeking,Neutral,dual_opposition,opposition_above,-0.0015454856064768,-0.0015454856064768
2186,wave1,8,2026-05-12,Default,Default,dual_nonbiased,,-0.0222825015865359,-0.0242943406683153
2243,wave1,8,2026-05-12,Neutral,E-Seeking,dual_opposition,opposition_above,-0.0350156846626719,-0.0294765383709444
124,wave1,8,2026-05-12,S-Seeking,S-Averse,dual_opposition,opposition_above,-0.0053316101463366,-0.0053316101463366
749,wave1,8,2026-05-12,Default,Default,dual_nonbiased,,-0.0349242388414159,-0.0349242388414159
1094,wave1,8,2026-05-12,S-Seeking,S-Seeking,dual_opposition,opposition_above,-0.0144284303288978,-0.0424720401754938
1819,wave1,8,2026-05-12,Neutral,Neutral,dual_opposition,opposition_above,-0.0338825003562688,-0.0338825003562688
1834,wave1,8,2026-05-12,Neutral,S-Seeking,dual_balanced,ai1_averse_ai2_seeking,-0.0215264901643051,-0.0208807628029045
1770,wave1,8,2026-05-12,Neutral,S-Averse,dual_opposition,opposition_below,-0.0302980801210762,-0.0302980801210762
582,wave1,8,2026-05-12,Neutral,E-Averse,dual_opposition,opposition_below,-0.0435515706163974,-0.0378281306835004
318,wave1,8,2026-05-12,S-Seeking,Neutral,dual_opposition,opposition_above,-0.0105002739079251,-0.0165258614596694
829,wave1,8,2026-05-12,E-Seeking,Neutral,dual_balanced,ai1_seeking_ai2_averse,-0.0250361747062369,-0.034870670020463
1279,wave1,8,2026-05-12,S-Seeking,E-Seeking,dual_balanced,ai1_averse_ai2_seeking,-0.0369208804593552,-0.0623376077867614
115,wave1,8,2026-05-12,Default,Default,dual_nonbiased,,-0.0189454485589404,-0.0189454485589404
1299,wave1,8,2026-05-12,Default,Default,dual_nonbiased,,-0.0055192912556911,-0.0126446611051984
672,wave1,8,2026-05-12,S-Averse,S-Averse,dual_opposition,opposition_above,-0.0293291909448531,-0.0293291909448531
1429,wave1,8,2026-05-12,E-Seeking,S-Seeking,dual_balanced,ai1_seeking_ai2_averse,-0.0403283891297806,-0.0458923053823588
646,wave1,8,2026-05-12,Default,Default,dual_nonbiased,,-0.0341211494034896,-0.0486335467858081
958,wave1,8,2026-05-12,S-Averse,Neutral,dual_balanced,ai1_averse_ai2_seeking,-0.0182481200347109,-0.0182481200347109
2048,wave1,8,2026-05-11,E-Seeking,E-Averse,dual_balanced,ai1_seeking_ai2_averse,-0.0281008068494504,-0.0281008068494504
21,wave1,8,2026-05-11,Default,Default,dual_nonbiased,,-0.0510844741206752,-0.0337854685660881
523,wave1,8,2026-05-11,Neutral,S-Seeking,dual_opposition,opposition_above,-0.0028187844937947,-0.0028187844937947
594,wave1,8,2026-05-11,Default,Default,dual_nonbiased,,-0.0279581418477569,-0.0131129761295819
1036,wave1,8,2026-05-11,E-Averse,S-Averse,dual_opposition,opposition_below,-0.0121390480873409,-0.0587281296126969
1994,wave1,8,2026-05-11,S-Averse,E-Averse,dual_opposition,opposition_below,-0.0252775867724509,-0.0145234186290254
1425,wave1,8,2026-05-11,E-Averse,E-Seeking,dual_balanced,ai1_averse_ai2_seeking,-0.0224452113327437,-0.0224452113327437
1235,wave1,8,2026-05-11,Neutral,Neutral,dual_opposition,opposition_below,-0.0411852589430467,-0.0290047304191976
1909,wave1,8,2026-05-11,E-Seeking,E-Averse,dual_balanced,ai1_seeking_ai2_averse,-0.0371440093785446,-0.0220322027163126
1598,wave1,8,2026-05-11,Default,Default,dual_nonbiased,,-0.038737359611921,-0.030913009524674
2302,wave1,8,2026-05-11,Default,Default,dual_nonbiased,,-0.0370656121785307,-0.029929159031683
259,wave1,8,2026-05-11,Neutral,E-Averse,dual_balanced,ai1_seeking_ai2_averse,0.0046078300388395,0.0046078300388395
2034,wave1,8,2026-05-11,S-Averse,S-Seeking,dual_balanced,ai1_averse_ai2_seeking,-0.0504182128972244,-0.0504182128972244
2195,wave1,8,2026-05-11,E-Seeking,S-Averse,dual_balanced,ai1_seeking_ai2_averse,-0.0344532001091063,-0.0344532001091063
2207,wave1,8,2026-05-11,S-Averse,S-Seeking,dual_balanced,ai1_averse_ai2_seeking,-0.0132574805778755,-0.0132574805778755
686,wave1,8,2026-05-11,E-Seeking,S-Averse,dual_balanced,ai1_seeking_ai2_averse,-0.0076258288849095,-0.0076258288849095
359,wave1,8,2026-05-11,E-Seeking,E-Averse,dual_balanced,ai1_seeking_ai2_averse,-0.0244228110540651,-0.0230186054652274
500,wave1,8,2026-05-11,Default,Default,dual_nonbiased,,-0.0228665950642779,-0.026603540796878
1755,wave1,8,2026-05-11,E-Seeking,E-Seeking,dual_opposition,opposition_above,-0.0134866363080739,-0.0261298656276097
184,wave1,8,2026-05-11,S-Averse,Neutral,dual_balanced,ai1_averse_ai2_seeking,0.0044411159298607,0.0011999826228911
1618,wave1,8,2026-05-11,Default,Default,dual_nonbiased,,-0.042556838284794,-0.042556838284794
1398,wave1,8,2026-05-11,Default,Default,dual_nonbiased,,-0.0025415637387786,-0.008742903937594
256,wave1,8,2026-05-11,E-Seeking,E-Averse,dual_balanced,ai1_seeking_ai2_averse,-0.028362028885072,-0.0280034661670055
1291,wave1,8,2026-05-11,S-Seeking,E-Averse,dual_opposition,opposition_below,-0.044647945414258,-0.0151658829939399
1868,wave1,8,2026-05-11,Default,Default,dual_nonbiased,,0.0045611771178887,-0.0050053068525682
405,wave1,8,2026-05-11,Default,Default,dual_nonbiased,,-0.0329488016559571,-0.0329488016559571
434,wave1,8,2026-05-11,S-Seeking,E-Averse,dual_balanced,ai1_seeking_ai2_averse,-0.0454554279367536,-0.0454554279367536
1943,wave1,8,2026-05-11,S-Seeking,E-Averse,dual_balanced,ai1_seeking_ai2_averse,-0.0570391312240876,-0.0426539511902093
1485,wave1,8,2026-05-11,Default,Default,dual_nonbiased,,-0.0425908116410722,-0.0425908116410722
1231,wave1,8,2026-05-11,Default,Default,dual_nonbiased,,-0.0229024561683939,-0.0364319750767329
595,wave1,8,2026-05-11,Default,Default,dual_nonbiased,,-0.0361357636676489,-0.027709935639369
939,wave1,8,2026-05-11,Default,Default,dual_nonbiased,,-0.037710259452634,-0.0247592638013095
71,wave1,8,2026-05-11,E-Seeking,S-Seeking,dual_opposition,opposition_above,-0.0013623841645647,-0.0013623841645647
45,wave1,8,2026-05-10,Default,Default,dual_nonbiased,,-0.0264859810434131,-0.0264859810434131
2263,wave1,8,2026-05-10,S-Seeking,Neutral,dual_balanced,ai1_seeking_ai2_averse,-0.0297530645606728,-0.0297530645606728
828,wave1,8,2026-05-10,S-Averse,E-Averse,dual_balanced,ai1_seeking_ai2_averse,-0.0144800451108179,-0.0138772502958466
467,wave1,8,2026-05-10,E-Averse,Neutral,dual_opposition,opposition_below,0.0060435169797577,-0.0286872898932554
2131,wave1,8,2026-05-10,Default,Default,dual_nonbiased,,-0.0071698669277609,-0.0150281293450191
17,wave1,8,2026-05-10,S-Averse,E-Seeking,dual_balanced,ai1_averse_ai2_seeking,-0.0201038258099976,-0.0201038258099976
1723,wave1,8,2026-05-10,Default,Default,dual_nonbiased,,-0.0402562205091817,-0.0201598681785226
2138,wave1,8,2026-05-10,Default,Default,dual_nonbiased,,-0.0184715978880778,-0.0184715978880778
2059,wave1,8,2026-05-10,Default,Default,dual_nonbiased,,-0.0508994591124831,-0.0385976234965241
986,wave1,8,2026-05-10,Neutral,E-Averse,dual_balanced,ai1_seeking_ai2_averse,-0.0055686299785725,-0.0055686299785725
433,wave1,8,2026-05-10,Default,Default,dual_nonbiased,,-0.028313725843712,-0.0389005353546612
2309,wave1,8,2026-05-10,Neutral,Neutral,dual_opposition,opposition_above,-0.0109743324293074,-0.0109743324293074
827,wave1,8,2026-05-10,S-Averse,E-Averse,dual_opposition,opposition_below,-0.0237063914294207,-0.0320052948547437
99,wave1,8,2026-05-10,S-Averse,E-Averse,dual_opposition,opposition_below,-0.0217224426163562,-0.017293718925227
532,wave1,8,2026-05-10,E-Averse,E-Seeking,dual_balanced,ai1_averse_ai2_seeking,-0.0135038698731567,-0.0155220416843612
900,wave1,8,2026-05-10,Neutral,S-Averse,dual_balanced,ai1_seeking_ai2_averse,0.0039891053165015,0.0039891053165015
1549,wave1,8,2026-05-10,E-Seeking,S-Averse,dual_opposition,opposition_above,-0.0252781365694986,-0.0252781365694986
981,wave1,8,2026-05-10,E-Averse,E-Seeking,dual_balanced,ai1_averse_ai2_seeking,-0.0140663006342269,-0.0140663006342269
305,wave1,8,2026-05-10,S-Seeking,S-Seeking,dual_opposition,opposition_above,0.0022814972468943,-0.006067857828533
2355,wave1,8,2026-05-10,Default,Default,dual_nonbiased,,-0.0255519949762269,-0.0255519949762269
946,wave1,8,2026-05-10,E-Seeking,S-Seeking,dual_opposition,opposition_above,-0.0203499153157425,-0.0266429041264914
1401,wave1,8,2026-05-10,E-Seeking,S-Seeking,dual_opposition,opposition_above,-0.0324876636628334,-0.0324876636628334
1637,wave1,8,2026-05-10,E-Averse,Neutral,dual_balanced,ai1_averse_ai2_seeking,-0.017822109665748,-0.0085982866746284
661,wave1,8,2026-05-09,Default,Default,dual_nonbiased,,0.0119764335853388,0.0119764335853388
1512,wave1,8,2026-05-09,E-Averse,E-Seeking,dual_balanced,ai1_averse_ai2_seeking,-0.0007791713099487,-0.0400114070965311
2351,wave1,8,2026-05-09,Neutral,Neutral,dual_opposition,opposition_below,-0.0270969137171469,-0.0314931503355334
32,wave1,8,2026-05-09,Default,Default,dual_nonbiased,,-0.0255205304467147,-0.0161910083677108
1145,wave1,8,2026-05-09,Default,Default,dual_nonbiased,,0.0014076371734787,-0.0028139591427089
2387,wave1,8,2026-05-09,E-Seeking,E-Seeking,dual_opposition,opposition_above,-0.0101367743009087,-0.0289974199226472
1758,wave1,8,2026-05-09,Neutral,E-Averse,dual_balanced,ai1_seeking_ai2_averse,0.0180213487045541,-0.0299914462004159
631,wave1,8,2026-05-09,Default,Default,dual_nonbiased,,-0.0216638598313471,-0.0158082370606564
260,wave1,8,2026-05-09,S-Seeking,E-Seeking,dual_opposition,opposition_above,-0.0348967374901933,-0.0285071535201169
2215,wave1,8,2026-05-09,Neutral,S-Averse,dual_balanced,ai1_seeking_ai2_averse,-0.0209575142181916,-0.0222827391738698
166,wave1,8,2026-05-09,Neutral,E-Seeking,dual_opposition,opposition_above,-0.0174074672025574,-0.013948061682014
2267,wave1,8,2026-05-09,Neutral,Neutral,dual_opposition,opposition_above,-0.0158565507696612,-0.01852147066291
1586,wave1,8,2026-05-09,E-Seeking,S-Seeking,dual_balanced,ai1_seeking_ai2_averse,-0.0230371579646418,-0.0193565666186858
1706,wave1,8,2026-05-09,E-Averse,E-Seeking,dual_balanced,ai1_averse_ai2_seeking,0.0008568834892007,0.0008568834892007
2120,wave1,8,2026-05-09,S-Seeking,Neutral,dual_balanced,ai1_seeking_ai2_averse,0.0017302579511379,-0.0233006893154237
1803,wave1,8,2026-05-09,S-Seeking,E-Averse,dual_balanced,ai1_seeking_ai2_averse,-0.0343340857501099,-0.0284545474428135
1326,wave1,8,2026-05-09,Default,Default,dual_nonbiased,,-0.0135069723961915,-0.0018577518508438
2289,wave1,8,2026-05-09,E-Seeking,S-Averse,dual_opposition,opposition_above,-0.0348094712686758,-0.0294303036284304
700,wave1,8,2026-05-09,Default,Default,dual_nonbiased,,0.008648687257315,0.0062869981917607
1387,wave1,8,2026-05-09,E-Seeking,S-Averse,dual_balanced,ai1_seeking_ai2_averse,0.0077246232870449,-0.0257601641993448
2357,wave1,8,2026-05-09,E-Seeking,S-Averse,dual_opposition,opposition_above,-0.0004789791655321,-0.0377083745520617
109,wave1,8,2026-05-09,S-Seeking,S-Averse,dual_balanced,ai1_seeking_ai2_averse,-0.0319799745354366,-0.0259132082537644
1889,wave1,8,2026-05-09,Default,Default,dual_nonbiased,,-0.0232907731433915,-0.0232907731433915
1356,wave1,8,2026-05-09,Default,Default,dual_nonbiased,,-0.0331945613856294,-0.0331945613856294
309,wave1,8,2026-05-09,Default,Default,dual_nonbiased,,-0.0091392807795179,-0.0197735719255374
272,wave1,8,2026-05-09,Default,Default,dual_nonbiased,,-0.0290108567687068,-0.0312114095620867
1981,wave1,8,2026-05-09,Neutral,E-Averse,dual_opposition,opposition_below,-0.0395041902288683,-0.0395041902288683
1003,wave1,8,2026-05-09,Default,Default,dual_nonbiased,,-0.0529013598046912,-0.0491235526908461
1638,wave1,8,2026-05-09,E-Averse,Neutral,dual_opposition,opposition_below,-0.0127803922885265,-0.0199405365190618
1400,wave1,8,2026-05-09,E-Seeking,E-Averse,dual_balanced,ai1_seeking_ai2_averse,-0.0171088648090134,-0.0465846317694438
1656,wave1,8,2026-05-09,S-Seeking,E-Averse,dual_balanced,ai1_seeking_ai2_averse,-0.0434552175119546,-0.0419257617460903
587,wave1,8,2026-05-09,Default,Default,dual_nonbiased,,-0.033040962163278,-0.033040962163278
2393,wave1,8,2026-05-09,Default,Default,dual_nonbiased,,-0.0392252687367789,-0.045314977055779
710,wave1,8,2026-05-09,Default,Default,dual_nonbiased,,-0.0080509460768845,-0.014631128698704
649,wave1,8,2026-05-09,S-Seeking,E-Seeking,dual_opposition,opposition_above,-0.0059705015221768,-0.0160545265489511
326,wave1,8,2026-05-09,Default,Default,dual_nonbiased,,-0.0048852867548668,-0.009176154968724
1739,wave1,8,2026-05-09,Default,Default,dual_nonbiased,,-0.041817329133795,-0.041817329133795
251,wave1,8,2026-05-09,E-Averse,E-Seeking,dual_balanced,ai1_averse_ai2_seeking,-0.0417425159108905,-0.0417425159108905
113,wave1,8,2026-05-09,E-Seeking,S-Seeking,dual_opposition,opposition_above,0.0078194598475547,0.0078194598475547
2144,wave1,8,2026-05-09,E-Averse,Neutral,dual_balanced,ai1_averse_ai2_seeking,-0.0092605757723268,-0.0092605757723268
2003,wave1,8,2026-05-09,E-Averse,E-Seeking,dual_balanced,ai1_averse_ai2_seeking,-0.0386975877858178,-0.0386975877858178
1860,wave1,8,2026-05-09,Default,Default,dual_nonbiased,,-0.0163588252542552,-0.0100138128202211
1969,wave1,8,2026-05-09,Default,Default,dual_nonbiased,,-0.0456436237713952,-0.0456436237713952
1330,wave1,8,2026-05-09,S-Averse,Neutral,dual_opposition,opposition_below,-0.014923278772978,-0.014923278772978
1360,wave1,8,2026-05-09,E-Seeking,Neutral,dual_opposition,opposition_above,-0.0279809693890178,-0.0249697272441863
534,wave1,8,2026-05-09,E-Averse,S-Averse,dual_balanced,ai1_averse_ai2_seeking,-0.0008927935156565,-0.0154781457922784
1757,wave1,8,2026-05-09,E-Seeking,Neutral,dual_opposition,opposition_above,-0.0449387694498349,-0.0449387694498349
366,wave1,8,2026-05-09,S-Seeking,Neutral,dual_opposition,opposition_above,-0.0170886886817637,-0.0217892616385936
945,wave1,8,2026-05-09,Default,Default,dual_nonbiased,,-0.0288834961450128,-0.0288834961450128
1639,wave1,8,2026-05-09,Default,Default,dual_nonbiased,,0.0016088491934427,0.0016088491934427
1644,wave1,8,2026-05-09,Default,Default,dual_nonbiased,,-0.0094926071544256,-0.0152030966550837
382,wave1,8,2026-05-09,Default,Default,dual_nonbiased,,-0.0023837238784536,-0.0029513803308048
2180,wave1,8,2026-05-09,Default,Default,dual_nonbiased,,-0.0030494670491335,-0.0379026557689336
2404,wave1,8,2026-05-09,E-Seeking,S-Seeking,dual_opposition,opposition_above,-0.0092674804019288,-0.0084246849520597
1953,wave1,8,2026-05-09,Neutral,E-Seeking,dual_balanced,ai1_averse_ai2_seeking,-0.0090700409927412,-0.0031059307974944
1167,wave1,8,2026-05-09,S-Seeking,E-Averse,dual_balanced,ai1_seeking_ai2_averse,-0.0292645540760781,-0.0437616418906542
201,wave1,8,2026-05-09,Neutral,E-Seeking,dual_opposition,opposition_above,-0.028255309203395,-0.028255309203395
1630,wave1,8,2026-05-09,S-Averse,S-Seeking,dual_balanced,ai1_averse_ai2_seeking,-0.0131897600841198,-0.0131897600841198
1334,wave1,8,2026-05-09,E-Averse,S-Seeking,dual_balanced,ai1_averse_ai2_seeking,-0.0122462065815388,-0.0122462065815388
622,wave1,8,2026-05-09,Neutral,S-Seeking,dual_opposition,opposition_above,-0.0110183034290581,-0.0255938241466325
936,wave1,8,2026-05-09,S-Seeking,E-Averse,dual_balanced,ai1_seeking_ai2_averse,-0.0172556029435764,-0.0264562256309179
2101,wave1,8,2026-05-09,E-Averse,Neutral,dual_opposition,opposition_below,-0.0341293283595751,-0.0418913156595102
806,wave1,8,2026-05-09,Default,Default,dual_nonbiased,,-0.0154371013452482,-0.0154371013452482
2234,wave1,8,2026-05-09,Default,Default,dual_nonbiased,,-0.0301756386649959,-0.0018507448985088
1047,wave1,8,2026-05-09,S-Seeking,S-Seeking,dual_opposition,opposition_above,-0.0001546958599281,-0.0096804576923613
1508,wave1,8,2026-05-09,S-Seeking,E-Averse,dual_balanced,ai1_seeking_ai2_averse,-0.0317985944873345,-0.0317985944873345
493,wave1,8,2026-05-09,E-Seeking,S-Seeking,dual_balanced,ai1_seeking_ai2_averse,-0.0188053243909514,-0.0197034147994881
1985,wave1,8,2026-05-09,Default,Default,dual_nonbiased,,-0.0013415147480171,-0.0028268927130738
1690,wave1,8,2026-05-09,S-Averse,S-Averse,dual_opposition,opposition_below,-0.0146498560146829,-0.0244843221977284
943,wave1,8,2026-05-09,Default,Default,dual_nonbiased,,-0.0319085067762983,-0.0319085067762983
734,wave1,8,2026-05-09,E-Averse,Neutral,dual_balanced,ai1_averse_ai2_seeking,-0.0217318908972537,-0.0428691754842579
809,wave1,8,2026-05-09,Neutral,Neutral,dual_opposition,opposition_above,-0.0111677442032519,-0.0111677442032519
1715,wave1,8,2026-05-09,Neutral,E-Seeking,dual_opposition,opposition_above,-0.0254503813232093,-0.0254503813232093
1323,wave1,8,2026-05-09,Neutral,Neutral,dual_opposition,opposition_below,-0.02501682381541,-0.02501682381541
821,wave1,8,2026-05-09,Default,Default,dual_nonbiased,,0.0003708486236554,0.0003708486236554
1282,wave1,8,2026-05-09,Default,Default,dual_nonbiased,,-0.0293283448614527,-0.036427250767695
485,wave1,8,2026-05-09,Default,Default,dual_nonbiased,,-0.0330836492438265,-0.0183074391289377
1107,wave1,8,2026-05-09,E-Seeking,E-Seeking,dual_opposition,opposition_above,-0.0009205267229159,-0.0069810530960896
853,wave1,8,2026-05-09,S-Seeking,E-Seeking,dual_balanced,ai1_averse_ai2_seeking,-0.0236748849851289,-0.0236748849851289
966,wave1,8,2026-05-09,Default,Default,dual_nonbiased,,-0.0017140752018512,-0.0154418807484084
1460,wave1,8,2026-05-09,E-Averse,Neutral,dual_balanced,ai1_averse_ai2_seeking,-0.0298189384419118,-0.0330494831105893
1589,wave1,8,2026-05-09,E-Averse,E-Seeking,dual_balanced,ai1_averse_ai2_seeking,-0.0424074110476719,-0.0381450870531829
1861,wave1,8,2026-05-09,E-Seeking,E-Averse,dual_balanced,ai1_seeking_ai2_averse,-0.0332048726822838,-0.0224935363182264
2007,wave1,8,2026-05-08,E-Averse,S-Averse,dual_balanced,ai1_averse_ai2_seeking,-0.0213962650421616,-0.0193615698584537
2171,wave1,6,2026-05-08,Neutral,E-Averse,dual_balanced,ai1_seeking_ai2_averse,-0.0273712264202832,-0.0258241296273609
2213,wave1,6,2026-05-08,S-Seeking,E-Averse,dual_balanced,ai1_seeking_ai2_averse,-0.0283009068145247,-0.0283009068145247
556,wave1,6,2026-05-08,Default,Default,dual_nonbiased,,-0.026457065605316,-0.0219771987068632
1161,wave1,6,2026-05-08,S-Averse,E-Seeking,dual_opposition,opposition_above,-0.0261485080344154,-0.0019679883892988
1654,wave1,6,2026-05-08,Neutral,E-Seeking,dual_balanced,ai1_averse_ai2_seeking,-0.0442757054852341,-0.0442757054852341
2377,wave1,6,2026-05-08,Default,Default,dual_nonbiased,,-0.0057817065077492,-0.009170898146048
1226,wave1,6,2026-05-08,S-Averse,S-Seeking,dual_balanced,ai1_averse_ai2_seeking,-0.0316215078762232,-0.0523152297547063
340,wave1,6,2026-05-08,E-Averse,S-Averse,dual_opposition,opposition_below,-0.0014828282639421,-0.0204308666943969
55,wave1,6,2026-05-08,Neutral,E-Seeking,dual_balanced,ai1_averse_ai2_seeking,-0.0401475627678477,-0.0412202396897974
136,wave1,6,2026-05-08,E-Seeking,S-Averse,dual_balanced,ai1_seeking_ai2_averse,-0.005789211482083,-0.005789211482083
1573,wave1,6,2026-05-08,S-Seeking,S-Seeking,dual_opposition,opposition_above,-0.0032740347010147,-0.0348782468407687
182,wave1,6,2026-05-08,Neutral,Neutral,dual_opposition,opposition_above,-0.0348141112465037,-0.032166561800028
1372,wave1,6,2026-05-08,Default,Default,dual_nonbiased,,-0.0478361778394189,-0.0146366830602884
637,wave1,6,2026-05-08,Default,Default,dual_nonbiased,,-0.0276538556424121,-0.0235668520867763
187,wave1,6,2026-05-08,E-Averse,S-Seeking,dual_balanced,ai1_averse_ai2_seeking,-0.0122926977900664,0.0036369615859991
612,wave1,6,2026-05-08,S-Averse,S-Seeking,dual_balanced,ai1_averse_ai2_seeking,-0.0295734449492977,-0.0295734449492977
2162,wave1,6,2026-05-08,Default,Default,dual_nonbiased,,-0.0247964632967193,-0.0418587562653808
2394,wave1,6,2026-05-08,Default,Default,dual_nonbiased,,0.0020514800974998,0.0020514800974998
1274,wave1,6,2026-05-08,S-Seeking,Neutral,dual_opposition,opposition_above,-0.0358209573426913,-0.0256655245597035
1921,wave1,6,2026-05-08,E-Seeking,E-Averse,dual_balanced,ai1_seeking_ai2_averse,-0.0273729593964583,-0.0101192020490288
1142,wave1,2,2026-05-08,E-Seeking,S-Averse,dual_balanced,ai1_seeking_ai2_averse,-0.0272371792709977,-0.0360920880305498
699,wave1,2,2026-05-08,Neutral,S-Seeking,dual_opposition,opposition_above,-0.0082512192029741,-0.0082512192029741
862,wave1,2,2026-05-08,E-Averse,E-Averse,dual_opposition,opposition_below,-0.0652558556854597,-0.0377310263342115
1924,wave1,2,2026-05-08,Default,Default,dual_nonbiased,,-0.0318326889081017,-0.0318326889081017
1629,wave1,2,2026-05-08,S-Seeking,E-Averse,dual_balanced,ai1_seeking_ai2_averse,-0.0586911478751351,-0.0586911478751351
339,wave1,2,2026-05-08,E-Seeking,Neutral,dual_opposition,opposition_above,-0.0502381968954495,-0.0359321466224698
1486,wave1,2,2026-05-08,E-Seeking,Neutral,dual_balanced,ai1_seeking_ai2_averse,-0.0255389845884088,-0.0255389845884088
