participantId,wave,ai_group,pre_grs_F_full,post_grs_F_full,pre_sharpe_full,post_sharpe_full,pre_grs_F_def1y,post_grs_F_def1y,pre_sharpe_def1y,post_sharpe_def1y,pre_grs_F_bear1y,post_grs_F_bear1y,pre_sharpe_bear1y,post_sharpe_bear1y,pre_grs_F_bull1y,post_grs_F_bull1y,pre_sharpe_bull1y,post_sharpe_bull1y
1898,wave3,Somewhat Risk-Seeking,0.8864944521457729,0.9510506578338424,0.0531537947087632,0.0432937784030002,0.6249774552517124,0.7581456905249199,0.1389636365258466,0.1010741399651882,0.6092816788441827,0.5928715561503396,-0.0025629302894598,-0.0334426020188169,1.1451265386771086,1.1790077400594223,0.1121688487433852,0.1017162967271896
132,wave3,Somewhat Risk-Averse,0.9530299869147196,0.9530299869147196,0.0429560512038123,0.0429560512038123,0.8088951406034245,0.8088951406034245,0.0824168908155549,0.0824168908155549,0.5769619477353488,0.5769619477353488,-0.0468902774997937,-0.0468902774997937,1.0717781896997352,1.0717781896997352,0.1321203495236762,0.1321203495236762
1848,wave3,Default,1.0643302222343989,1.0474603412747163,0.0144909247817224,0.021389196997873,0.8498219529454408,0.8242625660039878,0.0636283967835293,0.0758977326509856,0.5481666570190857,0.5596169256115032,-0.0644972046568873,-0.0581301585581272,1.2553728827540824,1.1960604666330292,0.0730977762264475,0.0960453756904236
522,wave3,Extremely Risk-Averse,1.0548290706506769,1.0548290706506769,0.0186914539911482,0.0186914539911482,0.8174809461251857,0.8174809461251857,0.0788394522194068,0.0788394522194068,0.5897182813405162,0.5897182813405162,-0.0365011707058367,-0.0365011707058367,1.2892192723082363,1.2892192723082363,0.0560509877676764,0.0560509877676764
2285,wave3,Default,1.077270740511528,0.9496265353286334,-0.0044955206910062,0.0435351637097521,0.864703766599377,0.689594352778249,0.055267659891377,0.1219730612307386,0.555629528871851,0.5903949680717179,-0.0604224396869292,0.0358666872646619,1.2324478432777295,1.2069090441474717,0.0827040754513344,0.0922634311943368
1910,wave3,Extremely Risk-Seeking,0.9790045215227158,0.9790045215227158,0.0382507968761227,0.0382507968761227,0.834686191139832,0.834686191139832,0.0711450455963596,0.0711450455963596,0.5448240356062308,0.5448240356062308,-0.0662423292811754,-0.0662423292811754,1.1594158084264137,1.1594158084264137,0.1078784971830189,0.1078784971830189
1631,wave3,Somewhat Risk-Seeking,0.9968065189268258,0.9968065189268258,0.0346614358619278,0.0346614358619278,0.7090535144643921,0.7090535144643921,0.1164038258261351,0.1164038258261351,0.5597570147724834,0.5597570147724834,-0.0580480009459771,-0.0580480009459771,1.0302645738453242,1.0302645738453242,0.1422504177913153,0.1422504177913153
716,wave3,Extremely Risk-Seeking,0.8847492768013713,0.9909577586294882,0.0533953093067833,0.0358801205995273,0.7247520046513592,0.8619999815877818,0.1117200490811643,0.0568768166491989,0.5837944757160948,0.5366901827350038,-0.0416469916762413,-0.0703112412113784,0.946593988711701,1.0952621507708569,0.1608833260532155,0.1260563318231101
1040,wave3,Somewhat Risk-Seeking,0.952653168486583,0.9029612332059308,0.0430205494520034,0.0508191202669424,0.7045961981344059,0.6148570110334518,0.1177014814722339,0.1414524032165154,0.6088744570016542,0.5961031856826302,-0.0058420312686628,-0.0299876440388189,1.0108281211144905,1.01163756920476,0.146770926321974,0.146585220012746
1893,wave3,Default,0.9337222943556532,0.930350429816396,0.0461458284012484,0.0466807122670391,0.8014007580738886,0.7544269994964667,0.0854203503444853,0.1023120305364693,0.601132990048465,0.5806183221938931,-0.0236296390282776,-0.0441612676213613,1.026790297661154,0.9558308125617824,0.1430680878479061,0.1589239907372852
2128,wave3,Extremely Risk-Seeking,0.9594684800260946,1.032911546092235,0.0418387569805541,0.0259046825566832,0.7141979149973456,0.861892579597971,0.1148889056875468,0.0569398095973962,0.6078943371277045,0.5504881041155734,0.010023469208091,-0.0632573770014558,1.0796470696211176,1.2155869151486542,0.1301178721356211,0.0891268207640849
1199,wave3,Extremely Risk-Averse,1.061834615075898,1.0581451619393147,0.0157033159552825,0.0173412341440197,0.8841949446458544,0.8957903373302422,0.041899138697541,0.0313746007967329,0.55925226458517,0.5473197549598219,-0.0583434848287879,-0.0649437176581346,1.2127545608158783,1.192130196412435,0.0901621778906817,0.0973805513437446
2014,wave3,Extremely Risk-Seeking,1.0092802066870663,1.0092802066870663,0.0319079946425818,0.0319079946425818,0.8039415895028422,0.8039415895028422,0.0844137224384517,0.0844137224384517,0.6001015072293513,0.6001015072293513,-0.0250649251431623,-0.0250649251431623,1.011272456499867,1.011272456499867,0.1466690120579523,0.1466690120579523
602,wave3,Extremely Risk-Averse,0.9396559978116272,0.8964159660121785,0.0451893171593668,0.0517595895925383,0.8174833899569832,0.7605981508337093,0.0788384114379588,0.1002497347996697,0.5511640674723034,0.5757650869522192,-0.0628918418523,-0.0477499883219471,1.1234959477897903,1.011598885582781,0.1183821081898508,0.1465940998415134
1677,wave3,Somewhat Risk-Seeking,1.0723848508696496,1.0138016150273934,0.0095840759567582,0.030849582012432,0.9029131088581648,0.8818374080280099,-0.0226106472916706,0.0437318576523115,0.600464048882851,0.5479679813231391,-0.0245699911786739,-0.0646022250900943,1.209407724838851,1.1346446230376117,0.0913709633759333,0.115219370923628
987,wave3,Extremely Risk-Averse,1.041700463116766,1.0110300621182102,0.0232816097720212,0.031502574209032,0.8686081704750698,0.8340285501755406,0.0528586617106252,0.0714540419905785,0.5705733163065231,0.5746725491383481,-0.0513142654313318,-0.0485215853695988,1.2222398345992882,1.174510454807991,0.0866477745381038,0.1031619565195743
2225,wave3,Somewhat Risk-Seeking,0.959365401634008,0.9638208193184512,0.0418568777649895,0.0410663876693202,0.7184006918232047,0.8743597684940956,0.1136370770302311,0.0490976141036267,0.5722037017203113,0.55507409157611,-0.0502219522820901,-0.0607349817798577,1.0992031982680337,1.0802596783856364,0.1250117429606264,0.1299607680210339
1117,wave3,Somewhat Risk-Averse,0.9829364741711364,0.9942771526285684,0.0374874351952286,0.0351936241120373,0.7830301020814672,0.8089110106452972,0.0923820000521456,0.082410417819956,0.5792427253639196,0.589574580712457,-0.045207147226941,-0.0366345019403349,1.1328341252807228,1.038390619035397,0.1157385478902549,0.1403208346708702
1809,wave3,Default,0.8353833761565262,0.8353833761565262,0.0598291096773803,0.0598291096773803,0.6315787976641105,0.6315787976641105,0.137317836992486,0.137317836992486,0.5993073383078228,0.5993073383078228,-0.0261164311495441,-0.0261164311495441,0.9179579535600164,0.9179579535600164,0.1668260765721262,0.1668260765721262
877,wave3,Somewhat Risk-Averse,0.9661302900423742,0.9661302900423742,0.0406506290968661,0.0406506290968661,0.7822664191464092,0.7822664191464092,0.0926604340648055,0.0926604340648055,0.5802253302139886,0.5802253302139886,-0.0444625535580422,-0.0444625535580422,1.037086121639455,1.037086121639455,0.1406322405161606,0.1406322405161606
106,wave3,Risk-Neutral,1.0752860673082436,1.0733661684966942,0.0070221757626884,0.0088013648947462,0.9019142486042252,0.903512754732848,-0.02403253778744,-0.0217124572669811,0.5979609258885835,0.5952024697466357,-0.0278086665970295,-0.0309891925128946,1.2475623611328834,1.2196219863647288,0.0765029471730412,0.087631363439299
1537,wave3,Somewhat Risk-Averse,1.025725678191982,0.9069324079773414,0.0278669005698863,0.0502400240433388,0.842147969233753,0.7834237735051689,0.0675421450633508,0.0922381527584701,0.5441061586313732,0.5569730253388699,-0.0666112582720619,-0.0596597896926437,1.1492897014860486,1.0429110874943477,0.1109351701754513,0.1392367501600316
1316,wave3,Somewhat Risk-Averse,1.01482479038614,1.01482479038614,0.0306050093876304,0.0306050093876304,0.7845078278345602,0.7845078278345602,0.0918409149048524,0.0918409149048524,0.6024781466894855,0.6024781466894855,-0.0216155069690613,-0.0216155069690613,1.14038260551891,1.14038260551891,0.113559095509544,0.113559095509544
719,wave3,Extremely Risk-Seeking,0.9209569678777356,0.9209569678777356,0.0481397503264701,0.0481397503264701,0.6673134217318373,0.6673134217318373,0.1280694874081483,0.1280694874081483,0.6038461028477956,0.6038461028477956,-0.0193538853209831,-0.0193538853209831,1.1466978783772614,1.1466978783772614,0.1117047325152335,0.1117047325152335
2228,wave3,Risk-Neutral,1.0107827410606849,1.0107827410606849,0.0315601902782509,0.0315601902782509,0.8645409838253032,0.8645409838253032,0.055365846538596,0.055365846538596,0.5349407452115573,0.5349407452115573,-0.0711565546015832,-0.0711565546015832,1.119380871250018,1.119380871250018,0.1195294984827996,0.1195294984827996
549,wave3,Somewhat Risk-Averse,0.9567761756899136,0.972664363763892,0.0423095256760095,0.0394507741198295,0.7268370858267797,0.7510115027981533,0.111083853960005,0.1034364760154418,0.5600799702816494,0.5927802965310388,-0.0578581598259693,-0.0335350216603755,1.1295902755340852,0.9898687732274936,0.1166632779120822,0.1515069394918598
2102,wave3,Default,1.0341617221790218,1.0092278844794709,0.02554795997757,0.0319200381005343,0.8383769330058382,0.8363343594161301,0.0693859191003569,0.0703648034029648,0.5435539425071939,0.5523426025009459,-0.0668936911549619,-0.0622494831970128,1.2635475035968176,1.1754444871168388,0.0693590224469972,0.1028633125194153
1557,wave3,Default,0.9796708783608518,0.9802687756605416,0.0381224978392969,0.0380070133781935,0.761227911983087,0.7464016981693322,0.1000369855547007,0.1049358067454041,0.5461666432273111,0.557846154560495,-0.0655468654891087,-0.05915895354067,1.1682257728619678,1.106753052247493,0.1051502720941822,0.1229873876312007
596,wave3,Risk-Neutral,0.9522649303484024,0.9522649303484024,0.0430869021208204,0.0430869021208204,0.5487248734515979,0.5487248734515979,0.1568208621471946,0.1568208621471946,0.5798944966826479,0.5798944966826479,-0.0447146244837382,-0.0447146244837382,1.1604831886420637,1.1604831886420637,0.1075514754207426,0.1075514754207426
866,wave3,Default,0.914228471390182,0.9101861306340396,0.0491584800859465,0.0497605786601784,0.8173493282862154,0.7920745218950714,0.0788954859708976,0.0890204999622802,0.5832390896823667,0.5805750644413041,-0.0420973960676747,-0.0441945308377694,1.010008936760204,1.043015321351086,0.1469586475661851,0.1392116611823154
367,wave3,Default,1.04137746515296,1.017843494102248,0.0233832054790382,0.0298718171777346,0.8659204334822636,0.8234757246449101,0.0545282652951946,0.0762447295085789,0.5262224938815696,0.5427032376834092,-0.0752304790210261,-0.0673265098109929,1.2150623211184752,1.1877372095832548,0.0893194609608728,0.0988523692126127
870,wave3,Risk-Neutral,0.8494706360677821,0.8494706360677821,0.0580649389884639,0.0580649389884639,0.626926482256526,0.626926482256526,0.1384796015924023,0.1384796015924023,0.6083286216916369,0.6083286216916369,0.0084305260904394,0.0084305260904394,0.9459068835763622,0.9459068835763622,0.1610282186634178,0.1610282186634178
2132,wave3,Somewhat Risk-Averse,1.0084609930590316,1.0563167476355544,0.0320960437515231,0.018098160302324,0.7406700923477127,0.7782953893456055,0.1067719040051228,0.094095417958986,0.6023860748500696,0.5845414263883726,-0.0217593005455413,-0.0410334925614014,1.0068015461964162,1.1209075019457826,0.1476915392770583,0.1191050518633764
2122,wave3,Extremely Risk-Seeking,0.8870904710292439,0.8870904710292439,0.0530710628023813,0.0530710628023813,0.6763758010238528,0.6763758010238528,0.1256233746107543,0.1256233746107543,0.6064572470888053,0.6064572470888053,0.0140626113384042,0.0140626113384042,1.0624713644230297,1.0624713644230297,0.1344528689445104,0.1344528689445104
212,wave3,Somewhat Risk-Averse,1.0180932007043062,1.0180932007043062,0.0298103630780355,0.0298103630780355,0.7541044548379242,0.7541044548379242,0.1024187240350866,0.1024187240350866,0.5829143687281516,0.5829143687281516,-0.0423585336953164,-0.0423585336953164,1.0055663702780375,1.0055663702780375,0.1479728922859207,0.1479728922859207
1773,wave3,Extremely Risk-Averse,0.9600547241816436,0.9740403675279228,0.0417355489438587,0.0391934460192288,0.6926659592381353,0.8119821038611188,0.1211100327947504,0.0811483401354454,0.6027050724423231,0.6028319737138975,0.0212569599156291,-0.0210537964432675,1.2406230591233514,1.0177625728332622,0.079408612625533,0.1451729498215693
1148,wave3,Somewhat Risk-Seeking,1.0076387513980598,1.0290414169914868,0.0322836910195837,0.0269791718067149,0.8177669595167496,0.8552162700132108,0.0787175534310701,0.0607290851360316,0.6016683377436779,0.5578239224975325,-0.0228492866729532,-0.0591717579424033,1.0655910600616718,1.1445350689707603,0.1336752147601457,0.1123430751401039
1869,wave3,Somewhat Risk-Seeking,1.00450307082732,1.0092938308287231,0.0329895433656875,0.0319048579123358,0.8902755036247977,0.8893148420518147,0.0367558335332207,0.0376149368547799,0.5533665103571691,0.5586245770153406,-0.0616860585320776,-0.0587088904430447,1.1344359957984214,1.1653378880750411,0.1152793096322259,0.1060519633797982
548,wave3,Somewhat Risk-Averse,0.959877482026674,0.980367359886241,0.0417667790599208,0.0379879382156547,0.5762126404028214,0.6792812323163148,0.1506069473850028,0.1248296376522819,0.5939130525584264,0.6030148673995454,-0.0323692662838798,-0.0207575000190346,1.21475461500706,1.1393189153906829,0.0894322691011533,0.1138686058626136
1831,wave3,Default,1.0239011990500406,0.9704218671018978,0.0283435511175526,0.0398666089931091,0.834628722166265,0.871437389604912,0.0711721001355089,0.0510428816405085,0.5593018266052336,0.5445498196357562,-0.0583145363105631,-0.0663834912184187,1.1618504466155335,1.0648955541180956,0.1071311863072758,0.1338489489511695
1363,wave3,Risk-Neutral,0.97101430047068,0.9866462266951488,0.0397571718569012,0.0367527617619714,0.7241404360941057,0.7890314504583631,0.1119059971045656,0.090165038885308,0.6035989050679476,0.5946096459741587,0.0197816916111048,-0.0316311454053214,1.0877179874416123,1.0249940149580543,0.1280336457455223,0.1434891610774451
1530,wave3,Risk-Neutral,0.9597352399313664,0.9551501714368352,0.0417918253935356,0.0425913417617353,0.8022446182353724,0.7766968064006117,0.0850873123732115,0.0946671587994227,0.5680428710338347,0.5785841712635718,-0.0529654573828124,-0.0456994480441627,1.0284518717009652,1.0639988963550842,0.1426775747967428,0.1340726210929718
172,wave3,Risk-Neutral,0.9477815391773936,1.0082048282748874,0.0438459249602358,0.0321546211584039,0.7534396079462329,0.8032005759269014,0.1026383111729887,0.0847084978216919,0.592947103183364,0.5735278061391369,-0.0333659018852298,-0.0493172222549103,0.9645005274998284,1.0498108143867662,0.1570649316073899,0.1375668710095484
1473,wave3,Extremely Risk-Seeking,1.034081744557237,1.034081744557237,0.025570929222433,0.025570929222433,0.8529678429734202,0.8529678429734202,0.0619537977848018,0.0619537977848018,0.5534109416107836,0.5534109416107836,-0.061661494630058,-0.061661494630058,1.2446218331175951,1.2446218331175951,0.0777471617295132,0.0777471617295132
1244,wave3,Somewhat Risk-Averse,1.0178554230437713,1.0178554230437713,0.0298688842684984,0.0298688842684984,0.8132597040221136,0.8132597040221136,0.0806176407792224,0.0806176407792224,0.5938894970793083,0.5938894970793083,-0.0323939332493883,-0.0323939332493883,1.036163805382187,1.036163805382187,0.1408520298813318,0.1408520298813318
1936,wave3,Default,1.0057047330812012,0.9936686734174484,0.0327208370048979,0.0353204597524967,0.8535875177867756,0.828522816483695,0.0616186559508027,0.0739913604137412,0.5964987138784954,0.6012386247226985,-0.029537148556362,-0.0234777097898943,1.0350077500826844,0.9923493501836615,0.1411270737688377,0.1509535009920922
441,wave3,Somewhat Risk-Averse,0.9857029607437592,0.9857029607437592,0.036940942273155,0.036940942273155,0.7226361492219959,0.7226361492219959,0.1123621323368442,0.1123621323368442,0.5959375646403565,0.5959375646403565,-0.0301742910788946,-0.0301742910788946,1.108810249883566,1.108810249883566,0.1224303362930876,0.1224303362930876
533,wave3,Extremely Risk-Seeking,1.0022513636843444,0.950159413851444,0.0334872726776477,0.0434449979423978,0.7938723662008798,0.8718865889043528,0.0883375608717285,0.0507486758055654,0.5771735866513948,0.5518242446087254,-0.0467366255456969,-0.0625328135445665,1.044741618882291,1.005995201809404,0.1387955338421307,0.1478752669031972
2019,wave3,Somewhat Risk-Averse,1.0640055632483787,1.0148831767762554,0.0146543189552454,0.0305909943658755,0.8206337733467628,0.7855223172319427,0.0774853861938095,0.0914676580753695,0.5627184729465613,0.6008610589585338,-0.0562835243031891,-0.0240163329118348,1.059694814883068,0.9683898660560452,0.1351414885186176,0.1562244469421795
438,wave3,Risk-Neutral,1.033785848985452,0.9519150593086272,0.025655730902996,0.0431466108134366,0.831381457532541,0.6739771960500629,0.0726847787183076,0.126275123939031,0.5944014539259984,0.6008893010813114,-0.0318535336015753,0.0239764613638903,1.224974154787395,1.1005055872997882,0.0856087225675171,0.1246647352438421
1312,wave3,Risk-Neutral,0.8475090648585774,0.8475090648585774,0.0583137439956582,0.0583137439956582,0.6635110448665117,0.6635110448665117,0.1290828938861111,0.1290828938861111,0.6044946069253987,0.6044946069253987,-0.0181838675866857,-0.0181838675866857,0.985527565414768,0.985527565414768,0.1524710994537718,0.1524710994537718
1892,wave3,Extremely Risk-Averse,0.8712634153648198,0.8986443488934325,0.0552264149058924,0.051441310305277,0.6621160335725044,0.6782022121822443,0.1294528314377702,0.1251249674191313,0.605734860245171,0.6070438359539988,-0.0157056620038527,-0.012571566108548,0.9775088952934256,1.0203579024308922,0.1542375899157638,0.1445707181490026
2392,wave3,Extremely Risk-Averse,0.920513720534472,0.920513720534472,0.0482075164323911,0.0482075164323911,0.7578656644202911,0.7578656644202911,0.1011678617752545,0.1011678617752545,0.5507859170374619,0.5507859170374619,-0.0630965879854429,-0.0630965879854429,1.0809930430594004,1.0809930430594004,0.1297724624496684,0.1297724624496684
1335,wave3,Somewhat Risk-Seeking,0.9577384606993774,1.0154891189009232,0.0421418629034789,0.0304451650202817,0.7529263303527249,0.852658047127471,0.1028075301921533,0.0621206786266758,0.5576226484291235,0.5387528915519604,-0.0592875562486364,-0.0693015770747292,1.147571090636124,1.1573531661788488,0.1114460234487161,0.1085077809401811
471,wave3,Somewhat Risk-Seeking,0.9213331821430972,0.9843309093656202,0.0480821583677224,0.0372129754718904,0.7238729614045034,0.8576353963389056,0.1119872307933022,0.0593836150322959,0.5883247770109199,0.5587252691128491,-0.0377743855354076,-0.058650424187042,1.0823845989862375,1.1154461526567694,0.1294144502918913,0.1206169629428406
581,wave3,Risk-Neutral,0.9608169962319174,0.9608169962319174,0.0416009710267296,0.0416009710267296,0.7739846692000883,0.7739846692000883,0.0956296248758648,0.0956296248758648,0.5503001634661963,0.5503001634661963,-0.0633586393804795,-0.0633586393804795,1.071499398863926,1.071499398863926,0.1321907776105269,0.1321907776105269
205,wave3,Extremely Risk-Averse,0.8633790316970725,0.8267008973799956,0.0562696830766724,0.0608913294540213,0.7506159682689619,0.6878817280760529,0.103565937670714,0.1224517696005501,0.5918011399458383,0.6025839571170528,-0.0345111242763064,-0.0214490688868474,0.9774774825102676,0.9380193955391416,0.1542444739389134,0.1626831759521436
1756,wave3,Extremely Risk-Seeking,1.0549011335456768,1.0603692039625945,0.0186631490069959,0.0163734849283741,0.8541440073011748,0.8947616731002739,0.0613161495368661,0.032445812139896,0.5650146437710789,0.5235911648830628,-0.0548769092984153,-0.0764183185591672,1.16129115986391,1.2470906950796163,0.107303298507766,0.0767038483401154
432,wave3,Risk-Neutral,0.9513784335186166,0.9970885997992962,0.0432380318833855,0.0346015801308527,0.6978465761123982,0.8122989959510303,0.1196411533343218,0.0810170228331552,0.6092328471316694,0.5949694062824097,0.0031422054388741,-0.0312431380028081,0.9888121021562648,1.0249553760298695,0.1517421338661489,0.1434982060881753
1074,wave3,Risk-Neutral,0.982583315471064,0.9620964732177884,0.037556629122574,0.0413741042151732,0.7462531784086971,0.848657062721349,0.1049837717750277,0.0642375829227294,0.609297967567609,0.5783164076210972,-0.0023379958789223,-0.0458981167456353,1.020623175560671,0.890896270208578,0.144509033257401,0.1722735422926504
1070,wave3,Default,0.9322474714707804,0.9322474714707804,0.0463805341989971,0.0463805341989971,0.7624835117828739,0.7624835117828739,0.0996115099499655,0.0996115099499655,0.6091450902908858,0.6091450902908858,-0.0039765231853993,-0.0039765231853993,1.0164567547316667,1.0164567547316667,0.1454750923660399,0.1454750923660399
1421,wave3,Risk-Neutral,1.0258753709060455,1.018089078741806,0.027827431640174,0.0298113785392236,0.8462391036697234,0.8269723934859776,0.0654842756761957,0.0746906481099659,0.5525003716964668,0.5652199086908278,-0.0621629954323078,-0.0547494277394442,1.199529261504093,1.154131769189046,0.0948519364439887,0.1094836843770937
1588,wave3,Extremely Risk-Seeking,0.843135138443549,0.8122736598131995,0.0588647956958835,0.0626171105661149,0.5014502982203073,0.4963339738251398,0.1670179387217955,0.1680882289198589,0.6073141864163192,0.5987732630204643,-0.0118212642510993,-0.0268004342943826,0.9814101175933628,0.964476528691003,0.153380469320492,0.1570701051178445
1503,wave3,Extremely Risk-Averse,0.9442635854696494,0.9442635854696494,0.0444324933288987,0.0444324933288987,0.8312024315472005,0.8312024315472005,0.0727672789211393,0.0727672789211393,0.5717275936801025,0.5717275936801025,-0.0505433467266065,-0.0505433467266065,0.9925234551758134,0.9925234551758134,0.1509145872315635,0.1509145872315635
2121,wave3,Extremely Risk-Seeking,1.0644229946121595,0.9975303343396592,0.0144438950961066,0.0345076393303327,0.8468520229440126,0.8631431459169328,0.065170474952997,0.0562020143833948,0.5480179621044308,0.5467574196186196,-0.0645758209453669,-0.0652385381720164,1.2753035633269991,1.115319068104771,0.0636058638485483,0.1206519320407978
1735,wave3,Extremely Risk-Averse,1.0189335791706084,1.000403241246442,0.0296026077285881,0.0338903540127665,0.7772500258397286,0.8323550356769127,0.0944696749272018,0.0722345117844072,0.5595013161723643,0.6020607800954263,-0.0581978734548394,-0.0222599080205235,1.1979088095163557,1.071798591702106,0.0954112439892129,0.1321151942007528
2376,wave3,Somewhat Risk-Seeking,0.9534004575472644,0.872525413815024,0.0428925456256904,0.0550576136571475,0.8439051619693133,0.8418737778389654,0.0666659106657931,0.0676778673318746,0.5662401727916936,0.5816238142158598,-0.0541113810539886,-0.0433809606385021,0.9440915463432168,1.0389383413186446,0.1614104635528568,0.1401898937585678
2049,wave3,Extremely Risk-Seeking,0.9614569972456748,0.9614569972456748,0.0414876450791862,0.0414876450791862,0.7424777063958028,0.7424777063958028,0.1061961172853523,0.1061961172853523,0.5738260671745877,0.5738260671745877,-0.0491111501439081,-0.0491111501439081,1.0588326517855768,1.0588326517855768,0.1353546539944128,0.1353546539944128
607,wave3,Extremely Risk-Averse,0.8950171802412201,0.954574164778274,0.0519583923270089,0.0426907311531789,0.7774762040697217,0.8165133658952413,0.0943888208470725,0.0792504787451543,0.5814284258648247,0.5802855951993137,-0.0435336772739397,-0.044416483245486,0.9733582135402874,1.0491674961985131,0.1551447998881084,0.1377233591145392
249,wave3,Somewhat Risk-Averse,1.0211718487859194,1.0041621088698442,0.0290420466817172,0.0330653906446307,0.8938785820736036,0.7035496250459848,0.0333380940195522,0.118004212870716,0.6034622318337312,0.6045293354813694,-0.0200143023403766,-0.0181190828468642,1.1197934431909191,1.0539252478749024,0.1194149321962434,0.1365621033936008
372,wave3,Default,1.045761801565286,1.045761801565286,0.0219641777292814,0.0219641777292814,0.8392000858017404,0.8392000858017404,0.0689875805856757,0.0689875805856757,0.5587821915192637,0.5587821915192637,-0.0586173470895958,-0.0586173470895958,1.1244165012184566,1.1244165012184566,0.1181239936382723,0.1181239936382723
2107,wave3,Extremely Risk-Averse,1.045761801565286,1.000403241246442,0.0219641777292814,0.0338903540127665,0.8392000858017404,0.8323550356769127,0.0689875805856757,0.0722345117844072,0.5587821915192637,0.6020607800954263,-0.0586173470895958,-0.0222599080205235,1.1244165012184566,1.071798591702106,0.1181239936382723,0.1321151942007528
2125,wave3,Somewhat Risk-Seeking,1.011106053325427,1.0311964396932711,0.0314848501589227,0.0263862429158709,0.7954174670751031,0.8616578017321803,0.0877465158903469,0.0570772715267925,0.5689264880291008,0.5474540711075944,-0.0523947196519836,-0.0648731036590822,1.1229201551716952,1.1681872853806174,0.1185432850988734,0.1051623377239373
1897,wave3,Extremely Risk-Seeking,1.0005462622331378,1.0005462622331378,0.0338593312111381,0.0338593312111381,0.8221491205340282,0.8221491205340282,0.0768262946734234,0.0768262946734234,0.5557428684032291,0.5557428684032291,-0.060358468133831,-0.060358468133831,1.025880059187219,1.025880059187219,0.1432816024020156,0.1432816024020156
560,wave3,Default,1.0558177573789551,0.973318246328888,0.0182993014797542,0.039328699412616,0.8731113330817035,0.8007323743271804,0.0499378084107248,0.0856832426030311,0.5323625506034511,0.5884969784802836,-0.0723846829386289,-0.0376193694722134,1.2537959942197283,0.997117850870135,0.0737976339287252,0.1498843798780748
289,wave3,Default,0.9422577836519476,1.000011714125144,0.0447635184011896,0.0339751362350421,0.8242917617815975,0.8325513810987365,0.0758848274927593,0.0721433712287328,0.594234713504997,0.5901275147360828,-0.0320305346677588,-0.0361187853018848,1.107668776365987,1.1195336352665468,0.1227397200472759,0.1194870898308694
1261,wave3,Extremely Risk-Seeking,0.9580392488985442,0.992663201709264,0.0420893193357669,0.0355290599251701,0.6969313422143312,0.884673892928533,0.1199018869401192,0.0415169963861886,0.6003529471051336,0.5528458377697761,-0.024722715284084,-0.0619731987864062,0.9975961839518366,1.1048369728670795,0.149776751377702,0.1235041009751208
25,wave3,Default,0.9764071050770122,1.0295641170634315,0.0387468668203216,0.0268365570761004,0.8461248034963651,0.905110206569128,0.0655426313789124,0.0191152090823624,0.5738516750647977,0.5616774202996921,-0.0490934174151146,-0.0569099520295945,1.1818047634765807,1.155138073563014,0.1008071670388005,0.1091797231981668
1787,wave3,Risk-Neutral,1.050660671772589,1.0120856527299145,0.0202616349821537,0.0312554738805565,0.905741037487242,0.8732281559609651,0.0179867330160007,0.0498597814407285,0.5724423803458196,0.5851788202466072,-0.0500600648056752,-0.0405026792199119,1.2061247653949858,1.1207973728182763,0.0925418410853849,0.1191357186507469
1012,wave3,Somewhat Risk-Averse,0.934653494420118,0.8883254611456625,0.045997024118607,0.0528992297018923,0.6701081212128829,0.6063188016258932,0.1273198378455879,0.1435211053064155,0.5662327462038615,0.5870925180514365,-0.0541160523083137,-0.0388657313581049,1.0905888750150965,0.8995999713564006,0.1272845808464765,0.1705383647018631
2235,wave3,Extremely Risk-Averse,0.95985706412761,1.0095528284653204,0.0417703752099068,0.0318451695219717,0.7254545652189736,0.832896487141956,0.1115060710253204,0.0719829043943228,0.6090376902792441,0.6054872941688524,-0.0048043252791933,-0.0162305552057104,1.1835418224106542,1.0255643388567983,0.1002385806661523,0.1433555925781638
1979,wave3,Somewhat Risk-Averse,0.8967385013405377,0.8967385013405377,0.0517136419224162,0.0517136419224162,0.7811893972437265,0.7811893972437265,0.0930517415602496,0.0930517415602496,0.5643447686333808,0.5643447686333808,-0.055290920792885,-0.055290920792885,0.9714794459767636,0.9714794459767636,0.1555538632482119,0.1555538632482119
1540,wave3,Extremely Risk-Seeking,0.9148014543950064,0.9148014543950064,0.0490725434666855,0.0490725434666855,0.6754248499405934,0.6754248499405934,0.1258821456887303,0.1258821456887303,0.5914775890822617,0.5914775890822617,-0.0348276808984471,-0.0348276808984471,1.0283296020499466,1.0283296020499466,0.1427063448507996,0.1427063448507996
1679,wave3,Extremely Risk-Seeking,0.972193120728679,1.0103258412007383,0.039538519225123,0.0316663553346572,0.6371567461576599,0.869836696093035,0.1359128119084482,0.0520778931761934,0.601894064124848,0.543971441408506,-0.0225121671823963,-0.066680268235319,1.033264809904231,1.1456118297464362,0.1415408153243014,0.1120257065863531
965,wave3,Risk-Neutral,0.9768420563732454,0.9421621456980424,0.0386642382898842,0.0447792412599619,0.7830510650448879,0.6999569775575203,0.0923743456539592,0.1190378845243306,0.5725575450001787,0.5792617980788103,-0.0499817669383175,-0.0451928102091573,1.0855605734724116,1.0164319035089615,0.1285938656143873,0.1454808369054002
1407,wave3,Extremely Risk-Seeking,0.968202223090506,0.9392475645763834,0.0402740048435224,0.0452557989737193,0.7526151721670127,0.7727296163723324,0.1029099840185986,0.0960718638938046,0.6027632198329275,0.5939663104734286,-0.0211641100936652,-0.0323134262219727,1.1217362999341676,1.043410657637195,0.1188740234415956,0.1391164661646356
663,wave3,Somewhat Risk-Seeking,0.93505123284145,0.93505123284145,0.0459333204764005,0.0459333204764005,0.7512652403449744,0.7512652403449744,0.1033533438980575,0.1033533438980575,0.5643203653035379,0.5643203653035379,-0.0553059452944152,-0.0553059452944152,1.082964372050603,1.082964372050603,0.1292650160544819,0.1292650160544819
2217,wave3,Extremely Risk-Averse,1.0463312556612885,1.0286876046599225,0.0217730979716076,0.027075281706104,0.8794710274193526,0.863679429355116,0.0454978143635677,0.0558826777589995,0.5205281841020436,0.5251597992833,-0.0777786923583225,-0.075712394730267,1.208325480628963,1.195130725008369,0.091758544628719,0.0963628324099016
2239,wave3,Extremely Risk-Averse,0.9428102312985168,0.9795414553313916,0.044672588688723,0.0381474502637861,0.6607138926752583,0.8222183358982647,0.129823667262474,0.0767960579615472,0.570185636175559,0.6081622744506419,-0.0515706307364996,-0.0090737752469951,1.0330803086607447,1.0120862927162,0.1415845472626716,0.1464821794640812
1995,wave3,Somewhat Risk-Averse,1.0086348312995976,1.0086348312995976,0.0320562313058082,0.0320562313058082,0.847900288035276,0.847900288035276,0.064630315974613,0.064630315974613,0.5501774568661975,0.5501774568661975,-0.0634246678243594,-0.0634246678243594,1.1567705634215404,1.1567705634215404,0.108684895658667,0.108684895658667
1583,wave3,Somewhat Risk-Averse,0.9924980406846668,0.9837196785597856,0.035563208641108,0.037333527976403,0.8118831091009946,0.768827751272169,0.0811893202940726,0.0974343989593762,0.5995352035401381,0.5909335913713225,-0.0258190997286614,-0.0353535610102582,0.9716445419489532,0.986166189271087,0.1555179560200712,0.1523296126313649
1707,wave3,Risk-Neutral,1.0206527184992735,0.952911257548814,0.0291730158260724,0.0429763839218684,0.8302822186715725,0.7288144985985809,0.0731899022657702,0.1104772916354327,0.5450634259906291,0.5637477882741834,-0.0661188529117672,-0.0556573164525762,1.2226138795355128,1.0832288878306389,0.0865063512104727,0.1291967845089647
466,wave3,Somewhat Risk-Averse,1.037882012708176,0.9722472868248692,0.0244557399328014,0.0395284433836838,0.7715513510345535,0.732324960663268,0.0964852679816248,0.1093925901295596,0.5745388744566214,0.5950736096462949,-0.0486151590884993,-0.0311298532844274,1.2429655752889504,0.9579084586142256,0.0784394851317342,0.1584802714583041
2066,wave3,Somewhat Risk-Averse,1.057452893382245,0.9975988657482616,0.0176316372619918,0.0344930423874267,0.8985914551569203,0.8516729736411555,0.0282533231226562,0.0626484093947109,0.5425303680564983,0.5785174413936507,-0.0674141282026851,-0.0457490386720996,1.228295199113312,1.0790257931264031,0.0843300040071045,0.1302770184741486
506,wave3,Extremely Risk-Seeking,0.9691602636164932,0.944213670523496,0.0400986695092999,0.0444407606603713,0.7355266481344771,0.7705125744843295,0.1083942850557761,0.0968483214178523,0.5741252675644132,0.5760906531278651,-0.0489035649984719,-0.0475176588996987,1.100090442924813,1.0471735386402246,0.124775444399716,0.1382073502972646
1704,wave3,Somewhat Risk-Seeking,0.9195332349201314,0.9248421393476072,0.0483570842483379,0.0475416683042733,0.6330404062043097,0.664506006450987,0.1369509651082149,0.1288184375378342,0.5979488028571394,0.58475082258072,-0.0278234372374831,-0.0408598656769644,0.990754411091713,1.000507100843986,0.1513095574743259,0.1491202457061247
1478,wave3,Risk-Neutral,0.9794346080861946,0.9754507640529404,0.0381680379143793,0.0389279316873589,0.7586290412833706,0.8038874668952828,0.1009121710186754,0.0844352862729155,0.5459171754223203,0.5575679977417604,-0.0656766359465343,-0.0593189597609296,1.008225971593096,1.0194326455207816,0.1473664684394869,0.1447856825309401
924,wave3,Somewhat Risk-Seeking,0.986393120372186,0.986393120372186,0.0368033501336521,0.0368033501336521,0.8037242865676686,0.8037242865676686,0.0845002691346609,0.0845002691346609,0.5635543560759523,0.5635543560759523,-0.0557755251819161,-0.0557755251819161,0.9549237317984408,0.9549237317984408,0.1591173645074088,0.1591173645074088
2369,wave3,Extremely Risk-Averse,0.9475061262931168,0.998293900485612,0.0438921267332321,0.0343446536467385,0.8132384986482577,0.699462091828502,0.080626476997285,0.1191796087710089,0.5675259982631493,0.5936740323989379,-0.0532965092926407,-0.0326187027741332,1.036431613712948,1.0311896469178576,0.1407882433532748,0.1420319718181128
469,wave3,Extremely Risk-Averse,1.0242438872929718,1.0242438872929718,0.0282546341977774,0.0282546341977774,0.8479264581669647,0.8479264581669647,0.0646167740039063,0.0646167740039063,0.5315511643860814,0.5315511643860814,-0.0727669883715835,-0.0727669883715835,1.2064937623824343,1.2064937623824343,0.0924109523640597,0.0924109523640597
35,wave3,Extremely Risk-Seeking,0.9385605636976618,0.9385605636976618,0.0453674060609858,0.0453674060609858,0.8083374585133372,0.8083374585133372,0.0826440422279554,0.0826440422279554,0.6034089562030901,0.6034089562030901,-0.0201042468364279,-0.0201042468364279,1.1161435201027918,1.1161435201027918,0.1204249021292199,0.1204249021292199
2134,wave3,Default,0.9885296705154856,0.9463615378227972,0.0363741200427396,0.0440836219056689,0.7860532089832719,0.7475128513405896,0.0912717411645063,0.1045762879743318,0.5505511354805919,0.5698135410707673,-0.063223379977683,-0.0518155096304264,1.12224851912436,1.014172845543129,0.1187310295208222,0.1460021686004373
985,wave3,Default,0.9725339752950988,0.9725339752950988,0.0394750717518111,0.0394750717518111,0.7145214233106101,0.7145214233106101,0.1147930062644567,0.1147930062644567,0.5717955323614318,0.5717955323614318,-0.0504976088979612,-0.0504976088979612,1.1405205233780524,1.1405205233780524,0.1135189058095125,0.1135189058095125
385,wave3,Somewhat Risk-Averse,0.939036864506834,0.939036864506834,0.0452900573644612,0.0452900573644612,0.8765000729921004,0.8765000729921004,0.0476230534214268,0.0476230534214268,0.5520950356062649,0.5520950356062649,-0.0623849593505711,-0.0623849593505711,1.0155792203624154,1.0155792203624154,0.1456778149133045,0.1456778149133045
817,wave3,Extremely Risk-Seeking,0.8902672969192439,0.8902672969192439,0.0526279261643795,0.0526279261643795,0.6019049381109401,0.6019049381109401,0.1445798483135258,0.1445798483135258,0.606227711234624,0.606227711234624,-0.0146047165751995,-0.0146047165751995,0.9852718141541827,0.9852718141541827,0.1525277275655551,0.1525277275655551
1946,wave3,Default,0.8970234180448932,0.9068494507886145,0.0516730196946018,0.0502521888200958,0.6711624263366069,0.6737614174721223,0.127035955798419,0.1263336007826427,0.6044847925766565,0.6028758314695633,-0.0182021341302172,-0.0209831254953781,0.8623412440520871,0.8650173566732258,0.1778610576109274,0.1773439945712898
1989,wave3,Default,0.9170433693121378,0.9170433693121378,0.0487348562349098,0.0487348562349098,0.6666770130467793,0.6666770130467793,0.1282396242691828,0.1282396242691828,0.589410071855171,0.589410071855171,-0.0367865497784067,-0.0367865497784067,1.0364505340612071,1.0364505340612071,0.1407837359009712,0.1407837359009712
2196,wave3,Extremely Risk-Seeking,0.9406213864521592,0.9997801689858145,0.0450317911866718,0.0340251766226669,0.7327791985481473,0.8878640915680931,0.1092514853382288,0.0388765506692608,0.5880284804675971,0.5390177233788086,-0.0380396420325254,-0.0691708991364396,1.0324509656277558,1.1375204092045534,0.1417336255709518,0.1143901237016235
659,wave3,Somewhat Risk-Averse,0.8338392638207565,0.8512579054243403,0.06001937173782,0.0578373230753362,0.6973779794489449,0.7334857541875439,0.1197747149553377,0.1090316545780924,0.6078424539238594,0.5924035926529797,-0.0101971544076304,-0.0339138604730928,0.8746091427507765,0.8446207450091281,0.1754797384635402,0.1812522496992457
1888,wave3,Risk-Neutral,0.9567217853159306,1.0286031506809945,0.0423189826362321,0.0270981726139819,0.8517053199553827,0.9031029252113376,0.0626311501049825,0.022330228278771,0.5381878328086251,0.5492820188056822,-0.0695795933987457,-0.0639044708815421,1.0243454910727,1.0789111645910536,0.1436409050802717,0.1303063619245207
1414,wave3,Extremely Risk-Seeking,0.9259146798624934,0.9952933404265524,0.0473752440473406,0.0349807826188502,0.781724544003465,0.8460105400961151,0.092857509171343,0.0656009173085691,0.5737429330451531,0.5386791371976344,-0.0491686744839253,-0.0693379272261199,1.0416858966624445,1.1223985553005809,0.1395313398500865,0.1186891137927997
127,wave3,Risk-Neutral,0.955929427060842,0.9865694164480234,0.0424565143476233,0.0367681211458671,0.7822390854059103,0.8013289188852917,0.0926703847946394,0.0854486441843931,0.5903867255075269,0.5877305617413127,-0.0358744829187268,-0.0383045094483945,1.103235233946207,1.0896620793004563,0.1239344912401914,0.1275268481741772
1717,wave3,Default,0.9811642526703392,0.9778380408855148,0.0378333955765735,0.0384743647895063,0.7442860404475677,0.7409660934738437,0.1056171012352318,0.1066778207942475,0.6093525918109208,0.6091823533876403,0.001330183161475,0.0036456555894434,1.008949712688719,0.9928121550783447,0.1472010505010837,0.1508500405039185
2276,wave3,Extremely Risk-Seeking,0.962278277705417,0.942568151440038,0.0413417677480718,0.0447124562243589,0.7568107066304157,0.7891192231166436,0.101520199598049,0.0901322235153974,0.585704007493994,0.5630380443887538,-0.0400600602815906,-0.0560898445960112,0.9602584352045084,1.0208855439502091,0.1579770365488023,0.1444480000254086
514,wave3,Extremely Risk-Seeking,1.026908377479682,1.026908377479682,0.0275535261266946,0.0275535261266946,0.8519680061768394,0.8519680061768394,0.0624908126652146,0.0624908126652146,0.5494424173734085,0.5494424173734085,-0.0638187853574241,-0.0638187853574241,1.187272233372326,1.187272233372326,0.0990069223090441,0.0990069223090441
69,wave3,Default,1.055058582328547,1.0417380496899835,0.0186011563641102,0.0232697585507295,0.9008079539050038,0.8672319955364464,0.0255152499644597,0.0537199404947553,0.5955447395863867,0.5910946730904486,-0.0306124524834903,-0.0351986588177128,1.108297748519124,1.0204794656086908,0.1225693349912713,0.1445424536369172
2115,wave3,Extremely Risk-Averse,1.0142386115816342,0.9429454561343537,0.030745362559915,0.0446503034712766,0.8341860543854215,0.8002897100961918,0.0713801570815918,0.0858569234342046,0.5698061899612595,0.6074867219381141,-0.0518203359247212,-0.0113164683672061,1.1795878995036346,0.9676513320100416,0.1015283667627821,0.1563843580404591
2065,wave3,Extremely Risk-Averse,1.0541418039468202,1.028542252671789,0.0189592795593366,0.0271146668155784,0.8795877838030322,0.8399745142852729,0.0454122804773145,0.0686107495317437,0.5831090315895845,0.6001619784744077,-0.0422021802056363,-0.0249830507833794,1.1714671626499409,1.0970562338823322,0.1041293153884242,0.1255818141649777
1883,wave3,Risk-Neutral,0.973186208713506,0.973186208713506,0.0393533801154292,0.0393533801154292,0.7428864983260572,0.7428864983260572,0.1060654891782942,0.1060654891782942,0.5753297078468581,0.5753297078468581,-0.0480589427177915,-0.0480589427177915,1.1030661609618522,1.1030661609618522,0.1239798395489742,0.1239798395489742
293,wave3,Default,0.8387867583948133,0.8387867583948133,0.0594076317344622,0.0594076317344622,0.6991643969666254,0.6991643969666254,0.1192647853618681,0.1192647853618681,0.6056481978609732,0.6056481978609732,-0.0158913752273959,-0.0158913752273959,1.0281216182084283,1.0281216182084283,0.1427552712008634,0.1427552712008634
2248,wave3,Extremely Risk-Seeking,0.9102588241129768,0.9289323916841182,0.0497498148258967,0.0469038514306932,0.8151607692290379,0.8666136503391869,0.0798216004706807,0.0541025180626787,0.6031900881673806,0.5756406560132489,-0.0204696187575314,-0.0478384889729725,1.1874733277551033,1.0842488972566808,0.0989401091762,0.1289333583669719
1851,wave3,Extremely Risk-Seeking,0.9160917935874344,0.9813287553071988,0.0488784690637157,0.037801415105328,0.7254803916750023,0.7487506416532835,0.1114981976514546,0.1041743976890329,0.6093056098629964,0.6086609471071032,-0.0022246372520779,-0.0069699538301906,1.1448778896308816,1.232876702915551,0.1122421234092955,0.0825343853003817
1800,wave3,Extremely Risk-Averse,1.002338789644274,1.002338789644274,0.0334680850892484,0.0334680850892484,0.757863711883411,0.757863711883411,0.1011685149764727,0.1011685149764727,0.5832576386758423,0.5832576386758423,-0.0420824305583659,-0.0420824305583659,1.097403246380291,1.097403246380291,0.1254898385268942,0.1254898385268942
312,wave3,Default,1.0531981107874635,1.041612086071846,0.0193209944033225,0.0233094517764759,0.9077358376937068,0.9056120374714144,0.0138256809127656,0.0182231746280393,0.5294246193450656,0.5463791283657784,-0.0737597600288666,-0.0654361335396497,1.1871658521342228,1.1861522581460016,0.0990422497025895,0.0993782415755059
2236,wave3,Somewhat Risk-Seeking,0.911590796189424,0.9819261194274246,0.0495521778576904,0.037685056402913,0.6866627668869821,0.824736869803847,0.1227914205003809,0.0756878139763482,0.5861301629786052,0.5399830320395811,-0.0396973003193871,-0.0686925154073294,1.013251471345458,1.1237499691139958,0.1462143084813756,0.1183109361438964
103,wave3,Somewhat Risk-Seeking,1.0665195039662263,1.0668310429090777,0.0133369884944385,0.013164569212683,0.9103263191109792,0.9087847684497518,0.0043931494015466,0.0110253083114133,0.5860705067896054,0.5753218948653482,-0.0397482799887424,-0.0480644690051853,1.2466899929327566,1.2500914398202718,0.0768741203247749,0.0754167980734706
1271,wave3,Extremely Risk-Seeking,0.9163496703204876,0.8733745529268625,0.0488395913480384,0.0549437469504203,0.7675076197419436,0.7783485259775753,0.0978912558821677,0.094076355826591,0.5870650719931129,0.5810456993775743,-0.0388896922474766,-0.0438312881778395,0.9738040825722744,0.9564171766025752,0.1550475774708974,0.1587988752214165
1672,wave3,Somewhat Risk-Seeking,0.9294869515019244,0.983128661719538,0.0468167127207928,0.0374497267221531,0.7374473598919544,0.7883094104805868,0.1077911667822249,0.0904345490755485,0.6040460012229686,0.5620354919808953,-0.0190009047112439,-0.0566952621731343,0.998654501509176,1.1193450607173252,0.1495383709361298,0.1195394377515071
2112,wave3,Risk-Neutral,1.0557162018646362,1.0065556198142531,0.0183399683309372,0.0325292318438992,0.8342338264788187,0.7083715006428444,0.0713577324746961,0.1166032652740152,0.5518824381999853,0.5530269563395596,-0.0625010683951059,-0.0618734644529654,1.2548219930621718,1.152113215263786,0.0733430158604803,0.1100909919881719
1154,wave3,Somewhat Risk-Seeking,0.9934312584288584,0.9934312584288584,0.0353698254436517,0.0353698254436517,0.8871619642310149,0.8871619642310149,0.0394727475438416,0.0394727475438416,0.57536579696095,0.57536579696095,-0.0480334079473804,-0.0480334079473804,1.0869826414450685,1.0869826414450685,0.128224851606435,0.128224851606435
1652,wave3,Extremely Risk-Seeking,0.8407864971860411,1.0149618103592966,0.0591586015766279,0.0305721091091812,0.6976270770596816,0.8731074302902113,0.1197037334900338,0.0499404130340479,0.5893881889079253,0.545281617583034,-0.0368067280850323,-0.0660061130748886,0.8859511670869218,1.1423785070069483,0.173252545199344,0.1129761608081489
2332,wave3,Somewhat Risk-Seeking,0.9318448258264856,0.9318448258264856,0.0464444075556874,0.0464444075556874,0.7630901838972343,0.7630901838972343,0.0994053047775053,0.0994053047775053,0.5838418641146298,0.5838418641146298,-0.0416083366813512,-0.0416083366813512,1.0807613638948168,1.0807613638948168,0.1298319781121886,0.1298319781121886
2173,wave3,Extremely Risk-Seeking,0.9633387856057384,1.0155924830205498,0.0411526386702292,0.0304202193084867,0.8105364708547834,0.8757788303615717,0.0817447915043089,0.0481249532483356,0.5617815233939996,0.5312536458202495,-0.0568476172197871,-0.0729066800912719,1.1034143400158374,1.174315857477178,0.1238864348733623,0.1032240721531429
888,wave3,Somewhat Risk-Averse,1.0170832659472953,0.9908882467611732,0.0300581425151545,0.0358943569686824,0.8200207442432211,0.7991405852299932,0.0777504699428111,0.0863062028860186,0.5707399022409925,0.5866414260078352,-0.0512037152950258,-0.0392576987851324,1.1715942373633668,1.0494002858796787,0.1040890948793728,0.1376667516892723
1408,wave3,Extremely Risk-Averse,1.010109091271798,1.006668630979387,0.0317165954731888,0.0325036990519796,0.6887732624330574,0.7059188135899485,0.1222027904887997,0.1173178459575214,0.5896172979017875,0.6069081989491796,-0.03659491767915,-0.0129316194087079,1.1843172939993178,1.1302657408134769,0.0999837456602312,0.1164712948014075
1601,wave3,Somewhat Risk-Averse,1.0526027495817485,1.01333109914733,0.0195457562870696,0.030961404779929,0.8029805726634259,0.7427493051775036,0.0847958234960053,0.1061093459242027,0.6091515408702303,0.6093548651933522,-0.0039212455268969,-0.0012710353170177,1.1860816782112586,1.0743948981627744,0.0994015971660845,0.1314576043319786
1453,wave3,Extremely Risk-Seeking,0.8986697675092497,0.9146340335549012,0.0514376685319528,0.0490976688323661,0.698761128881532,0.8006586964904582,0.1193800771229783,0.0857121740556262,0.5498229851282286,0.5840760519373169,0.0636150303503022,-0.0414167822787784,1.2616176515096915,1.004706478007723,0.0702592419039966,0.1481684733342067
2317,wave3,Somewhat Risk-Averse,1.0355025846940755,1.0111222561352835,0.0251597552734387,0.0314810697596551,0.8832211926873904,0.8504738184902387,0.0426655952569597,0.0632849827035656,0.5913575407825737,0.5812552495399713,-0.0349444082236574,-0.0436685897774278,1.1635308131690154,1.045018889187019,0.1066124829371694,0.1387285897816201
299,wave3,Risk-Neutral,0.9767721750285064,0.957965935195952,0.0386775256137194,0.042102132233678,0.6739014664356201,0.6328302607401873,0.1262956498525641,0.1370037687958229,0.5736389576417802,0.5739652122924911,-0.0492405261903244,-0.0490147196104737,1.1551283165532429,1.1373962167526417,0.1091826742409766,0.1144260529112375
1835,wave3,Default,0.9727733897149378,0.9502878240982048,0.0394304459281397,0.0434232424902448,0.7542494590240552,0.7236535195534833,0.1023707717596478,0.1120538348174482,0.5768497208861256,0.5828442348204298,-0.0469715531602478,-0.0424147251237767,1.09578608516501,1.07465822396774,0.1259179295681602,0.1313907381642278
165,wave3,Risk-Neutral,0.8973391321280059,0.8973391321280059,0.0516279695720366,0.0516279695720366,0.7661449509690791,0.7661449509690791,0.0983606921507556,0.0983606921507556,0.5995207765524171,0.5995207765524171,-0.0258380260610182,-0.0258380260610182,0.7960053594514237,0.7960053594514237,0.1902846033467381,0.1902846033467381
502,wave3,Default,0.9662889856852924,0.9516124273694216,0.0406219049780714,0.0431981916483859,0.6592466839723431,0.6991758936249548,0.1302106561018798,0.1192614969986811,0.573560092205513,0.5905567229387026,-0.0492949566027837,-0.0357133601194886,1.0303390524874754,1.0089172235219408,0.1422328419022309,0.1472084798568134
176,wave3,Extremely Risk-Averse,0.9248403060945652,0.9248403060945652,0.047541952272718,0.047541952272718,0.7902639118759951,0.7902639118759951,0.089703197547729,0.089703197547729,0.5601266048649072,0.5601266048649072,-0.0578306960792468,-0.0578306960792468,1.0061940181358544,1.0061940181358544,0.1478299854922594,0.1478299854922594
62,wave3,Somewhat Risk-Seeking,0.9192848153569068,0.9192848153569068,0.0483949066064101,0.0483949066064101,0.8403635842855538,0.8403635842855538,0.0684206625081648,0.0684206625081648,0.5680289728225488,0.5680289728225488,-0.0529743858118706,-0.0529743858118706,0.9781950191817714,0.9781950191817714,0.1540871582024982,0.1540871582024982
1568,wave3,Somewhat Risk-Seeking,0.9612442514497774,0.9249498623577964,0.041525350379025,0.0475249792017943,0.7356488790359976,0.7794985938767568,0.1083559990107108,0.0936628654150136,0.573032796113576,0.5576859082915112,-0.0496573614550959,-0.0592511852188623,1.050091502854918,1.0546890718664808,0.137498541466934,0.1363748186841379
643,wave3,Somewhat Risk-Averse,1.0614872793985868,1.0614872793985868,0.0158647185883788,0.0158647185883788,0.896861504481698,0.896861504481698,0.0302189609235424,0.0302189609235424,0.5573798654522543,0.5573798654522543,-0.0594269396867155,-0.0594269396867155,1.2393756712498605,1.2393756712498605,0.0799199960083984,0.0799199960083984
2017,wave3,Default,1.0409835123989664,1.0266565516482222,0.0235065262082768,0.0276205482825784,0.8879306561917537,0.8521283765058202,0.0388195564289582,0.0624049837212305,0.6091717806472522,0.6068002408697521,-0.0037425067384524,-0.0132111910216549,0.9998708711678236,0.9356602706463268,0.1492639610627849,0.1631752411078261
2041,wave3,Default,0.8788140218540331,0.916183051822303,0.0542087276841574,0.0488647143971809,0.7458546843312159,0.7513578945459748,0.1051123635407924,0.1033229716050578,0.5722672859126083,0.5755333832648523,-0.0501788758416371,-0.0479146559671303,0.8566247987378106,0.9262727455000066,0.1789611646599026,0.1651202638094878
818,wave3,Extremely Risk-Averse,1.0318845913062942,1.0318845913062942,0.0261940871775036,0.0261940871775036,0.8512021539237838,0.8512021539237838,0.0628991007881061,0.0628991007881061,0.5447651161988385,0.5447651161988385,-0.0662726849548526,-0.0662726849548526,1.1119603266964495,1.1119603266964495,0.1215727002978307,0.1215727002978307
2277,wave3,Default,0.9671689258514736,0.9537524162978628,0.0404622671011447,0.0428321267536787,0.6560012680081069,0.6898673040396474,0.1310628731815682,0.1218966031454354,0.6014764576307973,0.6009190602179549,-0.023132002169351,-0.023934376429631,1.0871619024701091,1.0508939784370834,0.1281782644554828,0.1373030167573088
1141,wave3,Somewhat Risk-Averse,1.074399814270968,1.0567389902942526,0.0078934542609945,0.0179261953120214,0.8707525054039371,0.8660510989697433,0.0514882487340058,0.0544482671735437,0.5834401885205808,0.6001928804584821,-0.041934864651662,-0.0249411078841518,1.1889890972008317,1.0672509793715514,0.0984350957961929,0.1332597235243756
2367,wave3,Risk-Neutral,0.9705265014940369,0.9705265014940369,0.0398473021418005,0.0398473021418005,0.7850072288241584,0.7850072288241584,0.0916573560201151,0.0916573560201151,0.5583038359109468,0.5583038359109468,-0.0588947452347091,-0.0588947452347091,1.010512671981081,1.010512671981081,0.1468432394868566,0.1468432394868566
996,wave3,Somewhat Risk-Averse,1.02615402662446,1.028609629864049,0.0277538104777791,0.0270964171406155,0.8379056485912635,0.8424083575762643,0.069612975612772,0.0674130068240392,0.5646343655945132,0.5639501658567506,-0.0551123145043309,-0.0555333750831804,1.1813401897629816,1.1917843709886862,0.1009587135647561,0.0974971910072495
1937,wave3,Extremely Risk-Averse,0.982507218959714,0.9877225814207432,0.0375715220201097,0.0365368526460453,0.7468355499809214,0.7258639511510317,0.1047955723762321,0.1113812045971798,0.5831686745772905,0.5633959151305338,-0.0421541596377659,-0.055872166320727,1.0963574670548484,1.0756746182298471,0.1257668308353977,0.1311323476919443
2096,wave3,Extremely Risk-Seeking,0.9422881470982356,0.9176457895363012,0.0447585255113729,0.0486437212368395,0.8069508348134112,0.7635482565006468,0.0832062176973053,0.0992493351894883,0.6009329618056958,0.5705982241778456,-0.0239146916875966,-0.051297751002304,1.060167990685082,1.0152345786272998,0.1350243654358072,0.1457573611996692
1621,wave3,Risk-Neutral,0.7835714207032465,0.8838177048480776,0.0659182810646102,0.0535237883614393,0.6542167897255976,0.6133893753374255,0.1315292663581312,0.1418099700322998,0.6003165724946687,0.596720042805154,-0.0247725129060042,-0.029282047751931,1.0075202631245643,0.972353876705232,0.1475276014149485,0.155363595129155
789,wave3,Extremely Risk-Averse,1.0041261348262966,0.9928056862324004,0.0330733830014209,0.0354995735453885,0.8143622650566413,0.8247189038166086,0.0801568994650042,0.0756957757776177,0.5766565285172802,0.6065330197764599,-0.0471111391995896,-0.01387901146625,1.1919319623117806,1.0258119307295104,0.0974474279837303,0.1432975715193184
1116,wave3,Risk-Neutral,0.9814433269736051,0.9376372885446012,0.0377791256644411,0.0455169697240498,0.8811638495795254,0.7600574259942039,0.0442416336151377,0.1004320600067704,0.5651702553964283,0.5554859092412536,-0.0547802922247334,-0.0605034063093145,1.0641704031579553,1.1053214022327147,0.1340298653902255,0.1233736560112876
104,wave3,Extremely Risk-Averse,1.0042570797966424,0.9525789290782768,0.0330442816970298,0.0430332453495239,0.7832057297881073,0.7633827285132877,0.0923178525534801,0.0993057231373421,0.5742462443239114,0.5964668927412795,-0.0488193831598356,-0.0295736448776144,1.204591523620096,0.9921793256039724,0.0930838004407141,0.1509914939333572
1171,wave3,Extremely Risk-Averse,0.9755007825086894,0.9511315680237298,0.0389184824015211,0.04328002420993,0.6960566351939121,0.7299365595403611,0.1201505763066738,0.1101316909614527,0.6015378512582651,0.6093566633293911,-0.023041921596519,-0.0012222265560498,1.038188038366364,1.0116736453821165,0.1403692359467608,0.1465769382791258
301,wave3,Extremely Risk-Averse,1.0242838013271258,1.0702017510653148,0.0282442596075223,0.0111296884842976,0.8372461470313656,0.8754553076224085,0.0699294979556197,0.0483484097292056,0.5781657396155743,0.5855654870802108,-0.046009531699015,-0.0401772733283096,0.9824861769334576,1.0958500197331675,0.1531432869357486,0.1259010308789391
812,wave3,Somewhat Risk-Averse,1.0083430679946452,1.0083430679946452,0.0321230229842322,0.0321230229842322,0.769199924249379,0.769199924249379,0.0973052283861556,0.0973052283861556,0.551970539085266,0.551970539085266,-0.062452978308188,-0.062452978308188,1.1583191522149832,1.1583191522149832,0.1082135064039278,0.1082135064039278
407,wave3,Risk-Neutral,0.9430915860894632,0.9227465791244508,0.0446262086654627,0.0478651780340947,0.77828181319138,0.7348746724669232,0.094100287644658,0.1085982841576636,0.5600767088888636,0.5818375284150994,-0.0578600800237785,-0.0432133070738435,1.064873780923138,0.8933332315891087,0.1338543844111097,0.1717892724253064
1612,wave3,Extremely Risk-Seeking,0.952729709387946,0.952729709387946,0.0430074560745145,0.0430074560745145,0.6703818941708484,0.6703818941708484,0.127246178778629,0.127246178778629,0.6058397473456119,0.6058397473456119,-0.0154779169003076,-0.0154779169003076,1.1533934178074232,1.1533934178074232,0.1097061981586063,0.1097061981586063
2328,wave3,Extremely Risk-Averse,0.8669353433758102,0.8692151644610677,0.0558014938627258,0.0554993034140652,0.5717475500676833,0.5837877664499196,0.1516320557744784,0.1488531220201156,0.5949619917020735,0.598108552032461,-0.0312511831772754,-0.0276281680413532,1.0523255399824174,1.018138573702074,0.1369535722554629,0.1450858430416376
2205,wave3,Extremely Risk-Seeking,1.0566794140584408,1.0566794140584408,0.0179505583680568,0.0179505583680568,0.8841606372426489,0.8841606372426489,0.0419263790662382,0.0419263790662382,0.571207684016878,0.571207684016878,-0.0508920144186807,-0.0508920144186807,1.2554493467188552,1.2554493467188552,0.0730636730848709,0.0730636730848709
1699,wave3,Somewhat Risk-Seeking,0.9374216585155812,0.9580235495302089,0.0455518300199792,0.042092063410697,0.7357304032136502,0.7560879331733094,0.1083304562467434,0.1017609179722121,0.6025346050845097,0.6016627275160016,-0.0215268586649084,-0.0228576022833887,0.8919952630770108,1.0169088362951515,0.1720553011665792,0.1453705541108868
1726,wave3,Risk-Neutral,0.9742867087396886,0.9451838260133948,0.0391472000398815,0.044279801011066,0.6988061448622271,0.7471737809661484,0.1193672125539511,0.1046861209831522,0.5994631798527507,0.6070811041330971,0.0259134480585613,-0.0124708171726552,1.1256436069891451,1.042334916014649,0.1177790936207744,0.1393753587357506
121,wave3,Risk-Neutral,1.0220956154196492,1.016870270204536,0.0288075261278173,0.0301101398954791,0.7745320116039598,0.7730438380833671,0.0954361411873146,0.0959613268677159,0.6039968079179936,0.601621387147396,-0.0190883748882933,-0.022918785107681,1.0436223359160806,1.0797034119912372,0.1390654703333324,0.1301034304744962
1748,wave3,Somewhat Risk-Averse,0.7978218974458687,0.7978218974458687,0.0643001102497278,0.0643001102497278,0.8505965716212196,0.8505965716212196,0.0632201088568713,0.0632201088568713,0.5727894027168083,0.5727894027168083,-0.0498237625729155,-0.0498237625729155,1.0520068769654571,1.0520068769654571,0.1370314293821849,0.1370314293821849
1404,wave3,Somewhat Risk-Seeking,1.0360977119858124,0.9888720474566796,0.0249855272395864,0.0363048677281159,0.8565005972582519,0.8874492801696063,0.0600184697786862,0.0392298677169319,0.5606773968868364,0.5363793512821013,-0.0575053480481613,-0.0704621584194863,1.267108197575075,1.1002903576625698,0.0676672463007149,0.1247221433974879
1405,wave3,Somewhat Risk-Seeking,0.9743080905497612,0.9743080905497612,0.0391431834416188,0.0391431834416188,0.7884121481811673,0.7884121481811673,0.0903962484268741,0.0903962484268741,0.5909438461722492,0.5909438461722492,-0.0353437197446184,-0.0353437197446184,1.07789013103299,1.07789013103299,0.1305674620098552,0.1305674620098552
2358,wave3,Default,0.9984699041721272,0.9984699041721272,0.0343069757955577,0.0343069757955577,0.8458098226702274,0.8458098226702274,0.0657031805197838,0.0657031805197838,0.5723906648465505,0.5723906648465505,-0.0500951855957708,-0.0500951855957708,1.0152269595846923,1.0152269595846923,0.1457591192907793,0.1457591192907793
1064,wave3,Default,1.0533113280230026,1.039235988450253,0.0192779563222394,0.0240459539749308,0.842591573986953,0.8188208284433761,0.0673219958229007,0.078266796777164,0.5702479568065828,0.5716857601769478,-0.0515295044472299,-0.0505714896015324,1.2000994096401012,1.1356879495087069,0.0946543890315593,0.1149191782167847
1184,wave3,Somewhat Risk-Seeking,1.04458765703996,1.04458765703996,0.0223530152006771,0.0223530152006771,0.9020338064312676,0.9020338064312676,0.0238667992621705,0.0238667992621705,0.6092144060017479,0.6092144060017479,-0.0033348948317056,-0.0033348948317056,0.9855508878793544,0.9855508878793544,0.1524659344726497,0.1524659344726497
841,wave3,Risk-Neutral,1.0262136508374695,0.9910845677193524,0.0277380323919341,0.0358541349930389,0.8229272179028028,0.7219872413802919,0.076485711092853,0.112558354168494,0.5994096526085358,0.5929858371965698,-0.0259833454204682,-0.0333265085117524,1.264249204045408,1.1597471927830625,0.0690288458623,0.1077770696606343
1903,wave3,Risk-Neutral,0.9110293128465634,0.9038388508034166,0.0496355853162662,0.0506917054132085,0.6288194211284299,0.6551527659272164,0.1380079936131955,0.1312848312109142,0.6077430602645904,0.5996358602811139,-0.0105218856451078,-0.0256866641461805,1.0127028370709752,0.9404493085346232,0.1463404937729772,0.1621749463919396
855,wave3,Extremely Risk-Seeking,1.028209363828617,1.0434420491179264,0.0272046534025449,0.0227260034336413,0.8909501825378794,0.8739012479461445,0.0361403414286936,0.0494078413402311,0.5597971387653227,0.5532419212527157,-0.0580244484224263,-0.0617548865306738,1.1728595969704612,1.192326602652094,0.1036877803513675,0.097314247733261
1872,wave3,Risk-Neutral,0.8926187206077274,0.9194825261034258,0.0522975339646961,0.0483648071437276,0.7389635237689539,0.6971090492125919,0.1073127963360126,0.1198513032910158,0.5901469566664028,0.5919152442119068,-0.0361005186190273,-0.03439879513097,1.0126935400101027,0.9948082221823388,0.1463426312280019,0.1504030749418255
2108,wave3,Extremely Risk-Seeking,0.9836225293316392,0.9724716405751176,0.0373526529964801,0.0394866824534103,0.7796845471495567,0.8703657582548978,0.0935958430183049,0.0517380671012899,0.5546758720458814,0.5448370919842871,-0.0609580862892302,-0.0662356006975923,1.131038986370813,1.0926208898557734,0.1162511518902362,0.1267518886638333
1099,wave3,Somewhat Risk-Averse,0.8602307369213933,0.9128223353437972,0.0566809700842746,0.0493687460175323,0.7369851846298573,0.7389943220152295,0.1079365870458501,0.1073030579783966,0.6092971973524784,0.6030142548693215,-0.0023491171179702,-0.0207584993929239,1.0052904317345517,0.9532465363581112,0.1480356797818562,0.1594743566133339
1525,wave3,Risk-Neutral,1.0102268720015402,1.0102268720015402,0.0316893050974743,0.0316893050974743,0.8137080721752106,0.8137080721752106,0.0804305856723781,0.0804305856723781,0.5732946638693245,0.5732946638693245,-0.0494777111572986,-0.0494777111572986,0.997631551057149,0.997631551057149,0.1497687907148971,0.1497687907148971
445,wave3,Risk-Neutral,0.9778797316525348,0.9855286401404154,0.0384663965876046,0.0369756147597035,0.718128166633807,0.7359528732617951,0.1137186469837453,0.108260723760331,0.5991351589632309,0.5661121475466857,-0.0263388802545367,-0.0541918520357126,0.9521215445626356,1.0669385763173276,0.1597134089709154,0.1333380125174346
1535,wave3,Extremely Risk-Seeking,0.942760612855168,1.0165760796703287,0.0446807631032298,0.0301818120958584,0.6924464447761358,0.8689602683818433,0.1211719017847302,0.0526360628677546,0.5592373422837543,0.5437503187885111,-0.0583521979722556,-0.0667933882193839,1.074533927880862,1.1599056056866797,0.1314223045482862,0.1077285516976002
2016,wave3,Somewhat Risk-Averse,0.958408685370556,0.9412271185026908,0.0420246945977181,0.0449326720113903,0.8176014565968528,0.7512476084740651,0.0787881131307833,0.1033591227040585,0.5681345283255788,0.5993314897405205,-0.0529065379876989,-0.0260850771350426,1.1045920672445324,1.0660375554615873,0.1235699988019623,0.1335635715273746
1906,wave3,Default,0.9700758280221192,0.9913646118786398,0.0399303931121243,0.0357966821075193,0.7624852866253888,0.8093959645866037,0.0996109072869958,0.0822123780547783,0.6069162358318263,0.587092729808814,-0.0129105648960507,-0.0388655464331282,1.146720334139874,1.1348745754974296,0.1116980866202587,0.1151532712184195
1071,wave3,Extremely Risk-Averse,0.9008350157505404,0.9008350157505404,0.0511265071636016,0.0511265071636016,0.688933745472074,0.688933745472074,0.1221579216174173,0.1221579216174173,0.5645204536952565,0.5645204536952565,-0.0551826367654138,-0.0551826367654138,1.0527224624691427,1.0527224624691427,0.1368565370559762,0.1368565370559762
1327,wave3,Extremely Risk-Seeking,0.9677308931881567,1.012555222136554,0.0403599873165532,0.0311449261247408,0.7523154431181729,0.7847817326702607,0.1030085822971874,0.0917402829200669,0.5896752747458979,0.5785026883752881,-0.0365411246973466,-0.0457599952559042,1.0239754494946234,1.1152175580154406,0.1437274227819537,0.1206798571047394
554,wave3,Extremely Risk-Averse,0.8855565150712293,0.8855565150712293,0.0532837302322765,0.0532837302322765,0.7411440293340733,0.7411440293340733,0.1066212261770431,0.1066212261770431,0.584995399199588,0.584995399199588,-0.0406561353988601,-0.0406561353988601,1.1554279363230358,1.1554279363230358,0.1090920184632233,0.1090920184632233
75,wave3,Extremely Risk-Seeking,0.9535591268136644,1.065451581735962,0.0428653181880486,0.0139118267718594,0.768524188041621,0.9060584358825674,0.0975396351508066,0.0173913183589043,0.5712857564850923,0.5408780927712835,-0.050839807591052,-0.0682460054360798,1.0739553215305524,1.2652421859817686,0.131569155198447,0.0685589449461938
690,wave3,Extremely Risk-Averse,0.9221717027929512,0.911644154484902,0.0479535486369063,0.0495442443333943,0.6706602329197641,0.7069752478640439,0.1271712503297547,0.1170105641449255,0.6061678319090287,0.6068939180623156,-0.0147428610222796,-0.0129689472911937,1.021283440466717,1.045013210491851,0.1443553944591266,0.1387299611436476
1539,wave3,Default,0.8261470308218554,0.8781993943670415,0.0609584709183523,0.0542922732161199,0.5319283716156866,0.5912627291249074,0.1605104796116759,0.1471037876441662,0.5996111368714253,0.6026618363970919,-0.0257192561188626,-0.0213257377088106,0.9497671336186084,0.9294499218063568,0.1602126640556773,0.1644642822977469
2091,wave3,Somewhat Risk-Seeking,0.7387758479953123,0.8896753497100351,0.0707684162182437,0.0527107763689822,0.3980300600387568,0.671179086484295,0.1876001464626549,0.1270314651219649,0.60725774948108,0.5891683316126881,-0.0119817719530362,-0.0370088516787448,0.9948217173324844,1.0575005025427278,0.1504000489462816,0.1356834100048101
2139,wave3,Extremely Risk-Averse,1.0348727127508943,1.0348727127508943,0.0253428536552644,0.0253428536552644,0.8442378275212608,0.8442378275212608,0.0664987485478721,0.0664987485478721,0.5745938972880095,0.5745938972880095,-0.0485766641351202,-0.0485766641351202,1.154783589742633,1.154783589742633,0.1092868893750793,0.1092868893750793
1804,wave3,Default,1.042617406813709,1.020593474496004,0.0229907536490448,0.0291879250071751,0.861482517086172,0.8500671764790102,0.0571796876348555,0.0634994231942337,0.5485006133300357,0.5608216119116165,-0.064320294626438,-0.0574198610032805,1.2237583584611087,1.1249530084051478,0.086072232842087,0.1179733159455814
1332,wave3,Default,0.9895011823051084,0.923171252077916,0.0361772693324685,0.0477997928932401,0.7677872673459868,0.7272329328976652,0.097794649880601,0.110962682247367,0.6026359545122235,0.6074182088879193,-0.0213668036112402,-0.0115195672871491,1.2334071590772704,1.1315801118428688,0.0823240249241302,0.1160968585251217
2123,wave3,Somewhat Risk-Seeking,0.9248547935962592,0.9248547935962592,0.0475397081322329,0.0475397081322329,0.8182596583345588,0.8182596583345588,0.0785071324919838,0.0785071324919838,0.5631191088119702,0.5631191088119702,-0.0560406095371336,-0.0560406095371336,0.9893478547692248,0.9893478547692248,0.1516229272781827,0.1516229272781827
1362,wave3,Extremely Risk-Averse,0.9418817724640072,0.9156166462487304,0.0448253030304542,0.048950022589803,0.7555688070189364,0.754305485732681,0.1019334755605946,0.1023522381949975,0.5719995410365143,0.5818937754158316,-0.0503600186196739,-0.0431690752547458,0.963078663299554,0.9445816007388862,0.1573711828395555,0.1613073558908276
898,wave3,Extremely Risk-Averse,0.9672222511652064,0.9429454561343537,0.0404525727627427,0.0446503034712766,0.666158840131131,0.8002897100961918,0.1283779963280363,0.0858569234342046,0.5904975044605761,0.6074867219381141,0.0357695690805655,-0.0113164683672061,1.2229224058507662,0.9676513320100416,0.0863895308838525,0.1563843580404591
644,wave3,Risk-Neutral,0.9193150842883578,0.9193150842883578,0.0483902996699713,0.0483902996699713,0.7809877268764316,0.7809877268764316,0.0931248366501392,0.0931248366501392,0.5484578859605819,0.5484578859605819,-0.0643429557118889,-0.0643429557118889,1.1511619072659685,1.1511619072659685,0.1103761018134682,0.1103761018134682
1133,wave3,Default,0.9244171571391782,0.9089636234521362,0.0476074525725499,0.0499412530275011,0.5972746217199417,0.7046933485959017,0.1456829147098915,0.1176733424218783,0.6056959993715753,0.6027381804462163,-0.0157892088153606,-0.0212041427697295,1.1426462021583148,1.0166322985953449,0.1128977588684451,0.1454345082092753
800,wave3,Somewhat Risk-Seeking,0.8918025723885789,0.963856223466608,0.0524124421464319,0.0410600456589672,0.7747707768449822,0.8473891857016126,0.0953516199425196,0.0648942333905943,0.5819187946123057,0.5426176456758964,-0.0431493860632489,-0.0673699058187938,0.9768369783321998,1.0898292202552786,0.1543847779133828,0.1274831888545227
1522,wave3,Somewhat Risk-Averse,1.0401237284256764,1.0401237284256764,0.0237734515214063,0.0237734515214063,0.8403734163367723,0.8403734163367723,0.0684158521718363,0.0684158521718363,0.5629836396502852,0.5629836396502852,-0.0561228637865302,-0.0561228637865302,1.201118025509031,1.201118025509031,0.0943004610981343,0.0943004610981343
738,wave3,Risk-Neutral,0.9101436526609848,0.9101436526609848,0.0497668673714122,0.0497668673714122,0.6970714246717342,0.6970714246717342,0.1198620146598121,0.1198620146598121,0.5951210607994509,0.5951210607994509,-0.0310781304463688,-0.0310781304463688,0.9890068235890344,0.9890068235890344,0.1516988176155028,0.1516988176155028
174,wave3,Somewhat Risk-Seeking,0.923303970292522,0.9297015800023892,0.0477793406339889,0.0467829446814423,0.8305147070042198,0.8330118873308935,0.0730833538999778,0.07192916758882,0.5694120411932893,0.5668400205741866,-0.0520784623013054,-0.0537327570328573,1.0696870006900618,1.0648096517820214,0.1326477761951563,0.1338703924165973
483,wave3,Risk-Neutral,0.9841609340989992,0.9841609340989992,0.0372465384895451,0.0372465384895451,0.7788069112090197,0.7788069112090197,0.0939117605784683,0.0939117605784683,0.553203443625541,0.553203443625541,-0.061776127845741,-0.061776127845741,1.0672717065191013,1.0672717065191013,0.1332545277354708,0.1332545277354708
1920,wave3,Extremely Risk-Averse,1.0383943774249929,1.004515841083905,0.0243014815678481,0.032986699237725,0.8482842066853575,0.7553925312529739,0.0644313731622544,0.1019920059725743,0.5517082609145544,0.5813024054064033,-0.0625960364652972,-0.0436318941559812,1.2460709285080025,1.2034909326920422,0.07713646029857,0.0934709582759928
1991,wave3,Somewhat Risk-Averse,1.0324358255664503,0.9979504440753192,0.026039143467354,0.0344180605897719,0.9030964613718492,0.8271647019179887,0.0223398351964675,0.0746042594429074,0.6015574904703865,0.5915629186408663,-0.0230130314356294,-0.0347444745920219,1.2439541045760425,1.0125287661339786,0.0780269964749439,0.146380509074267
1103,wave3,Extremely Risk-Seeking,0.920771980175802,0.920771980175802,0.0481680437539523,0.0481680437539523,0.7336147479691181,0.7336147479691181,0.1089914751141996,0.1089914751141996,0.5809261227420973,0.5809261227420973,-0.0439238615616721,-0.0439238615616721,1.1014393176498594,1.1014393176498594,0.1244153936012972,0.1244153936012972
805,wave3,Risk-Neutral,0.9920386728878612,0.9920386728878612,0.0356580164851374,0.0356580164851374,0.7528981392895444,0.7528981392895444,0.1028168165818094,0.1028168165818094,0.6075777503855284,0.6075777503855284,-0.011040850255446,-0.011040850255446,1.0464368542535436,1.0464368542535436,0.1383857686875756,0.1383857686875756
2318,wave3,Default,0.952145790185938,0.9211670886522588,0.0431072436964943,0.0481075928573878,0.7582296943880554,0.7092366914286208,0.1010460084864921,0.116350204763969,0.5801882896734328,0.5977357331695714,-0.0444908461719749,-0.0280817759933712,1.1071513465045972,1.0148681097885734,0.1228797222942353,0.1458419017329792
2118,wave3,Somewhat Risk-Seeking,1.0448230914630612,1.0149023606847678,0.0222755901633143,0.0305863880796239,0.9021355426006245,0.8278420432397661,0.0237248565340502,0.0742992024199791,0.5951364109987448,0.5653263991246943,-0.0310613800131298,-0.0546831752484737,1.188629472505412,1.1568622510806978,0.0985551381329328,0.1086570403123749
2187,wave3,Default,0.998519632156832,1.01341365996079,0.03429632285182,0.0309418125060673,0.8103095948283474,0.8153480760890014,0.0818380136744373,0.0797427497041854,0.567191733672641,0.5687863613631063,-0.0535095241850693,-0.052485638459251,1.1619778604173874,1.2027850955633992,0.107091939672828,0.0937184397812707
2307,wave3,Somewhat Risk-Seeking,0.9957361340775952,0.9908003178952725,0.0348876348948409,0.0359123571856915,0.8823043124415697,0.8609592861312294,0.0433749970315226,0.057484332250315,0.5346407412584088,0.5408273110465383,-0.0713005273747441,-0.0682714150889644,1.0792790112040134,1.0038300138475271,0.1302121759868304,0.1483675810826443
2331,wave3,Default,1.0253291162408982,1.0127025427957916,0.0279711922431857,0.0311101627144117,0.7645551660929667,0.7652087862361772,0.098905660808709,0.0986819540440539,0.5955450308989465,0.594521712812026,-0.0306121298653782,-0.0317252639318309,1.0086455790967312,1.012351919058454,0.147270583849412,0.1464211522929946
396,wave3,Default,0.961754141036008,0.9044780735397504,0.0414349247454085,0.050598701480751,0.817331314452735,0.7996785452793221,0.078903151993126,0.0860961570739853,0.5713896289408351,0.5798859367252489,-0.0507702660214293,-0.0447211278377385,1.091166056098929,1.048724655080659,0.1271334855078593,0.1378309853072083
1911,wave3,Default,0.9874832300098774,0.9696375219627372,0.0365849744184284,0.0400110394292288,0.7168099706957733,0.6862131623961529,0.1141124172341312,0.1229164752415404,0.5948600221872105,0.6004490889373436,-0.0313616164378318,-0.0245906107313055,1.1252003501822143,1.0440801352457818,0.117903788882982,0.1389551218472383
1864,wave3,Default,0.991459996459736,0.972679655375003,0.0357770923826635,0.0394479235840903,0.7788673684531258,0.7728139228741354,0.0938900310345634,0.0960422185537195,0.5363745933425453,0.5486633493137183,-0.0704644660676531,-0.0642339132134047,1.1492502480538604,1.0826711801657487,0.1109469227119342,0.1293406052731187
2261,wave3,Risk-Neutral,1.0044392728653246,1.0044392728653246,0.0330037484752862,0.0330037484752862,0.8915992531692092,0.8915992531692092,0.0355382053117369,0.0355382053117369,0.5544018898491526,0.5544018898491526,-0.0611111202031129,-0.0611111202031129,1.0983362203200058,1.0983362203200058,0.1252422397076734,0.1252422397076734
1718,wave3,Somewhat Risk-Averse,0.9570410750302892,0.9607950239359874,0.0422634370778893,0.041604856251436,0.7102838145801011,0.731871301940453,0.1160432320655626,0.1095333421521363,0.5888247683845311,0.5945968779781936,-0.0373225233201341,-0.0316448288256948,1.0450785525038542,1.010522298124913,0.1387141807832504,0.1468410332839971
1871,wave3,Somewhat Risk-Averse,1.026222472298851,1.026222472298851,0.0277356972486275,0.0277356972486275,0.769488644755464,0.769488644755464,0.0972049079850838,0.0972049079850838,0.5915914862761573,0.5915914862761573,-0.0347165734607151,-0.0347165734607151,1.1621142940618017,1.1621142940618017,0.1070498994727362,0.1070498994727362
600,wave3,Default,0.9712331536052344,0.9664369845347888,0.0397166684643593,0.0405950987979252,0.8245339267111218,0.8174134616911922,0.0757777026368032,0.0788681872631944,0.5781138127268488,0.5794785982479713,-0.0460478683050865,-0.0450295226298457,0.9502475779086776,0.962868641250893,0.1601108991937994,0.1574163732537101
1318,wave3,Extremely Risk-Seeking,0.8998801912808412,0.9262482383767694,0.0512639524947375,0.0473233681090432,0.779573770329716,0.8422882454669092,0.0936357754418477,0.0674726059509621,0.5970709659263818,0.5865080403508234,-0.0288729749017599,-0.0393728586369983,1.044168649586004,1.0589289688441328,0.1389337769026711,0.1353308555504638
606,wave3,Somewhat Risk-Averse,1.0399667144958753,1.0399667144958753,0.0238218752278021,0.0238218752278021,0.9024431270895854,0.9024431270895854,0.0232904645431169,0.0232904645431169,0.578665968303386,0.578665968303386,-0.0456385872802469,-0.0456385872802469,1.180775690455375,1.180775690455375,0.1011425631079516,0.1011425631079516
411,wave3,Extremely Risk-Averse,0.9672558381265828,0.957695376784818,0.0404464655965756,0.0421493837466624,0.7896325756948925,0.769952463755654,0.0899400654613664,0.0970435379219057,0.5476347267224084,0.5666740903012664,-0.064778008267214,-0.0538377555699523,0.9814684752485808,0.929040296304916,0.1533676148112734,0.1645489876918532
1083,wave3,Extremely Risk-Seeking,0.9304201907006568,0.9304201907006568,0.0466697075642361,0.0466697075642361,0.6179785212842389,0.6179785212842389,0.1406891110996496,0.1406891110996496,0.6056281919034902,0.6056281919034902,-0.0159339398045661,-0.0159339398045661,1.097986064686446,1.097986064686446,0.1253352201248053,0.1253352201248053
1088,wave3,Risk-Neutral,1.017675806038962,1.0387880867235573,0.0299130154787865,0.0241822799774272,0.8005828743379151,0.8238931149928187,0.0857419376324095,0.076060853069265,0.5966898883560332,0.5699040684707032,-0.0293169335325473,-0.0517560383075962,1.1867126929187617,1.0786305613158829,0.0991926006686937,0.1303781667923588
860,wave3,Default,0.9056350720462945,0.8951324607374265,0.0504299318627933,0.0519420365230033,0.7937933599203653,0.7569395692793911,0.0883676800494272,0.10147722460363,0.6011030604946078,0.599199213686275,-0.0236725083783219,-0.0262563435523346,0.991277019398682,0.997767905569746,0.1511929737608068,0.1497380955225661
995,wave3,Default,0.9861403118657572,0.9861403118657572,0.0368538100363671,0.0368538100363671,0.7028378421792933,0.7028378421792933,0.1182096842882461,0.1182096842882461,0.5557013178618625,0.5557013178618625,-0.0603819280115468,-0.0603819280115468,1.102880232386827,1.102880232386827,0.1240296908361321,0.1240296908361321
1491,wave3,Risk-Neutral,1.051130940520753,1.0356283745476105,0.02009062393273,0.0251230297893787,0.895212957028083,0.8701434299212694,0.0319802625188646,0.0518811408011776,0.5679692709510932,0.5637734697857236,-0.0530127223188858,-0.0556416035231994,1.2061417053550914,1.1126691345091857,0.0925358361465484,0.1213789349736759
474,wave3,Risk-Neutral,0.9731438895061,0.9687221114011229,0.0393612872413062,0.0401789520639551,0.7200774871176359,0.7439559729577503,0.113133964611787,0.1057230126466882,0.5754624552661629,0.5820392547153805,-0.0479649512396531,-0.0430544632714424,1.033622211356945,1.005711020760914,0.1414560657771258,0.1479399685513833
1104,wave3,Somewhat Risk-Seeking,1.038758061760665,1.038758061760665,0.0241913911400659,0.0241913911400659,0.8705596063269978,0.8705596063269978,0.0516130009571634,0.0516130009571634,0.5321252336380656,0.5321252336380656,-0.0724967051419711,-0.0724967051419711,1.2509684514546398,1.2509684514546398,0.0750365659328027,0.0750365659328027
2300,wave3,Somewhat Risk-Seeking,1.0083890900565773,1.0334614952874186,0.0321124966113218,0.0257483684584823,0.8250198642026991,0.8777164181429751,0.0755622941085015,0.0467645314465376,0.5730804206027458,0.5320461225729181,-0.0496247373251958,-0.0725340107834911,1.1279560214536686,1.19414811103679,0.117126539447796,0.0966972509558866
415,wave3,Risk-Neutral,0.9844019381348296,0.9844019381348296,0.0371989413343662,0.0371989413343662,0.827912231437973,0.827912231437973,0.074267521400585,0.074267521400585,0.575330842073791,0.575330842073791,-0.0480581404027093,-0.0480581404027093,1.1320221936992745,1.1320221936992745,0.115970661635995,0.115970661635995
1452,wave3,Somewhat Risk-Averse,1.0556477514956026,1.0556477514956026,0.0183673278417106,0.0183673278417106,0.8785402001984143,0.8785402001984143,0.0461741039108192,0.0461741039108192,0.5341024745533296,0.5341024745533296,-0.0715581316984918,-0.0715581316984918,1.2774410827385196,1.2774410827385196,0.0625039392450658,0.0625039392450658
2072,wave3,Extremely Risk-Seeking,0.9153851226455236,0.9153851226455236,0.0489848507484428,0.0489848507484428,0.7428942510756567,0.7428942510756567,0.1060630103275956,0.1060630103275956,0.6086053378870324,0.6086053378870324,-0.0072349227601723,-0.0072349227601723,1.1304041765733988,1.1304041765733988,0.1164319111126426,0.1164319111126426
2170,wave3,Risk-Neutral,0.98834185758916,0.9458178993836608,0.0364120531683643,0.0441742867102733,0.7051945133573142,0.6082564961207898,0.1175280818721118,0.14305404130573,0.5789646299813704,0.5974227068082587,-0.0454156824613511,-0.0284570683022204,1.1485414857519582,1.1078958480329246,0.1111578501157347,0.1226782332732549
742,wave3,Somewhat Risk-Seeking,0.9259729310331388,0.9325656326305388,0.0473661887229054,0.0463300012210744,0.6129328607375866,0.6453156166866189,0.1419210235346575,0.1338330612670707,0.594987533342224,0.5896839241359647,-0.0312234605805845,-0.0365330927315254,1.0316845758938482,1.0685996566165648,0.1419149725718805,0.1329212493308138
2264,wave3,Extremely Risk-Averse,1.0588523884150758,1.0349534527236544,0.0170394523669032,0.0253194570331874,0.8025384854320426,0.7656728666812155,0.084971037115714,0.0985228223307411,0.560558900877467,0.5750085935330578,-0.0575754957637188,-0.0482855572801888,1.0418964916520637,0.991958831229393,0.1394807444706286,0.1510407516676689
703,wave3,Somewhat Risk-Seeking,0.9448863988763818,0.9300097466708538,0.0443292091354463,0.0467344177543947,0.7062575612378075,0.7271289382893028,0.1172193984454189,0.1109945279524817,0.5683412947952772,0.5604087909446945,-0.0527733849169853,-0.0576642375062455,1.0711170330962971,1.037884557354201,0.1322873139859587,0.1404417158818431
188,wave3,Default,0.9297598338329216,0.928081864014084,0.0467737752908633,0.047037185056059,0.6570720292756992,0.6626385656391995,0.1307822735421347,0.1293143790301809,0.5745557946659037,0.585874070864534,-0.048603324624247,-0.0399156885900037,0.9477509404700368,0.8506838066480134,0.1606390895360274,0.1800982431610686
759,wave3,Extremely Risk-Averse,0.927577121608741,0.8716113482603661,0.0471161345578196,0.0551799273447005,0.7376456882883082,0.7070843349092224,0.1077287066954665,0.1169787908419395,0.5773963224775248,0.6061227856687657,-0.0465743744433869,-0.0148459383337301,1.0193684488176316,0.897276985867911,0.1448005864443342,0.1710030030447656
764,wave3,Somewhat Risk-Averse,0.9914626482704184,0.9225917556797066,0.035776547611339,0.04788899355725,0.8051368062365795,0.7275564821430961,0.0839361454025292,0.1108635478595361,0.5715711928730969,0.5787648138336797,-0.0506484838336801,0.0455649340860074,1.0685861157892893,1.1466926562738666,0.1329246516237942,0.1117062779689132
1967,wave3,Extremely Risk-Seeking,0.8313197669577613,0.9677656134054096,0.0603285486385855,0.0403536596825895,0.697274760112997,0.826820797620819,0.1198041161344089,0.0747586791003332,0.586153970802623,0.5527101413247381,-0.0396769369831907,-0.0620478176362788,0.8221544796321821,1.0781489602296144,0.1854736840317102,0.1305013199773656
70,wave3,Somewhat Risk-Averse,0.876066628374092,0.9303682415590664,0.0545811972575772,0.046677902728716,0.7536742281486601,0.7463811943693002,0.1025608717282863,0.1049424297742302,0.5817338873398523,0.575661552253115,-0.0432946914357255,-0.0478236380039387,0.9692944483320024,0.8310005060504532,0.1560283802427578,0.183821571945416
18,wave3,Risk-Neutral,1.0218329093659977,1.0218329093659977,0.0288744136036601,0.0288744136036601,0.8549800583045399,0.8549800583045399,0.0608588903062848,0.0608588903062848,0.5630543356908968,0.5630543356908968,-0.0560799533838792,-0.0560799533838792,1.1246513639042437,1.1246513639042437,0.1180580549717281,0.1180580549717281
1089,wave3,Extremely Risk-Averse,0.9908804992464628,0.9430101527947852,0.0358959433495063,0.044639637479566,0.7886364364807488,0.7983734803787415,0.0903125790683685,0.0866048628596069,0.5488816930991626,0.6026977240033115,-0.064117834975316,-0.0212686651140039,1.1754779206576675,0.9831769175954964,0.1028526072039492,0.1529908595692821
2401,wave3,Extremely Risk-Seeking,0.9168714895513472,0.9500055126467224,0.0487608275155213,0.0434710578738116,0.6942170742548663,0.7160966671563672,0.1206720075534309,0.1143249580611791,0.5756702169983425,0.5765140420773256,-0.0478174786243532,-0.0472138269216514,0.9748452708103376,1.0647090525142504,0.1548203293885667,0.1338955005614469
1434,wave3,Default,0.8735286372256271,0.9010947121165852,0.0549230597630142,0.0510890610271208,0.6003008580018037,0.5960891019645799,0.1449628553298154,0.1459641077832688,0.6021352587393054,0.6047396511978341,0.0221462871605383,-0.0177216946005592,1.1669985797363884,1.0794173002076932,0.1055343413784067,0.1301767510850936
1608,wave3,Extremely Risk-Seeking,0.9293024063234728,0.9293024063234728,0.0468457283832831,0.0468457283832831,0.7895877266192587,0.7895877266192587,0.0899568691976928,0.0899568691976928,0.5835044998786176,0.5835044998786176,-0.041882754978664,-0.041882754978664,0.9890970414063852,0.9890970414063852,0.1516787446292747,0.1516787446292747
2214,wave3,Risk-Neutral,0.8189995402776732,0.9108852671550408,0.0618184670593842,0.0496569607156291,0.5811620277901008,0.6350878214509637,0.1494631702281662,0.1364355161142405,0.6005191842507737,0.5988638263161814,-0.0244938476307193,-0.0266856786773824,0.9607410291148192,1.005143877221417,0.1578735125052103,0.1480690171320998
1283,wave3,Extremely Risk-Averse,1.045761801565286,0.9258930639857478,0.0219641777292814,0.0473786038658249,0.8392000858017404,0.7937565460538332,0.0689875805856757,0.088381711022599,0.5587821915192637,0.6046489335955377,-0.0586173470895958,-0.0178941850616099,1.1244165012184566,0.9668356779969004,0.1181239936382723,0.156560795841797
1002,wave3,Somewhat Risk-Averse,1.07382661793925,1.07382661793925,0.0084090383958829,0.0084090383958829,0.8968525780526179,0.8968525780526179,0.0302287731530339,0.0302287731530339,0.6033879129990632,0.6033879129990632,-0.020139663291826,-0.020139663291826,1.3310557109615888,1.3310557109615888,0.0208257137998959,0.0208257137998959
1614,wave3,Somewhat Risk-Seeking,1.056603443522239,1.058981492380674,0.0179815778728643,0.0169837841030194,0.8891664191345819,0.8708828753396991,0.0377459347449476,0.0514037658914193,0.5559936665773728,0.5417347590867193,-0.0602166735574682,-0.0678159469159769,1.1933757513913708,1.2505683088180597,0.0969593327389668,0.0752102825634639
592,wave3,Somewhat Risk-Seeking,0.9584739100685766,0.9824606969791452,0.0420132747282379,0.0375806239764241,0.7093156215300657,0.8376474301819193,0.1163270924853586,0.0697370732242789,0.576997755522014,0.5369944723900952,-0.0468643157882592,-0.0701631919880656,1.1091260458721972,1.109799163452139,0.1223446133055021,0.1221617062791298
890,wave3,Somewhat Risk-Averse,0.9394790063826732,0.9394790063826732,0.0452181384497788,0.0452181384497788,0.8426502043454484,0.8426502043454484,0.067292846225427,0.067292846225427,0.5604276156808667,0.5604276156808667,-0.0576531161214192,-0.0576531161214192,1.0316130328993585,1.0316130328993585,0.1419318905437707,0.1419318905437707
896,wave3,Risk-Neutral,1.045553003523079,1.0184898388898818,0.0220338253209626,0.0297124879836185,0.8482414598407764,0.8132188498565925,0.0644535540258652,0.0806346637500751,0.5906266702156282,0.5909228222486468,-0.0356468540131047,-0.035363892923653,1.2106005032043594,1.1711857239978611,0.0909419469783827,0.1042183408512372
2135,wave3,Extremely Risk-Seeking,0.97453675276105,0.9632421079637116,0.0391002033326117,0.0411699157350509,0.8162306760231832,0.8508803521740722,0.0793701731450282,0.0630698821945042,0.5556161687763658,0.5567270281544573,-0.0604299760486521,-0.0598001495627294,1.0499064359150043,1.0033204728335097,0.1375435968624695,0.148483222152311
1383,wave3,Risk-Neutral,1.009423681645435,0.9470465156770806,0.0318749465104666,0.0439691212411907,0.8832941287004863,0.8496926465276774,0.042608660356625,0.0636963011180843,0.5681421885487649,0.5678082455419565,-0.0529016108836149,-0.053115985542412,1.1588157414965026,0.931809615903932,0.108061929824077,0.163975565016369
1257,wave3,Risk-Neutral,0.9923119407428824,0.9923119407428824,0.0356016476412588,0.0356016476412588,0.7184365830238972,0.7184365830238972,0.1136263302360253,0.1136263302360253,0.5632939957195093,0.5632939957195093,-0.0559342449666332,-0.0559342449666332,1.1645625990734565,1.1645625990734565,0.1062927888221562,0.1062927888221562
2342,wave3,Somewhat Risk-Seeking,0.9353937750606204,0.9521109609227266,0.045878387020109,0.0431131885238511,0.7943470185016096,0.8513710206979248,0.0881564015902557,0.0628092997153454,0.5805866883981458,0.5454391924920179,-0.0441855949923022,-0.0659245761328003,0.9777151803038852,1.0497270779327534,0.154192376209107,0.137587249352832
921,wave3,Somewhat Risk-Seeking,0.9489258962056925,0.9211420894917932,0.0436534341563968,0.048111419914681,0.8573030241074281,0.868835662444507,0.0595702488280073,0.0527149459131355,0.5537050986446825,0.5576111257745043,-0.0614986256141247,-0.0592941787890363,1.0546262836427498,1.0035337756169689,0.1363902229427641,0.148434822795228
2403,wave3,Somewhat Risk-Seeking,0.8472690249946871,0.8615048279870499,0.0583441186887733,0.0565148813097777,0.8092982245030724,0.8474460504324273,0.0822523293296729,0.06486492240705,0.5549139688927921,0.5490767824437728,-0.0608247882441892,-0.0640139443760574,0.835362578216883,0.9088775850087428,0.1830021304901167,0.1686713594722198
1774,wave3,Somewhat Risk-Averse,0.8984780278059687,0.8987136639748663,0.0514651331505108,0.0514313788012473,0.8338727839342313,0.8649500462873625,0.0715270380837449,0.0551187814870571,0.5405704108800782,0.5485019566573082,-0.0683998182503615,-0.0643195820458499,1.0448760469672589,0.942277337699094,0.1387630812935064,0.1617916600069097
2338,wave3,Default,1.037191002310768,1.037191002310768,0.0246622589463385,0.0246622589463385,0.886503985031906,0.886503985031906,0.040023446167238,0.040023446167238,0.5433101438137092,0.5433101438137092,-0.0670180108359319,-0.0670180108359319,1.1702505204642513,1.1702505204642513,0.1045136457830379,0.1045136457830379
1346,wave3,Default,0.8562717900800586,0.8577061360902549,0.0571940146465287,0.0570086625414656,0.7966565747091684,0.7945083690072041,0.0872697187292989,0.0880947371506071,0.5836814461325531,0.5875629486919126,-0.0417390470474353,-0.0384527300893668,0.9905446259522028,0.9916935316301788,0.1513563334455727,0.1510999993596853
246,wave3,Risk-Neutral,0.99207804625361,1.013817596023634,0.0356499001375989,0.0308457768790791,0.7028567519632263,0.7416266809625027,0.1182042299370074,0.1064675684238427,0.5991717815183808,0.585625569269118,-0.0262917224729059,-0.0401264748267378,1.0022979620311565,0.957444109369454,0.1487150345664907,0.158579538872444
1949,wave3,Risk-Neutral,0.966375948178816,0.9450246241580744,0.0406061560919438,0.0443062541700579,0.7142900132809412,0.6577278786790615,0.1148616121935981,0.130610126498009,0.5515506380752263,0.5594018468882445,-0.0626818563350383,-0.0582560725768794,1.1448204601479253,1.1134459221443929,0.1122590409070113,0.1211662509789855
2109,wave3,Somewhat Risk-Seeking,0.8348736391341809,0.8348736391341809,0.0598919842042195,0.0598919842042195,0.8108918200768394,0.8108918200768394,0.0815985720210127,0.0815985720210127,0.5744332422664313,0.5744332422664313,-0.048688976754619,-0.048688976754619,0.9873277417053058,0.9873277417053058,0.152071964403461,0.152071964403461
89,wave3,Extremely Risk-Seeking,1.039568272178981,0.9994696243811256,0.0239443178221997,0.0340921752023179,0.8167766409523238,0.861739671874995,0.0791388460793886,0.0570293738738865,0.5715965711426663,0.5560896427908034,-0.0506314385201922,-0.0601623240403783,1.2594805570328111,1.139744370897075,0.071243119616187,0.1137449036020222
1616,wave3,Extremely Risk-Seeking,1.0199056873939014,0.899733754274195,0.0293604593486044,0.0512849996105579,0.6907823662336021,0.7269121898132136,0.1216399492714265,0.1110608737419527,0.5747802708627165,0.5677670002425673,-0.0484460487299353,-0.0531424036276916,1.1762642062145885,0.9994496210001622,0.102600532474235,0.1493590461020466
1307,wave3,Extremely Risk-Averse,1.0276483698137158,1.0486497520871672,0.027355633653843,0.0209772015351528,0.8989484911546388,0.9064364567905692,0.0278304260929293,0.0166544648480396,0.5432394751082735,0.5339876025018951,-0.0670540044391945,-0.0716129897585464,1.1821305340224686,1.1982411130155337,0.1007007683249573,0.0952968056462759
1619,wave3,Extremely Risk-Seeking,0.9776287064566216,0.9776287064566216,0.038514349331058,0.038514349331058,0.7278092708926954,0.7278092708926954,0.1107860355185441,0.1107860355185441,0.5733196259980118,0.5733196259980118,-0.049460552546386,-0.049460552546386,1.0553468496197644,1.0553468496197644,0.1362133445581253,0.1362133445581253
2333,wave3,Default,0.9738437742207472,0.9738437742207472,0.0392303138809245,0.0392303138809245,0.7033526823048443,0.7033526823048443,0.1180610984387944,0.1180610984387944,0.5788554976011424,0.5788554976011424,-0.0454972584997151,-0.0454972584997151,1.067023730751539,1.067023730751539,0.1333166768411247,0.1333166768411247
394,wave3,Risk-Neutral,0.9557661663758192,0.971503880676304,0.0424847970141928,0.0396665078416255,0.7066302784126078,0.7501898785763881,0.1171109882076889,0.1037052271206902,0.5679638362632349,0.5733537289912929,-0.0530162107469493,-0.0494371011037324,1.081553789344163,1.0630835798352944,0.1296283076906774,0.1343005905515837
130,wave3,Somewhat Risk-Seeking,0.9793477102252436,0.9609369120883284,0.0381847735200656,0.0415797606971434,0.7805856547528475,0.7768585838721973,0.0932704019469287,0.0946094499002259,0.5881976590393259,0.5829120476868227,-0.0378884127694084,-0.0423603945023441,0.8853070418064805,0.9278664805166976,0.173379705657675,0.1647915022816642
2378,wave3,Default,0.973642478383806,0.973642478383806,0.0392680279792153,0.0392680279792153,0.7273488346576248,0.7273488346576248,0.1109271800314306,0.1109271800314306,0.5873390626347467,0.5873390626347467,-0.0386498316085838,-0.0386498316085838,1.1336009589124738,1.1336009589124738,0.1155189211125208,0.1155189211125208
1227,wave3,Somewhat Risk-Averse,1.0061249421920588,1.0061249421920588,0.0326263531255036,0.0326263531255036,0.7903895189347258,0.7903895189347258,0.0896559994052653,0.0896559994052653,0.559435043291372,0.559435043291372,-0.0582366558591483,-0.0582366558591483,1.190349217429321,1.190349217429321,0.0979798102649173,0.0979798102649173
476,wave3,Default,0.9822280553324256,0.9822280553324256,0.0376261071195275,0.0376261071195275,0.7506008822384428,0.7506008822384428,0.1035708723827582,0.1035708723827582,0.5637693709888033,0.5637693709888033,-0.0556441116175561,-0.0556441116175561,1.123393493877899,1.123393493877899,0.1184108024310724,0.1184108024310724
1204,wave3,Risk-Neutral,0.9832076769510376,1.0091172710154033,0.0374342124520986,0.0319454840795503,0.8055944087293635,0.8867922803225955,0.0837525989165573,0.0397830885325722,0.5503240963052027,0.5603905951555133,-0.0633457532229364,-0.0576749853069593,1.102610097342854,1.003576806956089,0.1241020860939264,0.148425057043528
436,wave3,Somewhat Risk-Seeking,1.032968196997896,1.0186344576575737,0.0258886239477936,0.0296767215977084,0.8705465522437843,0.8762396337924279,0.0516214325537558,0.0478048906817553,0.5935210680542004,0.5702298246551517,-0.0327773413075745,-0.0515414734662506,1.1973034798732185,1.1669973936462263,0.095619367503317,0.1055347119374474
575,wave3,Extremely Risk-Seeking,0.8801515088799129,0.8801515088799129,0.0540264835592848,0.0540264835592848,0.7502654989599173,0.7502654989599173,0.1036805197655862,0.1036805197655862,0.6093754815818392,0.6093754815818392,-0.0004693300482261,-0.0004693300482261,1.0899364651934842,1.0899364651934842,0.127455167755172,0.127455167755172
1364,wave3,Extremely Risk-Seeking,1.0441390717734376,1.0418041425527438,0.0224998011285909,0.0232489045442682,0.8778294969204007,0.8889125905093646,0.0466839230905106,0.0379689221560272,0.5435212272528432,0.5361132980008659,-0.0669103867446396,-0.0705910833749752,1.2055155264425172,1.1964075383287234,0.0927575567039374,0.0959266099749295
1236,wave3,Default,0.981222858532488,0.981222858532488,0.0378220052672769,0.0378220052672769,0.813715629008221,0.813715629008221,0.0804274293986502,0.0804274293986502,0.5938153898413792,0.5938153898413792,-0.0324714156062928,-0.0324714156062928,1.1809354683621365,1.1809354683621365,0.1010905582286095,0.1010905582286095
2293,wave3,Somewhat Risk-Seeking,0.9261530105043848,0.9261530105043848,0.0473381839561623,0.0473381839561623,0.530782115358472,0.530782115358472,0.1607594896882831,0.1607594896882831,0.6090357703514115,0.6090357703514115,0.0048178296528687,0.0048178296528687,1.0847371983198784,1.0847371983198784,0.128807072259876,0.128807072259876
797,wave3,Extremely Risk-Seeking,0.9768420563732454,0.9768420563732454,0.0386642382898842,0.0386642382898842,0.7830510650448879,0.7830510650448879,0.0923743456539592,0.0923743456539592,0.5725575450001787,0.5725575450001787,-0.0499817669383175,-0.0499817669383175,1.0855605734724116,1.0855605734724116,0.1285938656143873,0.1285938656143873
547,wave3,Risk-Neutral,0.9304822295773748,0.9304822295773748,0.0466599188381882,0.0466599188381882,0.7140743758560496,0.7140743758560496,0.1149255070883722,0.1149255070883722,0.6075859797342121,0.6075859797342121,-0.0110155935098826,-0.0110155935098826,0.9107733163589184,0.9107733163589184,0.168287603307396,0.168287603307396
2185,wave3,Default,1.0193951035206166,1.0082601208686448,0.0294878908726159,0.0321419863538641,0.8260186758393321,0.8232921804472204,0.0751176409675868,0.0763254507655848,0.555053075483611,0.5709909959195277,-0.0607467763307347,-0.0510366361927038,1.2319409438560769,1.169945096845624,0.0829042084635172,0.1046099152019411
1914,wave3,Default,0.9951932168468828,0.982328500054774,0.0350018107930689,0.0376064761518081,0.7444381554620739,0.7089654566393475,0.1055682566779418,0.1164295945149443,0.609123071120339,0.6092936271676532,0.0041596850536791,0.0023999945287558,1.044871270466974,1.0400765017048224,0.1387642345180601,0.1399174384546657
535,wave3,Extremely Risk-Averse,0.9943286575217426,0.9943286575217426,0.0351828671880129,0.0351828671880129,0.7991057825541361,0.7991057825541361,0.086319774463034,0.086319774463034,0.5679083355268219,0.5679083355268219,-0.053051822682794,-0.053051822682794,1.1362945764055106,1.1362945764055106,0.1147442933661162,0.1147442933661162
1017,wave3,Default,1.0636946843260229,1.0203132043761192,0.0148090898039829,0.0292583543718544,0.8462609243869327,0.7878803668749588,0.0654731293454426,0.09059432734266,0.5647623480481773,0.5675103692482055,-0.0550332000474138,-0.0533064878596961,1.2569233527280088,1.140273706840437,0.0724031896389461,0.1135908193936289
1933,wave3,Default,0.8824057514478577,0.8824057514478577,0.0537179407482404,0.0537179407482404,0.7446649599450423,0.7446649599450423,0.105495388977981,0.105495388977981,0.5512060379881112,0.5512060379881112,-0.0628690768354552,-0.0628690768354552,0.995858322606349,0.995858322606349,0.1501674465265456,0.1501674465265456
360,wave3,Extremely Risk-Averse,1.0346979641018463,0.8405704147370446,0.0253934182415407,0.0591855604012135,0.9068875600885334,0.8584306167219854,0.0157301015530866,0.0589347177487339,0.5444618082050001,0.5640297634946521,-0.0664287356008741,-0.0554845524646421,1.226388577480743,1.0575901035437734,0.0850664028047574,0.135661320904935
2222,wave3,Somewhat Risk-Seeking,1.0246907431007994,0.9804950325508184,0.0281382683229356,0.0379632205396273,0.8231033426402243,0.7969162299713611,0.0764084131668646,0.0871694853217629,0.5767750450438497,0.5735931216741871,-0.047025556906903,-0.0492721679624207,1.0485507106992125,0.9634739381222706,0.1378732387296261,0.1572860998038393
867,wave3,Somewhat Risk-Seeking,0.8683453130421522,0.9505276192357076,0.0556147936189219,0.0433825870573587,0.7897868581104317,0.8587602310417578,0.089882236789372,0.0587476608908329,0.5753137836155241,0.5425790822554778,-0.0480702055981133,-0.0673894488936281,0.9115698211338236,1.0516200171349692,0.1681261329902467,0.1371258936185516
321,wave3,Somewhat Risk-Averse,0.9508357230616729,0.9664829672759396,0.0433302948367417,0.0405867666273995,0.746143477412639,0.7388951964766611,0.1050191866815593,0.1073343983088083,0.5662495501180566,0.573145860490222,-0.0541054822339792,-0.0495798744702659,1.0322391903072476,1.0474347869934904,0.1417837582770291,0.1381440270812113
640,wave3,Extremely Risk-Seeking,1.0234157646353794,1.039339653059402,0.0284690324183495,0.0240142919757213,0.8407945410210956,0.8832907662712998,0.0682095041863964,0.0426112867777364,0.557590853046686,0.547139405367955,-0.0593058285840485,-0.0650384142494074,1.1801574424118286,1.1994910009193542,0.1013435506656326,0.0948651789333578
479,wave3,Extremely Risk-Seeking,0.958920433892136,0.9524545785452612,0.0419350121509821,0.0430545025713365,0.6519641799501656,0.7181276588610169,0.1321158193129299,0.1137187989142143,0.6092870845412299,0.5891520227639074,-0.0024905350953064,-0.0370238013316461,1.14978221414409,1.0885753704502474,0.1107883588356182,0.1278103697636387
2400,wave3,Somewhat Risk-Averse,0.9512712172269256,0.9709786937181248,0.0432562745646006,0.0397637577605106,0.7475690186822405,0.770179205993127,0.1045580833718206,0.0969645565841322,0.6089302908663293,0.6059304050758401,-0.005509120735666,-0.0152783361766588,1.0719774792572014,0.9438367829095916,0.1320699835958291,0.1614640425205586
1932,wave3,Extremely Risk-Averse,0.9025086477047692,0.9369394368740108,0.050884704424014,0.0456296938468807,0.7823739673544894,0.6035059152219568,0.0926212715805838,0.1441966511135691,0.5838984687331165,0.6089257597252677,-0.0415621171688575,-0.0055368840068525,1.0837249971230305,1.0356144671084435,0.1290687228035306,0.1409827878591234
1254,wave3,Risk-Neutral,0.9541670588420148,0.9442132623705096,0.0427608385654603,0.0444408282557982,0.761061400283624,0.7578462098177219,0.1000932796472106,0.1011743699326247,0.5780678483072592,0.5780783530399823,-0.0460817765516057,-0.0460740293242984,1.1047119808517032,0.9789986694066144,0.1235377372512442,0.1539107893966782
813,wave3,Extremely Risk-Seeking,0.9067318568355816,0.9761361477313512,0.0502694277114597,0.0387982526801824,0.706466326663578,0.7617647962142776,0.1171586876588317,0.0998552687635842,0.5810414707125403,0.5657258559705168,-0.0438345652186044,-0.0544339452002748,1.040946326254642,1.1157540616336974,0.1397088873302611,0.1205321978120218
543,wave3,Default,0.9834529110862456,0.9752688559814576,0.0373860211116875,0.0389622778241973,0.7739104446361835,0.77014256848057,0.0956558339637937,0.0969773227581746,0.5619305672400893,0.5688895117130585,-0.0567582551730282,-0.052418726254563,1.0765168931240163,1.0190773377083528,0.130917862073678,0.1448681531693821
2316,wave3,Somewhat Risk-Seeking,0.9841511711947668,0.983455859380262,0.0372484653421558,0.0373854413620609,0.7957827346303427,0.8266907902211114,0.0876062258421585,0.0748169737535853,0.5796851665039058,0.607016260097797,0.0448733931463136,0.0126455969417957,1.1820694353206096,1.2001599157348355,0.1007207317651897,0.0946334012736917
2380,wave3,Default,0.7443148209091686,0.8370648934853377,0.0701865206131568,0.0596212361616107,0.7233471565254477,0.7300855638797071,0.1121467578926749,0.1100857191586528,0.5990695740910276,0.5902013696416198,-0.026423122218242,-0.0360493459128845,0.8906716663391985,0.893878360905171,0.1723181146674118,0.1716807795551398
120,wave3,Default,0.9464452405620162,0.9511847530673258,0.0440696460162157,0.0432709807433344,0.8528429719450891,0.7956884832054877,0.0620211165075538,0.0876424462761043,0.595879313000616,0.5939296445638338,-0.0302396650483439,-0.0323518801276183,1.0568832405488264,0.9896250813820968,0.1358354914336325,0.1515612100136997
266,wave3,Risk-Neutral,0.9249927255131876,0.9249927255131876,0.0475183369661885,0.0475183369661885,0.745782740110951,0.745782740110951,0.1051355635010148,0.1051355635010148,0.6093469440505809,0.6093469440505809,-0.0014668376939574,-0.0014668376939574,1.060145754171257,1.060145754171257,0.1350298716521303,0.1350298716521303
19,wave3,Extremely Risk-Seeking,0.860236510427514,0.8713060599708751,0.0566802185415718,0.0552207192086107,0.7820256007763187,0.7852469479935128,0.0927480674692191,0.0915691189545405,0.5700533064919597,0.5644512926707274,-0.0516578495943096,-0.0552252894066134,1.02740289883406,1.0504639729471077,0.1429242249025104,0.137407820451591
794,wave3,Risk-Neutral,0.9811642526703392,1.0120624905589972,0.0378333955765735,0.0312609167261832,0.7442860404475677,0.768110441460839,0.1056171012352318,0.0976828928849173,0.6093525918109208,0.6070283111464143,0.001330183161475,-0.0126132978128759,1.008949712688719,1.0337611745083972,0.1472010505010837,0.1414231012211421
1358,wave3,Extremely Risk-Seeking,0.9437986423075942,0.9992831150367713,0.0445094421131269,0.0341323508234788,0.8426200324895874,0.8899706133264047,0.0673078484912941,0.0370306388943595,0.5514683583741341,0.5458188560301215,-0.0627266087088227,-0.0657277114515016,1.0347668672308288,1.1199851975061568,0.1411843214233784,0.119361648995168
1121,wave3,Extremely Risk-Seeking,1.0735375815513082,1.0735375815513082,0.0086573891858712,0.0086573891858712,0.8954759780588106,0.8954759780588106,0.0317057871673656,0.0317057871673656,0.5634081149403771,0.5634081149403771,-0.0558647309071993,-0.0558647309071993,1.291337606170205,1.291337606170205,0.0548109907218742,0.0548109907218742
422,wave3,Risk-Neutral,1.004417017921892,0.998582945808198,0.033008702278633,0.0342827547600368,0.7955358926730214,0.8237989048449608,0.0877010554417097,0.0761023941757434,0.5774263480554728,0.5875098794679402,-0.0465524595423202,-0.0384995410978868,1.128491157745763,1.0842191040675544,0.1169750356452794,0.1289410598425301
1918,wave3,Extremely Risk-Seeking,0.9571144179169838,0.9571144179169838,0.0422506676684387,0.0422506676684387,0.8571007455884755,0.8571007455884755,0.0596835507049501,0.0596835507049501,0.5490077792462364,0.5490077792462364,-0.0640507094779264,-0.0640507094779264,1.113172638691727,1.113172638691727,0.1212411159006696,0.1212411159006696
67,wave3,Somewhat Risk-Averse,1.035685746628411,1.0035213493704296,0.0251062616983188,0.0332074614990319,0.902091751472492,0.8732849922574349,0.0237860576946125,0.0498217762575619,0.5734774175814037,0.5770591016664602,-0.0493519521689291,-0.0468198048423874,1.2544898575260213,1.1706254196831831,0.0734904856766399,0.1043953615650221
1945,wave3,Somewhat Risk-Averse,0.939715214419636,0.939715214419636,0.0451796702535949,0.0451796702535949,0.6678492587310055,0.6678492587310055,0.127926073157594,0.127926073157594,0.5701945222222645,0.5701945222222645,-0.0515647686890436,-0.0515647686890436,1.1396493300468038,1.1396493300468038,0.1137725480387664,0.1137725480387664
2407,wave3,Default,0.9889936964700486,0.9889936964700486,0.0362802302176933,0.0362802302176933,0.7369646022471089,0.7369646022471089,0.1079430588039146,0.1079430588039146,0.5973053523853127,0.5973053523853127,-0.028596501112302,-0.028596501112302,1.0611165502706434,1.0611165502706434,0.1347892882025269,0.1347892882025269
93,wave3,Extremely Risk-Averse,0.9084229372020248,0.975445472248404,0.0500209549873581,0.0389289312604708,0.7985590961416681,0.8361202926374138,0.0865326880677618,0.0704666209747012,0.6000406868444714,0.6083126684635439,-0.0251470040093572,-0.0084943271142318,1.0148628353463156,1.0443635160984133,0.1458431181637681,0.1388867747937463
883,wave3,Somewhat Risk-Averse,0.9233040374107192,0.8119007215333567,0.0477793302886867,0.0626611006900712,0.8110116533034788,0.6927037621563041,0.0815492053680638,0.1210993752364125,0.572398158116895,0.5945238939103711,-0.050090098311009,-0.0317229327751059,1.0742297703947337,0.974196194488407,0.1314995189618378,0.1549620312014594
624,wave3,Default,0.976671992576716,0.9751302304546182,0.0386965665155103,0.0389884315749241,0.7770326151852618,0.8304320299856761,0.0945473319074923,0.0731212618190147,0.5758445941631413,0.5778551126593974,-0.0476933541569899,-0.0462383918745665,1.0941424936191022,1.001378688655609,0.1263516235152865,0.1489231607191991
974,wave3,Extremely Risk-Averse,0.9926844855820576,1.000403241246442,0.0355246568931121,0.0338903540127665,0.7739519349964263,0.8323550356769127,0.0956411843503056,0.0722345117844072,0.577923582933432,0.6020607800954263,-0.0461880417339228,-0.0222599080205235,1.1618186845601766,1.071798591702106,0.1071409676769013,0.1321151942007528
665,wave3,Extremely Risk-Seeking,0.9489839517935972,0.975971895927354,0.0436436462467006,0.038829369399985,0.712314090115135,0.7254270428974385,0.1154458385489214,0.1115144608137331,0.5790823311135841,0.5883618168036072,-0.0453275381150947,-0.037741095691741,1.0697151463589492,1.0942173969577007,0.1326406904340457,0.1263318891478809
994,wave3,Extremely Risk-Averse,0.7947531798312792,0.8375452473813056,0.0646519334609912,0.0595617222402828,0.7242985942652708,0.7333636616670677,0.1118579371261436,0.109069671417169,0.6044805774413174,0.607958149725401,-0.0182099737561503,-0.0098056327593672,0.7910831499183816,0.7534411449716332,0.1911785020961702,0.1978998084946787
454,wave3,Risk-Neutral,0.9302198092583016,0.9302198092583016,0.0467013106037528,0.0467013106037528,0.771137341817662,0.771137341817662,0.0966301220469384,0.0966301220469384,0.5769446211150517,0.5769446211150517,-0.04690283470159,-0.04690283470159,1.0563300257680828,1.0563300257680828,0.1359716587892384,0.1359716587892384
1178,wave3,Extremely Risk-Averse,0.8978630705186597,0.9135326494981196,0.0515531213914517,0.0492626405904512,0.7288128941109917,0.7295227715231629,0.1104777850891962,0.1102592598667307,0.5916409154897101,0.5724458811627142,-0.034668244683944,0.0500576864655687,1.053074362007964,1.1709223689572854,0.136770455229952,0.1043015801909479
9,wave3,Default,0.9658689558025622,0.977937785518608,0.0406978870459687,0.0384552982331674,0.8303833924118234,0.8388391177083536,0.0731435534610285,0.0691625366288032,0.561740940620953,0.5608344701805281,-0.0568719253775292,-0.0574122328451637,1.0285740973831703,1.0081373450953732,0.1426488097520962,0.1473867131961933
2001,wave3,Default,0.9681674913077288,0.9243805516989732,0.0402803470209082,0.0476131146250903,0.8469545183704023,0.7918006290933802,0.0651178545533214,0.0891240973805621,0.5490681088899574,0.5633432505824961,-0.0640185668116754,-0.0559042525554123,1.126853923228498,1.015956195955218,0.1174379748262632,0.1455907600634859
1494,wave3,Somewhat Risk-Averse,1.0564803271672545,1.0564803271672545,0.0180317343076096,0.0180317343076096,0.8635275357867682,0.8635275357867682,0.0559733072831189,0.0559733072831189,0.572301668906771,0.572301668906771,-0.0501555671064391,-0.0501555671064391,1.1773276459426258,1.1773276459426258,0.1022586578506206,0.1022586578506206
1009,wave3,Somewhat Risk-Averse,0.9649146047947816,0.9621310372180962,0.0408700044730885,0.0413679584576827,0.6025852868507748,0.6881110945507972,0.1444171195139502,0.1223877598836858,0.5919773144765673,0.5895946877591627,-0.034337536910816,-0.0366158748699712,1.1578015326417248,0.9894770130403155,0.1083712869408812,0.1515941764078892
1763,wave3,Somewhat Risk-Seeking,1.001209340093964,1.001209340093964,0.0337151311922457,0.0337151311922457,0.7933019436881859,0.7933019436881859,0.088554797361316,0.088554797361316,0.5398799821719433,0.5398799821719433,-0.0687437401621043,-0.0687437401621043,1.1162541933793182,1.1162541933793182,0.1203943952281802,0.1203943952281802
1251,wave3,Somewhat Risk-Seeking,0.988215257733604,1.0348702344299907,0.0364376007478105,0.0253435714759408,0.7375448601381297,0.8533658303808123,0.1077604650880388,0.061738758085042,0.6065995378210765,0.5731942745389565,-0.0137158119073319,-0.0495466579327596,0.9604523757561884,1.1678719354428766,0.1579354405879762,0.1052611485146562
185,wave3,Somewhat Risk-Averse,1.062077554755363,1.062077554755363,0.0155894327332829,0.0155894327332829,0.8976024667434548,0.8976024667434548,0.0293930934829315,0.0293930934829315,0.5544067712053103,0.5544067712053103,-0.0611083970043896,-0.0611083970043896,1.2552145022663768,1.2552145022663768,0.0731683648805371,0.0731683648805371
1620,wave3,Extremely Risk-Averse,0.7698598474793177,0.8253200362297869,0.067439234478473,0.0610585864447377,0.7185708687611644,0.7129230612720285,0.113586112902759,0.1152660816093916,0.5953085271723297,0.5920929041005935,-0.0308729436902074,-0.0342231686609531,0.8979340366085125,0.9263458965667856,0.17087169484845,0.1651051867532668
991,wave3,Default,0.9228710608986452,0.9187156198128724,0.0478460212620138,0.0484814575082274,0.7986472131422847,0.7678544218893266,0.0864984042192002,0.0977714372521458,0.5652010937582201,0.5951535944928026,-0.0547611251230984,-0.0310426183725663,0.9725678831300428,0.942337502155964,0.155316997138976,0.1617790313529005
737,wave3,Extremely Risk-Seeking,0.7914511290812462,0.7291218406267538,0.0650284170896879,0.0717715625597408,0.6714349432619955,0.6013458171110174,0.1269624812635428,0.1447134555537889,0.5899600318202597,0.5793906401638577,-0.0362757650919023,-0.0450958407983344,1.13545789303212,0.9576628066101592,0.1149854354011879,0.1585327933103178
763,wave3,Risk-Neutral,0.7953141950555134,0.8601728187831045,0.0645877548119451,0.0566885087983638,0.6986228944253677,0.6768740859210632,0.1194195732900255,0.1254875824383717,0.5944808026389568,0.5960111011495187,-0.0317689571358111,-0.0300915613110102,1.0932134045907784,1.092608155245796,0.1265961657943507,0.1267552335668102
820,wave3,Default,0.8322791479526217,0.8465149451856477,0.0602110038677269,0.0584394387924068,0.7748754167990264,0.8037826752485632,0.0953145553528401,0.0844770227481393,0.5691288768015482,0.5728536564135209,-0.052263127003156,-0.0497798876593319,0.9597327294599576,0.8231202864098255,0.1580897391269058,0.1852939287275476
393,wave3,Risk-Neutral,0.9570361030744344,1.0205581793901175,0.0422643025847537,0.0291968036687568,0.7018638767270118,0.8138849050462805,0.118490294777466,0.0803566959664163,0.5852454280704774,0.5732253726181639,-0.0404468097333717,-0.0495253101240259,1.006207526934981,1.0109103041298164,0.147826908335643,0.1467520814331276
1091,wave3,Extremely Risk-Averse,1.0306289692683157,1.0286277192021474,0.026543656677568,0.0270915154051956,0.8342544179064517,0.8646948238121758,0.0713480645624374,0.0552730584376923,0.5604626316959402,0.5667927992542952,-0.057632423527564,-0.0537626587093133,1.1217538488321566,1.1696690690432454,0.1188691270821869,0.1046968462133693
2035,wave3,Extremely Risk-Averse,0.9733219624116356,0.9661885497296367,0.0393280045732005,0.0406400863602709,0.8202257882638695,0.8227431637784177,0.0776619038695553,0.0765664076342891,0.5828941544165993,0.5873094655489446,-0.0423747370309465,-0.0386758131309297,1.1602863857841446,1.098528747308387,0.1076118427734139,0.1251910884369328
175,wave3,Somewhat Risk-Averse,0.973165496822311,0.973165496822311,0.0393572502228495,0.0393572502228495,0.7917615007510613,0.7917615007510613,0.0891388877946249,0.0891388877946249,0.6006587718512473,0.6006587718512473,-0.0243000090031114,-0.0243000090031114,1.237421670601086,1.237421670601086,0.0807147164970266,0.0807147164970266
2166,wave3,Somewhat Risk-Averse,0.9682569933507772,0.9682569933507772,0.0402640015347315,0.0402640015347315,0.6809122174319048,0.6809122174319048,0.1243819849134416,0.1243819849134416,0.6044808640049459,0.6044808640049459,0.018209440890335,0.018209440890335,1.100900479489052,1.100900479489052,0.1245593411441796,0.1245593411441796
1032,wave3,Risk-Neutral,1.0308503645049063,1.0308503645049063,0.0264823536305642,0.0264823536305642,0.8600626119328373,0.8600626119328373,0.0580027377327247,0.0580027377327247,0.5469336955807164,0.5469336955807164,-0.0651462615606948,-0.0651462615606948,1.1782653734256714,1.1782653734256714,0.1019562856074138,0.1019562856074138
1691,wave3,Extremely Risk-Seeking,1.0113149821296852,1.0123220049713793,0.0314360686846077,0.0311998797362107,0.764432160148821,0.8669175117986839,0.0989477062243506,0.0539148506567353,0.5593691899860329,0.5436605295126796,-0.058275167510996,-0.0668392681516567,1.1147769362548314,1.1584753052722223,0.1208010000529038,0.1081658648143776
2303,wave3,Extremely Risk-Seeking,1.0561042961739957,1.0101683571997144,0.0181840703459008,0.0317028661901134,0.8907934785304882,0.8782385356973812,0.0362842243850452,0.0463911797884561,0.555839694388835,0.5418433487326482,-0.0603037642523755,-0.0677612420631425,1.2445601305251128,1.143417088007323,0.0777730615391645,0.1126716941875756
1837,wave3,Somewhat Risk-Averse,0.949457133819371,0.9139555349505892,0.0435637885124465,0.0491993631199247,0.8774064425156547,0.7829215898248788,0.0469847950231194,0.0924216123319569,0.5716605198504733,0.5885300399247301,-0.0505884621649703,-0.037589534767388,1.1209875735866408,0.9267236388047224,0.1190827502657175,0.1650273112747038
648,wave3,Somewhat Risk-Seeking,0.9488723264128636,0.9488723264128636,0.0436624638497052,0.0436624638497052,0.7977191730652033,0.7977191730652033,0.0868588194829198,0.0868588194829198,0.5696454641304904,0.5696454641304904,-0.0519257478690362,-0.0519257478690362,0.947522720319808,0.947522720319808,0.1606872940287992,0.1606872940287992
871,wave2,Somewhat Risk-Averse,0.9956391820676226,1.0049849708143193,0.0349080512306636,0.0328820472278505,0.8543898293361739,0.8534139672037069,0.0611820521363217,0.061712698878923,0.5669759435105635,0.578509720450888,-0.0536465953983876,-0.0457547730880607,1.0417018050963174,1.079954452729029,0.1395275184455937,0.1300390655849744
2157,wave2,Risk-Neutral,0.986835012183371,0.986835012183371,0.0367149840591466,0.0367149840591466,0.8785715970742156,0.8785715970742156,0.0461514527542872,0.0461514527542872,0.5561959703397467,0.5561959703397467,-0.0601020562015617,-0.0601020562015617,1.0927800979956377,1.0927800979956377,0.1267100636935866,0.1267100636935866
16,wave2,Somewhat Risk-Seeking,0.9450268300170264,0.924079230182454,0.0443058877491162,0.0476596970769768,0.661487143111161,0.7261781194826182,0.1296192818484639,0.111285290049516,0.6044484379092913,0.5886776675886579,-0.0182696388102497,-0.0374560269797602,0.9628542504846388,0.9129014179125672,0.157419469283843,0.1678558781683177
1109,wave2,Somewhat Risk-Seeking,0.8802560558481987,0.8802560558481987,0.054012212525709,0.054012212525709,0.8423188431819107,0.8423188431819107,0.0674574284004325,0.0674574284004325,0.5571539605328192,0.5571539605328192,-0.0595563444474493,-0.0595563444474493,0.8860565281035974,0.8860565281035974,0.1732317374313497,0.1732317374313497
352,wave2,Risk-Neutral,0.8989032368332305,0.8989032368332305,0.0514042069982589,0.0514042069982589,0.6845471668415345,0.6845471668415345,0.1233788224224265,0.1233788224224265,0.6086537634577457,0.6086537634577457,0.0070047464245557,0.0070047464245557,0.9920489562891508,0.9920489562891508,0.1510206197873247,0.1510206197873247
60,wave2,Risk-Neutral,1.0150090045578517,1.0150090045578517,0.0305607689980256,0.0305607689980256,0.8816233627724311,0.8816233627724311,0.043894492465372,0.043894492465372,0.5598987962419664,0.5598987962419664,-0.0579647338799814,-0.0579647338799814,1.1386692551770063,1.1386692551770063,0.1140572506039682,0.1140572506039682
791,wave2,Extremely Risk-Averse,0.9398861509208234,0.9398861509208234,0.0451518117277226,0.0451518117277226,0.8150492521328312,0.8150492521328312,0.079868509905179,0.079868509905179,0.5571115026667347,0.5571115026667347,-0.0595806345871542,-0.0595806345871542,1.0601251452842269,1.0601251452842269,0.1350349746486036,0.1350349746486036
2349,wave2,Somewhat Risk-Averse,1.0497901308799085,0.9967912629169484,0.0205744585270549,0.0346646701563353,0.9008021185303212,0.8241825217077381,0.0255228430213436,0.0759331029502121,0.5489163329277914,0.5874880034252468,-0.0640994003794774,-0.0385188209364577,1.2140307056720243,1.0210911699767822,0.0896971197446442,0.1444001498824682
929,wave2,Extremely Risk-Averse,0.952000850545624,0.9333875003384872,0.0431319773465386,0.0461992118070981,0.7906413759534281,0.8054884977696191,0.0895612889972441,0.0837951150538347,0.5734433283805989,0.6037493124875732,-0.0493754341613538,-0.0195225080277796,1.1143172009238544,0.9750401307667488,0.1209272760829229,0.1547777659761478
214,wave2,Somewhat Risk-Averse,0.9486555944889296,0.9517417099187614,0.0436989771576262,0.0431761641083324,0.6884099323514923,0.7040582261683866,0.1223043153893208,0.1178571868739581,0.6037243945099586,0.6042453162632064,-0.0195656838588917,-0.0186423108808294,0.9152605706010498,0.8841586262317037,0.1673761214857605,0.1736062168398141
1124,wave2,Extremely Risk-Averse,0.9317566532794096,0.9317566532794096,0.0464583831143926,0.0464583831143926,0.8063042584756638,0.8063042584756638,0.0834670985040983,0.0834670985040983,0.5754578946804514,0.5754578946804514,-0.0479681833778134,-0.0479681833778134,1.0471913132569004,1.0471913132569004,0.1382030428114027,0.1382030428114027
2036,wave2,Somewhat Risk-Averse,1.0126939667993071,1.000468907674377,0.0311121874619405,0.0338761137643972,0.6535790208452583,0.6978006431240465,0.1316955808375908,0.1196542515885018,0.579015137961962,0.5881943038886605,-0.0453778787061157,-0.0378914177818348,1.1956601996714924,1.1666555437369075,0.0961821690454454,0.1056414611159462
1349,wave2,Risk-Neutral,1.0608928270853537,1.0608928270853537,0.0161372117500013,0.0161372117500013,0.9103644159051608,0.9103644159051608,0.0040954734540862,0.0040954734540862,0.5960743857489932,0.5960743857489932,-0.0300201832447301,-0.0300201832447301,1.2657597378852397,1.2657597378852397,0.0683127707498015,0.0683127707498015
1315,wave2,Somewhat Risk-Averse,0.9479933895689928,0.991488826737007,0.0438103531873756,0.035771169228708,0.7621148579487914,0.761621025362698,0.0997366136827312,0.099903961359614,0.5579012272709274,0.5550043453398606,-0.0591272230213186,-0.0607741157513336,1.1537638309129603,1.160701504002829,0.109594622144129,0.1074844714671433
1156,wave2,Default,0.998504868334034,0.9974517176456096,0.0342994859654409,0.0345243768380382,0.8691274107771039,0.8750550582697559,0.0525300677332449,0.048623453211431,0.5634420017360041,0.5717876064265444,-0.0558440728052254,-0.0505029469259071,1.1769139094229897,1.1443401519952556,0.1023917959005914,0.1124004346814924
2372,wave2,Risk-Neutral,0.9935811731870484,0.9978270606625866,0.0353386616569301,0.0344443933135276,0.7440021011429174,0.7785669620569592,0.1057082172216831,0.0939979553074688,0.5462925679752109,0.5423450415232199,-0.065481264797685,-0.0675079363117306,1.1892879357817328,1.1692074825135252,0.098335236603008,0.1048420622234472
2272,wave2,Risk-Neutral,1.0263797298419532,1.0027573140812716,0.0276940364105135,0.0333760783960715,0.8392842943481048,0.7911524049446635,0.0689467032621761,0.0893688187890494,0.5736852850658611,0.6047519590768404,-0.0492085246785658,-0.0176981630484884,1.1640346650335625,1.0753143851422269,0.1064564813212449,0.1312239813765618
36,wave2,Extremely Risk-Averse,0.9977134413344282,0.9761132955566112,0.0344686244597687,0.0388025834009043,0.7844345334393972,0.731609043023167,0.0918678250208751,0.1096146319902966,0.5563096265423467,0.5551075252442872,-0.0600375684530068,-0.060716213644236,1.1255333840343686,1.03958893412267,0.1178101127628544,0.1400342133494025
1309,wave2,Extremely Risk-Averse,1.055660314845606,0.975954888530911,0.0183623093396596,0.0388325899540318,0.8926754329968001,0.842414222169059,0.0345168245397847,0.0674100955128193,0.5633148175685003,0.5918288968702757,-0.0559215680053838,-0.0344838326855313,1.2320241862038892,1.106363874707,0.0828713751512771,0.1230925030273123
1090,wave2,Extremely Risk-Seeking,1.068469756505132,1.068469756505132,0.01221766583353,0.01221766583353,0.8830664617430146,0.8830664617430146,0.0427861314262554,0.0427861314262554,0.5619096890656023,0.5619096890656023,-0.0567707814390459,-0.0567707814390459,1.144065336579435,1.144065336579435,0.1124812592651656,0.1124812592651656
1768,wave2,Somewhat Risk-Seeking,1.0592943307623923,1.0407260440592263,0.0168481295513224,0.0235867750067182,0.907174443394232,0.893099340131792,0.0151128925398703,0.0341061478124433,0.5602307503631323,0.5499839646024529,-0.0577693168565725,-0.0635286488510356,1.1927378653264944,1.1701645166812549,0.0971752709809057,0.1045407627248111
545,wave2,Extremely Risk-Averse,0.995027988153526,0.9735196647500394,0.0350364850226715,0.0392910202493669,0.7389215383452522,0.6669524160480781,0.1073260707031949,0.1281660242354443,0.5939474502182075,0.5983664738711786,-0.0323332118768468,-0.0273099599558973,1.1205417322385092,1.0786276930795968,0.1192068761521699,0.1303789005680522
2073,wave2,Extremely Risk-Averse,0.9795419964319368,0.9435747245104136,0.0381473459747831,0.0445464537936236,0.8039665690809662,0.7680502250982179,0.0844037681285623,0.097703725657654,0.5604950169678484,0.560652369725649,-0.0576132790345283,-0.0575201707536194,1.0616156785457884,1.05621392004633,0.1346654385037488,0.1360002208027428
1465,wave2,Extremely Risk-Seeking,1.000470509741752,1.0187013020645268,0.0338757662698313,0.0296601754520937,0.8021944834661958,0.8260513248941175,0.0851071339306603,0.0751030627597855,0.5805590529135354,0.561182864905508,-0.0442068366668813,-0.0572051658713824,1.05306209314415,1.1252507038774542,0.136773457289551,0.1178896298560937
97,wave2,Risk-Neutral,0.9132808619091576,0.9695274390052452,0.0493002780329217,0.0400312688278857,0.7943490487824113,0.8201148474855489,0.088155625923491,0.0777098355139256,0.6077131211476994,0.5979675560090483,-0.0106177550878675,-0.0278005851822976,0.9583375660490396,1.0075189182728668,0.1583884880625884,0.1475279083284822
847,wave2,Extremely Risk-Averse,0.9738072859166564,0.8867161477154318,0.0392371528779369,0.053123036575311,0.7830619389822251,0.8076889345230083,0.0923703749125713,0.0829074332769465,0.5748178741734296,0.597902188473516,-0.0484196530449868,-0.0278801593002524,1.1112211667124503,1.0257902582376686,0.1217744536338153,0.1433026511468893
561,wave2,Extremely Risk-Averse,0.9874994786557536,0.907685732171824,0.036581709608665,0.0501294234209816,0.8400980804040603,0.7316309127708539,0.0685504351723052,0.1096078554326973,0.5985829806182912,0.6014707046800152,-0.02703996510488,0.0231404253279051,1.219004521454149,1.2113051643064083,0.0878618034797,0.0906875734961593
1686,wave2,Somewhat Risk-Seeking,0.97030045759645,0.97030045759645,0.0398889995045211,0.0398889995045211,0.6077241622985152,0.6077241622985152,0.1431824952050794,0.1431824952050794,0.5662558583290014,0.5662558583290014,-0.0541015136876,-0.0541015136876,1.118465886731057,1.118465886731057,0.1197832097551665,0.1197832097551665
1165,wave2,Somewhat Risk-Seeking,1.0446002451926184,1.018432167200463,0.0223488822307971,0.0297267390957215,0.8281041887429241,0.8704533486493535,0.0741808095745237,0.051681592953168,0.5934319474064753,0.5532583466414916,-0.0328694163928377,-0.0617458168137358,1.239987270418556,1.1644550758694308,0.0796696625378977,0.1063261472473499
122,wave2,Extremely Risk-Seeking,0.91285166319523,0.9517897147884938,0.0493643695468811,0.0431679820574009,0.7715417325331302,0.8029272979924821,0.0964886356912518,0.0848169566214369,0.593468022088325,0.5723812844388674,-0.0328321767723594,-0.050101553363353,0.8268401991936203,0.9991020705645668,0.1846001629482734,0.1494374539825307
636,wave2,Somewhat Risk-Seeking,0.9304610977386384,0.9032594878196908,0.0466632533273488,0.0507758543671137,0.807570590908754,0.8211686262818467,0.0829554094924126,0.0772533818919807,0.5725048296781484,0.5683263796836067,-0.0500176219639536,-0.0527830010376376,1.0577197178258402,1.0263010721867651,0.1356293615299841,0.14318288181768
704,wave2,Somewhat Risk-Seeking,1.0095567421975822,1.0296367083781133,0.0318442667117365,0.0268166912833448,0.8673550703982023,0.8759467648138719,0.0536434707964555,0.0480085550164212,0.559328363611791,0.5433287556218079,-0.0582990305685891,-0.0670085281480883,1.1271133766580492,1.1813324857731662,0.1173647277647822,0.1009612248089049
942,wave2,Extremely Risk-Seeking,1.0594386745371336,0.9815869424889224,0.0167851692810145,0.037751167382214,0.889937361501894,0.82251209755754,0.0370604870418707,0.0766675986712744,0.579626429953126,0.5422305231829936,-0.0449178424800258,-0.0675658389853238,1.243773735425069,1.1203976398624231,0.0781024185607717,0.1192469665709478
2030,wave2,Extremely Risk-Averse,0.9271884614088972,0.9704273440748928,0.0471768377713524,0.0398655986274951,0.770476945271229,0.684568440548879,0.0968607506195486,0.1233729288106218,0.5611773755833566,0.5795107879727237,-0.0572084341627717,-0.0450052281642972,1.0270097733448134,1.0203584936620913,0.1430165615932538,0.1445705806948066
189,wave2,Risk-Neutral,0.9473333959755936,0.9687925348431476,0.0439210784269823,0.0401660591422236,0.7948272962032185,0.8366791457573154,0.0879727273005247,0.0702005067357802,0.6056060508010139,0.5900474567706937,-0.0159809150762405,-0.0361939071993755,1.1561040772857685,1.055193408181852,0.1088871745999792,0.1362510278906946
2050,wave2,Somewhat Risk-Seeking,0.9468770682145334,0.9454687599843786,0.0439974735458273,0.0442324168763909,0.7627619122418869,0.7924091812340179,0.0995169338307422,0.0888937594396177,0.5659435411610167,0.566539483868172,-0.0542976506914814,-0.0539227843161899,1.034311941914242,1.05542049408135,0.1412923795849807,0.1361952549497723
1873,wave2,Somewhat Risk-Averse,0.9628158322706992,0.965079344786562,0.0412460088776437,0.040840345032646,0.7803898426995493,0.7935927343729763,0.0933412139403321,0.0884441188800188,0.5809172889894191,0.5779752544195056,-0.0439306927641542,-0.0461500086510085,0.926455932430746,0.9172985468068732,0.1650825051088336,0.1669606906373511
2169,wave2,Risk-Neutral,1.0250275063151937,1.0330310599704529,0.0280502537220731,0.0258707927926294,0.8241005174534041,0.7987124440693313,0.0759693226374013,0.0864730162033863,0.5941187866129815,0.5628019945283179,-0.0321530234378438,-0.0562329687297121,1.0570641194608894,1.1604895010578298,0.1357909427302541,0.1075495386137426
1172,wave2,Extremely Risk-Seeking,0.940274718990609,1.0027420406020615,0.0450884209922662,0.0333794404937384,0.6828819803596639,0.876762033150869,0.1238393232783517,0.0474394575221288,0.6056970034203227,0.5481536059596959,-0.0157870557743057,-0.0645041086371651,1.1616257930866367,1.1294452818507004,0.1072003517939629,0.1167044495605481
1558,wave2,Somewhat Risk-Seeking,1.0071668876522295,1.0049908419841274,0.0323908881598792,0.0328807354042263,0.8159169393840575,0.8572578006431361,0.0795028074290495,0.0595955981908531,0.5103889668822151,0.5256554458591047,-0.0821250574019186,-0.0754880007672225,1.120932501841742,1.1253091275652205,0.1190980893018371,0.1178731996019535
1417,wave2,Default,0.9293306757827356,0.9293306757827356,0.0468412847893453,0.0468412847893453,0.8205872644334047,0.8205872644334047,0.07750552842549,0.07750552842549,0.5846406508712252,0.5846406508712252,-0.0409513088762365,-0.0409513088762365,1.0023331627294945,1.0023331627294945,0.1487070597378318,0.1487070597378318
350,wave2,Default,1.0048828443505475,0.9434532632679816,0.0329048575026295,0.044566517532479,0.8598645115815523,0.8584345886486415,0.0581166526014798,0.0589324671569779,0.5651524413709196,0.5506807446753104,-0.0547913612350264,-0.0631534164936807,1.1617297156815662,1.0823476759439583,0.1071683617914537,0.1294239616021291
1904,wave2,Risk-Neutral,0.9762577381030618,0.9444841994736471,0.0387752019772154,0.0443959350957937,0.7374608842386833,0.6860279226782361,0.1077869086210353,0.1229679637442122,0.5771020716839599,0.5852042199573735,-0.0467886020731968,-0.0404813834193528,1.001873208320092,0.9611585827408872,0.1488112330765161,0.1577838911591065
721,wave2,Risk-Neutral,0.9766067560488638,0.9766067560488638,0.0387089605112996,0.0387089605112996,0.7444779141653246,0.7444779141653246,0.1055554864854377,0.1055554864854377,0.5821041935413536,0.5821041935413536,-0.0430032050739541,-0.0430032050739541,1.0214175840888555,1.0214175840888555,0.1443241618666617,0.1443241618666617
2255,wave2,Extremely Risk-Averse,1.0098097722598778,1.0098097722598778,0.0317858441533723,0.0317858441533723,0.7532283824968989,0.7532283824968989,0.102707981011982,0.102707981011982,0.603607839095607,0.603607839095607,-0.0197663911963367,-0.0197663911963367,0.9921846289568064,0.9921846289568064,0.1509903090011371,0.1509903090011371
2405,wave2,Extremely Risk-Seeking,0.9328213485744856,1.0403757339459254,0.0462893466628146,0.0236955256385343,0.6611963477832207,0.8892722715695787,0.1296961801024277,0.0376525558609208,0.5504319717756105,0.5433543574422566,-0.0632876377916907,-0.0669954819058356,1.226945780042123,1.2123566888717232,0.084851835312519,0.0903066980555039
355,wave2,Default,1.023774238581251,0.9888720283169872,0.028376422895818,0.0363048716031592,0.8686431454055061,0.8160221619318001,0.0528365917917637,0.0794583479420517,0.5573868170495603,0.559877799983975,-0.059422953207897,-0.0579770722483047,1.2077462302902071,1.1276727277163807,0.0919653412434142,0.1172066684692214
116,wave2,Risk-Neutral,0.9298347957799646,0.9251801058106088,0.0467619733522008,0.0474892890015665,0.8432752973421862,0.8215000762354256,0.0669812907136821,0.0771092661476624,0.5634718791964771,0.5663014639337542,-0.0558258526157536,-0.0540728142705248,0.9589346197426348,0.9774445089002088,0.1582607021294522,0.1542516997131113
694,wave2,Extremely Risk-Seeking,1.0622202160189462,0.9633086194701374,0.015522168181116,0.0411580303721462,0.8092651979878965,0.8678436055781843,0.0822658246553315,0.0533388620046388,0.5709451100809245,0.5455502596139526,-0.0510672092742729,-0.0658670449935651,1.0456649958399509,0.966032336348387,0.1385724779783958,0.1567343947169856
814,wave2,Extremely Risk-Averse,0.9888333662651564,0.9888333662651564,0.0363126983251324,0.0363126983251324,0.7405304578257277,0.7405304578257277,0.1068162590149507,0.1068162590149507,0.6082508120243398,0.6082508120243398,-0.0087373039098242,-0.0087373039098242,1.2277624157889544,1.2277624157889544,0.0845364095390495,0.0845364095390495
1929,wave2,Extremely Risk-Averse,0.97515221652227,0.9460936750450156,0.0389842847425322,0.0441283175747621,0.8432980560110379,0.8118528010221594,0.0669699206043356,0.081201862687571,0.5627585776248528,0.5703069612417379,-0.0562592545588909,-0.0514905366118675,1.0252025606847397,1.0008204467406832,0.1434403334265226,0.1490494187704905
618,wave2,Somewhat Risk-Seeking,0.9526049113768856,0.9526049113768856,0.0430288024638825,0.0430288024638825,0.7169850211187929,0.7169850211187929,0.114060200600958,0.114060200600958,0.5661981161660996,0.5661981161660996,-0.0541378290188741,-0.0541378290188741,1.1153117796689045,1.1153117796689045,0.1206539372665453,0.1206539372665453
2099,wave2,Somewhat Risk-Seeking,0.9173816528297796,1.0141973284556989,0.0486837010213937,0.0307552232348784,0.710700556615215,0.8372369367544795,0.1159208466446636,0.0699339084056164,0.6088272735539362,0.5422823023228717,0.0061092386377713,-0.0675396644937201,1.0250481199645547,1.1048390941746864,0.1434764947219005,0.1235035300412448
1523,wave2,Somewhat Risk-Seeking,1.0541719147583837,1.0541719147583837,0.0189476246606688,0.0189476246606688,0.8747112418793902,0.8747112418793902,0.0488584924272862,0.0488584924272862,0.5767204873781072,0.5767204873781072,-0.0470649728513045,-0.0470649728513045,1.1914300387842414,1.1914300387842414,0.0976165607134399,0.0976165607134399
1048,wave2,Extremely Risk-Averse,0.931166572669356,0.9176956193732508,0.0465518052305278,0.0486361753328674,0.7693468622084026,0.7192176289699893,0.0972541849684735,0.1133922246093951,0.5753601694204584,0.5840587058636403,-0.0480373905858482,-0.0414310006957721,1.0765471359209418,1.1382624345902468,0.1309101546397475,0.1141752303553282
1931,wave2,Default,0.9304588690892492,0.9304588690892492,0.0466636049823257,0.0466636049823257,0.8437688723062037,0.8437688723062037,0.06673427649139,0.06673427649139,0.5559371730773139,0.5559371730773139,-0.0602486421677501,-0.0602486421677501,1.0192513756629042,1.0192513756629042,0.1448277625357774,0.1448277625357774
689,wave2,Default,1.0371991957225657,1.042620033390188,0.0246598203277428,0.0229899152203543,0.8855870908692675,0.8740382123305885,0.0407785225103554,0.0493153759856687,0.5974446126605354,0.5935942902197793,-0.0284309657200964,-0.0327014985888465,1.1530543150978267,1.1652408747930851,0.1098082481619434,0.1060821268840145
633,wave2,Extremely Risk-Averse,1.0168439679126997,1.0763679403148745,0.0301165547120691,0.0057833595629871,0.901532109594084,0.8736827617848804,0.0245547989120533,0.049554988803923,0.5615893864505369,0.528831161227295,-0.0569626123575628,-0.0740344890966268,1.1821752756387016,1.3236967708752798,0.1006861470026475,0.0301493296638105
2,wave2,Somewhat Risk-Seeking,1.0349327745145869,1.0216443352654192,0.0253254511652404,0.0289223313212984,0.84472762602959,0.8347480525257874,0.0662518741170721,0.0711159119805606,0.5392523303432304,0.5408490643698697,-0.0690549326511907,-0.0682605315146022,1.1962169513910197,1.1763558334695057,0.0959918451328621,0.1025711191395395
1100,wave2,Extremely Risk-Averse,0.9822280553324256,0.9838489604297818,0.0376261071195275,0.0373080621310911,0.7506008822384428,0.6712074304232436,0.1035708723827582,0.1270238247844792,0.5637693709888033,0.608443727848559,-0.0556441116175561,-0.0079550406554289,1.123393493877899,1.0472055086557348,0.1184108024310724,0.1381996026210254
1825,wave2,Somewhat Risk-Seeking,0.9895099402614392,0.9253774822985588,0.0361754899222852,0.0474586723588419,0.7616287639536381,0.7244690358295238,0.0999013410188168,0.1118061225737801,0.6093782085610864,0.6011733129029992,-0.0001889883109971,-0.0235717599180863,1.0137205557668008,0.975167658691153,0.1461063403883795,0.1547499042073413
78,wave2,Somewhat Risk-Averse,0.9451263317111812,0.9333822163198208,0.0442893561372543,0.0462000538615146,0.8696805002028599,0.8523128434449545,0.0521778019729281,0.0623061145174137,0.5855366654534745,0.5780421367197216,-0.0402016189047451,-0.0461007333688565,1.0497909602428064,0.9799228065523844,0.137571703023614,0.1537077515952158
917,wave2,Default,1.0242191248081665,0.9339818710819277,0.0282610686380627,0.0461043963257097,0.8584611104600309,0.7743729686041187,0.058917437070432,0.0954924012947774,0.5618547504987494,0.5844360619296719,-0.0568037298705501,-0.0411205831380904,1.1290387754488476,1.0198586647043577,0.1168198057821187,0.1446867421686646
437,wave2,Default,0.95008126880203,0.95008126880203,0.0434582321007598,0.0434582321007598,0.8016839451964479,0.8016839451964479,0.0853087284369379,0.0853087284369379,0.5812275097648446,0.5812275097648446,-0.0436901619502581,-0.0436901619502581,0.8422488014682102,0.8422488014682102,0.1817019689111617,0.1817019689111617
1567,wave2,Extremely Risk-Seeking,0.8899429791334457,1.0625208526969754,0.052673334340705,0.0153794562184118,0.5970005840535694,0.8941129803511587,0.1457479578142047,0.0331035908355134,0.6051744944064792,0.5564447092137578,-0.0168704448212476,-0.0599608345690338,1.0347189111802042,1.2510721200182051,0.1411957159921176,0.0749914954374908
2104,wave2,Extremely Risk-Seeking,0.9526348938412696,0.9405433143107914,0.043023674997378,0.0450445508093658,0.7287691954490179,0.7598584427713807,0.1104912236320536,0.1004990745585788,0.5753430908493342,0.568239321563706,-0.0480494751733424,-0.0528390949091014,1.0117981260785356,0.9918822949486932,0.1465483589013306,0.1510578462062869
38,wave2,Risk-Neutral,1.0100782276185782,1.0100782276185782,0.031723742867414,0.031723742867414,0.8558253851391574,0.8558253851391574,0.0603930903950356,0.0603930903950356,0.5760132387614145,0.5760132387614145,-0.0475730049646701,-0.0475730049646701,1.0965472733750168,1.0965472733750168,0.1257165999417788,0.1257165999417788
1531,wave2,Extremely Risk-Seeking,0.9297986395496984,0.9297986395496984,0.0467676661237661,0.0467676661237661,0.6491272553492631,0.6491272553492631,0.1328510883245427,0.1328510883245427,0.5852159555573909,0.5852159555573909,0.0404715402166837,0.0404715402166837,1.237619076786583,1.237619076786583,0.0806347750909291,0.0806347750909291
2279,wave2,Extremely Risk-Seeking,1.035460895486645,1.035460895486645,0.0251719150222713,0.0251719150222713,0.8429073304614535,0.8429073304614535,0.0671648626304936,0.0671648626304936,0.5644488772879628,0.5644488772879628,-0.0552267784213157,-0.0552267784213157,1.0180984399926314,1.0180984399926314,0.1450951429622191,0.1450951429622191
576,wave2,Somewhat Risk-Averse,1.024962185296865,1.024962185296865,0.0280673471752677,0.0280673471752677,0.8411206998716104,0.8411206998716104,0.0680492667760086,0.0680492667760086,0.5944570560704628,0.5944570560704628,-0.0317942917007927,-0.0317942917007927,1.2026129292483747,1.2026129292483747,0.0937787093136558,0.0937787093136558
1464,wave2,Risk-Neutral,1.0409153534844335,1.0409153534844335,0.0235277968407111,0.0235277968407111,0.903214159655876,0.903214159655876,0.0221642543733141,0.0221642543733141,0.5320241186979617,0.5320241186979617,-0.072544383599797,-0.072544383599797,1.204724531009227,1.204724531009227,0.0930369067218183,0.0930369067218183
1386,wave2,Extremely Risk-Seeking,0.9574028123771736,0.974763028712175,0.0422004193687064,0.0390576254788841,0.7135162679835818,0.7969123541901011,0.1150907222706151,0.0871709822917429,0.6093082294307011,0.5937923341841118,-0.0021844277092996,-0.0324954837823886,0.9925622573335796,1.027521378682073,0.1509059134151713,0.1428963857806469
1730,wave2,Somewhat Risk-Averse,0.8533255434617005,0.8533255434617005,0.0575728934236793,0.0575728934236793,0.7748756114725641,0.7748756114725641,0.0953144863844449,0.0953144863844449,0.5404309786559783,0.5404309786559783,-0.0684694099565748,-0.0684694099565748,0.9762311558832562,0.9762311558832562,0.1545173784427387,0.1545173784427387
325,wave2,Somewhat Risk-Averse,1.077489793792722,1.0735480860611974,0.0041228429127994,0.0086484881696368,0.8906854906136159,0.877732318836318,0.0363830476256844,0.0467532049404146,0.5729386135427177,0.5881112749423831,-0.0497218167907926,-0.0379657066203563,1.2071273351321985,1.209488251774117,0.0921857958996664,0.0913420609270943
1045,wave2,Extremely Risk-Averse,1.024049120170482,1.049809348374929,0.0283052043494196,0.0205676041090495,0.71291585458379,0.7927815509407322,0.1152682104424731,0.0887525313858768,0.5773408368584146,0.5794486549007427,-0.0466148451006684,-0.045052110026618,1.226988959432476,1.237547784131023,0.0848351857909068,0.0806636545945587
426,wave2,Extremely Risk-Seeking,0.7909216177370196,0.9933343643714796,0.0650885901682668,0.0353899529342089,0.7413184463746392,0.7926864783457493,0.1065657229040921,0.0887886101012238,0.6092681864137124,0.6014600509518989,-0.0027352793557198,-0.0231560158652752,1.0351297340252457,1.2315029994203337,0.1410980751835983,0.0830767391752943
1610,wave2,Somewhat Risk-Seeking,0.9419475963355524,0.9419475963355524,0.0448144932209155,0.0448144932209155,0.7427830761557088,0.7427830761557088,0.1060985519105088,0.1060985519105088,0.6082856452247017,0.6082856452247017,-0.0086013205388159,-0.0086013205388159,0.941172198404018,0.941172198404018,0.162023473983552,0.162023473983552
236,wave2,Risk-Neutral,0.9445386309385216,0.9819388588887036,0.0443869105925404,0.0376825710321227,0.6124152358704105,0.74070057831043,0.1420468462115782,0.1067622177761166,0.5855819194184279,0.5865458338565125,-0.0401633863988882,-0.0393402632475268,1.1049583603231723,1.0449744725873518,0.1234714264691137,0.1387393157209282
1484,wave2,Somewhat Risk-Seeking,1.0275868131955204,1.0275868131955204,0.0273721498268312,0.0273721498268312,0.8516035720891973,0.8516035720891973,0.0626854247681017,0.0626854247681017,0.5855868406522092,0.5855868406522092,-0.0401592265476807,-0.0401592265476807,1.114711987407611,1.114711987407611,0.1208188471717473,0.1208188471717473
1220,wave2,Extremely Risk-Seeking,0.9376790965133982,0.9478900815099311,0.0455102076831959,0.0438277032097189,0.8411194023843022,0.8450902107331194,0.0680499049475781,0.0660685358168079,0.5468825372430046,0.5428049041151356,-0.0651730550605088,-0.0672749281933928,1.0416604902249234,1.0736407234650966,0.1395374425932219,0.1316489363108939
247,wave2,Somewhat Risk-Averse,0.8366411833099213,0.8125445386310284,0.0596736835819644,0.0625851398355119,0.7883418143745317,0.7244167046511792,0.0904224705878749,0.1118220337772148,0.5663096843618631,0.5799975611509076,-0.0540676395878433,-0.0446362483499589,0.9420250540431908,0.9659206030259402,0.1618446052756947,0.1567585260652665
1439,wave2,Extremely Risk-Seeking,0.7916011616447053,0.9972096225482512,0.0650113576012307,0.0345758682762002,0.6033545453913992,0.8048911246031635,0.1442329218157594,0.0840345286676016,0.6093115271884242,0.6008823482328582,0.002132730558706,-0.0239862833633459,1.0646856080134153,1.2138278823275108,0.1339013513462296,0.089771189350819
1890,wave2,Somewhat Risk-Averse,0.9801274525681084,0.9453128292637318,0.0380343415371779,0.0442583541802663,0.8434350777745427,0.7505322954712209,0.0669014251532114,0.1035933046013018,0.5519311917684205,0.5991093804023091,-0.0624744606420696,-0.0263720241160888,1.1173135576597162,0.9346584614901816,0.1201020135918801,0.1633837960846622
1565,wave2,Extremely Risk-Seeking,0.9851689056025388,0.9851689056025388,0.0370470641851022,0.0370470641851022,0.7854073029665797,0.7854073029665797,0.0915100487598672,0.0915100487598672,0.5590839896409912,0.5590839896409912,-0.0584416664494526,-0.0584416664494526,1.1343920817319748,1.1343920817319748,0.1152919224034032,0.1152919224034032
397,wave2,Somewhat Risk-Averse,1.010137585196588,1.010137585196588,0.03170999543539,0.03170999543539,0.8576066644410848,0.8576066644410848,0.0593997714079609,0.0593997714079609,0.5427040209852545,0.5427040209852545,-0.0673261125422568,-0.0673261125422568,1.1206593483163136,1.1206593483163136,0.1191741427232266,0.1191741427232266
730,wave2,Risk-Neutral,1.0098702790947447,0.987064186033378,0.0317718577715652,0.0366690722575183,0.782873426885716,0.8155326054543871,0.0924391889049389,0.0796649937958253,0.57220734196274,0.5741448097881818,-0.0502194871108592,-0.0488899762388002,1.1918252991764366,1.1066287223976308,0.0974833937949156,0.1230209778389615
1337,wave2,Somewhat Risk-Seeking,1.0277070990804804,1.0142804532101208,0.0273398668109048,0.0307353652680664,0.8178417511829768,0.8525209231551502,0.0786856468747977,0.062194403804642,0.5914649450251078,0.5464861022191682,-0.0348399935112841,-0.0653803167099382,1.1288707317868558,1.1257567743603345,0.116867460843191,0.117747237819166
627,wave2,Risk-Neutral,0.9325877183797834,0.9327143843023024,0.0463264913518948,0.0463063564983827,0.7532463199844026,0.7541230216656751,0.1027020663356362,0.1024125852644891,0.5762942801705068,0.5783143483867699,-0.0473717733114143,-0.0458996413017546,0.9995437701214328,0.9764766130664888,0.1493377994566636,0.1544636659782243
345,wave2,Extremely Risk-Seeking,1.016762217298614,1.016762217298614,0.0301364840301116,0.0301364840301116,0.8803580785214571,0.8803580785214571,0.0448439198945507,0.0448439198945507,0.5535168891731337,0.5535168891731337,-0.0616028823959793,-0.0616028823959793,1.1393598855656046,1.1393598855656046,0.1138566992298946,0.1138566992298946
1901,wave2,Somewhat Risk-Averse,0.996970665755728,0.9846533311633466,0.0346266174957027,0.0371492277786832,0.860679223812048,0.8551268402819937,0.0576467421799576,0.0607782614917609,0.5421602480722195,0.5407484745831116,-0.0676013473222788,-0.0683108441130649,1.1257192254437909,1.101244608112267,0.117757808472326,0.1244674271811085
1122,wave2,Somewhat Risk-Averse,0.9850056497659296,0.9850056497659296,0.0370794444136215,0.0370794444136215,0.6799067271714678,0.6799067271714678,0.1246581379289276,0.1246581379289276,0.5805475121304087,0.5805475121304087,-0.0442157043505082,-0.0442157043505082,1.0281517786975094,1.0281517786975094,0.1427481771704336,0.1427481771704336
1964,wave2,Extremely Risk-Seeking,0.8886425477133723,0.8886425477133723,0.0528550220370459,0.0528550220370459,0.7916273259909464,0.7916273259909464,0.0891895874749239,0.0891895874749239,0.5746210259113804,0.5746210259113804,-0.0485576733401059,-0.0485576733401059,1.0037342891678518,1.0037342891678518,0.1483893122191892,0.1483893122191892
1384,wave2,Somewhat Risk-Averse,0.8827653368957962,0.8827653368957962,0.0536685614049626,0.0536685614049626,0.65899698433625,0.65899698433625,0.1302764096601199,0.1302764096601199,0.5689065386181644,0.5689065386181644,-0.0524076730120823,-0.0524076730120823,0.9913951206475764,0.9913951206475764,0.1511666163361356,0.1511666163361356
882,wave2,Extremely Risk-Seeking,0.9831501319595148,0.9831501319595148,0.0374455117736844,0.0374455117736844,0.7474086201343646,0.7474086201343646,0.1046100627005483,0.1046100627005483,0.5922216622554001,0.5922216622554001,-0.0340953214680105,-0.0340953214680105,1.1305745491921138,1.1305745491921138,0.1163834243692177,0.1163834243692177
1977,wave2,Extremely Risk-Seeking,0.8990113253624304,0.934752596098216,0.0513887081206262,0.0459811597171971,0.6393831534652212,0.78359967442148,0.1353482296770184,0.0921738085622925,0.6021532409515815,0.6030500221030511,0.0221187671069381,-0.0207000626425723,1.114361277250009,1.0306437637454455,0.1209151749743036,0.1421609135889558
126,wave2,Extremely Risk-Averse,0.9839856389160744,0.9332873522961904,0.0372811204946994,0.0462151686822655,0.8739967084226603,0.8184412366880045,0.0493434136054024,0.0784294454611755,0.5665706972824375,0.5740386413237917,-0.0539030791048331,-0.0489637559077941,1.022909131141882,0.9280048299513004,0.1439764664863637,0.1647629353847827
1585,wave2,Extremely Risk-Seeking,0.9792469002832148,0.9933027887110308,0.0382041793127359,0.0353965095842852,0.6687093807601271,0.6866908894369533,0.1276955504787268,0.1227835944041555,0.5952005006704613,0.5920639564103244,-0.0309913466966176,-0.0342518461508395,1.1364538540599485,1.1640802944287658,0.1146983332134189,0.1064423428548124
1348,wave2,Risk-Neutral,0.9639249864596108,0.9639249864596108,0.0410477252363636,0.0410477252363636,0.8020245688186501,0.8020245688186501,0.0851742789956137,0.0851742789956137,0.5726156628047316,0.5726156628047316,-0.049942207806398,-0.049942207806398,1.0292334711000468,1.0292334711000468,0.1424935381307518,0.1424935381307518
2237,wave2,Extremely Risk-Averse,1.062880688815216,1.0532404438725076,0.0152068832510698,0.0193049132376979,0.9064150559670756,0.9005485182453931,0.0166970475625143,0.0258506817046853,0.5852833545564299,0.5906281126754099,-0.0404149633723591,-0.0356454812183,1.299667068918074,1.2864157937192462,0.0496394229593044,0.0576515561368082
880,wave2,Somewhat Risk-Seeking,0.8942248564903074,0.8942248564903074,0.0520706683945066,0.0520706683945066,0.8464926613132916,0.8464926613132916,0.0653546395531379,0.0653546395531379,0.5892884853297041,0.5892884853297041,-0.0368985260230819,-0.0368985260230819,1.1347657226310364,1.1347657226310364,0.115184565394028,0.115184565394028
2224,wave2,Somewhat Risk-Seeking,1.047837979364644,1.047837979364644,0.0212592519238123,0.0212592519238123,0.8299088711958184,0.8299088711958184,0.0733606888484454,0.0733606888484454,0.5618863179224766,0.5618863179224766,-0.0567848001742958,-0.0567848001742958,1.2674678683050211,1.2674678683050211,0.0674940436556941,0.0674940436556941
1256,wave2,Risk-Neutral,0.8878298780821571,0.8916689658256408,0.0529682499693447,0.0524312293270619,0.7344098461521525,0.6716281559678766,0.1087435025923559,0.1269103641673754,0.5761786206354407,0.5860408715866047,-0.0474546904069205,-0.0397735808468497,1.0054798066114563,0.970588552033768,0.1479925917422377,0.155747497131686
128,wave2,Default,1.0504668984844974,0.9961249721688784,0.0203316819763766,0.034805632895418,0.838455237208197,0.8101068761938082,0.0693481228814862,0.0819212223441194,0.5465623231304605,0.579029582805449,-0.0653405175592491,-0.0453670614155027,1.2427708536055957,1.0656402145020554,0.0785204883981701,0.1336629282635973
603,wave2,Risk-Neutral,0.8452066651306813,0.9628649050834552,0.0586044502300833,0.041237256146259,0.8374836306032631,0.8503905874565466,0.0698156817999507,0.0633289322993389,0.5585028709144837,0.5621479875302738,-0.058779481792174,-0.0566276470932635,0.9406775112966452,0.910459186741545,0.162127143116305,0.168351246898384
1049,wave2,Risk-Neutral,0.9346517270898508,0.9889366231144234,0.0459973069872483,0.0362917913260684,0.6941532103891436,0.6905968233495394,0.1206900718839935,0.1216920309715144,0.6007017156983782,0.6001532572382878,-0.0242400638896898,-0.0249948753114614,1.0508425519598907,1.0847710425174817,0.1373155546471874,0.128798315067951
20,wave2,Extremely Risk-Seeking,1.036402759880854,1.0600409179551835,0.0248957506761527,0.0165198950762238,0.8691232758178089,0.8990778179268937,0.0525326925133622,0.0276756536881441,0.5325845344178463,0.5175615490556058,-0.0722797446665804,-0.0790744954396452,1.1783379496295163,1.2416268125780447,0.1019328474012299,0.0789947673404419
1504,wave2,Extremely Risk-Averse,0.9768420563732454,0.9768420563732454,0.0386642382898842,0.0386642382898842,0.7830510650448879,0.7830510650448879,0.0923743456539592,0.0923743456539592,0.5725575450001787,0.5725575450001787,-0.0499817669383175,-0.0499817669383175,1.0855605734724116,1.0855605734724116,0.1285938656143873,0.1285938656143873
1930,wave2,Extremely Risk-Seeking,0.9973694332115072,1.0119171456585223,0.0345418865629216,0.031295049594598,0.8025180681142465,0.8496524939679672,0.0849791206883019,0.0637173724589081,0.5769837923020004,0.5425390687225874,-0.0468744412338425,-0.0674097209717394,1.0683926069556404,1.1561889536106675,0.1329732641559519,0.1088614344923979
1078,wave2,Somewhat Risk-Averse,0.8344536518437425,0.8344536518437425,0.0599437395262024,0.0599437395262024,0.7457196687224144,0.7457196687224144,0.1051558981995028,0.1051558981995028,0.605884041594018,0.605884041594018,0.0153807274706137,0.0153807274706137,1.124008277517004,1.124008277517004,0.1182385214337702,0.1182385214337702
793,wave2,Extremely Risk-Seeking,0.9383165584634132,0.9589771493034231,0.0454069805812713,0.0419250612137622,0.7349843549107431,0.8713117758661062,0.1085639907794052,0.0511248533416294,0.5892838797342501,0.5663933320204906,-0.036902760946408,-0.0540149563097626,1.1253809553520515,1.0988301885584555,0.1178529968009208,0.1251109610171263
1336,wave2,Extremely Risk-Averse,0.977895653996448,1.0240961143630545,0.0384633529759504,0.0282930108273969,0.8058461227361944,0.8580560731416088,0.0836514683575695,0.059146563937247,0.5674975880155326,0.5913639792369374,-0.0533146468471803,-0.0349381577292729,0.9920408128635212,0.9706554609040644,0.1510224389431053,0.15573296220323
724,wave2,Default,0.9716012381632264,0.9562520991988932,0.0396484539182413,0.0424005607507659,0.7624899547794379,0.7993560160722497,0.0996093221586027,0.0862221478039388,0.5563462059882185,0.5698698394632631,-0.0600167989994374,-0.0517785327523072,1.0713869140203125,1.051256346397763,0.132219183617663,0.1372146405666512
1829,wave2,Extremely Risk-Seeking,0.9476633320369412,0.9208923942540592,0.0438657606645622,0.0481496285794471,0.7372903300660635,0.7282962880628933,0.107840596118262,0.1106365563054957,0.583637953150784,0.5785811014668216,-0.0417744156295222,-0.0457017305495096,1.0800135586609716,1.0343346509424498,0.1300239069588638,0.1412869873283717
951,wave2,Extremely Risk-Averse,0.9163788612125188,0.9104563090281874,0.0488351885728458,0.0497205612853695,0.7622637502003853,0.7727743793495232,0.0996861048277221,0.0960561246433602,0.5951660774110946,0.59452920443231,-0.0310289819261901,-0.0317172561785873,0.950222803904639,0.998932314649098,0.160116148099857,0.1494757375175171
1622,wave2,Somewhat Risk-Seeking,0.9266013494729888,0.9805058494320942,0.0472683898181511,0.0379611256350936,0.7769712884795851,0.8343370930023616,0.0945692260902481,0.0713092347245232,0.5657046528020787,0.5394304880535806,-0.0544472026610768,-0.0689667413096685,0.999169367927486,1.0918452501639375,0.1494222745317808,0.1269554694174648
642,wave2,Extremely Risk-Seeking,0.990994544125318,0.990994544125318,0.0358725844765402,0.0358725844765402,0.8007519224971635,0.8007519224971635,0.0856755649311469,0.0856755649311469,0.5629446523504237,0.5629446523504237,-0.0561465140692015,-0.0561465140692015,1.141266945204414,1.141266945204414,0.1133011613635338,0.1133011613635338
803,wave2,Default,1.0285261690222904,1.0285261690222904,0.0271190213959221,0.0271190213959221,0.8688269643111973,0.8688269643111973,0.0527204479958603,0.0527204479958603,0.565154820052523,0.565154820052523,-0.0547898833335706,-0.0547898833335706,1.0909160810930032,1.0909160810930032,0.1271989449736178,0.1271989449736178
1658,wave2,Extremely Risk-Averse,0.9827935620215604,1.0113431992086626,0.0375154510742463,0.0314294746757269,0.7279487148655744,0.8229295733378157,0.1107432558728228,0.0764846778389164,0.6087501899807511,0.579309462723281,-0.0065222700472695,-0.0451569608109755,1.0078630595919758,1.011757914261536,0.1474493515176738,0.1465575916435761
1177,wave2,Somewhat Risk-Seeking,0.9979306961257411,0.9454082895716528,0.0344222765825626,0.0442424772334687,0.7649739171658363,0.7900921663550243,0.0987623959489388,0.089767693809797,0.593860031242072,0.5448206594985661,-0.0324247631506453,-0.0662440690436027,1.2478673155971998,1.0838968631667096,0.076372780307894,0.1290243309715356
1479,wave2,Somewhat Risk-Averse,0.9198759789387804,0.8333025558761428,0.0483048526475312,0.060085364609314,0.8104035528933586,0.6679971616051126,0.0817994193437895,0.1278864611531183,0.5697297899799236,0.6085370238642005,-0.0518704692344628,0.0075477088011726,0.9220006566232696,0.8522187206697778,0.1659986545852414,0.1798050705583416
1714,wave2,Extremely Risk-Averse,0.9525224014406348,0.9579402493758634,0.0430429098128763,0.0421066203803734,0.590486680622298,0.6057183655941025,0.1472862867739368,0.1436655517032427,0.5982861918131623,0.602119708060431,-0.0274094018069721,-0.0221700584945548,1.095170796002387,1.058481937106452,0.1260804494717096,0.135441277333057
972,wave2,Extremely Risk-Averse,1.0464866423522925,1.0444377596587662,0.0217206667606015,0.022402171355776,0.8703843336726268,0.8685163750714606,0.0517260956460263,0.052916543251467,0.566977529154183,0.5799925819249557,-0.053645589450685,-0.0446400379772401,1.2770530988326891,1.2313128462856282,0.0627053666517053,0.0831515426770907
1766,wave2,Somewhat Risk-Averse,1.0755755087196397,1.0755755087196397,-0.0067131788309218,-0.0067131788309218,0.8743029981326487,0.8743029981326487,0.0491361291806182,0.0491361291806182,0.5198723971651601,0.5198723971651601,-0.0780669414963591,-0.0780669414963591,1.2366974544205322,1.2366974544205322,0.0810073362168523,0.0810073362168523
65,wave2,Extremely Risk-Seeking,0.9286129438251725,0.9971690533576838,0.046953973927096,0.0345844895120982,0.7811116982070988,0.8745762467399602,0.0930799100109294,0.0489504719682195,0.5616856781017159,0.5286686369586291,-0.0569050098873704,-0.0741095525336017,1.076519691866879,1.1301503502350048,0.1309171488265409,0.1165041127208892
424,wave2,Risk-Neutral,1.02433535919029,1.0106378889360532,0.0282308528888749,0.0315938865238077,0.8247940829752134,0.8480644514683571,0.0756624539502913,0.0645453219185274,0.5601281811001346,0.5779019393167696,-0.0578297675878372,-0.0462039634134858,1.1520302936860791,1.0323257963733283,0.1101158717889367,0.1417632583507519
1354,wave2,Default,0.9736419143170276,0.8747902393172535,0.0392681336102554,0.0547533880099145,0.8058692222815466,0.7578050192308211,0.0836421817512716,0.1011881481137074,0.5910378384817621,0.579112598216538,-0.0352533904207273,-0.0453048441119868,0.9868774755119312,0.9570603276925388,0.152171886694695,0.1586615404736125
1607,wave2,Risk-Neutral,0.9574080257976924,0.9374479679906124,0.0421995104636913,0.0455475780589417,0.5994695089444223,0.5597737998526606,0.1451609920209919,0.1543504234996925,0.5947270289302222,0.6054585368124565,-0.0315050691076628,-0.0162904317398976,1.1704696049123449,1.1011513122777583,0.1044445381513821,0.124492352037016
1118,wave2,Extremely Risk-Averse,1.0285337159168635,0.9848039846930732,0.0271169781928334,0.0371194039634905,0.8471369417144444,0.7825817896302733,0.0650240961872271,0.0925455500547848,0.6028175469143362,0.6025376766568292,-0.0210769916127448,-0.0215220253737708,1.0009079018748843,0.9509694998318092,0.1490296454203385,0.1599578764173478
1952,wave2,Default,1.0178659015427955,0.9369811761826964,0.0298663077355433,0.0456229594539094,0.8699215459168922,0.8278955436688752,0.0520235404681673,0.074275054997509,0.5233345075471424,0.5411622467644543,-0.0765332150631102,-0.068103651597501,1.2468577422079714,1.0759218640579291,0.0768028828065319,0.1310694203854764
1746,wave2,Somewhat Risk-Averse,1.0164615011843696,0.9991063196504416,0.0302096804492373,0.0341703905723025,0.8885815365617329,0.8785634790932955,0.0382578099513623,0.0461573104971435,0.5352143984974698,0.5517969338528804,-0.0710249782117995,-0.0625477063493492,1.1351597168377234,1.0466267476330706,0.1150712575306207,0.1383397985642026
1308,wave2,Extremely Risk-Averse,0.9904554818130492,0.9228950015345848,0.0359828632974314,0.0478423361138245,0.8004888567500434,0.6943277510084668,0.0857788298054553,0.1206406958400005,0.5899399115996979,0.6060898040725076,-0.036294578097618,-0.0149209575103837,1.1502969666621667,1.0621301143446404,0.1106347199949056,0.1345376797169553
29,wave2,Risk-Neutral,0.952097137653588,0.952097137653588,0.0431155477208554,0.0431155477208554,0.6767873705108685,0.6767873705108685,0.1255112239509902,0.1255112239509902,0.5917907988389247,0.5917907988389247,0.0345212865284053,0.0345212865284053,1.192292893604395,1.192292893604395,0.0973256304599061,0.0973256304599061
204,wave2,Somewhat Risk-Seeking,0.8955075827609091,0.9726899417262592,0.051888779539455,0.0394460059723501,0.8167054972455459,0.8694101418550366,0.0791690272370006,0.0523502876370467,0.5489949347715236,0.542123351790618,-0.0640575507595385,-0.06761998280419,1.0016219447407286,1.107982186683504,0.1488681126947124,0.1226548467682271
1791,wave2,Extremely Risk-Averse,0.994771161445008,0.963362595770341,0.0350903139572003,0.0411483824983651,0.8762395809699776,0.9031547236311148,0.0478049274925901,0.0222530931003293,0.5317769785741859,0.537617344370711,-0.0726607879972063,-0.0698591803478141,1.154212457552387,1.090214217112975,0.1094593415564472,0.1273825695443113
1670,wave2,Extremely Risk-Seeking,1.0286942021294352,1.0286942021294352,0.0270734926761521,0.0270734926761521,0.809826703214548,0.809826703214548,0.0820360879944813,0.0820360879944813,0.5938969566843224,0.5938969566843224,-0.0323861236804835,-0.0323861236804835,0.9835142892399252,0.9835142892399252,0.1529163608039853,0.1529163608039853
1108,wave2,Somewhat Risk-Averse,0.9070303712936492,0.9070303712936492,0.0502256550240935,0.0502256550240935,0.7070636982222276,0.7070636982222276,0.1169848022249313,0.1169848022249313,0.607439673979552,0.607439673979552,0.0114563236567128,0.0114563236567128,1.2738913511911818,1.2738913511911818,0.0643236904425324,0.0643236904425324
802,wave2,Extremely Risk-Seeking,0.958219521898444,0.9171257079245958,0.0420577968802116,0.0487224098934748,0.7816519745020557,0.8222379923221396,0.0928838713793622,0.0767874689386216,0.5734534604777775,0.5597042695642016,-0.0493684559264681,-0.0580789477060061,1.033865493788843,0.9871311833900266,0.141398350159858,0.1521155916254117
1624,wave2,Risk-Neutral,1.0282903938480257,1.0282903938480257,0.0271827766992759,0.0271827766992759,0.878949876236924,0.878949876236924,0.045877673095538,0.045877673095538,0.5369708934139806,0.5369708934139806,-0.0701746750580995,-0.0701746750580995,1.226361161474039,1.226361161474039,0.0850769465895031,0.0850769465895031
388,wave2,Extremely Risk-Averse,0.8876280589767692,1.0285805668014811,0.0529963320160142,0.027104290616306,0.7211404633546553,0.8374800293539324,0.1128139219096344,0.0698174090899003,0.564190532999437,0.5995544680082056,-0.0553858120113741,-0.0257938056559749,0.890350224301813,1.0876058848057006,0.1723818867256948,0.1280628121068431
399,wave2,Risk-Neutral,0.990536047414034,0.9907623303863118,0.035966402948044,0.0359201309618601,0.7787761172953518,0.7755485256938416,0.0939228266626626,0.0950758000146181,0.5730274564947766,0.5695784584336636,-0.0496610179228374,-0.0519696310463616,1.0239008816354784,1.0230101265470082,0.1437448513526188,0.1439528955043617
1817,wave2,Extremely Risk-Seeking,0.9731015973924338,0.9731015973924338,0.0393691877280866,0.0393691877280866,0.8451161555344234,0.8451161555344234,0.0660553978496078,0.0660553978496078,0.5917119747302954,0.5917119747302954,-0.0345986497131974,-0.0345986497131974,1.0221188215706438,1.0221188215706438,0.1441607919444697,0.1441607919444697
735,wave2,Extremely Risk-Averse,1.0397757913492152,0.9029594453821784,0.0238806246795143,0.0508193795052446,0.858964841655356,0.7760576422960501,0.0586312478453777,0.0948948289493266,0.5529635047587355,0.60920173982057,-0.0619084225589854,0.0034610336366986,1.2245339692700483,0.9330496861912284,0.0857768197138907,0.1637182101447079
213,wave2,Somewhat Risk-Seeking,0.9300477676472988,0.9132410819214164,0.0467284271390108,0.0493062217797656,0.6602700751030322,0.7447359330324698,0.1299408414430905,0.1054725768724484,0.5897379724373126,0.5720004397990772,-0.0364828627552622,-0.0503594116408535,1.0186136209873533,1.0303781039848456,0.1449757218733222,0.1422236255109862
477,wave2,Somewhat Risk-Averse,0.9059388416389236,0.9194335449493992,0.0503855287126367,0.0483722657582684,0.7454061017326946,0.7511922629285626,0.1052569388325262,0.1033772600722972,0.570008992432412,0.569205962765881,-0.0516870245669031,-0.0522129196473275,1.0771812756840982,1.10398028799339,0.1307484453321524,0.1237344688061432
902,wave2,Extremely Risk-Averse,0.9326884691655424,0.931738233344388,0.0463104766826051,0.0464613021916932,0.6476075928569777,0.6295742205263457,0.1332433980495035,0.1378195261286046,0.6000738689182114,0.5919660878636291,-0.0251022570273368,-0.034348624704508,1.0041790567711713,0.9499822868732484,0.1482883177275185,0.160167098762997
973,wave2,Somewhat Risk-Seeking,0.8128040482191766,0.8106510551358687,0.0625544958829,0.0628082846423602,0.7350285407973826,0.788650431458425,0.1085501726750531,0.0903073558426038,0.5870358387215648,0.6067988958967415,0.0389151972777061,-0.0132146367289209,1.0863085686799143,1.0622101825874044,0.1283998911309369,0.1345177848422602
1955,wave2,Extremely Risk-Averse,1.0757126555982892,0.97047988146537,0.0065616879766691,0.0398559054896146,0.8533536109233186,0.8330718632016365,0.0617453714502083,0.0719012239233841,0.5336052572252333,0.6076812395221642,-0.0717952859938552,-0.0107189024836882,1.1864909458024346,1.0625779362938317,0.0992660930563492,0.1344263724863777
218,wave2,Default,0.9217413681290296,0.9217413681290296,0.0480195946811435,0.0480195946811435,0.6773021553419745,0.6773021553419745,0.1253708151666006,0.1253708151666006,0.6091953604926877,0.6091953604926877,0.0035228537888037,0.0035228537888037,0.9374977070093278,0.9374977070093278,0.1627921043374393,0.1627921043374393
317,wave2,Somewhat Risk-Averse,0.937538344142299,0.9598834638698642,0.0455329690714154,0.0417657254356315,0.8187069909389426,0.8295703935899222,0.0783156088294688,0.0735151887417735,0.5754768065043647,0.5487260406609428,-0.0479547789481493,-0.0642006057013619,1.125112765798703,1.0806115187537773,0.1179284130318281,0.1298704580108046
894,wave2,Extremely Risk-Averse,0.8040843869662866,0.8297686139195392,0.0635761860533552,0.0605181222044085,0.7615933178006977,0.8178039829868152,0.0999133427918701,0.0787017605820968,0.5944970842132057,0.608496742590057,0.0317515751350215,0.0077262116380821,1.1475901160767292,1.0406475968204891,0.1114403803710193,0.1397805437735185
830,wave2,Default,0.9386681796398396,0.9386681796398396,0.0453499412509643,0.0453499412509643,0.6806709668034582,0.6806709668034582,0.1244482956897888,0.1244482956897888,0.5718370497984605,0.5718370497984605,-0.0504696382408111,-0.0504696382408111,1.07020394676008,1.07020394676008,0.1325175771410572,0.1325175771410572
2282,wave2,Somewhat Risk-Averse,0.921136971545423,0.9649965142920952,0.0481122033707571,0.0408552603334958,0.6623449705841659,0.7535349554157309,0.1293921883084783,0.1026068472582796,0.5978060879321196,0.5976874461641377,-0.0279967363523187,-0.0281399935069962,1.0260790624743548,0.972887000486606,0.1432349472207118,0.1552474886513107
1781,wave2,Extremely Risk-Averse,0.8266319773718589,0.8963292968415442,0.0608996881291992,0.051771929414193,0.567961973282263,0.7762470512242863,0.1524962440845919,0.094827416480504,0.5943128273291773,0.6093437397108467,-0.0319477355771043,0.0015389848090348,0.9123570369520856,0.9256946966604396,0.1679664100284128,0.165239361335253
944,wave2,Somewhat Risk-Seeking,0.9112773579366894,1.0280085821574565,0.0495987557373498,0.0272587855519196,0.8393611306116256,0.8715199174047991,0.0689093839066864,0.0509889555270962,0.5843625226195128,0.5592940110769246,-0.041181259760642,-0.058319102198308,1.0020616283948272,1.1876734525749792,0.1487685665813941,0.0988735750950402
2103,wave2,Extremely Risk-Seeking,1.0550626766973106,1.0786249870165483,0.018599541527031,0.0005944522790502,0.8538051181530059,0.8716043869308892,0.0615005433866559,0.0509337021209948,0.5495500567186721,0.5229492459533246,-0.0637612204947173,-0.0767053676433371,1.2486265873159048,1.3291867477998391,0.0760477470753045,0.0235451311260257
7,wave2,Extremely Risk-Averse,1.0607702298419623,1.044538586142128,0.0161928397745266,0.0223691189897507,0.851589873028898,0.8533852799783679,0.0626927286306111,0.0617282302136164,0.5323704113887466,0.5938489430397483,-0.0723809694587003,-0.0324363571035079,1.3133614757425434,1.1055370322845102,0.0397145121436253,0.1233155504033772
1123,wave2,Extremely Risk-Averse,0.9875786729846916,0.9452602615545224,0.0365657930911825,0.0442670948229615,0.8235773857861926,0.7963732638757186,0.0761999838127869,0.0873789565701914,0.5457298036171468,0.5556949964175623,-0.0657739392525844,-0.0603854963790647,1.113856702595258,1.0618017855138824,0.1210536372399844,0.1346192323256285
578,wave2,Default,1.021835489129996,0.9804490338355536,0.0288737575218702,0.0379721278238205,0.838381200557045,0.8281829378724433,0.0693838597401697,0.0741452079682968,0.5828080097379137,0.5941507255358204,-0.0424437198064249,-0.0321193230847806,1.1507444499585706,1.018204302012764,0.1105009939239325,0.1450706110708834
2223,wave2,Risk-Neutral,0.9628614521711356,0.9675557055166352,0.0412378720754009,0.040391899615036,0.7665721054910168,0.7376294893649912,0.098213770625023,0.1077338095609652,0.570981573597894,0.5816405660749265,-0.0510429156301212,-0.0433678424496979,1.04842127918922,1.054478802962307,0.1379046716047287,0.1364263990321764
1623,wave2,Somewhat Risk-Seeking,0.9699728666491694,0.9699728666491694,0.0399493520719608,0.0399493520719608,0.8704042417315795,0.8704042417315795,0.0517132622884237,0.0517132622884237,0.554145037066943,0.554145037066943,-0.0612542443430851,-0.0612542443430851,1.2171613852298673,1.2171613852298673,0.0885462104976035,0.0885462104976035
1456,wave2,Somewhat Risk-Seeking,0.9550644277078928,0.9550644277078928,0.0426061513402622,0.0426061513402622,0.8347393619930995,0.8347393619930995,0.0711200054923939,0.0711200054923939,0.5686464346764839,0.5686464346764839,-0.0525762723473948,-0.0525762723473948,1.0865506685087396,1.0865506685087396,0.128337049667406,0.128337049667406
1462,wave2,Somewhat Risk-Seeking,0.9707896932648435,1.0372882539945294,0.0397986975716457,0.0246332982328422,0.8268703911586652,0.8779288880795351,0.0747364298971221,0.0466129578661546,0.5788573339076133,0.5507455987566807,-0.0454958870675333,-0.0631183793919201,1.091739652762053,1.200822484975453,0.1269831617345566,0.0944032813234557
1351,wave2,Somewhat Risk-Averse,0.9796477041516446,0.9341016779015372,0.0381269669600131,0.0460852610250866,0.8409282157935378,0.7397459087830596,0.0681438763130612,0.1070651453499581,0.583364420448894,0.5999368236225532,-0.0419961749947699,-0.0252865560207709,1.129912357039846,1.1025523193855542,0.1165717720996321,0.1241175652374005
1841,wave2,Extremely Risk-Seeking,1.0333424746711872,1.022042204797896,0.0257822782729437,0.0288211375133125,0.8500841144213407,0.8434856340937443,0.0634905052853836,0.0668761352856585,0.5424788539030919,0.5465125978820101,-0.0674402163615953,-0.0653664845608191,1.1391615457873503,1.100138477660959,0.1139143291792062,0.1247626393930488
979,wave2,Default,0.8462489499294136,0.8570119172871641,0.0584730255815778,0.0570984465145445,0.7352811079135065,0.7308615794808068,0.1084711559931802,0.1098460015797239,0.5584270879143088,0.5554592982092867,-0.0588233948514647,-0.0605183967524364,0.991216185486649,0.9973515737738526,0.1512065488284606,0.1498317992974885
1111,wave2,Default,0.9882888640535592,0.9475225448009068,0.0364227493192455,0.0438893738061381,0.7340758750649418,0.728336422085971,0.1088477259463392,0.1106242294775259,0.5818169565306066,0.5798174253128875,-0.0432294732840142,-0.0447731450295405,1.1371055726760613,0.9993782233953448,0.1145100952372286,0.1493751565705133
1238,wave2,Risk-Neutral,1.0341388155799824,0.9605967314467035,0.0255545407630967,0.0416399027967597,0.8238915273505122,0.7807203951476747,0.0760615533092973,0.0932216452847034,0.5531986244516303,0.5872110075881228,-0.0617787877314395,-0.0387621189447017,1.2479085034058648,1.0781716859502184,0.0763551830758611,0.1304955110810773
280,wave2,Somewhat Risk-Averse,0.7932571790971902,0.8524800535472699,0.0648227665022395,0.0576811674488991,0.6266384991985969,0.6539651771853807,0.138551219738866,0.131594904131689,0.6047699638732742,0.5674880869990269,-0.0176636831038338,-0.0533207110863948,1.0013639699052794,0.9033268660068796,0.1489264909261288,0.1697905642410061
1732,wave2,Default,0.8744955039554401,0.8920001350300515,0.05479307317944,0.0523846495245186,0.8103110890947377,0.7848299481577472,0.0818374000263721,0.09172255761861,0.5566340546222345,0.5672106706302286,-0.0598531134550065,-0.0534974787447198,0.9800134943859424,0.9733222549844056,0.1536878138834354,0.1551526383003348
1447,wave2,Risk-Neutral,1.006852112078387,1.006852112078387,0.0324622022856522,0.0324622022856522,0.8182252734440217,0.8182252734440217,0.0785218353836384,0.0785218353836384,0.5376519874196037,0.5376519874196037,-0.069842233663725,-0.069842233663725,1.238308046533634,1.238308046533634,0.0803551635740567,0.0803551635740567
1096,wave2,Extremely Risk-Seeking,1.026263693040334,1.026263693040334,0.0277247830407567,0.0277247830407567,0.8467499840739348,0.8467499840739348,0.065222819503044,0.065222819503044,0.5638060016322894,0.5638060016322894,-0.0556216930031809,-0.0556216930031809,1.1696858039452132,1.1696858039452132,0.1046915777615839,0.1046915777615839
2090,wave2,Risk-Neutral,0.8270732001380404,0.9624293264578376,0.0608461567080039,0.0413148825004209,0.5687184292414418,0.7038413455686953,0.1523239134866895,0.1179199037287926,0.6092002842548877,0.5992844589408837,-0.0034752359168767,-0.0261460991489758,1.1261787613805538,1.0796453654795797,0.1176283796050212,0.1301183089174103
1767,wave2,Extremely Risk-Seeking,1.013967279145817,0.9852256279174608,0.0308101140553673,0.0370358072678288,0.794855868871744,0.7890995773612978,0.0879617884392493,0.0901395694348157,0.5410899554054714,0.5360981045362698,-0.0681398953920751,-0.070598438907149,1.222122420103838,1.1548898900657625,0.0866921218366098,0.1092547635869456
1782,wave2,Default,0.9259011916218264,0.9259011916218264,0.0473773405914517,0.0473773405914517,0.7364865764976267,0.7364865764976267,0.108093261376159,0.108093261376159,0.5981127322088561,0.5981127322088561,0.0276230399323765,0.0276230399323765,1.0181924429794793,1.0181924429794793,0.1450733594083566,0.1450733594083566
300,wave2,Somewhat Risk-Averse,0.9366808647739162,0.9351241967718248,0.0456713909943489,0.0459216247209167,0.6714835351368688,0.6524882140898558,0.1269493760022362,0.1319795837980087,0.5613423701299278,0.5741357476188997,0.057110117330931,0.0488962781177908,1.2877355691826284,1.267202301091416,0.0569036032264273,0.067621971985644
741,wave2,Risk-Neutral,0.9977039365681104,1.0144711005092848,0.0344706507354212,0.0306897725139135,0.7891991624547214,0.8176316909141387,0.0901023267078516,0.0787752277827723,0.6044364562021785,0.5907388707940621,-0.0182918323737827,-0.0355399147195912,1.125495979525282,1.0882641430337452,0.1178206374527383,0.1278914604283587
509,wave2,Extremely Risk-Seeking,0.8087889124469908,0.8087889124469908,0.0630269775153838,0.0630269775153838,0.670826765450014,0.670826765450014,0.1271264002063425,0.1271264002063425,0.5771163096117485,0.5771163096117485,-0.0467782586211681,-0.0467782586211681,0.9895430855221816,0.9895430855221816,0.1515794666321636,0.1515794666321636
1594,wave2,Default,0.818999851133217,0.818999851133217,0.0618184299130541,0.0618184299130541,0.5471680889396111,0.5471680889396111,0.1571661189774629,0.1571661189774629,0.5662131849822941,0.5662131849822941,-0.0541283542270714,-0.0541283542270714,1.0498107704811823,1.0498107704811823,0.1375668816952691,0.1375668816952691
135,wave2,Extremely Risk-Averse,0.8800927289094334,0.8800927289094334,0.0540345055986098,0.0540345055986098,0.7005541599182719,0.7005541599182719,0.1188666524088694,0.1188666524088694,0.5819260844491866,0.5819260844491866,-0.0431436475506712,-0.0431436475506712,1.0038952686777685,1.0038952686777685,0.1483527654547106,0.1483527654547106
279,wave2,Default,0.9672703413857576,0.9672703413857576,0.0404438281645849,0.0404438281645849,0.7805272473124287,0.7805272473124287,0.0932915294038793,0.0932915294038793,0.6047877875169207,0.6047877875169207,-0.0176294837356348,-0.0176294837356348,1.1434439138177008,1.1434439138177008,0.1126638196781622,0.1126638196781622
273,wave2,Risk-Neutral,0.9260872897151616,0.9199392723503526,0.0473484063203009,0.0482952010880668,0.7995926449567405,0.7864531825650931,0.0861297300974928,0.091123868455276,0.5688297190414738,0.5733488566546112,-0.0524575232170316,-0.0494404523147129,1.1102268031843503,1.0996775747062222,0.1220453692264763,0.1248854551860996
2386,wave2,Somewhat Risk-Averse,0.9182442091817248,0.9064152492701524,0.0485530236925432,0.0503158122895457,0.7680011662017551,0.7457780409292758,0.0977206951751415,0.105137078682827,0.5653633679700453,0.5591704718492289,-0.0546601567124959,-0.0583912279200321,1.0708270125429948,1.0580250106690106,0.1323604921197297,0.1355540569513852
1461,wave2,Extremely Risk-Seeking,0.9896026865228494,0.9896026865228494,0.0361566407232028,0.0361566407232028,0.6952423981575465,0.6952423981575465,0.1203816378798175,0.1203816378798175,0.6088081798154112,0.6088081798154112,-0.0062141052324894,-0.0062141052324894,1.0293442704141134,1.0293442704141134,0.1424674314380226,0.1424674314380226
495,wave2,Extremely Risk-Averse,1.0410248695309066,1.034267467112866,0.0234936103511868,0.0255175588089638,0.855783969863254,0.8667881504872521,0.0604159938664717,0.0539948241028026,0.5627642557165955,0.5861652585485464,-0.0562558175698241,-0.0396672787049267,1.2497959388318332,1.2090687209966036,0.0755444924405929,0.0914925406521099
356,wave2,Risk-Neutral,0.8838352757536745,0.8838352757536745,0.0535213678665263,0.0535213678665263,0.8068308744709267,0.8068308744709267,0.0832546793912037,0.0832546793912037,0.5870110142572166,0.5870110142572166,-0.0389368427363545,-0.0389368427363545,0.9038802264114804,0.9038802264114804,0.1696792832485323,0.1696792832485323
673,wave2,Somewhat Risk-Seeking,0.9720760953704484,0.9479785101410464,0.0395602792820747,0.0438128525260317,0.6787028602373248,0.8249737226825327,0.1249880205761646,0.0755827737044721,0.5694864426677209,0.5568701750284119,-0.0520298340825683,-0.0597185130794711,1.173412739522551,1.0633592233842213,0.1035118808261827,0.1342319764090374
2310,wave2,Risk-Neutral,1.0246954747010173,1.0335184237621216,0.0281370335985891,0.0257321333772106,0.8459948785331401,0.84857540180185,0.0656089023290906,0.0642800749586406,0.5667767954781715,0.5505590084712538,-0.0537727889565181,-0.0632191322841965,1.0258150782788165,1.0382328846371176,0.1432968337787408,0.1403585224475771
1789,wave2,Extremely Risk-Seeking,0.9654370340817594,0.9456698473346612,0.0407758736294569,0.0441989459849734,0.7925315926212414,0.7056979320882865,0.0888473566650828,0.117381996918195,0.5861096097150653,0.5888467104130558,-0.0397148716162322,-0.0373025687622627,0.8016218601851122,0.9279871588987229,0.1892601842166263,0.1647665844150359
335,wave2,Extremely Risk-Averse,1.0427768182860062,1.061552638277418,0.022939812570053,0.0158344726563974,0.8214680413490066,0.8462312558957054,0.0771232065201418,0.0654882839741551,0.5758991849768106,0.5659071801146266,-0.0476544296933816,-0.0543204401548823,1.2237781013183144,1.265485954211614,0.0860647254294063,0.0684431045393052
357,wave2,Extremely Risk-Seeking,0.997647974844544,0.997647974844544,0.0344825785446428,0.0344825785446428,0.7763397282260355,0.7763397282260355,0.0947944149955811,0.0947944149955811,0.6061562586947771,0.6061562586947771,-0.0147694121042795,-0.0147694121042795,0.9529968405053388,0.9529968405053388,0.1595274429755607,0.1595274429755607
1209,wave2,Somewhat Risk-Seeking,0.9587048094332896,0.968388078674696,0.0419728229088501,0.0402400499146453,0.8198240153216038,0.8538485801283425,0.0778353519636264,0.0614769256312516,0.5542716968873189,0.5407778076072659,-0.061183707864341,-0.0682961761951968,1.030687640405184,1.0810370201446462,0.1421505535675649,0.1297611623735663
2258,wave2,Extremely Risk-Averse,0.8794522220581829,0.8794522220581829,0.0541218430651437,0.0541218430651437,0.5567205219466593,0.5567205219466593,0.1550366725150878,0.1550366725150878,0.5789520971603078,0.5789520971603078,-0.0454250580818119,-0.0454250580818119,1.0638937705006597,1.0638937705006597,0.1340988221273566,0.1340988221273566
854,wave2,Risk-Neutral,0.9761165129791232,0.9761165129791232,0.0388019736955078,0.0388019736955078,0.8827049376861584,0.8827049376861584,0.0430664550944509,0.0430664550944509,0.5444459127199228,0.5444459127199228,-0.0664369038281525,-0.0664369038281525,1.0551188096120705,1.0551188096120705,0.1362693448929259,0.1362693448929259
1469,wave2,Extremely Risk-Averse,1.0194607088521084,1.0194607088521084,0.0294715478378189,0.0294715478378189,0.850114702669746,0.850114702669746,0.0634743973007002,0.0634743973007002,0.5846246778580353,0.5846246778580353,-0.0409645497464285,-0.0409645497464285,1.1547767470211057,1.1547767470211057,0.109288957055114,0.109288957055114
1467,wave2,Default,0.9483038442735432,0.9483038442735432,0.0437581729393354,0.0437581729393354,0.8473182010235343,0.8473182010235343,0.0649308042590265,0.0649308042590265,0.5598823269905668,0.5598823269905668,-0.0579744121897835,-0.0579744121897835,0.9941792795402534,0.9941792795402534,0.1505440402237876,0.1505440402237876
248,wave2,Extremely Risk-Seeking,0.9684079563146092,1.031011988590931,0.0402364166794188,0.0264375113538447,0.8001444976276921,0.868716602251445,0.0859138237983372,0.0527902092676101,0.5587108202687444,0.5414444471500047,-0.0586588173527119,-0.0679619868197952,1.1394580331685398,1.184809609106401,0.1138281710536408,0.0998216371521693
107,wave2,Extremely Risk-Averse,0.8971463259158019,1.0285805668014811,0.0516554862486385,0.027104290616306,0.7926106466018417,0.8374800293539324,0.0888173770055182,0.0698174090899003,0.5875987305756938,0.5995544680082056,-0.0384211358017947,-0.0257938056559749,0.9886205228706226,1.0876058848057006,0.1517847401604816,0.1280628121068431
1940,wave2,Risk-Neutral,0.9047493704849432,0.9322202436786348,0.0505591778540614,0.0463848562060793,0.8374402060139885,0.8535205022690291,0.0698365070167936,0.061654986807206,0.557966289388975,0.5516491924230319,-0.0590897153872998,-0.0626282106601181,0.9343880068853287,0.9457126893191766,0.1634400579969419,0.1610691479455976
147,wave2,Extremely Risk-Averse,1.0423071702424391,1.0423071702424391,0.0230895704579412,0.0230895704579412,0.8553164988428908,0.8553164988428908,0.0606739238123934,0.0606739238123934,0.5649951300333869,0.5649951300333869,-0.0548890132476267,-0.0548890132476267,1.1728664908281698,1.1728664908281698,0.1036855898605677,0.1036855898605677
244,wave2,Somewhat Risk-Averse,0.9803654999217636,0.9768420563732454,0.0379882981902209,0.0386642382898842,0.8014501666620607,0.7830510650448879,0.0854008855060161,0.0923743456539592,0.5630306394334227,0.5725575450001787,-0.0560943399216978,-0.0499817669383175,1.0179979137210111,1.0855605734724116,0.1451184348538523,0.1285938656143873
2126,wave2,Extremely Risk-Seeking,0.8241763419846934,0.8241763419846934,0.0611967755890891,0.0611967755890891,0.7451369599511966,0.7451369599511966,0.105343590433038,0.105343590433038,0.570800623360248,0.570800623360248,-0.0511633606280098,-0.0511633606280098,0.960359939630996,0.960359939630996,0.1579552673265228,0.1579552673265228
403,wave2,Risk-Neutral,0.9541365385942286,0.9505753136805676,0.0427660898375195,0.0433744963195078,0.7962251516184843,0.782018133287467,0.0874360124132312,0.0927507835975594,0.594693094881576,0.594308291823923,-0.0315415678786857,-0.0319525489651928,0.983874948373042,0.968717265081888,0.1528366831826778,0.1561535094700953
1544,wave2,Extremely Risk-Averse,1.0521134731480826,1.0521134731480826,0.0197285549419506,0.0197285549419506,0.8892031616568128,0.8892031616568128,0.0377135479766883,0.0377135479766883,0.5600804542480418,0.5600804542480418,-0.0578578748775622,-0.0578578748775622,1.21927653265874,1.21927653265874,0.0877603602441638,0.0877603602441638
2252,wave2,Extremely Risk-Averse,0.9831788905068416,0.9700252529409936,0.0374398652756335,0.0399397069543688,0.8292303292115373,0.8243068817248971,0.0736700936309763,0.0758781433114764,0.5483461225161824,0.5510154812343708,-0.0644021940043673,-0.062972370668995,1.0852671364648887,1.0782631920721282,0.1286698867408225,0.1304721188606145
392,wave2,Somewhat Risk-Seeking,0.8770567396927236,0.9888157404092928,0.0544472561111016,0.0363162659357028,0.7785886067221448,0.8797060863815958,0.0939901832233333,0.0453254505992406,0.5825657864264732,0.5662223925862778,-0.0426370931249214,-0.0541225639720141,1.0028119034592848,1.1027242761025846,0.1485985607085185,0.1240714914225744
1660,wave2,Default,0.9615922673979542,0.9440950113695852,0.041463653210885,0.0444604078609477,0.6734271272589,0.6786127117894908,0.1264241446893857,0.12501269009831,0.571669940356638,0.5699598496542952,-0.05058212811469,-0.051719359574456,1.044523887039437,1.0050100535022233,0.1388480820392573,0.1480994525645638
3,wave2,Extremely Risk-Seeking,0.8280503167560073,0.9513185813747012,0.0607274423989997,0.0432482165720586,0.8203113687431818,0.8501069898673885,0.077624909333105,0.0634784592953486,0.5649180187265405,0.5469794550175164,-0.0549368179451802,-0.0651222864813916,0.8929764075059762,1.0644897606036785,0.1718602555238256,0.1339502175374678
1005,wave2,Extremely Risk-Averse,0.9029003911103242,0.9433658431209216,0.0508279417666144,0.0445809526031489,0.5968551814346618,0.7698235438588359,0.1457824584621237,0.0970884171284317,0.577322642991581,0.6048799833771119,-0.0466281079445844,-0.0174515130462614,0.991963550754367,0.9290766051174824,0.1510396974942002,0.1645414810624131
395,wave2,Somewhat Risk-Averse,1.0125541636724444,0.898467467672467,0.0311451757517764,0.0514666453529818,0.8601434841091103,0.8052428030300763,0.0579561698097792,0.083893664334223,0.5307886491833903,0.5580786266778152,-0.0731244833866647,-0.0590248987866224,1.0850218011230348,0.9432028972679304,0.128733413889074,0.1615972849324894
1517,wave2,Somewhat Risk-Averse,0.8898971225509771,0.8898971225509771,0.0526797516600429,0.0526797516600429,0.6020718543424605,0.6020718543424605,0.1445399401288104,0.1445399401288104,0.5828780310266147,0.5828780310266147,-0.0423876567675247,-0.0423876567675247,1.0992542327318866,1.0992542327318866,0.1249981623914759,0.1249981623914759
1919,wave2,Risk-Neutral,0.9215112251654296,0.9215112251654296,0.0480548791920274,0.0480548791920274,0.8544505026993009,0.8544505026993009,0.0611489098794762,0.0611489098794762,0.5584874593195436,0.5584874593195436,-0.0587884147832841,-0.0587884147832841,0.991234394961692,0.991234394961692,0.1512024855064185,0.1512024855064185
570,wave2,Extremely Risk-Averse,0.9757605449647428,0.9518479400944172,0.0388693724019194,0.0431580559476102,0.7369833263637203,0.7772689363561954,0.1079371713592351,0.0944629173627612,0.5834528971033406,0.5974456835589651,-0.0419245723456845,-0.0284296890461636,0.9825403973083896,0.9450673814107808,0.1531313269830989,0.1612050889405177
220,wave2,Somewhat Risk-Seeking,0.942861306505488,0.968673985471314,0.0446641727288302,0.0401877604572966,0.8169872831170204,0.8568706465968708,0.0790494198756046,0.0598121783726649,0.5511605369015401,0.5409546087161833,-0.0628937564816575,-0.0682077016055641,0.9660125514052694,1.058627656630913,0.1567386679694629,0.1354052921792774
2330,wave2,Somewhat Risk-Averse,1.0462149817605508,1.0285847534745147,0.0218122493028423,0.0271031565451096,0.8615188598788878,0.8576726256106908,0.057158467986451,0.0593626740080105,0.5748683051927455,0.5792442877400807,-0.0483842305413123,-0.0452059729536157,1.2369090923521484,1.0995385755382527,0.0809219304448813,0.1249224717439382
2395,wave2,Somewhat Risk-Averse,1.0495447849222763,1.0450165687288926,0.0206617680357927,0.0222117615465637,0.8771396749260316,0.9104914058996862,0.0471735394955546,0.0028896517196093,0.566242213843459,0.5508305397733358,-0.0541100971816882,-0.0630724614494198,1.2013520679708856,1.1480728836239815,0.0942189595972392,0.111297097120656
913,wave2,Risk-Neutral,0.9331403575601016,0.9331403575601016,0.0462385798876707,0.0462385798876707,0.6520500964653329,0.6520500964653329,0.1320934921792797,0.1320934921792797,0.5864787816999042,0.5864787816999042,0.0393980746496601,0.0393980746496601,1.1463486039280866,1.1463486039280866,0.1118080536818371,0.1118080536818371
1550,wave2,Somewhat Risk-Averse,0.9877478956646,0.9877478956646,0.0365317595124219,0.0365317595124219,0.7081063921269672,0.7081063921269672,0.1166807031551326,0.1166807031551326,0.5751817849522294,0.5751817849522294,-0.0481634650643499,-0.0481634650643499,1.0500333076460224,1.0500333076460224,0.1375127108305466,0.1375127108305466
1506,wave2,Default,0.973907199927328,0.9385634744290956,0.0392184231900716,0.0453669337710227,0.8311189004303281,0.7635364713024191,0.0728057410937225,0.0992533508948655,0.6036005240530831,0.5927174344643824,-0.0197789198140603,-0.0335985355766095,1.0429412764776895,0.9611014983997606,0.139229484133773,0.1577961461305675
773,wave2,Extremely Risk-Averse,0.979357018234044,0.922255600321976,0.0381829812450971,0.0479406618781095,0.7794559711912089,0.7966822389580016,0.0936782212192954,0.0872598166618803,0.6080570940753555,0.6092814076726462,-0.0094579555710535,0.002566508136565,1.1773716037555395,1.1093923459230282,0.102244502711436,0.1222722820656593
743,wave2,Somewhat Risk-Averse,0.7996666453374973,0.7996666453374973,0.064087698953403,0.064087698953403,0.7319605157388485,0.7319605157388485,0.1095056763188559,0.1095056763188559,0.5501470631417972,0.5501470631417972,0.063441012243959,0.063441012243959,1.2025069422192658,1.2025069422192658,0.0938157931604305,0.0938157931604305
2032,wave2,Extremely Risk-Averse,0.8791322506060782,0.9095332242369522,0.0541654212173548,0.0498571523672688,0.7432267789650914,0.7497303350200154,0.1059566362785821,0.1038552522064241,0.5812890315790195,0.5654400487478102,-0.0436423044745126,-0.0546123811020479,0.9656603287615616,1.0078342888924945,0.156814725184352,0.1474559204444405
538,wave2,Extremely Risk-Seeking,0.9224006581187169,0.9224006581187169,0.0479183727293677,0.0479183727293677,0.7160300818499642,0.7160300818499642,0.1143447791549495,0.1143447791549495,0.5992146041784755,0.5992146041784755,-0.0262364737955032,-0.0262364737955032,1.050992043072886,1.050992043072886,0.1372791054415011,0.1372791054415011
926,wave2,Extremely Risk-Averse,0.8271075892170392,0.8872820985067519,0.0608419824983019,0.0530444363625673,0.5545232927359144,0.6119025255172077,0.1555288192756546,0.1421713731876964,0.5951341580717463,0.6017437446905731,-0.0310638390138432,-0.022737222200269,0.9455782288960348,0.8773162135962306,0.1610974819713224,0.1749504324603034
2253,wave2,Risk-Neutral,0.9014250171958378,0.9014250171958378,0.0510413944016678,0.0510413944016678,0.6173001680273819,0.6173001680273819,0.1408553107920019,0.1408553107920019,0.5667172802976541,0.5667172802976541,-0.0538104449933114,-0.0538104449933114,1.0795716078526074,1.0795716078526074,0.1301372121323055,0.1301372121323055
895,wave2,Risk-Neutral,0.922563276536718,0.922563276536718,0.0478933730481264,0.0478933730481264,0.6155007875766351,0.6155007875766351,0.1412952939266991,0.1412952939266991,0.5937622422453943,0.5937622422453943,-0.0325268705690071,-0.0325268705690071,0.9457809807612244,0.9457809807612244,0.1610547555904277,0.1610547555904277
1551,wave2,Somewhat Risk-Seeking,1.01363005561829,1.001370216954365,0.0308904015193947,0.03368005254341,0.7830533899335335,0.7888083961968576,0.0923734967083961,0.0902483797304455,0.5672220946722059,0.5707364327228559,-0.0534902108310232,-0.0512060201526717,1.1312758699355574,1.1109537319502962,0.1161836321633038,0.1218473723184086
861,wave2,Extremely Risk-Averse,0.9888376645890712,0.8697448599326129,0.0363118282579972,0.0554288592957605,0.73069837216219,0.6277225438262806,0.1098964590047671,0.1382814515872352,0.5352630561497911,0.5708797715722043,-0.0710015579025636,-0.0511107121606079,1.2143401250273278,0.932555281976907,0.0895840078427572,0.1638208584751583
1170,wave2,Extremely Risk-Seeking,1.0211324894442966,1.01676610364461,0.0290519970957389,0.0301355369066954,0.8360569117575618,0.8507590213214828,0.070496739457034,0.0631341549063356,0.5541128386781877,0.5516979436046595,-0.0612721627787822,-0.0626016574052264,1.2300439966355368,1.204886109133512,0.0836490244224834,0.0929799092445574
779,wave2,Extremely Risk-Averse,1.037759650903632,1.0172713353329803,0.0244924361975696,0.0300121556381526,0.8233876846561459,0.81265101915978,0.0762834591979886,0.0808709040343025,0.5224340915721504,0.5288359811186243,-0.0769349744184527,-0.0740322618455961,1.223544838181886,1.2200015137373383,0.0861533854289739,0.0874894305262266
1229,wave2,Somewhat Risk-Seeking,0.8391921476548435,0.8825248992300702,0.0593572313150956,0.0537015839924334,0.6567994637335451,0.7765789656007626,0.1308537542759786,0.0947091733574998,0.5935009346900666,0.5909812850924594,-0.0327981646166382,-0.0353077674152627,1.040590875705457,1.0449889907930412,0.1397941456767448,0.1387358098774296
161,wave2,Default,0.9292037601106596,0.9355195238352272,0.0468612310224284,0.0458582043297869,0.852751176081547,0.8447738028734996,0.0620705583591112,0.0662285528447,0.560832953215252,0.5574875715521129,-0.0574131328356828,-0.0593651446670403,1.0272052112273276,0.9573228265368448,0.142970664310589,0.1586054571820454
599,wave2,Somewhat Risk-Averse,1.069152645535342,1.0459879742055942,0.0118006766511087,0.0218884850331657,0.8762993416025978,0.8596238405694043,0.0477632636125747,0.0582547514657324,0.573354077764225,0.5865491381777768,-0.049436861207807,-0.0393374121263926,1.2549687638253957,1.1878545726588,0.0732777563948965,0.0988133222604537
906,wave2,Risk-Neutral,0.9745784953615564,0.9411023512405052,0.0390923521853355,0.0449531060737035,0.7878763318670078,0.8381761145549437,0.0905958287084004,0.0694827588627342,0.5964469887721395,0.5607386992411896,-0.0295964503528265,-0.0574690248861599,1.001379499347581,1.0743020821559397,0.1489229772932256,0.1314811654913752
2094,wave2,Extremely Risk-Averse,1.0372004120650988,1.0174456294867784,0.0246594582852112,0.0299694743177506,0.8618740151943586,0.8554802385587299,0.0569506909392802,0.060583702568913,0.5611456023181178,0.57803990644613,-0.0572273480504768,-0.0461023773561299,1.1493026874412635,1.1206864047620566,0.1109313016112514,0.1191666115123814
1885,wave2,Extremely Risk-Averse,0.9781947670863232,0.9736910735270468,0.0384061319030988,0.0392589266567152,0.8179065457094795,0.8197992393769206,0.0786579949505148,0.0778460355598411,0.5635295683367465,0.570833711124538,-0.0557906553855756,-0.0511413575573527,1.142915698512296,1.126582773408362,0.1128187771335598,0.117514477794824
2362,wave2,Extremely Risk-Seeking,0.9842609401070356,0.9536080715639008,0.0372267951228914,0.042856915867923,0.8308496880207034,0.8677914449637949,0.0729295656915481,0.053371466860815,0.5716137793006427,0.55300383919546,-0.0506198774297264,-0.0618862028976182,1.0885736632865266,1.050378594953587,0.1278108146984312,0.1374286205179609
732,wave2,Somewhat Risk-Averse,0.985764332516494,0.974846060954369,0.0369287276800492,0.0390419899077044,0.7877697711091219,0.7324596827360861,0.0906354696549784,0.1093507580614309,0.5975773214984661,0.5960172649525097,-0.0282723189177959,-0.0300846166363675,0.9873889500003832,0.9325043581508402,0.1520583765539502,0.1638314280214158
1917,wave2,Risk-Neutral,1.0125749651088245,1.0125749651088245,0.0311402695980842,0.0311402695980842,0.8364485594067517,0.8364485594067517,0.0703104268135488,0.0703104268135488,0.5736382770516759,0.5736382770516759,-0.0492409961668185,-0.0492409961668185,1.170748738081215,1.170748738081215,0.1043564254157971,0.1043564254157971
993,wave2,Risk-Neutral,0.9857861844673564,0.9756488814690346,0.0369243775982987,0.0388904907591081,0.7932039038073346,0.7361348922890181,0.0885920823369732,0.1082036386342951,0.5873961642696851,0.5998570740623685,0.0385996563552079,0.0253931894086236,1.1467174315683906,1.0915532618120491,0.1116989456719252,0.1270320279024014
2053,wave2,Risk-Neutral,0.8762659750891806,0.9067462304402736,0.0545542559843998,0.0502673209016753,0.6406316773768367,0.6282926874782238,0.1350306650235709,0.1381393739154435,0.5756041311546072,0.5774757223043787,-0.0478644362449121,-0.046516400287538,0.956594770587014,0.9422296157544068,0.1587609635394586,0.1618016763203326
197,wave2,Somewhat Risk-Averse,0.9839031434528698,0.9839031434528698,0.0372973840581158,0.0372973840581158,0.815815907408349,0.815815907408349,0.0795454734841481,0.0795454734841481,0.5605193325035026,0.5605193325035026,-0.0575989008240189,-0.0575989008240189,1.0670599040893265,1.0670599040893265,0.1333076125512514,0.1333076125512514
210,wave2,Extremely Risk-Seeking,0.9187842542883672,0.9058323531087203,0.048471029184655,0.0504010989517184,0.7638845259927042,0.7994272843237096,0.0991346883761857,0.0861943234173003,0.572134662376436,0.5614693109344139,-0.0502686830498494,-0.0570343620829113,1.020269773486599,0.973326432511036,0.1445912057347939,0.1551517276821888
1001,wave2,Extremely Risk-Seeking,0.9654011919584662,1.0164353097857646,0.0407823385267387,0.0302160472563209,0.7653494689481342,0.8690862510759385,0.0986337404611644,0.0525561892177518,0.551849229278493,0.5505606520957039,-0.0625191861169324,-0.0632182454684776,1.0916903036276553,1.1558679858697547,0.1269961013249242,0.1089587426278451
589,wave2,Risk-Neutral,1.044565507791434,1.0231656862305136,0.022360285439622,0.0285334612138269,0.8645669864208431,0.7963574203187213,0.0553501739458813,0.0873850615548057,0.5738157022739241,0.5927142129420188,-0.0491183257375707,-0.0336017872853061,1.0484491580213504,1.0868629248773365,0.1378979016973485,0.1282559552648283
1913,wave2,Somewhat Risk-Averse,1.018592936440173,1.018592936440173,0.0296869948105648,0.0296869948105648,0.8254103246223522,0.8254103246223522,0.0753887732665296,0.0753887732665296,0.5990098232174212,0.5990098232174212,-0.0264996380904608,-0.0264996380904608,1.104904016453871,1.104904016453871,0.1234860555015914,0.1234860555015914
398,wave2,Extremely Risk-Averse,0.9817116090217514,0.9817116090217514,0.0377268812810307,0.0377268812810307,0.8576808630596092,0.8576808630596092,0.059358039556449,0.059358039556449,0.6021147371095046,0.6021147371095046,-0.0221776519075074,-0.0221776519075074,1.217822656917815,1.217822656917815,0.0883012535370358,0.0883012535370358
43,wave2,Risk-Neutral,0.9459105493380991,0.971877057000964,0.0441588481552819,0.0395972617987034,0.702727263508315,0.739589694581418,0.1182415749172386,0.10711463603141,0.5862166787073047,0.5945746327661401,-0.0396232518154478,-0.0316686548808488,1.0585591333146658,1.1167658948266452,0.1354222149844866,0.1202532507305051
1634,wave2,Extremely Risk-Averse,0.9301779255335696,0.9685978379450956,0.0467079135920574,0.0402016936704836,0.7495437673459242,0.7632889220142651,0.1039161009210128,0.0993376651419134,0.5876093791632653,0.5868087347820095,-0.0384117284430849,-0.039112774650751,1.003869280311094,1.0183430942460308,0.1483586660837053,0.1450384423424416
2271,wave2,Extremely Risk-Seeking,0.8653551828257185,0.9111807759863118,0.0560099994347824,0.0496130993828373,0.7011775091190547,0.7968068119752119,0.118687668580108,0.0872117370173105,0.5722623250705499,0.557409230992096,0.0501822379843611,-0.0594100978613246,1.0876303952179514,1.0480505216607006,0.1280564356284713,0.1379946746387721
2275,wave2,Extremely Risk-Averse,0.9686124954954138,0.9791862717352756,0.0401990120551035,0.0382158455176565,0.8635196379399803,0.8695915128715991,0.055978015686175,0.0522346371133519,0.5544737174561425,0.5530648744329876,-0.0610710371276746,-0.0618525645160681,1.0321213437348795,1.0480153155244647,0.1418116485441732,0.1380032182608523
2389,wave2,Extremely Risk-Seeking,1.0018452792089343,0.9140938288853432,0.0335762539198689,0.0491786523364536,0.7362722361129673,0.7430081003673097,0.1081605456036464,0.1060266019752633,0.6086802346601832,0.5951853382332133,0.0068756676391367,-0.0310079295199441,1.1298806240078745,0.929765249994766,0.1165807907145031,0.1643990498037605
1502,wave2,Default,0.9556482038365376,0.9519786578393414,0.042505220773664,0.0431357632432868,0.8071595808133378,0.7714290602696314,0.0831218227821001,0.0965280770135606,0.5839468191720805,0.6041207260050369,-0.0415225970023973,-0.0188672625500231,0.9133385222371436,0.9060385819807,0.1677670809744455,0.1692446161454881
2130,wave2,Extremely Risk-Seeking,0.8967108528295837,0.9694489734963264,0.0517175822507794,0.0400456818469162,0.5488007370851042,0.7955191704975406,0.1568040198874873,0.0877074760267696,0.6084999521378948,0.5612346221338008,-0.0077121402657697,-0.0571743410332546,1.0361970968890777,1.1551589358680665,0.140844101967751,0.1091734130637142
940,wave2,Extremely Risk-Seeking,0.8737734042335448,0.967421711997922,0.0548901817786586,0.0404162910642947,0.552819668914758,0.7830144138466771,0.1559094372446654,0.0923877280396694,0.5888708526550046,0.5509422371442804,-0.0372806010101558,-0.0630120292668775,0.9302881454170042,1.0762340382023563,0.1642908264376081,0.1309899277087493
295,wave2,Somewhat Risk-Seeking,1.0327292187361876,1.0105266435566238,0.0259562989109671,0.0316197407139532,0.8153412342881584,0.80009598199624,0.0797456312415242,0.0859328261163517,0.600464818571187,0.5960735524946502,-0.0245689298369318,-0.0300211241625265,1.252690436485164,1.18367725990343,0.0742844572912228,0.1001941181397222
1234,wave2,Default,0.9947680957344582,0.9845054072304428,0.0350909560106677,0.0371784880853215,0.8324905746757134,0.8486084097216926,0.072171608692137,0.0642629027054331,0.5534079303343838,0.5777492163959522,-0.0616631597243033,-0.0463161566322592,1.089932993275035,0.980867047935202,0.1274560749929368,0.1535000450375582
2124,wave2,Somewhat Risk-Averse,0.9183482547090188,0.9213717756506687,0.0485372372355631,0.0480762464972368,0.8312609187323561,0.8195467140139603,0.0727403364578183,0.0779548451233771,0.5599364071524731,0.5776068689112303,-0.0579426254960112,-0.0464204857884957,1.1184091832832277,1.1377007965889692,0.1197989160750809,0.1143379180773956
1200,wave2,Default,1.04505140841925,1.0165838412574064,0.0222002483889962,0.0301799233565033,0.839725766585492,0.8100549875145377,0.0687320092690879,0.0819425075508986,0.5589740209281604,0.571933070383775,-0.0585057409336079,-0.0504048894844205,1.1678583854072304,1.0533616839842157,0.1052653922543284,0.1367001331529025
938,wave2,Somewhat Risk-Seeking,0.976024988267848,0.9757087857594672,0.0388193140213788,0.0388791627785926,0.7674764521148799,0.7615008007674658,0.0979020172521292,0.0999446617695137,0.5534593563850914,0.5583842834201173,-0.0616347174544753,-0.0588481839726788,1.0817646268967809,1.1110805789418776,0.1295740675441843,0.121812791378109
1584,wave2,Somewhat Risk-Averse,0.925777676425704,0.925777676425704,0.0473965348963801,0.0473965348963801,0.8045516990856645,0.8045516990856645,0.0841702678070364,0.0841702678070364,0.5393200107166504,0.5393200107166504,-0.0690214426434589,-0.0690214426434589,1.0518967870042693,1.0518967870042693,0.1370583175160876,0.1370583175160876
1058,wave2,Extremely Risk-Averse,0.9808323835262736,0.9808323835262736,0.037897831605151,0.037897831605151,0.7565380374607127,0.7565380374607127,0.1016110758123583,0.1016110758123583,0.574927443781473,0.574927443781473,-0.0483426591275757,-0.0483426591275757,1.0442262438036969,1.0442262438036969,0.1389198866170187,0.1389198866170187
1273,wave2,Extremely Risk-Averse,0.928591048942875,0.9529423638622956,0.0469574073694804,0.0429710578066377,0.7301911732768941,0.7288021189987004,0.1100531247783134,0.1104810988776922,0.564275329893247,0.5572901313691504,-0.0553336618557826,-0.0594783751509027,1.0588297159150566,1.077008783505429,0.1353553793412725,0.130792450298498
1724,wave2,Extremely Risk-Averse,1.0643164831162646,1.0619154793321577,0.0144978766806168,0.0156655009214018,0.8863392635887758,0.8843937056297897,0.0401601361158631,0.0417409734061045,0.5494585446857376,0.5492301885440635,-0.0638101638233808,-0.063932134652979,1.2613620361993467,1.2585629382575356,0.0703776321111162,0.0716615113284512
919,wave2,Default,1.0515718883377507,0.996457342566298,0.0199289444552891,0.0347353866442386,0.8469054654056797,0.7653637387894039,0.0651430431991398,0.0986288487566957,0.5700701190977463,0.5724364514649514,-0.0516467764408366,-0.0500640924376314,1.2159348234541048,1.0711511951216064,0.0889988399859211,0.1322786917246444
281,wave2,Somewhat Risk-Averse,0.9757708642326808,1.0366964282145148,0.0388674201947991,0.024809016996487,0.6221883691507241,0.8275041570168469,0.1396535999270372,0.0744515304372855,0.5926059583638045,0.5924139066898371,-0.0337108746947107,-0.0339035440908037,1.170368350850828,1.0165966250205387,0.1044764829990358,0.1454427564586224
1470,wave2,Somewhat Risk-Averse,0.9262690706504582,0.943675030968296,0.0473201263465562,0.0445298777749089,0.7430333808097654,0.7664344393940367,0.1060185158133884,0.0982611445087311,0.5846338082977351,0.5971958061171169,-0.0409569815656426,-0.0287260480360429,0.9005395094842085,0.8163444189220543,0.1703501212446689,0.1865518795018877
1548,wave2,Somewhat Risk-Seeking,0.9560260050417494,0.9173578547470824,0.0424397747329167,0.0486873015069894,0.720416553349279,0.6742724909321681,0.1130319714349805,0.1261950567068333,0.5715462442729979,0.5907344262251532,-0.0506652350271356,-0.0355441569638591,1.0309446842966303,1.032539874275861,0.142089847185351,0.141712573720809
933,wave2,Somewhat Risk-Seeking,0.9966382600727602,0.9894771840010588,0.0346970903693877,0.0361821447757996,0.7444272986165655,0.7868411697413364,0.1055717435573232,0.0909802051254425,0.5775876539491949,0.5693135669404408,-0.0464345509942163,-0.0521427553182912,1.154320532830816,1.0935607080568257,0.1094267283126041,0.1265048051034221
1581,wave2,Default,0.9918834209600058,0.9848200233441122,0.0356900019133245,0.0371162275013796,0.7922592789891566,0.8057314740367929,0.0889505513003449,0.0836975452339655,0.6081222827839068,0.6021961277133114,-0.0092217335976237,-0.0220529946750263,1.1735643705934506,1.0885114092814678,0.1034636120861597,0.1278270388499196
505,wave2,Extremely Risk-Seeking,0.9534675510424596,0.9583354955215996,0.0428810345641503,0.0420375053783665,0.8414648859088467,0.8517920759651341,0.0678797702401079,0.0625848358499298,0.5659598998123696,0.5529598575742933,-0.0542873947433277,-0.061910431353317,1.066885824793249,1.1395055367926794,0.1333512279633111,0.1138143609261391
2005,wave2,Extremely Risk-Seeking,0.97993026462523,0.9574498650873898,0.0380724398943563,0.0421922155196963,0.7919544061694236,0.831484288469947,0.0890659469921127,0.0726373498572621,0.571985604103506,0.5586846441863881,-0.0503694299933381,-0.0586740197189835,1.0777746425318604,1.0994276373670404,0.1305969642234572,0.124952008055171
1458,wave2,Somewhat Risk-Seeking,0.9497764224243012,1.022992772435637,0.0435098207921056,0.0285779250891799,0.6961529130925936,0.8689882756682977,0.120123227165331,0.0526183164753104,0.6053736360687665,0.5212564316750835,-0.0164659371442733,-0.0774573666989415,1.0188282081712234,1.1732172659432163,0.1449259530368351,0.1035740741736882
364,wave2,Extremely Risk-Averse,0.904850255274447,0.9343607411314484,0.050544472750741,0.0460438570159838,0.7830501207927122,0.7857528966223397,0.092374690450555,0.0913826164147382,0.5654335683275884,0.573937329712908,-0.0546164202958961,-0.049034057879807,0.98292903163026,1.0487005069709034,0.1530455770135597,0.1378368519233467
1923,wave2,Somewhat Risk-Seeking,0.9623322567063716,0.971364962717864,0.0413321619914286,0.0396922545890064,0.7587612654185268,0.774579986558749,0.1008678197532492,0.0954191641784378,0.5566890544666856,0.5487709682223958,-0.0598217874787798,-0.06417672551665,1.1044177165444125,1.1201031291241104,0.123616891988197,0.1193288679206437
2069,wave2,Extremely Risk-Seeking,0.9700169848511032,0.9635891758466466,0.0399412293899877,0.0411078584107445,0.8442976589778015,0.8325551708725687,0.0664686398414927,0.0721416109642345,0.5445316056439774,0.5424148925922992,-0.0663928570425344,-0.0674725943140903,1.1069620081935354,1.1117461656252237,0.1229309145398748,0.1216311878763899
1033,wave2,Extremely Risk-Seeking,1.0197387109203442,1.014340575619826,0.0294021939023187,0.030720994443465,0.740050911933472,0.8627590836229903,0.1069684533985311,0.0564296124438408,0.5897536206080282,0.5429930548311797,-0.0364683072274265,-0.0671793652054784,1.2628989355060205,1.2174343817196962,0.0696628331275256,0.0884451632203193
1438,wave2,Default,0.7921897477601403,0.8478523176210782,0.0649443897318478,0.0582702815851481,0.5971867658960173,0.6174179257898942,0.1457037702736132,0.140826472570084,0.6063781236131587,0.6037321663137314,-0.0142518080386435,-0.0195522277291259,0.9809103089837364,0.9746144136725244,0.1534905227102037,0.1548707419717275
90,wave2,Extremely Risk-Averse,1.052941893909584,1.058812553716243,0.0194180402929062,0.017056592032118,0.8799398270883949,0.8890354497515208,0.045153406420756,0.0378611538708811,0.5773155883376189,0.5447847912140923,-0.0466332495931992,-0.0662625497745834,1.2935707853177452,1.2939645213623676,0.0534730223965767,0.0532336763248477
2153,wave2,Extremely Risk-Averse,1.0295663056457427,0.9871855439457676,0.0268359583493762,0.0366447367130811,0.8383992141190639,0.6945172361144063,0.0693751664099126,0.1205870705543909,0.5762184972940525,0.5649562798993868,-0.0474261187907966,-0.0549131032970926,1.1900998891994945,1.061848790046101,0.0980634223736259,0.1346075598263438
8,wave2,Extremely Risk-Averse,0.9914772867605524,0.9914772867605524,0.0357735402233705,0.0357735402233705,0.8423578989245534,0.8423578989245534,0.0674380504958197,0.0674380504958197,0.5845288346011107,0.5845288346011107,-0.041043910149483,-0.041043910149483,1.2158395410554408,1.2158395410554408,0.0890339080742631,0.0890339080742631
2097,wave2,Default,1.0320403586111528,1.0320403586111528,0.0261503961211184,0.0261503961211184,0.8664525635777643,0.8664525635777643,0.0542017461342217,0.0542017461342217,0.5765168036543019,0.5765168036543019,-0.0472118388004533,-0.0472118388004533,1.1913181315611063,1.1913181315611063,0.0976542315611831,0.0976542315611831
645,wave2,Default,1.0221779330422602,1.0038438866559516,0.0287865353999918,0.0331360235011845,0.8980748520408445,0.8689274776416421,0.0288542863430254,0.0526568327067541,0.5664593046789698,0.5609302933603186,-0.053973369315268,-0.0573553542857157,1.1366198773391092,1.0935567887231494,0.1146504079937912,0.1265058364573991
613,wave2,Somewhat Risk-Seeking,0.9741885975996384,1.0052293369436822,0.0391656250842275,0.0328274032077775,0.709390207076975,0.8704082995680709,0.1163052483821603,0.0517106460934943,0.5490366932210069,0.5402397292463638,-0.064035306556468,-0.0685647512786794,1.1386180225489462,1.1224291700925346,0.1140721146608286,0.1186805591961234
2179,wave2,Extremely Risk-Seeking,0.9902321878627316,1.0000165528709068,0.0360284453584739,0.0339740897267094,0.7434119537093877,0.8827173620027783,0.1058973555212347,0.0430568514109511,0.5685709536325073,0.5551482195433743,-0.0526250991405341,-0.0606933620058094,1.055542256952955,1.1297352122061133,0.1361653409202854,0.1166221087062961
2175,wave2,Extremely Risk-Seeking,1.0480890745454807,1.0480890745454807,0.0211724095664238,0.0211724095664238,0.9087334020075786,0.9087334020075786,0.0111787807758874,0.0111787807758874,0.5643329916047267,0.5643329916047267,-0.0552981721094755,-0.0552981721094755,1.1862556755179188,1.1862556755179188,0.0993440102268101,0.0993440102268101
215,wave2,Risk-Neutral,0.9482033241576212,0.9868606285856286,0.0437750748006149,0.0367098550034232,0.7368394767351466,0.7739576813521877,0.1079823942966086,0.0956391552292168,0.5711266354385505,0.5859702496220366,-0.0509461553499584,-0.0398338095119057,1.0124897719558856,0.97157893434994,0.1463894716539784,0.1555322261163261
2020,wave2,Extremely Risk-Seeking,0.9896506921031192,1.041554630736089,0.036146880514033,0.023327534525143,0.7990693407268756,0.8531734457024821,0.0863339830211372,0.0618427989014849,0.6037138925684122,0.5623249190763725,-0.0195838522936542,-0.0565211414131415,0.908695830650712,1.210350676268931,0.1687081115257444,0.0910319661591371
2183,wave2,Extremely Risk-Seeking,0.9547437877575916,0.9314334027810188,0.0426614867512458,0.0465095834783872,0.8101656009472408,0.7990339510664105,0.0818971264224141,0.0863477791710642,0.5629491561986256,0.5633056507660598,-0.0561437824696919,-0.05592714937712,1.0390293023613653,1.0004453429002969,0.140168137279389,0.1491342014996858
953,wave2,Somewhat Risk-Seeking,1.0019459181614645,1.0019459181614645,0.0335542238039474,0.0335542238039474,0.8336914077293389,0.8336914077293389,0.0716119438131748,0.0716119438131748,0.5576123912362636,0.5576123912362636,-0.059293451512109,-0.059293451512109,1.1894072174474004,1.1894072174474004,0.0982953504821772,0.0982953504821772
315,wave2,Default,1.017746430459845,0.9928533255055496,0.0298956710728611,0.0354897094254129,0.8182397119990183,0.8082135280778883,0.0785156618213912,0.082694438317712,0.596358612467536,0.5963246228314837,-0.0296974989643355,-0.0297362712785185,1.0495860257400642,0.9415588064394292,0.1376215699028425,0.1619424129780724
1857,wave2,Default,0.9925158953119266,0.970606139381364,0.0355595185889214,0.0398326013451545,0.6962420398455564,0.6890086805721362,0.1200979041758187,0.122136965471228,0.5781972431323723,0.5787835070297508,-0.0459862578241761,-0.0455509918649644,1.0788669853848902,1.0623957597464038,0.1303176695944526,0.1344716632353162
1132,wave2,Default,1.062077554755363,1.0305664809287187,0.0155894327332829,0.0265609338023677,0.8976024667434548,0.8800681401227032,0.0293930934829315,0.0450586849771274,0.5544067712053103,0.5579708143785148,-0.0611083970043896,-0.0590871059047128,1.2552145022663768,1.110819342587341,0.0731683648805371,0.1218839993773157
1341,wave2,Extremely Risk-Averse,0.9322798275197116,0.8950779300078696,0.046375397638177,0.0519497738866122,0.8561595646813068,0.8202792119565095,0.0602079683125462,0.0776388120141133,0.5558432804464772,0.551269706116268,-0.0603017372943427,-0.062834527427871,1.001894086631465,0.9201596442231028,0.1488065058697528,0.1663759107553713
2274,wave2,Extremely Risk-Seeking,0.8921125509649438,0.8921125509649438,0.0523688286177598,0.0523688286177598,0.6702901773642674,0.6702901773642674,0.1272708597828616,0.1272708597828616,0.6076190836619486,0.6076190836619486,0.010913403850622,0.010913403850622,1.1982891917215857,1.1982891917215857,0.0952802373784686,0.0952802373784686
1786,wave2,Risk-Neutral,1.0218394275311864,1.0219990834826596,0.0288727558848085,0.0288321220564036,0.8650648717345937,0.8429314389743935,0.0550492324637078,0.067152850423183,0.5305094400672105,0.56063952026841,-0.0732549596990093,-0.0575277795699984,1.1368285899991537,1.181732495237844,0.1145901328549711,0.1008307556968338
1505,wave2,Default,0.8579542245370934,0.9727195027103612,0.0569765431592951,0.039440494611333,0.801342844496237,0.8122038942962012,0.0854431602981197,0.0810564538836077,0.6075973982806073,0.585448457162896,-0.0109804525971089,-0.0402760374403241,0.9884252390471444,1.0109708834397335,0.1518281591287575,0.1467381889401481
1433,wave2,Somewhat Risk-Averse,0.876888938721044,0.9715965913933884,0.0544699789426989,0.0396493157985469,0.4544166922821329,0.7981074581369413,0.176639633057093,0.0867082012542762,0.5992674878650438,0.5684170411275064,0.0261680841144358,-0.0527245227192544,1.243265590934873,1.124788005164793,0.0783145201161309,0.1180196763558226
1030,wave2,Risk-Neutral,0.915244207337077,0.9665625364295424,0.0490060366753343,0.0405723445117239,0.6119358614345427,0.7034273632087423,0.1421632796205331,0.1180395304182743,0.6039857316535514,0.59622312531749,-0.0191080143482283,-0.0298517518443572,1.084079406035103,1.0897824508096936,0.1289771657523243,0.1274954070319993
1119,wave2,Extremely Risk-Averse,1.0562012787652109,1.0562012787652109,0.0181449034110821,0.0181449034110821,0.8828910226614074,0.8828910226614074,0.0429223928452684,0.0429223928452684,0.5560382396038582,0.5560382396038582,-0.0601914387094941,-0.0601914387094941,1.2462199058340189,1.2462199058340189,0.0770734080708296,0.0770734080708296
376,wave2,Extremely Risk-Seeking,0.8353858974292434,0.8353858974292434,0.0598287985241079,0.0598287985241079,0.5647688540742148,0.5647688540742148,0.1532217367068873,0.1532217367068873,0.5699412388819012,0.5699412388819012,-0.0517315998864135,-0.0517315998864135,0.9965454181691364,0.9965454181691364,0.1500130889075298,0.1500130889075298
2325,wave2,Default,0.8746061270241925,0.9068874338227938,0.0547781814687344,0.0502466193797492,0.6024043776153696,0.616750730122248,0.1444604066065772,0.1409897931819542,0.5975216050987053,0.5914046790435684,-0.0283390329129178,-0.0348986203066796,0.9475814224216538,1.012000725066435,0.1606748962563652,0.1465018335177336
1587,wave2,Somewhat Risk-Seeking,0.98056568128103,0.9847450879059468,0.037949535928775,0.0371310661806044,0.7706071322638806,0.7367703079513154,0.0968153276180301,0.1080041329033631,0.5705640900980755,0.5663960611200732,-0.0513203812619406,-0.0540132366026272,1.1079943745787126,1.1162388186599868,0.1226515451015683,0.1203986336793991
826,wave2,Extremely Risk-Seeking,0.825569068950701,0.997532281013998,0.0610284557012504,0.0345072247805196,0.6802355073119072,0.8836349699916249,0.1245679033085688,0.042341587289302,0.6086903338905527,0.5393758261237606,0.0068257786834745,-0.0689938117302458,1.053619570057348,1.1227298298349355,0.1366369869577604,0.1185965158086731
662,wave2,Somewhat Risk-Seeking,1.0080107524265531,0.9818234699925024,0.0321989299789056,0.0377050765728765,0.8478997633620468,0.8624508899137512,0.0646305874429774,0.056611596868762,0.5498489687349027,0.5438865969131991,-0.0636010953731968,-0.0667236945163534,1.159260801369815,1.0920050501041976,0.1079259093091529,0.1269135520319471
2078,wave2,Somewhat Risk-Averse,0.9892138628106536,0.9892138628106536,0.0362355976746642,0.0362355976746642,0.773094127843354,0.773094127843354,0.0959436245279811,0.0959436245279811,0.5507459831476409,0.5507459831476409,-0.0631181716695163,-0.0631181716695163,1.2105871260220158,1.2105871260220158,0.0909467693107623,0.0909467693107623
1778,wave2,Somewhat Risk-Averse,0.986491736061344,0.9685266547003888,0.0367836480398293,0.0402147141989999,0.7006097360795024,0.7127052425041868,0.118850705020945,0.1153304081451847,0.5737679707011637,0.5783813925849908,-0.04915135679093,-0.0458499792416218,1.0304780832657523,1.0090502000565855,0.1422000272853087,0.147178069703015
2208,wave2,Default,0.9791627354387216,0.9791627354387216,0.0382203734411124,0.0382203734411124,0.8473379676846315,0.8473379676846315,0.0649206226319729,0.0649206226319729,0.5818134782269622,0.5818134782269622,-0.0432322060812132,-0.0432322060812132,1.0870071953852796,1.0870071953852796,0.1282184713552302,0.1282184713552302
162,wave2,Default,0.9618929195539137,0.941749778550706,0.0414102793189488,0.0448469717106781,0.6335786842014793,0.5874731240236543,0.1368156247687528,0.1479930158776448,0.5876971298128688,0.5835554597128485,-0.0383341188726725,-0.0418414179042035,1.0390613487949871,1.0637730916741976,0.1401604715240111,0.1341288936413305
846,wave2,Somewhat Risk-Seeking,0.8544228582877176,0.9243653235307492,0.0574320701819184,0.0476154698896263,0.646530263805105,0.7888625664988097,0.1335208671691529,0.0902281466667738,0.5749407842396475,0.5550432445291394,-0.0483332765689519,-0.0607522928374278,1.0166955550236814,1.015534919479457,0.1454198813480293,0.1456880421696801
531,wave2,Risk-Neutral,0.957589169438422,0.957589169438422,0.0421679178963054,0.0421679178963054,0.6404218721760125,0.6404218721760125,0.1350840778518935,0.1350840778518935,0.6085840006513404,0.6085840006513404,-0.0073340509259278,-0.0073340509259278,1.0618364084896788,1.0618364084896788,0.134610634593575,0.134610634593575
223,wave2,Extremely Risk-Averse,0.9489891275900478,0.9453658439969346,0.0436427735250494,0.0442495374741542,0.6813075524859045,0.6549104359315931,0.1242732502572457,0.131348157651344,0.590222513566707,0.6021975014751252,-0.0360294415928271,-0.0220508845960308,1.08538897984967,1.0257744908912134,0.1286383257078778,0.1433063466145608
585,wave2,Risk-Neutral,0.9585677685782517,0.9557401075513504,0.0419968360954346,0.0424893096171277,0.7301192580243319,0.6307337366164107,0.1100753210844968,0.1375295385004711,0.5630435000493205,0.5774848308616175,-0.0560865324009312,-0.0465097450512095,1.1183649711653836,1.0819023803316654,0.119811161066743,0.1295386175883834
80,wave2,Extremely Risk-Seeking,0.9505472991911847,0.952065650779108,0.0433792487921806,0.0431209210611169,0.7749357791719077,0.8168572297964117,0.0952931680349365,0.0791046444660174,0.5604122053358704,0.56380652692403,-0.0576622204899183,-0.055621371450256,1.047618743623694,1.0539523570975888,0.1380994222619398,0.1365554604621429
1532,wave2,Somewhat Risk-Seeking,0.9763333209134516,0.999450622288364,0.038760866368963,0.0340962705625274,0.802829245243191,0.825788243917253,0.0848558390584709,0.0752204531407155,0.5881318138790176,0.5797443502817821,-0.0379473431916909,-0.0448285611508216,1.010739997273757,1.0598182265259974,0.1467911310042318,0.1351109500739488
250,wave2,Extremely Risk-Averse,0.8775983205586029,0.8775983205586029,0.0543738537183058,0.0543738537183058,0.712473899773773,0.712473899773773,0.1153986913906329,0.1153986913906329,0.6021319778096879,0.6021319778096879,0.0221513046281629,0.0221513046281629,1.0266357132588662,1.0266357132588662,0.1431043693493371,0.1431043693493371
1050,wave2,Extremely Risk-Averse,1.038805151093971,1.038805151093971,0.0241771002177435,0.0241771002177435,0.828608720763849,0.828608720763849,0.0739524258973978,0.0739524258973978,0.5611660342847493,0.5611660342847493,-0.057215186082944,-0.057215186082944,1.1959998964447338,1.1959998964447338,0.0960660879230698,0.0960660879230698
490,wave2,Risk-Neutral,1.000933880015314,1.000933880015314,0.0337751101070899,0.0337751101070899,0.7985272571704958,0.7985272571704958,0.0865450724757585,0.0865450724757585,0.5443841071788165,0.5443841071788165,-0.0664686545257891,-0.0664686545257891,1.1002709967352085,1.1002709967352085,0.1247273063173481,0.1247273063173481
1137,wave2,Default,1.0504697637709683,0.8884441921584171,0.0203306479606584,0.0528826807078513,0.8913716018696051,0.7164577492217261,0.0357505438849413,0.1142174144506087,0.5265326182631033,0.5939473428458835,-0.0750892725799763,-0.0323333244829993,1.2278957591589716,1.0796713302840215,0.0844847969687882,0.1301116538324657
1135,wave2,Extremely Risk-Seeking,0.977164656336439,0.977164656336439,0.0386028398042117,0.0386028398042117,0.809589763347547,0.809589763347547,0.0821331068574166,0.0821331068574166,0.5739884582004243,0.5739884582004243,-0.0489985913776604,-0.0489985913776604,1.067370135130061,1.067370135130061,0.1332298515174442,0.1332298515174442
439,wave2,Somewhat Risk-Seeking,0.9239967658500974,0.9111075214435236,0.0476724376939694,0.0496239758745174,0.7261481324764534,0.7528163723667737,0.1112944483764645,0.1028437467965689,0.5749414634016103,0.5695466083989107,-0.0483327988551596,-0.0519904773312433,1.068009687767448,1.0426580861284105,0.1330694109121795,0.1392976299521169
1738,wave2,Extremely Risk-Averse,0.8913643498367795,0.8848057362624163,0.0524740382437102,0.0533875127968445,0.786432711522183,0.8043428890264772,0.0911314423603385,0.0842536671230464,0.564751758647117,0.5618718266252507,-0.0550397503228747,-0.0567934907874004,0.9691719224409516,0.969881826203005,0.1560549505759178,0.155900947595406
232,wave2,Somewhat Risk-Averse,0.8741531813743435,0.8206621320512001,0.054839130198074,0.061619476846749,0.6352685656972438,0.5710856746280504,0.1363899259631008,0.1517834744914387,0.5879876871675581,0.591634287733657,-0.0380760179334578,-0.034674728778684,1.0405556108442595,0.9895441512663704,0.1398026016862613,0.1515792293539345
334,wave2,Extremely Risk-Averse,1.0568371341715654,1.0125704200310133,0.0178859881658262,0.0311413416499027,0.8387843077232041,0.8158229230952997,0.0691890642873688,0.0795425114628999,0.4864645563036008,0.5712296725880524,-0.0915874093449469,-0.0508773160897566,1.2744681582201474,1.0456030632404654,0.0640314561047953,0.1385874491318441
1689,wave2,Extremely Risk-Seeking,0.9984367604861848,0.9846964556934764,0.0343140741510782,0.0371406931530305,0.808244755709009,0.8364588252160711,0.0826817424736867,0.0703055367050612,0.5918743756065948,0.5664134786793585,-0.0344390698560488,-0.0540022598757322,1.148502514890135,1.0892654630998069,0.1111694367882796,0.1276303933712719
457,wave2,Extremely Risk-Averse,0.9399657760803214,1.0028036810901404,0.0451388289255631,0.0333658697221587,0.8329490965393043,0.8437018765719635,0.0719584113804713,0.0667678577838976,0.5402219286183562,0.6091579768510137,-0.0685736185996241,-0.0038653052556653,1.0362983296274717,1.0783727024033791,0.140819992257464,0.1304441189788116
1887,wave2,Extremely Risk-Averse,0.9822280553324256,1.007113778879833,0.0376261071195275,0.0324029312026511,0.7506008822384428,0.7480591249271732,0.1035708723827582,0.1043991043717519,0.5637693709888033,0.5791871689913202,-0.0556441116175561,-0.0452488834444118,1.123393493877899,0.9830208911328832,0.1184108024310724,0.153025302354808
157,wave2,Risk-Neutral,1.0113836469294375,0.9928530758071494,0.0314200201015564,0.0354897611347191,0.7659523375042263,0.745699347246363,0.0984268733350255,0.1051624491980425,0.5967196030738401,0.6029332962231944,-0.0292825567761156,-0.02089016747318,1.087725081189047,1.0568804522743445,0.1280317999170113,0.1358361780522506
781,wave2,Extremely Risk-Averse,0.8965323276017482,0.8965323276017482,0.0517430176321115,0.0517430176321115,0.7468267664591741,0.7468267664591741,0.1047984132631618,0.1047984132631618,0.5692201339939236,0.5692201339939236,-0.0522036844962793,-0.0522036844962793,0.9995786299806896,0.9995786299806896,0.1493299319274074,0.1493299319274074
2402,wave2,Somewhat Risk-Seeking,0.9192100233258664,0.992317643855731,0.0484062881034764,0.0356004702748924,0.8106729409328424,0.8711053090628934,0.081688666784456,0.0512593054536134,0.581882196992409,0.5385195565550163,-0.0431781840337091,-0.0694165133313553,1.0055110175780575,1.0939762634414436,0.147985489280286,0.126395408943922
331,wave2,Somewhat Risk-Averse,0.8114906572486554,0.8719233939042932,0.0627094349680555,0.055138201771191,0.704454306051679,0.6673657381460486,0.1177425682423309,0.1280554917852296,0.5928981693654285,0.5938362523621986,-0.0334156025930424,-0.0324496215607344,0.9044920495675997,0.9111075567652768,0.1695561698800126,0.1682198616844181
131,wave2,Risk-Neutral,0.8851121863472534,1.0052832732013448,0.0533451753285822,0.0328153300265516,0.7688119602606467,0.7222740009929671,0.0974398759223397,0.1124716816579803,0.6093780048195474,0.572771624916243,0.0002224976869882,-0.0498358951892735,0.9206841847794252,1.1122122383100868,0.1662685008944213,0.1215038690776783
1733,wave2,Extremely Risk-Seeking,1.0094877359325132,0.9161353355396538,0.031860181173212,0.0488719067914239,0.825741513764172,0.8402127778926406,0.0752412860580962,0.0684944030757942,0.5444875595112132,0.5463194635434706,-0.0664155006593447,-0.0654672451363296,1.1662701416883086,0.9869459460583734,0.1057616867718724,0.1521566956778369
1870,wave2,Default,0.9550116358846172,0.9194518703411764,0.0426152669544516,0.0483694753891496,0.8478779775842767,0.8102948558461802,0.0646418585158106,0.0818440662694734,0.5798277520774267,0.5739739905227474,-0.0447653082861532,-0.0490086298082651,0.9424281680836968,0.9656860681273944,0.1617599986996053,0.1568091682825675
2322,wave2,Somewhat Risk-Averse,0.9618795823615176,0.9618795823615176,0.0414126484795494,0.0414126484795494,0.7392794264780468,0.7392794264780468,0.107212868307291,0.107212868307291,0.564356439412757,0.564356439412757,-0.0552837339689299,-0.0552837339689299,1.1568536230295017,1.1568536230295017,0.1086596618642837,0.1086596618642837
1160,wave2,Somewhat Risk-Averse,0.9790146696835096,0.9790146696835096,0.0382488461774916,0.0382488461774916,0.6898529423389471,0.6898529423389471,0.1219006272164641,0.1219006272164641,0.6003394610278142,0.6003394610278142,-0.0247411896761626,-0.0247411896761626,1.070354829699382,1.070354829699382,0.13247955300991,0.13247955300991
117,wave2,Risk-Neutral,1.024051141060598,1.024051141060598,0.0283046800994322,0.0283046800994322,0.8402812139346675,0.8402812139346675,0.0684609492168439,0.0684609492168439,0.5871141698210846,0.5871141698210846,-0.0388468186187707,-0.0388468186187707,1.0332728840479146,1.0332728840479146,0.1415389012428062,0.1415389012428062
1105,wave2,Risk-Neutral,0.9289745386278656,0.9578749318143858,0.0468972344614917,0.0421180313397885,0.8630602827404124,0.8143322564088391,0.0562511966178372,0.0801694737169265,0.5512003703036652,0.563567806232982,-0.0628721514895468,-0.0557673136354436,0.9739899388006892,0.9072071592132064,0.1550070349238606,0.1690088642145291
1223,wave2,Extremely Risk-Seeking,1.0578824540470555,1.068148413853573,0.017452007026308,0.0124090412326563,0.910304105494684,0.9032417829311252,0.0045577557569369,0.0221228448130466,0.5387974925275123,0.5674889092944562,-0.0692795862146352,-0.053320186264646,1.1906868557142904,1.2279005222785562,0.0978664738871681,0.0844829527645048
2231,wave2,Risk-Neutral,0.904756082277606,0.9108231368806232,0.0505581996655432,0.0496661776133015,0.7353779483384384,0.7253710890946323,0.1084408445004084,0.1115315156847787,0.5819884577420931,0.5897476581760188,-0.0430945166888512,-0.0364738540103867,1.0150682650953835,0.9735921141745902,0.1457957335639023,0.155093804386446
416,wave2,Somewhat Risk-Seeking,1.0452216855057912,0.9556539332169728,0.0221438925073082,0.042504229027188,0.9000702261296745,0.8785759153593338,0.0264579640626268,0.0461483364815919,0.5330237158330404,0.538586498221076,-0.0720716899012964,-0.0693835582787432,1.1478843174062825,0.9956876253658408,0.1113530835987651,0.1502057716283152
639,wave2,Somewhat Risk-Averse,1.0145891067049704,1.000368245276174,0.0306615178301376,0.0338979407141859,0.8044958187811229,0.805210542184994,0.0841925944233851,0.0839065959494811,0.523790715582966,0.5298649158685925,-0.0763288699666917,-0.0735552852833389,1.101927683266888,1.1025524469849657,0.1242847942746519,0.1241175310545693
1441,wave2,Extremely Risk-Averse,0.9549109197580524,0.9553851683404324,0.042632652336482,0.0425507270810429,0.6618409586167027,0.6923895416582189,0.1295256609702393,0.1211879347707123,0.609378192238482,0.6034700062820678,0.0001918886354015,0.0200011430841308,1.014013873678771,1.0734099154757202,0.1460387909045425,0.1317074398741249
1179,wave2,Extremely Risk-Averse,0.9113738827188342,0.8682401511263632,0.049584416477168,0.0556287399245505,0.7625560381521885,0.7795573627700096,0.0995868801466341,0.0936416885814999,0.579278076850776,0.5746018749986829,-0.0451805698374603,-0.0485710802780064,1.0149151350206829,0.924217186600819,0.1458310560158475,0.1655434301356757
2348,wave2,Extremely Risk-Averse,1.01511956907466,1.01511956907466,0.0305341854490298,0.0305341854490298,0.7851464139601003,0.7851464139601003,0.0916061340422551,0.0916061340422551,0.5486822760819112,0.5486822760819112,-0.0642238593328408,-0.0642238593328408,1.124092048574002,1.124092048574002,0.118215027882981,0.118215027882981
275,wave2,Somewhat Risk-Averse,1.055512585869685,1.055512585869685,0.0184212341603203,0.0184212341603203,0.8278270962741325,0.8278270962741325,0.0743059473623279,0.0743059473623279,0.5360019083164572,0.5360019083164572,-0.0706449924552602,-0.0706449924552602,1.288730947081973,1.288730947081973,0.0563330122312599,0.0563330122312599
1302,wave2,Somewhat Risk-Seeking,0.8750868564193369,0.9724499272227032,0.0547134207568028,0.0394907260682038,0.8789174275089867,0.8750778030139429,0.0459012213612243,0.0486078647862846,0.5494135698570813,0.5498247277658217,-0.0638342041550834,-0.0636140958698077,0.9593793814145108,1.0811221374202478,0.1581654503470457,0.1297392885613216
380,wave2,Default,0.9852072997429696,0.9393299839291708,0.0370394449869421,0.0452423911498677,0.657200965528897,0.6879745351320422,0.1307484471117315,0.1224258735607007,0.5965965313072619,0.5847446585017562,-0.0294246772630998,-0.0408649872684555,1.1137692508877068,1.029856446941417,0.1210776200273707,0.1423466944026951
1942,wave2,Somewhat Risk-Seeking,0.9252291704470852,1.0142874847061336,0.0474816800213247,0.0307336849027356,0.8099006780168871,0.8918965720958093,0.0820057749321221,0.0352589694169931,0.566871956624087,0.5661239356051805,-0.0537125250301563,-0.0541844475227812,0.9984584825115848,1.112998783538709,0.1495825493336644,0.1212887201757397
976,wave2,Somewhat Risk-Seeking,0.87033633147189,0.8635714597814417,0.0553500949396078,0.0562444483623378,0.590137718794734,0.5054007878467399,0.147368282826645,0.1661873299736293,0.6073916365889284,0.6093695883983363,0.011597381055299,0.0007868320259956,0.9986474338615634,1.015065895056184,0.1495399640363794,0.1457962803196492
1059,wave2,Somewhat Risk-Averse,0.9584590346012478,0.9702616074344214,0.0420158794714685,0.0398961616689255,0.8544315105696892,0.8673355602358082,0.0611592860547978,0.0536556001667019,0.5435392334750627,0.5489813451021915,-0.0669011981279219,-0.0640647881676783,1.0676892097266992,1.0726903984813676,0.1331498297331298,0.1318896627193742
1849,wave2,Extremely Risk-Averse,0.927747293863472,0.921922743095097,0.0470895316505597,0.047991768955744,0.6532281674680775,0.6605835225529508,0.1317869913947457,0.1298580970770842,0.5779578282259772,0.5823868216024937,-0.0461628387691621,-0.0427794080817925,1.108282601376699,1.0643242392954588,0.1225734408860895,0.1339915040997855
709,wave2,Risk-Neutral,0.956479094315633,0.956479094315633,0.0423611542498387,0.0423611542498387,0.7238941271150294,0.7238941271150294,0.1119808046791606,0.1119808046791606,0.6063901290174639,0.6063901290174639,-0.0142232630543647,-0.0142232630543647,0.9538225858275622,0.9538225858275622,0.1593518253659751,0.1593518253659751
2388,wave2,Somewhat Risk-Seeking,0.9658227842374784,0.9660301053471132,0.0407062307400946,0.0406687522799931,0.829909757428435,0.8573166462342418,0.073360283904955,0.0595626110562748,0.5555312933962908,0.5553612258964434,-0.0604778322023396,-0.0605736109784739,1.042822544451797,1.0613828531512006,0.1392580590949882,0.1347232230926911
967,wave2,Somewhat Risk-Seeking,1.045761801565286,1.0116325581321732,0.0219641777292814,0.0313617751110325,0.8392000858017404,0.853847003289402,0.0689875805856757,0.0614777826605556,0.5587821915192637,0.5546208479469344,-0.0586173470895958,-0.0609888505899235,1.1244165012184566,1.1584446045258605,0.1181239936382723,0.1081752330532384
2188,wave2,Default,0.981418692211914,0.970031225178652,0.0377839193581443,0.0399386072271007,0.8152421422128752,0.8274015651288597,0.0797873541307716,0.0744977212787331,0.5245863955398006,0.5211885604816051,-0.0759711835714011,-0.0774873685537858,1.172600335168243,1.1163626688810335,0.1037701274271365,0.1203644870656523
692,wave2,Risk-Neutral,0.9773720626012342,0.9773720626012342,0.0385633141131957,0.0385633141131957,0.7319252570828304,0.7319252570828304,0.1095166110744541,0.1095166110744541,0.6093549387882717,0.6093549387882717,0.0012690744934116,0.0012690744934116,0.9923677130271016,0.9923677130271016,0.1509493971910867,0.1509493971910867
129,wave2,Somewhat Risk-Seeking,1.0612433780351898,1.0612433780351898,0.0159770830885268,0.0159770830885268,0.8856106179583492,0.8856106179583492,0.0407593213114174,0.0407593213114174,0.5650870010338285,0.5650870010338285,-0.0548320046120968,-0.0548320046120968,1.2707283726224543,1.2707283726224543,0.0659035324399764,0.0659035324399764
1394,wave1,Somewhat Risk-Averse,1.0228200510481371,1.0228200510481371,0.0286222707547014,0.0286222707547014,0.8527061852056509,0.8527061852056509,0.062094776583572,0.062094776583572,0.5762679838453442,0.5762679838453442,-0.0473906379513186,-0.0473906379513186,1.1989631097719222,1.1989631097719222,0.0950477073509794,0.0950477073509794
696,wave1,Extremely Risk-Averse,0.9677584758117524,0.9877100472593234,0.0403549605636975,0.036539374212272,0.7803582315505451,0.7851039785611891,0.0933526406959525,0.0916217537657917,0.6059377778880854,0.5688205803175669,-0.0152619904665687,-0.0524634504526347,1.0415476394585008,1.026798813831357,0.1395645468875392,0.1430660888269414
1559,wave1,Extremely Risk-Seeking,0.9788074808335596,0.9799099009658856,0.0382886528263285,0.0380763721643259,0.8855624117040032,0.885732606475631,0.0407986543081158,0.0406596182058431,0.5980794481084891,0.5716642619285949,-0.0276638455512201,-0.0505859462040215,1.113048107637726,1.0749307556263483,0.1212752162503373,0.1313215009413087
58,wave1,Risk-Neutral,0.986516482629822,0.97535595813149,0.0367787023593177,0.0389458357884085,0.7920691358511927,0.7865604019616054,0.089022538309028,0.091084189324329,0.5651248053037149,0.573800965920615,-0.0548085289461814,-0.0491285258895587,1.1469034603286223,0.9972175561795162,0.1116438754710552,0.149861951258789
1784,wave1,Somewhat Risk-Averse,1.0005862316084062,1.0053970430839854,0.033850656360874,0.0327898490726958,0.791190838476975,0.7823646428538125,0.0893543272354494,0.0926246676270896,0.5690963884672947,0.6080461816833781,-0.0522842729048298,-0.0094969245219751,1.1261535830910865,1.1182566454472451,0.1176354745874753,0.119841157977346
2075,wave1,Extremely Risk-Seeking,0.9319661588114082,0.9319661588114082,0.0464251691698393,0.0464251691698393,0.5270917011662476,0.5270917011662476,0.1615588422483714,0.1615588422483714,0.6093176089864714,0.6093176089864714,0.0020339463036887,0.0020339463036887,1.1302118721671568,1.1302118721671568,0.116486616525108,0.116486616525108
452,wave1,Somewhat Risk-Seeking,1.0307388977172198,0.9998811102697532,0.02651323579981,0.0340033707050318,0.8576789071884111,0.8704973103965925,0.0593591399767929,0.0516532254718761,0.5544582197177994,0.5459597274290163,-0.0610796877637338,-0.0656545186855589,1.1592376317587818,1.1105142131610133,0.1079329945088354,0.1219671222250925
1419,wave1,Somewhat Risk-Seeking,0.9439817978021616,0.9372985949687568,0.0444791453724413,0.0455717135015013,0.7152200528300177,0.763903433293433,0.1145856479538841,0.0991282383882603,0.6043561739552851,0.5967614734980812,-0.0184398499933952,-0.029234048788804,1.1136798658327942,1.0973747356157852,0.1211021283920676,0.1254973976869085
2241,wave1,Somewhat Risk-Averse,0.9232412760467436,0.956381782618676,0.0477890030787346,0.0423780520792398,0.7253109515072482,0.767778763473459,0.1115498430203187,0.0977975889496565,0.5814760475241785,0.5927936251332792,-0.043496504960763,-0.0335215394535471,0.9358549985106084,0.9739673121622424,0.1631346752478182,0.1550119711965316
513,wave1,Somewhat Risk-Seeking,0.9965025011534958,0.9940430425053028,0.0347258314963373,0.035242477414266,0.787974404304535,0.8499248846917065,0.0905593306100598,0.0635742919077033,0.5855492090667502,0.5404968679738444,-0.0401910251378659,-0.068436532740878,1.1919279561933052,1.1029828108036144,0.0974487790402791,0.1240021897743533
1294,wave1,Somewhat Risk-Averse,0.9591170608109232,0.9438260683249584,0.0419005031663151,0.0445049067298726,0.7725844905382462,0.7664028575643755,0.096122874968346,0.0982720094025168,0.5707125298697826,0.5750968040901661,-0.051221896419854,-0.048223411044176,1.0338610370265402,1.007013641238757,0.1413994076644122,0.1476431781493218
40,wave1,Extremely Risk-Averse,0.92978624999743,0.9954769018985566,0.0467696166915456,0.0349421979283091,0.7939413631765444,0.7906700621793573,0.0883112493499857,0.0895504954384992,0.5519695940692718,0.5987266020321046,-0.0624534943409301,-0.026859369074005,1.0244492466971618,0.9879921773552636,0.1436166378611155,0.1519244048145081
2256,wave1,Default,1.0237020638674947,1.0237020638674947,0.0283950929919051,0.0283950929919051,0.818865268382194,0.818865268382194,0.078247733442783,0.078247733442783,0.5747452438626506,0.5747452438626506,-0.0484706231610475,-0.0484706231610475,1.1428090566568696,1.1428090566568696,0.1128500371122471,0.1128500371122471
140,wave1,Somewhat Risk-Seeking,0.987360239391684,1.0362773386392474,0.0366096772992597,0.0249327015802812,0.7403189624331036,0.8086879854341334,0.1068834072117025,0.082501338935408,0.5667460923442216,0.5540380406771209,-0.0537922184865511,-0.0613137680321324,1.1478450615226503,1.2267436996562375,0.1113647355474525,0.084929713255244
2249,wave1,Somewhat Risk-Seeking,1.0034806078328355,1.0034806078328355,0.0332164743617157,0.0332164743617157,0.8420671198604681,0.8420671198604681,0.0675821925942958,0.0675821925942958,0.5351348584111131,0.5351348584111131,-0.0710632468250997,-0.0710632468250997,1.1411196976039009,1.1411196976039009,0.1133441475307016,0.1133441475307016
153,wave1,Default,0.9677582543429976,0.960425039728025,0.0403550009274078,0.0416702242324934,0.8020873502682065,0.8069927660820804,0.0851494756794425,0.0831892717878576,0.5741826413970752,0.5719234140495286,-0.0488636592490225,-0.0504114046823314,1.010687206254312,1.022557812212786,0.1468032334988056,0.1440584320421178
519,wave1,Somewhat Risk-Seeking,0.964381578297588,0.9375515869105412,0.0409658232782886,0.0455308280339514,0.6195193741063926,0.7140431460486875,0.1403109204115793,0.1149347579100636,0.5978678654756148,0.5688192688877822,-0.0279218513314174,-0.0524643009714599,1.1643078172304424,1.0305215996813977,0.1063718171356649,0.1421897549289325
101,wave1,Somewhat Risk-Averse,0.9242038997983306,0.9273039676310022,0.0476404293956996,0.0471588054247416,0.7378207091313355,0.7182055452758307,0.1076735582045096,0.1136954923033027,0.5931661456231666,0.6011284015032237,-0.0331425171825993,-0.0236362164284203,0.9800051999642772,1.0061646869104568,0.1536896375088101,0.1478366666227885
1450,wave1,Extremely Risk-Averse,1.0627151530614405,1.039129341000509,0.0152865139047769,0.0240784836672188,0.8821717557282241,0.8753994314949982,0.0434766072097927,0.0483868997184268,0.5802156864505752,0.583804842252794,-0.0444699214571497,-0.0416385386766126,1.2636780052425112,1.2111689685274007,0.0692977333014626,0.0907367921751287
343,wave1,Risk-Neutral,0.8929671411775174,0.8929671411775174,0.0522484025613418,0.0522484025613418,0.7720544754340153,0.7720544754340153,0.0963089517598629,0.0963089517598629,0.5702709349272704,0.5702709349272704,-0.0515143326549338,-0.0515143326549338,1.0256079751635714,1.0256079751635714,0.1433453683466866,0.1433453683466866
668,wave1,Extremely Risk-Averse,0.871068466543639,0.8129566085753174,0.0552524452668006,0.0625364740333487,0.7549066361285262,0.758502891619,0.1021531755795176,0.1009544673252233,0.5558463011683067,0.570463994620206,-0.0603000298306502,-0.051386685841978,0.9460495626613424,0.8849792921962589,0.1609981409974669,0.1734443769718353
2406,wave1,Extremely Risk-Averse,0.9283508446750144,0.8951186604266947,0.0469950586356883,0.0519439947564431,0.8023733362511025,0.7665327413241374,0.0850364011615553,0.0982273189302077,0.5725595682211571,0.5708313861752939,-0.0499803903102938,-0.0511429039340242,1.0502630717710555,1.0234659719653083,0.1374567600148242,0.1438464631014711
1021,wave1,Risk-Neutral,0.95970208141385,0.95970208141385,0.0417976618837395,0.0417976618837395,0.7614454318163424,0.7614454318163424,0.0999634008257601,0.0999634008257601,0.5590433434141159,0.5590433434141159,-0.0584653574914484,-0.0584653574914484,1.0699079539738314,1.0699079539738314,0.1325921410298638,0.1325921410298638
1727,wave1,Risk-Neutral,0.9412559828533272,0.9412559828533272,0.0449279433689774,0.0449279433689774,0.6719531846837854,0.6719531846837854,0.1268226458342408,0.1268226458342408,0.6086121727589092,0.6086121727589092,-0.0072028810055903,-0.0072028810055903,0.9467782773075972,0.9467782773075972,0.1608444444230674,0.1608444444230674
1846,wave1,Risk-Neutral,0.8854151510556578,0.8854151510556578,0.0533032867003026,0.0533032867003026,0.7371780204301845,0.7371780204301845,0.1078759353252919,0.1078759353252919,0.5884692867848915,0.5884692867848915,-0.0376443404124383,-0.0376443404124383,1.0235162685803292,1.0235162685803292,0.143834715236863,0.143834715236863
498,wave1,Extremely Risk-Seeking,0.8936177024763544,0.8936177024763544,0.0521565432229149,0.0521565432229149,0.8116784936063764,0.8116784936063764,0.0812739597404417,0.0812739597404417,0.5930195472165685,0.5930195472165685,-0.0332921868864167,-0.0332921868864167,0.9669832203399203,0.9669832203399203,0.156528893616834,0.156528893616834
461,wave1,Default,0.9526049113768856,0.9526866687152956,0.0430288024638825,0.0430148192623859,0.7169850211187929,0.7731223900320117,0.114060200600958,0.0959336746627265,0.5661981161660996,0.5530544090770327,-0.0541378290188741,-0.0618583335725592,1.1153117796689045,1.141780808291344,0.1206539372665453,0.1131510272532779
1191,wave1,Somewhat Risk-Averse,0.989265374419338,0.9981635330483284,0.0362251472460222,0.0343725354531128,0.739778332857943,0.8174521716400754,0.1070548702460473,0.0788517057173404,0.5752955810992328,0.5872629374039523,-0.0480830766608132,-0.0387166223850928,1.1149449421853426,0.9505274930281412,0.1207548226232789,0.1600515823856804
2408,wave1,Somewhat Risk-Averse,1.0598808331268157,0.969554707938401,0.0165908221440974,0.0400262586979334,0.8940566564907645,0.8189431003553479,0.0331600906058684,0.0782143350548495,0.5949078478148777,0.5952781596230515,-0.0313098694655261,-0.0309062738587112,1.239742137713037,0.8683768562597411,0.0797700896782948,0.1766930113439933
1711,wave1,Extremely Risk-Averse,0.9803226242393092,0.8500076387562306,0.0379965953416278,0.0579966421674542,0.8132733126738925,0.6513870853453644,0.0806119695962496,0.1322656979699146,0.5951850220105669,0.6031828758320242,-0.0310082752716377,0.0204815480721816,1.0719613087225963,1.1901835076161809,0.1320740709995692,0.0980353886205418
915,wave1,Extremely Risk-Seeking,1.0491983403307514,1.0491983403307514,0.0207844312666415,0.0207844312666415,0.8470238628262531,0.8470238628262531,0.0650822298973015,0.0650822298973015,0.5540475134125619,0.5540475134125619,-0.0613085005048048,-0.0613085005048048,1.2198090989438035,1.2198090989438035,0.0875614163023985,0.0875614163023985
1987,wave1,Risk-Neutral,1.052825614467453,1.0557292783964327,0.0194619234299968,0.0183347370222093,0.8873936916520229,0.8761094611892382,0.0392769754042104,0.0478955200932586,0.553000689884614,0.545388694240071,-0.0618879380904325,-0.0659507171770055,1.177676440013007,1.1784288306671835,0.1021462886850402,0.1019034904302157
2057,wave1,Risk-Neutral,0.932743652536706,0.932743652536706,0.0463017027762756,0.0463017027762756,0.7961596126234401,0.7961596126234401,0.0874612478436278,0.0874612478436278,0.5839686672469664,0.5839686672469664,-0.0415047267970402,-0.0415047267970402,1.0051165234166335,1.0051165234166335,0.1480752386532979,0.1480752386532979
2337,wave1,Default,0.910521681745367,0.8762790368280807,0.0497108738365978,0.0545524902599715,0.7002114298352107,0.6569823892637427,0.1189649530161189,0.1308057857941879,0.6010087638813734,0.6051729375128947,-0.0238070697513169,-0.0168735691101904,1.0017346907463047,0.9377821083795722,0.1488425923514256,0.1627327295362304
2361,wave1,Somewhat Risk-Averse,1.0278938808370506,0.9912324204724836,0.0272896617843509,0.0358238134592554,0.8615937875227571,0.8001190559700117,0.0571146950500691,0.085923789146308,0.5486019057112599,0.5930071801750569,-0.0642665413314103,-0.0333047823943133,1.1505665156447498,0.9819753692066376,0.110554186314937,0.1532559194983612
1645,wave1,Risk-Neutral,0.9303632452295052,0.8405865291671806,0.046678690842543,0.0591835503545353,0.7767211768082655,0.7595759411210502,0.0946584676127598,0.1005941432394871,0.5624967194411047,0.5716268620616345,-0.056417534552935,-0.0506110861877216,1.0511734362549563,0.9250680847694028,0.13723486577499,0.1653683778933371
2116,wave1,Default,0.9833162708189036,1.009686127284124,0.0374128801177115,0.0318144061098517,0.828161408012241,0.8567138301309157,0.0741549430393629,0.0598996843503736,0.5653939297628808,0.5776160182270788,-0.0546411202732836,-0.0464137870739869,1.0591970828877708,1.0448494354774112,0.1352645882855523,0.1387695061826076
1569,wave1,Default,1.025613533067051,0.953633484861955,0.0278964329892994,0.0428525525350861,0.9090081845014308,0.8860501023138145,0.0103313108272202,0.0403989779738926,0.5572885855660451,0.5604339186180103,-0.0594792608190871,-0.0576493919632425,1.1412302960039364,0.9911420885099956,0.1133118618552108,0.1512230820457288
2088,wave1,Risk-Neutral,0.9984727388961948,0.9972751242406336,0.0343063686172131,0.0345619441924187,0.8454166795134527,0.8162850589723859,0.0659030305148802,0.0793471604052074,0.6079644460539546,0.6093500441822077,0.0097838762639234,0.0013934862837361,1.176014862507991,1.1467455772255812,0.1026805336024985,0.111690615354258
1440,wave1,Somewhat Risk-Averse,0.982583315471064,1.0215687046847677,0.037556629122574,0.0289415272525919,0.7462531784086971,0.8156404242903461,0.1049837717750277,0.0796195274642292,0.609297967567609,0.5717601778982948,-0.0023379958789223,-0.0505214154221559,1.020623175560671,0.979311321545027,0.144509033257401,0.153842125294622
782,wave1,Somewhat Risk-Averse,0.9914356647738024,0.9914356647738024,0.0357820905461336,0.0357820905461336,0.794187715132869,0.794187715132869,0.0882172426779705,0.0882172426779705,0.5570558640539501,0.5570558640539501,-0.0596124506589976,-0.0596124506589976,1.0886212993246902,1.0886212993246902,0.1277983988654877,0.1277983988654877
1080,wave1,Extremely Risk-Seeking,1.0083282423346998,1.007218840947706,0.0321264132443561,0.0323791028192008,0.8233049399637156,0.8374589938441845,0.0763198419305689,0.0698274976470943,0.5791417554632259,0.5678654107868192,-0.0452829716019494,-0.0530793490544156,1.0986566196538003,1.1252851794032177,0.1251571040069015,0.117879934707133
1721,wave1,Extremely Risk-Averse,0.8211064610793066,0.8211064610793066,0.0615661892896296,0.0615661892896296,0.8537196903411135,0.8537196903411135,0.0615469398614659,0.0615469398614659,0.5662993387676379,0.5662993387676379,-0.0540741519631187,-0.0540741519631187,1.0795233153405108,1.0795233153405108,0.1301495875486165,0.1301495875486165
311,wave1,Risk-Neutral,1.0356971594239066,1.0256607860980986,0.0251029247576334,0.0278839931258213,0.8852054967719146,0.873731505338061,0.0410887088066106,0.0495221982033512,0.5785080463682974,0.5790785580243734,-0.0457560163507487,-0.0453303663537348,1.1205111088985718,1.1020950917745524,0.1192153974632905,0.1242399960166023
1498,wave1,Risk-Neutral,0.8521974638629899,0.8510628872343065,0.0577173113907264,0.0578622023603338,0.6857983510108167,0.7487249878053985,0.1230317464616924,0.1041827421285708,0.5929377629463076,0.5726439329575738,-0.03337539419207,-0.0499229539000412,0.938690053630546,0.8818325969885288,0.1625430465985509,0.1740642006431512
1779,wave1,Default,0.8733659039135092,0.8733659039135092,0.0549449079292862,0.0549449079292862,0.7238717286611588,0.7238717286611588,0.1119876050552871,0.1119876050552871,0.5819630006300673,0.5819630006300673,-0.0431145757307918,-0.0431145757307918,1.0190463289469718,1.0190463289469718,0.1448753485810555,0.1448753485810555
1676,wave1,Default,0.988074385634764,0.988074385634764,0.0364660075082044,0.0364660075082044,0.8178018675357556,0.8178018675357556,0.078702663038881,0.078702663038881,0.5365557182278888,0.5365557182278888,-0.070376566358394,-0.070376566358394,1.1294064676958335,1.1294064676958335,0.1167154686931887,0.1167154686931887
2262,wave1,Somewhat Risk-Averse,0.822045481785504,0.822045481785504,0.0614534245638178,0.0614534245638178,0.6784648260948177,0.6784648260948177,0.1250531497823638,0.1250531497823638,0.6064521823882744,0.6064521823882744,-0.0140747979606053,-0.0140747979606053,1.0455420701843972,1.0455420701843972,0.1386021917052603,0.1386021917052603
949,wave1,Default,1.0522910206077312,1.035799438676145,0.0196624175567938,0.0250729999704143,0.8424731782165809,0.8235162042986292,0.0673808215885981,0.0762269156447732,0.590890377774514,0.5990725356460095,-0.0353950020645687,-0.0264193239572517,1.2382959335589248,1.1818336165256502,0.0803600876900506,0.1007977478019785
327,wave1,Somewhat Risk-Seeking,1.0142835875575629,0.9734436865734846,0.030734616242643,0.0393052376352416,0.8404711033356222,0.8065001376291253,0.0683680407113509,0.0833881489248942,0.5610967782041542,0.5500567913984337,-0.0572563998948513,-0.0634895320417434,1.085368305481197,1.0948977614006858,0.1286436814894607,0.1261525048126742
1576,wave1,Default,1.0076923819901895,0.9083766520595572,0.0322714848788228,0.0500277719874612,0.7977808056855489,0.8107125275754716,0.0868349287223323,0.0816723793464248,0.5780652896335471,0.5711074663942022,-0.0460836633747051,-0.0509589520612053,1.1024915884011206,0.9539689367630364,0.1241338335643036,0.1593206815941638
278,wave1,Risk-Neutral,0.9189113006659052,0.9105022167540352,0.0484517198884189,0.0497137585091221,0.6816250666821192,0.6588803477983394,0.1241858550435825,0.1303071130207982,0.5952910510462035,0.6012424237895931,-0.0308921291406944,-0.0234722274970225,0.9979433063778708,1.0128492296293283,0.1496986020526315,0.1463068333957774
903,wave1,Somewhat Risk-Averse,0.9072278501904664,0.9072278501904664,0.0501966769261349,0.0501966769261349,0.7716554216049583,0.7716554216049583,0.096448822687097,0.096448822687097,0.5625108698697852,0.5625108698697852,-0.0564089925440913,-0.0564089925440913,0.9773400302989456,0.9773400302989456,0.154274592927794,0.154274592927794
684,wave1,Extremely Risk-Seeking,0.9302278282740424,0.9302278282740424,0.0467000462967063,0.0467000462967063,0.5173352984568957,0.5173352984568957,0.1636552039169346,0.1636552039169346,0.5889868775451104,0.5889868775451104,-0.0371748463727027,-0.0371748463727027,1.1661847155439973,1.1661847155439973,0.1057883176623315,0.1057883176623315
206,wave1,Extremely Risk-Seeking,0.9621230819528128,0.9621230819528128,0.041369373048222,0.041369373048222,0.764733900898745,0.764733900898745,0.0988445357303219,0.0988445357303219,0.5475676196244409,0.5475676196244409,-0.0648133488187591,-0.0648133488187591,1.1578104428792717,1.1578104428792717,0.1083685727798458,0.1083685727798458
863,wave1,Extremely Risk-Seeking,0.9487116826571786,0.9487116826571786,0.0436895307639685,0.0436895307639685,0.6901609632909499,0.6901609632909499,0.121814293966714,0.121814293966714,0.5578277678112875,0.5578277678112875,-0.0591695434561614,-0.0591695434561614,1.1169333046680894,1.1169333046680894,0.1202070395306447,0.1202070395306447
559,wave1,Default,0.9139206211315566,0.9379419524933228,0.0492045904192227,0.0454676703839403,0.777596874880618,0.7866685590751928,0.0943456561621644,0.0910441462247849,0.5626723683628011,0.5510716545911573,-0.056311412188598,-0.062941938492742,0.9185475314376726,0.9150130481741446,0.1667056356000557,0.1674265150787867
87,wave1,Extremely Risk-Seeking,1.0442481124095189,0.9754397684976678,0.0224642089445824,0.0389300086178576,0.8639184557929204,0.8236220059593283,0.0557397644532773,0.0761803363360113,0.5567255664141406,0.5336690948333406,-0.0598009826247678,-0.0717648807671142,1.21497419136412,1.1723137467265337,0.089351784303606,0.1038610812867271
2060,wave1,Default,0.9476073734338848,0.9005105667017433,0.0438751476732789,0.0511732520182445,0.7860014744645006,0.714682989939785,0.0912908508193528,0.1147450836958087,0.5724883123809841,0.5893851785006733,-0.0500288511882917,-0.0368095031263582,1.035437208640715,0.942499537791897,0.1410249565088281,0.1617450153072126
2008,wave1,Extremely Risk-Seeking,1.0383456003988163,1.0383456003988163,0.0243162089819224,0.0243162089819224,0.815696779323543,0.815696779323543,0.0795957529278948,0.0795957529278948,0.556721571306119,0.556721571306119,-0.0598032594228358,-0.0598032594228358,1.1853651299640555,1.1853651299640555,0.0996384121926272,0.0996384121926272
1986,wave1,Somewhat Risk-Seeking,0.929052192621184,0.929052192621184,0.0468850405466601,0.0468850405466601,0.8387986726792942,0.8387986726792942,0.069182112711581,0.069182112711581,0.5885235767996183,0.5885235767996183,-0.0375953689539821,-0.0375953689539821,1.0115320535404122,1.0115320535404122,0.1466094399819915,0.1466094399819915
947,wave1,Somewhat Risk-Averse,0.8335075253617056,0.8271120200428537,0.0600601702782435,0.0608414446559903,0.6394821771125583,0.6199465474996901,0.1353230680621502,0.1402059073038344,0.5990346595953027,0.5910819765644098,-0.0264678598688835,-0.0352108928875018,0.9822827273740878,0.9734308607591524,0.1531881563611841,0.1551289628167746
324,wave1,Somewhat Risk-Seeking,0.8328429174564201,0.8328429174564201,0.0601418243830172,0.0601418243830172,0.6791798622602788,0.6791798622602788,0.1248574107221593,0.1248574107221593,0.586286447734036,0.586286447734036,-0.0395634364403196,-0.0395634364403196,1.005353901585717,1.005353901585717,0.1480212399070182,0.1480212399070182
2006,wave1,Somewhat Risk-Seeking,0.9289038997336486,1.026693276479944,0.0469083240745276,0.0276107842586047,0.6182751276538998,0.8543457235022374,0.1406163842381856,0.0612061334387682,0.5920661806985167,0.5412407147528026,-0.0342496434719982,-0.0680642896653205,1.131117867732622,1.1857033736793068,0.1162286721915718,0.0995266920732828
579,wave1,Default,0.986237768206614,0.9416175078762028,0.0368343661541908,0.0448686754119253,0.8020199923541536,0.7065153903069846,0.0851760867632792,0.1171444152093523,0.5568306086239306,0.5758339425067295,-0.0597410887476311,-0.0477009453550054,1.1244987418950991,1.036451272766342,0.1181009081877182,0.140783559914293
1397,wave1,Default,0.9241330543230492,0.977654308393152,0.0476513795064793,0.0385094613725349,0.7466334229664473,0.7581070477452567,0.1048609284181509,0.1010870782584979,0.5761992701862828,0.5782374100908338,-0.047439897137747,-0.0459565667026461,1.0465731205767068,1.0727446289771376,0.1383527822407162,0.1318759366313462
736,wave1,Extremely Risk-Seeking,0.9474812982446796,0.9921166570214076,0.0438962893809726,0.0356419392047078,0.7455686330166604,0.8286687468183539,0.1052045779904266,0.0739252082998329,0.5465048220613244,0.5376405793353128,-0.0653705442522017,-0.0698478147147899,1.064463434290859,1.149925001938651,0.1339567849932868,0.1107457611077135
1102,wave1,Somewhat Risk-Seeking,0.958698638515298,0.957508382892746,0.0419739045103856,0.0421820104701795,0.5993813915436284,0.8259935058572958,0.1451819786328255,0.075128877788991,0.6005236061980532,0.5435572215707494,-0.0244877305615425,-0.066892017523393,1.2513324373867754,1.0448757527584769,0.0748782040740631,0.1387631523266884
1526,wave1,Risk-Neutral,1.0313030786516757,1.0313030786516757,0.0263565571025336,0.0263565571025336,0.8453955226223634,0.8453955226223634,0.0659137685020794,0.0659137685020794,0.5556247216665982,0.5556247216665982,-0.0604251515135774,-0.0604251515135774,1.1979685398573052,1.1979685398573052,0.0953906838708496,0.0953906838708496
1902,wave1,Default,0.8599443920168468,0.8623989628646146,0.0567182315342771,0.0563980347629272,0.709652474609719,0.6619863817137152,0.1162284064085383,0.1294871631546462,0.5871542463088242,0.6020118982760024,-0.0388117877875779,-0.0223341661001447,0.9002472824990588,0.9175975664508916,0.1704086908606986,0.1668996595066559
314,wave1,Risk-Neutral,1.0140890214403775,0.99671647036939,0.0307810779332036,0.0346805219328345,0.8578459741584069,0.8489100539206993,0.059265071434401,0.0641057637896257,0.5279081832173645,0.5328436008791897,-0.0744597921630768,-0.0721570873729979,1.2325555638094847,1.2076379543553402,0.0826614847215906,0.0920039467082989
1000,wave1,Default,0.9569613552261702,0.9837810674340608,0.0422773124012978,0.037321437796706,0.6884867438232508,0.7415934626118783,0.1222828586618517,0.1064781506581648,0.5900883912302236,0.6093786503248878,0.0361555160007236,-7.628423528335868e-05,1.1748242029149467,1.053147663327878,0.1030617323406714,0.1367525179096538
13,wave1,Risk-Neutral,0.9455843882671902,0.9694766085369422,0.0442131736769589,0.0400406062636453,0.6975431414915442,0.7377381106274564,0.1197276557363393,0.1076995880783186,0.6066533425835189,0.6093781237224581,0.013582370511961,-0.0002036129048354,1.2346253752901366,1.099849711900879,0.0818389314350269,0.124839599436307
1128,wave1,Somewhat Risk-Averse,0.9792346307730512,0.9792346307730512,0.0382065405097947,0.0382065405097947,0.7519013517100194,0.7519013517100194,0.1031446524424699,0.1031446524424699,0.5666703925539252,0.5666703925539252,-0.0538400931512407,-0.0538400931512407,1.1046808471484246,1.1046808471484246,0.1235461142221702,0.1235461142221702
2314,wave1,Somewhat Risk-Averse,0.9126088485261666,0.9159835240333876,0.0494005921783521,0.0488947827476285,0.6720947508396072,0.7386531884427585,0.1267844223705302,0.1074108768559838,0.5915043349822416,0.60408951221172,0.034801621817332,0.018923201738708,1.0811791409745752,1.0003102344268433,0.1297246376113651,0.1491647285727377
2301,wave1,Default,0.8246776969629702,0.930852682610432,0.0611362362497912,0.0466014249484744,0.7415538250206714,0.7544868588806241,0.1064907765294138,0.1022922181105492,0.5797499427527623,0.5783854699117714,-0.0448243225271507,-0.0458469572976715,0.9839976377679952,1.018364790513806,0.1528095697622433,0.1450334130734798
195,wave1,Risk-Neutral,1.036248955295466,0.9908493388291364,0.0249410561448015,0.035902323051131,0.8962907355545907,0.8329063957375826,0.0308401106355476,0.0719782919380298,0.5519478103107416,0.5711241101566434,-0.0624653883547076,-0.0509478413385774,1.0761996237703957,0.9714967312139404,0.130998693277694,0.1555501041808689
1572,wave1,Extremely Risk-Averse,0.9121203140658424,0.9121203140658424,0.0494733912460536,0.0494733912460536,0.696056838631169,0.696056838631169,0.1201505185235435,0.1201505185235435,0.6001482702744216,0.6001482702744216,-0.0250016342880368,-0.0250016342880368,0.9604287773013056,0.9604287773013056,0.1579405024632418,0.1579405024632418
964,wave1,Somewhat Risk-Averse,0.9310917955513268,1.0294098656575792,0.0465636307482958,0.0268787218718073,0.6300234648174619,0.7545099292295422,0.1377072400502243,0.1022845812400115,0.5918172960327258,0.5874853635600724,-0.0344952416535657,-0.0385211468591989,0.9542767405200512,1.0551068605357805,0.1592551624323686,0.1362722786681458
307,wave1,Risk-Neutral,0.984838303168193,0.9839078280307452,0.0371126068442431,0.0372964607061473,0.7401921044641501,0.7557597431702046,0.1069236643438734,0.1018700409510994,0.5843709220570672,0.5847679426605853,-0.0411743339529547,-0.0408456376499644,1.1541637511003473,1.106673120821241,0.1094740363916327,0.1230089837026308
269,wave1,Extremely Risk-Seeking,0.9271292535623544,0.9271292535623544,0.0471860784040674,0.0471860784040674,0.740634970598657,0.740634970598657,0.1067830621108794,0.1067830621108794,0.5987039693928324,0.5987039693928324,-0.0268879086537991,-0.0268879086537991,1.0293867679686384,1.0293867679686384,0.1424574169350817,0.1424574169350817
1599,wave1,Default,0.974410721900438,0.9738208282996148,0.0391238983164794,0.0392346147695216,0.7647643454897995,0.7891447537306352,0.0988341204371114,0.0901226762702203,0.5715842128872598,0.5616639706944109,-0.0506397396511784,-0.0569180004635568,1.099112593941682,1.063195836039144,0.1250358498912157,0.1342726512825006
2291,wave1,Extremely Risk-Seeking,0.9907655928279172,1.0382408070681606,0.0359194634004506,0.0243478195330698,0.8565979635750285,0.8953548750697021,0.0599642587932271,0.0318324568691777,0.5573459338490212,0.5573801836451531,-0.0594463943980678,-0.0594267572208492,1.0575063002612757,1.1483402213308511,0.1356819808094065,0.1112176769622515
191,wave1,Extremely Risk-Averse,1.0353295381680192,1.0033876639854336,0.0252101905663047,0.0332370263374673,0.7635091704821081,0.8631935535125073,0.099262652815888,0.0561720748874059,0.5644959906666305,0.5436602177267336,-0.0551977272034935,-0.0668394274120914,1.0143978716198103,1.1561692985321503,0.1459503150076725,0.108867395726482
815,wave1,Extremely Risk-Seeking,0.9534153611693263,0.9534153611693263,0.0428899889138374,0.0428899889138374,0.6294131222742742,0.6294131222742742,0.1378597711101001,0.1378597711101001,0.5851918023260543,0.5851918023260543,-0.0404917960855432,-0.0404917960855432,1.021406084836651,1.021406084836651,0.1443268394750405,0.1443268394750405
1019,wave1,Default,1.011364971488735,0.9929211459994288,0.0314243858007167,0.0354756619027583,0.8575343093219253,0.856849604142334,0.059440438592513,0.0598239277121157,0.5991022613114385,0.5950268027011121,-0.0263811699150049,-0.0311807901874447,1.1014644856243196,1.0301834277563464,0.1244086662975239,0.1422695648264995
1678,wave1,Extremely Risk-Seeking,1.058974525888421,0.9848108384892176,0.0169867926318584,0.0371180465991346,0.8941845277506916,0.8731090116707818,0.0330316812390861,0.0499393576772678,0.5553055971518571,0.5479641695553169,-0.0606049076538673,-0.0646042383579648,1.2581218183102512,1.066748316846189,0.0718617922651294,0.1333856710787891
2063,wave1,Default,1.0376952149238194,0.9968968101292458,0.0245117384970303,0.0346422878544133,0.8694636806458506,0.8016816793913831,0.0523161751402438,0.0853096220964652,0.5211913681338373,0.5698756210339193,-0.077486127681029,-0.051774733927794,1.1888300997248034,1.0541841635836595,0.0984881863334209,0.1364986456178793
835,wave1,Extremely Risk-Averse,0.9558464408449568,0.9558464408449568,0.042470892903994,0.042470892903994,0.6877673784029429,0.6877673784029429,0.1224836696129778,0.1224836696129778,0.5533178612033,0.5533178612033,-0.0617129432645462,-0.0617129432645462,1.1385768930323352,1.1385768930323352,0.1140840461854444,0.1140840461854444
448,wave1,Extremely Risk-Seeking,1.0163113360653973,1.0163113360653973,0.0302461656248681,0.0302461656248681,0.7853098424961955,0.7853098424961955,0.0915459548071095,0.0915459548071095,0.5912220319180992,0.5912220319180992,-0.0350757039746358,-0.0350757039746358,1.1931721321420947,1.1931721321420947,0.0970283125311562,0.0970283125311562
785,wave1,Default,1.0035811696631411,0.9698126566488422,0.0331942236099914,0.0399788348355818,0.8276479943209204,0.82087007179072,0.074386722080231,0.07738297024027,0.5546892974987594,0.568005400745165,-0.0609505777170944,-0.0529895254833187,1.161799536321522,1.0017146534257866,0.1071468641126592,0.1488471281415525
1876,wave1,Default,0.8959548277999411,0.9186846256443494,0.0518252123221013,0.0484861660345792,0.8475716232100836,0.8497460574225345,0.0648001496126531,0.0636682614084052,0.5622793925387342,0.560209509258784,-0.0565485654818039,-0.0577818407427464,0.9765001176322124,0.9672629111499988,0.15445852167468,0.1564684015511518
1321,wave1,Default,0.9410314475983164,0.9410314475983164,0.0449647143856984,0.0449647143856984,0.7805336625390275,0.7805336625390275,0.0932892090790679,0.0932892090790679,0.5611777349132442,0.5611777349132442,-0.057208220226733,-0.057208220226733,1.0251047437642602,1.0251047437642602,0.1434632375984949,0.1434632375984949
1173,wave1,Extremely Risk-Averse,0.9873854993235974,0.9873854993235974,0.0366046051508091,0.0366046051508091,0.8009491914671523,0.8009491914671523,0.0855980488342071,0.0855980488342071,0.5995388421798868,0.5995388421798868,-0.0258143241209792,-0.0258143241209792,0.9251274945114244,0.9251274945114244,0.1653561495557669,0.1653561495557669
1198,wave1,Somewhat Risk-Averse,1.070953209433035,1.0493184507666982,0.010623064333796,0.0207419866085102,0.825530088416084,0.7427988883535873,0.0753354718851507,0.1060934975925858,0.545270131774493,0.5748022806431528,-0.0660120525224937,-0.0484306006701392,1.2703240661661297,1.0579124371654622,0.0661027994690955,0.13558182923379
657,wave1,Somewhat Risk-Averse,0.9253110588296868,0.9253110588296868,0.0474689780180929,0.0474689780180929,0.7783446929619479,0.7783446929619479,0.0940777309999117,0.0940777309999117,0.5742838754143984,0.5742838754143984,-0.048793168182486,-0.048793168182486,1.0971657161011037,1.0971657161011037,0.1255528027345901,0.1255528027345901
1591,wave1,Somewhat Risk-Averse,0.8914235356709921,0.9467723966151512,0.05246572332313,0.044014978362492,0.7208084073071931,0.7942624716273395,0.112913990426326,0.0881886967689512,0.5640793901490841,0.5852081796812753,-0.0554540915921031,-0.0404780624774881,1.024621377376616,0.8584048332049795,0.1435763702061721,0.1786192409219115
720,wave1,Somewhat Risk-Averse,0.9033040684331578,0.9321992087254688,0.0507693842061727,0.0463881949187222,0.7549060195758021,0.6649821503698335,0.1021533799328942,0.1286917009240637,0.5800903054515738,0.6085580594197083,-0.044565603377048,-0.0074527929285007,1.0283097468737905,1.0287322822270126,0.1427110162708874,0.1426115740189343
804,wave1,Somewhat Risk-Seeking,0.8792128603269851,0.8599069431732491,0.0541544459328062,0.0567231028854877,0.5703565965646411,0.8073149719977909,0.1519501083724313,0.0830589447928228,0.5852949193393822,0.5892784528054743,-0.0404052476181767,-0.0369077504794372,1.1863403815291067,1.0164703172631953,0.0993159639285594,0.1454719572013109
151,wave1,Risk-Neutral,0.93433846114762,0.93433846114762,0.0460474192988458,0.0460474192988458,0.834080077125082,0.834080077125082,0.0714298790424743,0.0714298790424743,0.5663708191260781,0.5663708191260781,-0.054029140457852,-0.054029140457852,1.005297530557117,1.005297530557117,0.1480340648095814,0.1480340648095814
2106,wave1,Default,0.7952427036136694,0.8262092113803767,0.0645959367287869,0.0609509368244832,0.6117881593291163,0.6190324468550533,0.1421991367242378,0.1404305345781679,0.6070899832297476,0.6072016346451552,0.0124466936501564,0.0121392608419619,0.8691422324300404,0.8928427681729639,0.1765444065082215,0.1718868337480039
1905,wave1,Extremely Risk-Averse,0.8277948858501961,0.9062656395363128,0.0607584979153816,0.0503377161367681,0.7359488581903388,0.789403839096438,0.1082619826504799,0.0900257351405333,0.5716473236981224,0.5814862824279411,-0.0505973335205823,-0.0434885117260681,0.9741746036726676,0.8529327342965506,0.1549667427396356,0.1796685495094029
1488,wave1,Extremely Risk-Seeking,0.948398116620412,1.0086006176245457,0.0437423157141989,0.0320640708150889,0.7484659970346154,0.8628280984127296,0.1042669483860402,0.0563887806363284,0.5840283148384359,0.5462861888779632,-0.0414559002633745,-0.0654845895514339,0.9264445427059362,1.1101198983088651,0.1650848529970631,0.1220744618966871
539,wave1,Extremely Risk-Seeking,1.0472641997107437,1.0597128340918185,0.0214563792518739,0.0166649314086926,0.8705299110478899,0.8903706716231754,0.0516321790814198,0.0366696367610623,0.566288468948679,0.5633438834851884,-0.0540809934939565,-0.055903867063102,1.1275853910357767,1.2182863186629307,0.11723136101381,0.0881291043856905
2288,wave1,Default,0.8797754711104301,0.8865025393689303,0.0540777832822598,0.0531526729934131,0.6852138327623254,0.6770178597645528,0.1231940050647871,0.1254483756856096,0.5983405717039108,0.5926082162977856,-0.0273420832317641,-0.0337086029783969,0.8303596976439482,0.8351123494102998,0.1839416841648664,0.1830492237451218
1743,wave1,Somewhat Risk-Averse,0.9986414868441597,1.0131527955723116,0.0342702046807218,0.0310036754174671,0.7666060986182511,0.7634380824582965,0.0982020694703972,0.0992868699602679,0.5977550779956537,0.6051327952338948,-0.0280584190066334,-0.0169539258701223,1.145626849609212,1.112657179052044,0.1120212735325772,0.121382205627654
1571,wave1,Extremely Risk-Seeking,1.0228042502121255,1.0296469404701696,0.0286263241504712,0.0268138899249976,0.844746946680595,0.8510713788434382,0.0662421173471725,0.062968558603978,0.533341222122989,0.5371628980808877,-0.0719209095943999,-0.0700811142517312,1.2010413126364683,1.2223016535431923,0.0943271603310745,0.0866244167539407
265,wave1,Somewhat Risk-Seeking,0.9998329905444004,0.9998329905444004,0.0340137675408947,0.0340137675408947,0.7783562779702088,0.7783562779702088,0.0940735745802511,0.0940735745802511,0.5599473451811608,0.5599473451811608,-0.0579361943595338,-0.0579361943595338,1.180580559588447,1.180580559588447,0.101206039971158,0.101206039971158
2374,wave1,Somewhat Risk-Averse,0.9791951254469232,0.9791951254469232,0.0382141420985169,0.0382141420985169,0.7706845289942114,0.7706845289942114,0.0967883137189157,0.0967883137189157,0.6025175391982743,0.6025175391982743,0.0215536930896764,0.0215536930896764,1.0844503457515051,1.0844503457515051,0.1288812730765297,0.1288812730765297
1632,wave1,Default,1.0037369288590132,0.97213928366017,0.0331597303041699,0.0395485313338398,0.7516042271613237,0.7026982948270392,0.1032421815012421,0.118249928073586,0.5874767845286436,0.589635942469838,-0.0385287046769234,-0.0365776271682158,1.074594056374505,1.0530295258910551,0.1314070351261204,0.136781425851542
1374,wave1,Extremely Risk-Averse,1.0728507690099074,1.0605106011978274,0.0092207388438043,0.0163100195874158,0.8660534689903217,0.8603015199050257,0.0544468150890492,0.0578650627075099,0.5300754207099166,0.527841815847317,-0.0734573295685585,-0.0744902823446694,1.2493796733804925,1.2339339260210775,0.0757240155232762,0.0821146086695628
1641,wave1,Extremely Risk-Averse,0.9566563188452424,0.9134743441639708,0.0423303626370459,0.0492713586590966,0.8029403161630974,0.7568899225087744,0.0848117930142851,0.1014937835992537,0.5629909238792261,0.5900209129751312,-0.0561184439724804,-0.0362187801912887,1.164890305025044,1.0254860373556665,0.1061910582791593,0.1433739373783939
1966,wave1,Extremely Risk-Seeking,0.9662090398998392,0.9148556085836717,0.0406363777908354,0.0490644136518156,0.7734576537124548,0.7827179652709793,0.0958155672134295,0.0924959010165083,0.604892128062556,0.5987678130006189,-0.0174279341975388,-0.0268073245610033,0.9004526275878673,0.8723503112413898,0.1703675364214031,0.1759203278870136
358,wave1,Extremely Risk-Seeking,0.9024506277805028,0.9090423241877,0.0508931060414671,0.0499296413379976,0.789212790522426,0.8257417776778754,0.0900972289387019,0.0752411684177251,0.5734641173789479,0.5479892431448331,-0.049361115191492,-0.0645909940655986,1.063205321938449,1.0159451775024215,0.1342702901045054,0.1455933052283023
1480,wave1,Extremely Risk-Averse,0.9915615499794208,0.978700916762994,0.0357562239686294,0.0383091106870461,0.6375834944385876,0.7472320000414511,0.1358047638785817,0.1046672702720826,0.5999307622842925,0.5596383689748817,-0.025294676399455,-0.0581175901689711,1.0962074881429555,1.1136081487750535,0.1258065083868717,0.1211217890146291
1322,wave1,Somewhat Risk-Averse,0.9226127206181244,0.970265760190867,0.047885769338767,0.0398953961546107,0.7215000701274065,0.7608723659885319,0.1127054555273555,0.1001571513253317,0.5849260450796471,0.6092738397753845,-0.0407140096685608,-0.0026644219663045,0.9976692809051572,1.0043654604205203,0.1497602978047181,0.1482459718863206
1392,wave1,Risk-Neutral,0.997833471884571,0.9891488091410732,0.0344430255118026,0.0362487911693619,0.791467166978782,0.8154372031312819,0.0892500691259323,0.0797052031023115,0.5692808909466253,0.5730407541913778,-0.0521640718816452,-0.0496519114224463,1.0198931885922933,0.9864450982867806,0.1446787214853135,0.152267782965137
555,wave1,Default,0.8806835666541256,0.8806835666541256,0.0539538169577013,0.0539538169577013,0.6055971374189266,0.6055971374189266,0.1436946992706028,0.1436946992706028,0.6014060629337555,0.6014060629337555,-0.0232348607985225,-0.0232348607985225,1.006768005666544,1.006768005666544,0.1476991857384509,0.1476991857384509
1203,wave1,Extremely Risk-Seeking,0.8841146995310137,0.8841146995310137,0.0534828610540427,0.0534828610540427,0.7224782209589203,0.7224782209589203,0.11240991788231,0.11240991788231,0.5551268082199504,0.5551268082199504,-0.0607053864620327,-0.0607053864620327,1.0391347255315275,1.0391347255315275,0.1401429177822278,0.1401429177822278
139,wave1,Extremely Risk-Seeking,0.963011956559441,0.920881969791088,0.0412110166757285,0.0481512230900547,0.825615118791019,0.7044845391732818,0.0752976063719042,0.1177338149697513,0.5535721706953738,0.5681095252617699,-0.0615722777759093,-0.0529226169602397,1.1138501439508453,1.0777912512407095,0.1210554360402448,0.1305927218143715
1843,wave1,Somewhat Risk-Seeking,1.04110424910734,1.04110424910734,0.0234688001912125,0.0234688001912125,0.8866584858428113,0.8866584858428113,0.0398948146400292,0.0398948146400292,0.5735841694218998,0.5735841694218998,-0.0492783455886198,-0.0492783455886198,1.2454897021666549,1.2454897021666549,0.0773819752747185,0.0773819752747185
833,wave1,Extremely Risk-Averse,0.8096072205580633,0.8096072205580633,0.0629309662931012,0.0629309662931012,0.7170913624977941,0.7170913624977941,0.1140284684441002,0.1140284684441002,0.5924672099276119,0.5924672099276119,0.0338501788507697,0.0338501788507697,1.0938261173217103,1.0938261173217103,0.1264349455790498,0.1264349455790498
557,wave1,Extremely Risk-Averse,0.9736875613935828,1.005468402699529,0.0392595845100186,0.0327738566475777,0.7065843033772932,0.7674731136804429,0.1171243658501816,0.0979031698591287,0.5919209971295175,0.5830192293658107,-0.0343931220428566,-0.0422743808202509,1.1090491986783346,1.1104747378599025,0.1223654787191531,0.1219778721248696
2182,wave1,Extremely Risk-Seeking,1.0058154496047884,1.0361558969035685,0.0326959688107452,0.0249684280852505,0.7290371087811687,0.7817339719098781,0.1104088084127501,0.0928540837801411,0.5735900823462157,0.5581816512622498,-0.0492742653789547,-0.0589653936865736,1.1673765431231398,1.2433257867459426,0.1054161943963452,0.0782894234163912
971,wave1,Risk-Neutral,0.9478248214883862,0.969996649375255,0.0438386597609214,0.0399449735951324,0.7402553835214102,0.7326854207521181,0.1069035851650372,0.1092806307613997,0.5569768519163555,0.5730340569754271,-0.0596576037714729,-0.0496564980023636,1.0635673292145398,1.019290700092337,0.1341801523903068,0.1448186347116183
744,wave1,Default,0.9737405078259216,0.9846540193984302,0.039249666017737,0.0371490915877848,0.7083030160226219,0.7610810565322095,0.1166232742111526,0.1000866358671529,0.6077586965957682,0.6051615306722169,-0.0104714670735418,-0.0168964421326311,0.9831284834881708,1.0118895183965335,0.1530015521349893,0.1465273729955773
1613,wave1,Somewhat Risk-Seeking,0.9548260376934354,0.948834398664596,0.0426472990162281,0.0436688558086767,0.6588052314091385,0.7491029760557929,0.1303268830587447,0.1040597289113789,0.5564026761974525,0.5541261536989667,-0.0599847218465329,-0.0612647535823297,1.167822140700944,1.098636742134334,0.1052767429406887,0.1251623873919992
1150,wave1,Extremely Risk-Seeking,0.9711512237496888,1.0573149167435376,0.0397318361185284,0.0176889486477343,0.8146709004359871,0.8873355725164965,0.0800274630508075,0.0393261676577963,0.57882218906961,0.5519240959733539,-0.0455221276226822,-0.0624783339376252,1.1837137220923095,1.2584829482170996,0.1001821447972306,0.0716978697458081
53,wave1,Default,1.0201255990777338,1.0201255990777338,0.029305403652217,0.029305403652217,0.8270893532835759,0.8270893532835759,0.0746381191561905,0.0746381191561905,0.5282909170460934,0.5282909170460934,-0.0742837196050344,-0.0742837196050344,1.2428413669140284,1.2428413669140284,0.0784911646257607,0.0784911646257607
1972,wave1,Risk-Neutral,0.9613459412068204,0.9613894669088484,0.0415073319738932,0.0414996172815479,0.7705605443432134,0.7836480349058123,0.0968315847726477,0.0921561107877261,0.5701694828578762,0.5783484255269294,-0.0515812852510364,-0.0458744057947543,0.9842336930775814,0.9961928686595892,0.1527573910381674,0.1500923080582049
282,wave1,Extremely Risk-Averse,1.0175256354534008,1.0061360949332656,0.0299498620844685,0.0326238417235232,0.8356517826571748,0.7904069259472308,0.0706889589203218,0.0896494566436758,0.557018596811539,0.5544069074066377,-0.0596337519912972,-0.0611083210190205,1.121415903811102,1.093855370451618,0.1189633844667476,0.1264272435226929
1667,wave1,Somewhat Risk-Seeking,0.8442319755394141,0.8442319755394141,0.0587270891220343,0.0587270891220343,0.7023268949137911,0.7023268949137911,0.1183569723649829,0.1183569723649829,0.5741989527071116,0.5741989527071116,-0.0488523081992042,-0.0488523081992042,0.97804573933386,0.97804573933386,0.1541198989399469,0.1541198989399469
2383,wave1,Extremely Risk-Seeking,0.9602240179071112,0.992240881898106,0.0417056976590507,0.0356163139784306,0.7041381306122226,0.7857841117341567,0.1178340724029606,0.0913710978613147,0.6001004417681132,0.5746221769821555,-0.0250663653209383,-0.0485568673956616,0.9962509146237916,1.1108659127505711,0.150079267542316,0.1218713081167668
811,wave1,Default,0.8926434242402889,0.8707856331175179,0.0522940519654107,0.0552901888161416,0.6584855768281346,0.6599635212304694,0.1304109823340814,0.1300217184790058,0.5969520851793761,0.5995226291850292,-0.0290121986309179,-0.0258355964217116,1.004099287192224,1.0377106306616746,0.1483064358307094,0.1404832389913101
1547,wave1,Default,1.0375905508057452,0.9952558437160582,0.024543059170993,0.0349886592333671,0.8305749808042905,0.7866633102975404,0.0730557058601858,0.0910460898773892,0.59360420924681,0.5964195904578632,-0.0326912110948754,-0.0296278140508831,1.2458682481801886,1.1617111590958034,0.0772221607370379,0.1071740746462391
2133,wave1,Risk-Neutral,1.0277994998555795,1.0277994998555795,0.0273150419261536,0.0273150419261536,0.867066010258254,0.867066010258254,0.0538229014904742,0.0538229014904742,0.5857151721186847,0.5857151721186847,-0.0400505981696174,-0.0400505981696174,0.920449700402462,0.920449700402462,0.1663165237726719,0.1663165237726719
342,wave1,Somewhat Risk-Averse,0.8497149187036847,0.8398217096125161,0.0580338805815397,0.0592788766503306,0.701137747719576,0.724517412808902,0.1186990929811556,0.1117914117227153,0.5382751556443449,0.5633937265157679,-0.0695367006374757,-0.0558735001115731,0.9619899818280584,0.7916300109525498,0.157605307360593,0.1910793667947101
717,wave1,Extremely Risk-Seeking,0.9805940601945252,1.013945709799116,0.0379440375711595,0.0308152556058987,0.8160460210656313,0.8607401463770675,0.0794482634132687,0.0576114512453322,0.5655624215923976,0.5488968585197445,-0.0545360515965573,-0.0641097648957887,1.1599164878017865,1.1426992990032232,0.1077252180090079,0.1128822018411812
1959,wave1,Extremely Risk-Averse,0.7471700314946677,0.9473848224787842,0.0698847120162891,0.0439124607021982,0.753182590954202,0.7917493809475004,0.1027230787567566,0.0891434685675225,0.6062211909944213,0.6048384494664493,0.0146198223550206,-0.0175319115563205,1.0437089975236786,0.9760834317921332,0.1390445875283231,0.1545496961864057
2064,wave1,Extremely Risk-Seeking,0.8869829350697526,0.8869829350697526,0.0530859990283325,0.0530859990283325,0.7872295473541431,0.7872295473541431,0.0908361771534413,0.0908361771534413,0.5910098036598483,0.5910098036598483,-0.0352803567768946,-0.0352803567768946,1.0472226261230737,1.0472226261230737,0.138195454175272,0.138195454175272
1649,wave1,Somewhat Risk-Averse,0.9400107498629336,0.9509478436448688,0.0451314943585338,0.0433112498754528,0.7802196196264268,0.832058545333958,0.0934027300139037,0.0723719250813371,0.5402301026641052,0.5526418106668373,-0.0685695468668764,-0.0620853589200558,1.0109574748731809,1.023375570014872,0.1467412639950486,0.1438675762203334
2244,wave1,Default,1.015052828141337,0.9903523947588112,0.030550235043801,0.0360039140843887,0.8294237367391895,0.804005397067483,0.0735820324682942,0.084388292991638,0.563589909788125,0.5660158617970171,-0.0557538164499923,-0.0542522952589289,1.0761049992193583,1.0466066477218865,0.1310227919179082,0.1383446650969468
1731,wave1,Extremely Risk-Seeking,0.892987253959685,0.892987253959685,0.0522455650270587,0.0522455650270587,0.8783817953754974,0.8783817953754974,0.0462882168707109,0.0462882168707109,0.5633297443436982,0.5633297443436982,-0.0559124783937391,-0.0559124783937391,1.0148589129648746,1.0148589129648746,0.1458440227662859,0.1458440227662859
1776,wave1,Somewhat Risk-Seeking,0.9381512666231572,0.9754940263266764,0.0454337693748055,0.0389197588855036,0.7966900672489617,0.8130136392079904,0.0872567960462448,0.0807201173041474,0.5492049832273025,0.5540578390101982,-0.0639455834293537,-0.0613027582164384,1.046040954041248,1.1015300048696754,0.1384815643560359,0.1243911516502721
264,wave1,Somewhat Risk-Seeking,0.931992825628187,0.9819974063951518,0.0464209398576943,0.0376711467680084,0.7549531273600693,0.8299291804255357,0.1021377651596957,0.0733514084664279,0.5923497841085484,0.5486447794991858,-0.0339676306753646,-0.0642437759765073,0.9517944822300284,1.0844782769085604,0.1597828468391197,0.1288740498143848
170,wave1,Extremely Risk-Averse,0.9915713493958952,1.029660438171906,0.0357542096279715,0.0268101940564074,0.8047626243517351,0.8734060052576348,0.0840859420575438,0.0497407617477217,0.5575487773548223,0.527863775545946,-0.0593300003313845,-0.0744801950755838,1.1466616007084651,1.2384623076346584,0.1117154682781926,0.0802924282605537
238,wave1,Extremely Risk-Seeking,0.8777507548391722,0.8777507548391722,0.0543531760890211,0.0543531760890211,0.5410390724971519,0.5410390724971519,0.1585187809641763,0.1585187809641763,0.5956842186793828,0.5956842186793828,-0.0304575950242952,-0.0304575950242952,1.1323472799229333,1.1323472799229333,0.1158777793433057,0.1158777793433057
180,wave1,Default,1.0105767428634744,1.0105767428634744,0.0316080998979391,0.0316080998979391,0.8034402903471548,0.8034402903471548,0.0846132485456453,0.0846132485456453,0.5680836725592197,0.5680836725592197,-0.0529392372405608,-0.0529392372405608,1.1683920534401682,1.1683920534401682,0.1050981287547626,0.1050981287547626
2220,wave1,Somewhat Risk-Seeking,0.9583426669551562,0.9954996052886688,0.0420362502982548,0.0349374227204566,0.8714807596398075,0.8879028829133881,0.0510145494058507,0.03884334668711,0.5729341691058064,0.5385617269982053,-0.0497248563676389,-0.0693957548189065,1.0810517343254151,1.12241977471689,0.1297573813047696,0.1186831845788312
1886,wave1,Somewhat Risk-Averse,0.977556910648654,0.9993472068286898,0.0385280534016268,0.0341185502435417,0.7947305242334687,0.8668797998134611,0.0880097660328863,0.0539381769746571,0.5800750569048576,0.5554187350626372,-0.0445772260939465,-0.0605412396202939,1.0948701248373995,1.0094983443305792,0.1261597961045433,0.147075542056559
628,wave1,Somewhat Risk-Seeking,0.8825541914064842,0.9512817649872304,0.0536975619717562,0.0432544802186658,0.7600532434768389,0.8289307347596757,0.1004334690572926,0.0738063002305051,0.5713254238038907,0.5488386695434687,-0.0508132618351001,-0.0641407239600758,0.998536533321888,1.113704201539654,0.1495649598137283,0.1210954562812177
1680,wave1,Extremely Risk-Averse,0.9448329538330112,0.9129557786798356,0.0443380815514407,0.0493488297313204,0.6991601145507128,0.6535193685678756,0.1192660102297327,0.1317111266797763,0.5805439740268983,0.5830778891588186,-0.0442184225979467,-0.0422272324731952,1.0603877819651648,1.0139464314590452,0.1349699293948142,0.1460543250073579
1320,wave1,Extremely Risk-Averse,0.985955975723087,0.9583725474820378,0.0368905597628328,0.0420310204753434,0.8210078164066574,0.8097360956641224,0.0773232081779671,0.0820732019025749,0.5528192745110847,0.5573512470372012,-0.0619878127623194,-0.0594433484919775,1.1066569781447415,1.0186064299441189,0.1230133447383594,0.1449773894081041
2336,wave1,Risk-Neutral,1.0313857777860924,0.992155065693568,0.0263335126060059,0.0356340181851166,0.8566203053171736,0.8143688384999234,0.0599518126877588,0.0801541447979469,0.5543303589859202,0.5546794035879058,-0.0611510119594404,-0.0609561112607128,1.0531079550801357,0.9921570635006364,0.1367622350524431,0.1509964678799031
1239,wave1,Extremely Risk-Seeking,0.9678539510780326,0.9917155391049104,0.0403375560150825,0.0357245573306575,0.7894215464193992,0.8406814049729755,0.0900191059604154,0.068265000151522,0.5859228840469857,0.5791053712372818,-0.039874153739563,-0.0453102638609211,0.9498442094455468,1.0491712953445111,0.1601963422288966,0.1377224354497456
2305,wave1,Extremely Risk-Seeking,0.9778276914937356,1.0073154165512623,0.0384763425762755,0.032357183776765,0.8596988514036099,0.8764561572432872,0.0582117443446945,0.0476537633564313,0.5562101441759176,0.5351366128260335,-0.0600940177869146,-0.0710624029524663,1.123582602110217,1.1522368915272558,0.1183578338063992,0.1100538741965035
316,wave1,Somewhat Risk-Averse,1.0313620374522812,1.0455643810929698,0.0263401300172654,0.0220300358300789,0.7743591084504996,0.8100712019661724,0.0954973026927847,0.0819358568139265,0.5479162774004027,0.546442612322751,-0.0646295283833034,-0.0654030145216991,1.1694404774412483,1.1631825134394569,0.1047687856359589,0.1067201954886848
98,wave1,Extremely Risk-Averse,0.997238931589368,1.0203597659101582,0.0345696385692524,0.0292466655839278,0.8130157530483706,0.826325340381819,0.0807192375106653,0.0749806022348354,0.56877762575504,0.5777368105852827,-0.0524913012527161,-0.046325258350922,1.0580954341296704,1.068484789450444,0.135536680549349,0.1329501084931251
1176,wave1,Extremely Risk-Seeking,0.9610500610975669,0.8809793923415064,0.0415597374083811,0.0539133722387656,0.8644914273803047,0.8086176890396497,0.0553957036587648,0.0825299766007349,0.5767874281355708,0.6066983575440078,-0.047016606009514,-0.0134697138645088,1.0880451093184091,1.081535090605156,0.1279485010873307,0.1296331171119324
23,wave1,Extremely Risk-Averse,0.9999214329901916,0.881016853003629,0.0339946560669792,0.0539082485497001,0.8046381729159022,0.7264607918021577,0.0841357063948064,0.1111989238864543,0.6049878578001212,0.5560990484735775,0.0172409479019349,0.0601569951761738,1.1082812209519974,1.1522738100409071,0.1225738150676363,0.1100427918805642
1472,wave1,Somewhat Risk-Averse,0.9479882920260412,0.9479882920260412,0.0438112094516939,0.0438112094516939,0.8246201696167315,0.8246201696167315,0.075739516196562,0.075739516196562,0.543196574687426,0.543196574687426,-0.067075845603889,-0.067075845603889,0.9847940703716314,0.9847940703716314,0.1526334578112487,0.1526334578112487
927,wave1,Risk-Neutral,1.031217463090704,1.031217463090704,0.0263803931258445,0.0263803931258445,0.7658489425451455,0.7658489425451455,0.0984623817676339,0.0984623817676339,0.5773953384429583,0.5773953384429583,-0.0465750924920385,-0.0465750924920385,1.0284040544603172,1.0284040544603172,0.1426888268310561,0.1426888268310561
1060,wave1,Risk-Neutral,0.8453929107017073,0.8599790483331416,0.0585809873377174,0.0567137230674401,0.737235822713993,0.7156453375209787,0.1078577487118457,0.1144592459817194,0.5865445304765545,0.5857760407552182,-0.039341387807531,-0.0399989723805443,0.912426282839118,0.9167249290918684,0.1679523538431953,0.1670777127195711
453,wave1,Default,1.024922186215448,1.024922186215448,0.0280778091664606,0.0280778091664606,0.8698593125083331,0.8698593125083331,0.0520634111440384,0.0520634111440384,0.5840392066229674,0.5840392066229674,-0.0414469782604361,-0.0414469782604361,1.1710969741190986,1.1710969741190986,0.1042463993711863,0.1042463993711863
583,wave1,Extremely Risk-Seeking,1.025329402093884,1.038854130164504,0.0279711172064321,0.0241622268407643,0.8184164403131271,0.8295670840515225,0.0784400588421394,0.0735166978295829,0.5658471564458627,0.5740012496859507,-0.0543580396241779,-0.0489897142798595,1.2136390646499542,1.2195780844374506,0.0898400910556901,0.087647767186104
1024,wave1,Risk-Neutral,0.945933006160394,0.9759269481346676,0.044155105297516,0.0388378802261689,0.8244532688762719,0.8724128943468019,0.0758133991232097,0.0504018066348513,0.5879530689588206,0.5595902418359135,-0.0381068603480805,-0.0581457947163122,1.1238865254262411,1.1092130048955922,0.1182726588849767,0.1223209983065867
1174,wave1,Extremely Risk-Seeking,1.0043795741504928,0.9993701752212986,0.0330170353447552,0.0341136032165227,0.7576872575983736,0.7232124636528441,0.1012275292533271,0.1121875884855196,0.6068283640933909,0.5979509635869508,-0.0131389348497574,-0.0278208051876844,1.046947983580148,1.0476180965135389,0.1382620003409957,0.1380995791931073
984,wave1,Default,1.0034426196034618,1.0034426196034618,0.0332248759432797,0.0332248759432797,0.8899358218236297,0.8899358218236297,0.0370618685386186,0.0370618685386186,0.5464798070456369,0.5464798070456369,-0.0653836027033699,-0.0653836027033699,1.1201191140669997,1.1201191140669997,0.1193244239830816,0.1193244239830816
179,wave1,Somewhat Risk-Averse,0.90440911869202,0.90440911869202,0.0506087422300026,0.0506087422300026,0.8325581693262197,0.8325581693262197,0.072140218220314,0.072140218220314,0.5657952764594966,0.5657952764594966,-0.0543905171086015,-0.0543905171086015,1.0045712895092334,1.0045712895092334,0.148199200266048,0.148199200266048
1023,wave1,Default,0.992005934207265,0.9967843630036844,0.0356647637725548,0.0346661328485099,0.8247306320233325,0.8356804233056944,0.0756905784019515,0.0706753867754762,0.5427340066648,0.5506045963684373,-0.0673109029151809,-0.0631945308448638,1.1106861455117376,1.0754374826682431,0.1219202912631888,0.1311926753623365
740,wave1,Extremely Risk-Seeking,1.062858804948051,1.0221796884218246,0.0152174343231456,0.0287860876177462,0.9029040135602066,0.8654364203209369,0.0226239968484119,0.0548235905948042,0.5968699896093249,0.5949092043129361,-0.0291079550633447,-0.0313084005023042,1.3058452432305574,1.219661661303546,0.0454289377795375,0.087616536525388
959,wave1,Somewhat Risk-Seeking,0.9861457121809876,0.9861457121809876,0.0368527328661327,0.0368527328661327,0.7727597284493947,0.7727597284493947,0.0960612763656984,0.0960612763656984,0.6040602531698561,0.6040602531698561,-0.0189754882325887,-0.0189754882325887,1.1906305453877282,1.1906305453877282,0.0978853845684419,0.0978853845684419
705,wave1,Default,1.0194610209830686,1.018345004484819,0.0294714700608575,0.0297482647535775,0.7771509637717869,0.8097228194705337,0.0945050665720747,0.0820786386141948,0.5448276251525052,0.5651723748705141,-0.0662404794811671,-0.0547789751108102,1.2521466197581614,1.201092544856688,0.0745227811283694,0.094309330221327
746,wave1,Default,1.0240458489306763,1.0240458489306763,0.02830605293884,0.02830605293884,0.7979739077636436,0.7979739077636436,0.0867600349054672,0.0867600349054672,0.5543413704997916,0.5543413704997916,-0.0611448726626408,-0.0611448726626408,1.157636249296521,1.157636249296521,0.1084216224046111,0.1084216224046111
2022,wave1,Default,0.8469980602271819,0.8469980602271819,0.0583783878935676,0.0583783878935676,0.7336540713496202,0.7336540713496202,0.1089792237131763,0.1089792237131763,0.581077131761027,0.581077131761027,-0.0438069217542614,-0.0438069217542614,0.9520827861337692,0.9520827861337692,0.1597216391055506,0.1597216391055506
671,wave1,Extremely Risk-Averse,1.0271242907938989,1.035511773222966,0.0274959322163125,0.0251570744099494,0.7852686257298663,0.7955929427389443,0.0915611356488869,0.0876791472778012,0.571501280683276,0.5730147174614116,-0.0506954110149737,-0.0496697402902081,1.1726049976512043,1.1728182477911775,0.1037686470756037,0.1037009179284808
2100,wave1,Somewhat Risk-Averse,0.9885474811387354,1.004476607036309,0.0363705207361726,0.0329954364724262,0.7481014283501923,0.8179986982807455,0.1043853712698325,0.0786186512771758,0.5678699215411623,0.581114738357127,-0.0530764571042159,-0.0437777513899579,1.0092209069090683,0.923910907524198,0.1471390226422199,0.1656063993752146
1232,wave1,Somewhat Risk-Averse,0.9987314383792504,0.9987314383792504,0.0342509118712016,0.0342509118712016,0.8080485500347131,0.8080485500347131,0.0827614800191594,0.0827614800191594,0.5663981195369416,0.5663981195369416,-0.0540119394818089,-0.0540119394818089,1.0828025294423478,1.0828025294423478,0.1293067465847924,0.1293067465847924
988,wave1,Extremely Risk-Averse,1.0480264377176127,0.979576487368138,0.0211941060360109,0.0381406977798912,0.7510107560627193,0.7334696025486034,0.1034367205741906,0.1090366845567804,0.5437181057530288,0.5824032595823678,-0.066809851783583,-0.0427663560126354,1.2887689394599604,1.1513173732084645,0.0563111203711777,0.1103295561555238
141,wave1,Extremely Risk-Averse,1.0431568928207355,1.030452080224538,0.0228178991812695,0.0265925349433097,0.8754904805667334,0.8205337723306546,0.048324165447364,0.0775286886434899,0.55888477745246,0.5901038504270447,-0.0585576887961274,-0.0361410067314158,1.2042587315528777,1.1068475094667345,0.0932010313768881,0.1229618623468561
2245,wave1,Somewhat Risk-Averse,0.9120662633330242,0.9792245441242144,0.0494814391113143,0.0382084815190266,0.6949079054726516,0.7473573309799468,0.1204764380466441,0.1046266784348032,0.5938500172373038,0.5978563056475191,-0.0324352340906269,-0.0279358790526741,1.038710855749833,0.9275282716909335,0.1402442911632682,0.1648613182385327
79,wave1,Default,1.0161334500175423,1.0161334500175423,0.0302893294136857,0.0302893294136857,0.7677450836597084,0.7677450836597084,0.0978092283763016,0.0978092283763016,0.60929951164769,0.60929951164769,-0.0023155398347023,-0.0023155398347023,1.0336871835131505,1.0336871835131505,0.1414406540957386,0.1414406540957386
1457,wave1,Somewhat Risk-Averse,0.9336006369698536,0.9485334698862006,0.0461652339324503,0.0437195384297309,0.6231741422813779,0.5876524750091806,0.1394101000807582,0.1479510415071934,0.5863166666779754,0.5785570137735163,-0.0395375007951072,-0.0457196367019802,1.101075272017496,1.0230382751439595,0.124512663439375,0.1439463253649318
1416,wave1,Default,0.9198483674476436,0.9198483674476436,0.048309062502293,0.048309062502293,0.8428987454630301,0.8428987454630301,0.0671691396467018,0.0671691396467018,0.5648636990953582,0.5648636990953582,-0.0549704684212113,-0.0549704684212113,1.016964616827781,1.016964616827781,0.1453576507756155,0.1453576507756155
2068,wave1,Extremely Risk-Averse,0.936830810824175,0.9829744498372636,0.0456472154050506,0.0374799871081274,0.7316754843588489,0.8375236159638494,0.1095940432497629,0.0697965005525731,0.609261306155956,0.5799263380045249,-0.0028191126752748,-0.0446904250721057,1.0169591925439556,1.0342128654476666,0.145358905584808,0.1413159030640121
353,wave1,Default,0.8871693510417191,0.8331098714099969,0.0530601041060879,0.0601090394057279,0.8511331862785084,0.8531739546512874,0.0629357405791596,0.0618425238915311,0.5533055696539405,0.5932755982978911,-0.0617197340553656,-0.0330303311808946,1.0672638873211,1.10645287162544,0.1332564878392885,0.1230684727386716
651,wave1,Extremely Risk-Averse,0.9725539549996802,0.9590029918554288,0.0394713495378955,0.041920526260675,0.8557541325080006,0.8562738873669535,0.0604324892161961,0.0601445092130111,0.5392349232464673,0.5304530784375503,-0.0690635435593489,-0.0732812702906537,1.0957472597563247,1.096982608289961,0.1259281905614835,0.125601320499529
1192,wave1,Extremely Risk-Averse,0.9487516691040336,0.9336727114290764,0.0436827949914297,0.0461537383348705,0.7399809123597809,0.7253398013682993,0.1069906520058441,0.1115410511878263,0.5449147950542788,0.5495007329658385,-0.0661955426444662,-0.0637876048794939,1.006512076271946,0.9651104468514634,0.1477575197763229,0.1569333973417858
2347,wave1,Extremely Risk-Averse,0.9807949601673168,0.9807949601673168,0.0379050909270531,0.0379050909270531,0.87274900627328,0.87274900627328,0.0501790454561239,0.0501790454561239,0.5306423484655272,0.5306423484655272,-0.0731928790925597,-0.0731928790925597,1.1569325876725445,1.1569325876725445,0.1086356669531077,0.1086356669531077
435,wave1,Default,1.009097380324575,0.9649483502249868,0.0319500576753555,0.0408639307585448,0.8209956597672268,0.7260852725344381,0.0773284842877186,0.1113136440960819,0.5819982726143823,0.5832057375093033,-0.0430867805418585,-0.0421242916470267,1.2233737235120552,1.138432604367993,0.0862183674166863,0.1141258944500663
1895,wave1,Default,0.9908333357990506,0.9067885003178364,0.0359055990309892,0.0502611246916959,0.7890778139232381,0.749805861613688,0.0901477065195074,0.1038306096356135,0.5707511185783494,0.5797688544578397,-0.0511962633961338,-0.0448099860952856,1.0785538170354314,0.8970681661266728,0.130397798814927,0.1710447158794278
168,wave1,Somewhat Risk-Seeking,0.8676421883676119,0.8676421883676119,0.055707974674325,0.055707974674325,0.5507981205340721,0.5507981205340721,0.1563599967101175,0.1563599967101175,0.593894229766231,0.593894229766231,-0.0323889787481111,-0.0323889787481111,1.0873339029720908,1.0873339029720908,0.1281335493082619,0.1281335493082619
778,wave1,Default,0.9727913166106394,0.9727913166106394,0.0394271024114604,0.0394271024114604,0.7788364292197151,0.7788364292197151,0.093901151820705,0.093901151820705,0.5454124974854763,0.5454124974854763,-0.0659383964016825,-0.0659383964016825,1.2155796267529753,1.2155796267529753,0.089129499953818,0.089129499953818
729,wave1,Extremely Risk-Averse,0.9603781533436908,1.0347769992461435,0.0416785007452149,0.0253705613913165,0.6874420216364695,0.7495827920543761,0.1225743913292883,0.1039033759033159,0.5817534390460297,0.5168880869362639,-0.043279350043869,-0.0793657840189494,1.0251495122717766,1.177051729281182,0.143452755314071,0.1023474646967969
349,wave1,Extremely Risk-Averse,1.0383471795149848,1.0529564829889628,0.02431573233337,0.0194125274719087,0.8494114468158935,0.8413814496140434,0.0638437258378315,0.0679208970836625,0.56293740776899,0.508209264988493,-0.0561509076576112,-0.0830304747555092,1.1662679231005284,1.2852420189366054,0.1057623784792331,0.0583088114873896
1463,wave1,Risk-Neutral,1.0085798479417507,0.9950369359867152,0.0320688289203973,0.0350346081409494,0.7637620491897378,0.7606870856698544,0.0991764600335577,0.1002197166610182,0.6059322542074137,0.6062646112619112,-0.0152742382473609,-0.0145189324661527,1.0879233909284205,1.0780663392393552,0.1279801886526739,0.1305224366046898
1579,wave1,Extremely Risk-Seeking,1.0378493582891055,0.9225116796096008,0.0244655383538036,0.0479013065555578,0.765965357666543,0.8664046571800934,0.0984224010101158,0.0542312214499752,0.5851954328227242,0.557016172078704,-0.0404887520482653,-0.0596351376681273,1.0814000650688358,1.066728007023748,0.1296678414974296,0.1333907576004573
1093,wave1,Risk-Neutral,0.8880185195787409,0.8880185195787409,0.0529419881986738,0.0529419881986738,0.7162622751540328,0.7162622751540328,0.1142756457833839,0.1142756457833839,0.6090797627165263,0.6090797627165263,-0.0044982304553439,-0.0044982304553439,1.0656780768390162,1.0656780768390162,0.1336534635913649,0.1336534635913649
386,wave1,Default,0.9495175551119112,0.9360547158564532,0.0435535809014553,0.0457722072568718,0.7304657778419222,0.7068777273169552,0.1099683301222913,0.1170389616170812,0.5611921257341361,0.5697292475397108,-0.0571996516423339,-0.0518708250098131,0.9415860731682112,0.9191259451278312,0.1619366945244993,0.1665873998244627
1329,wave1,Risk-Neutral,0.9752765862164544,0.9579381854915948,0.0389608188876552,0.0421069809873451,0.7944882391582642,0.7841066454312653,0.0881024325980905,0.0919881162995851,0.5757555138994822,0.5784362198437537,-0.0477568028603663,-0.0458093270294107,1.0737505391812303,0.9532340177030938,0.1316210924991689,0.1594770185097409
1891,wave1,Risk-Neutral,0.9171446910443593,0.8727499011260934,0.0487195399498483,0.0550275332969166,0.7648627703024702,0.7369379787989737,0.0988004414447649,0.1079514295167494,0.608794286733789,0.6093147279930113,-0.0062893100501805,-0.002081325663863,1.0547572392228892,1.0370276992291945,0.1363580929002814,0.1406461720627531
155,wave1,Somewhat Risk-Averse,1.0725661210765058,0.9726533371918086,0.0094443767404164,0.0394528294752421,0.8655957451351536,0.76956915650426,0.0547265508828786,0.097176915159346,0.548879020221553,0.605115918340443,-0.0641192572084966,-0.0169875966438177,1.2440999118458924,0.9467134502260796,0.0779659745411007,0.1608581227526514
889,wave1,Extremely Risk-Averse,0.9591155198293682,0.9591155198293682,0.0419007737258265,0.0419007737258265,0.8295688017253693,0.8295688017253693,0.0735159146061155,0.0735159146061155,0.5655928616567043,0.5655928616567043,-0.0545170483438954,-0.0545170483438954,1.0457640528315495,1.0457640528315495,0.1385485295245389,0.1385485295245389
1838,wave1,Somewhat Risk-Seeking,0.8942631705589433,0.978585287614276,0.0520652446183993,0.0383312965561765,0.7142633581175828,0.8722871787729339,0.1148695121318729,0.0504848757286403,0.5794178544366869,0.5376781815402922,-0.0450753322653515,-0.0698294173482428,1.0085660414367823,1.082336802970951,0.1472887634023627,0.129426762336259
1983,wave1,Extremely Risk-Seeking,0.9753318554597368,0.9487864032213472,0.0389503862745102,0.0436769431444551,0.7176283483894537,0.7307466546086195,0.1138681042796748,0.1098815342277487,0.6089297939789974,0.5986185464911972,0.0055121720963236,-0.0269953551972241,1.0381657128519255,1.0430178956894505,0.1403745690940234,0.1392110414889635
807,wave1,Extremely Risk-Averse,0.9564849104491444,0.952898242444846,0.0423601440870321,0.0429786122121495,0.8842866202969702,0.8413528720415081,0.0418262610210861,0.0679349777247016,0.5269629817474156,0.559490982782331,-0.0748928874639745,-0.0582039221564888,1.079169301950927,1.078029274539422,0.1302402733390374,0.13053190872415
1127,wave1,Extremely Risk-Averse,0.9709721635738952,0.9709721635738952,0.0397649654727957,0.0397649654727957,0.8762028280486004,0.8762028280486004,0.0478305330120006,0.0478305330120006,0.5337977739931493,0.5337977739931493,-0.071703553760979,-0.071703553760979,1.0820204380829457,1.0820204380829457,0.1295082289775738,0.1295082289775738
856,wave1,Extremely Risk-Seeking,0.9125240000424312,1.004784909283419,0.049413243514542,0.0329267168371067,0.7967323759908036,0.8761808245294336,0.0872404690868463,0.0478458562216361,0.5618953863980463,0.5391983568684985,-0.0567793610275441,-0.0690816287136174,1.0761566281883648,1.1256691894224182,0.1310096437502376,0.1177718930622004
1087,wave1,Extremely Risk-Averse,0.9599631247494808,0.9816445431551308,0.0417516916851988,0.0377399482136431,0.76567848017663,0.7904133655183732,0.0985208959682366,0.0896470360894419,0.5942319527533227,0.5899376265474368,-0.032033457109682,-0.0362967140762142,0.8970507840019877,1.015291052032121,0.1710481876431958,0.1457443293773836
1553,wave1,Default,0.9606365651656268,0.9635450391812648,0.0416328648704343,0.0411157554114963,0.7237943938424186,0.6870014546857198,0.1120110815995028,0.1226971373942796,0.6093490599565147,0.5969907049109824,0.0014171851795872,-0.0289670433908691,1.0864878347919704,1.1279041909699707,0.1283533620789532,0.1171412034628925
516,wave1,Risk-Neutral,1.0079558605912031,1.0079558605912031,0.0322114511423069,0.0322114511423069,0.8913655945452897,0.8913655945452897,0.0357561301430119,0.0357561301430119,0.5575455862491117,0.5575455862491117,-0.059331833169555,-0.059331833169555,1.0546884279329365,1.0546884279329365,0.1363749766728855,0.1363749766728855
125,wave1,Somewhat Risk-Seeking,1.023256019673754,1.044785522273098,0.0285102049562286,0.0222879631781963,0.7985129029939834,0.8676140178621985,0.086550655259006,0.0534822268996734,0.5365550590694504,0.533706248278637,-0.0703768864423776,-0.071747179135223,1.195952368180116,1.2214379984701136,0.0960823374026346,0.0869501902095724
1510,wave1,Risk-Neutral,1.019149991440477,1.019149991440477,0.0295488713859435,0.0295488713859435,0.7999482749352027,0.7999482749352027,0.0859906540562349,0.0859906540562349,0.5474084017321263,0.5474084017321263,-0.0648971218862065,-0.0648971218862065,1.0034954590045615,1.0034954590045615,0.1484435180686783,0.1484435180686783
1396,wave1,Risk-Neutral,1.0009361278890117,1.0119666415953883,0.0337746210822269,0.0312834301096768,0.7222066760831174,0.8139634719720579,0.1124920361739637,0.0803238454877326,0.5967300659248488,0.594653750469192,-0.0292704427965606,-0.0315838333344616,1.0315108942077669,1.0186422874142305,0.1419560403476317,0.1449690742256375
240,wave1,Somewhat Risk-Averse,0.96242831398929,0.96242831398929,0.0413150627680797,0.0413150627680797,0.8399238116772677,0.8399238116772677,0.0686354831385092,0.0686354831385092,0.5894896733469556,0.5894896733469556,-0.0367130560532885,-0.0367130560532885,1.1014702744005629,1.1014702744005629,0.1244071189313482,0.1244071189313482
105,wave1,Risk-Neutral,0.9563089752386832,0.9563089752386832,0.0423906904477586,0.0423906904477586,0.8953639815472725,0.8953639815472725,0.0318229492571352,0.0318229492571352,0.5592294834673969,0.5592294834673969,-0.0583567862253863,-0.0583567862253863,1.140580435992109,1.140580435992109,0.1135014428764153,0.1135014428764153
568,wave1,Default,1.0391982120398997,1.0315753676373145,0.0240574815856382,0.0262806064655265,0.8495269849531912,0.8352518292451782,0.0637831931704442,0.0708782215006268,0.5440383412757045,0.5467158313763949,-0.0666460070228754,-0.0652602900065856,1.1495828130321295,1.099246722495967,0.1108478198889694,0.1250001609960442
552,wave1,Extremely Risk-Seeking,0.8295549500408561,0.8295549500408561,0.0605441892161224,0.0605441892161224,0.6990219352796917,0.6990219352796917,0.1193055262577656,0.1193055262577656,0.5864141200607024,0.5864141200607024,-0.0394537452443994,-0.0394537452443994,0.9545124617217072,0.9545124617217072,0.1592049703490422,0.1592049703490422
1344,wave1,Default,0.9714979989888792,0.9688895114520316,0.0396675982772355,0.0401482982102381,0.7819042003028127,0.7877404167536238,0.0927922145922024,0.0906463866239142,0.5707473966655898,0.5652749829881528,-0.0511987362757582,-0.0547151734371407,1.0956295294814673,1.1030192541241663,0.1259593001771967,0.1239924180158559
629,wave1,Extremely Risk-Seeking,0.9874851735229928,0.9927828108415804,0.0365845839272627,0.0355043091221784,0.8407065693593195,0.8992046026174763,0.0682526602417906,0.0275230812962124,0.6092966337721512,0.5602016892858199,-0.0023572214877359,-0.0577864507725761,1.2281831305914084,1.084259837025253,0.0843734612091558,0.128930530352314
725,wave1,Somewhat Risk-Seeking,1.0196153138315052,0.9804804513334752,0.0294329982115564,0.0379660443009458,0.8480693465854158,0.8684463025175453,0.0645427858282956,0.0529606853606571,0.5456116914404261,0.54185888625017,-0.0658352029887357,-0.0677534110893493,1.1754029692044623,1.098339769041894,0.1028766049397507,0.1252412970476497
1609,wave1,Somewhat Risk-Averse,1.01983678382671,1.01983678382671,0.0293776884536658,0.0293776884536658,0.8318268283481651,0.8318268283481651,0.0724791405140929,0.0724791405140929,0.5817885562882331,0.5817885562882331,-0.0432517814761779,-0.0432517814761779,1.1764839619057836,1.1764839619057836,0.1025299749727212,0.1025299749727212
1993,wave1,Extremely Risk-Seeking,1.0010435669314206,1.013588696500572,0.0337512394965008,0.0309002341490569,0.8413155112676461,0.8774833599899874,0.0679533816741067,0.0469302343222873,0.5737754652705008,0.5469135322327542,-0.0491461718776133,-0.0651568231396013,1.1926300138390789,1.1243340321093331,0.0972117354078808,0.1181471389308683
1164,wave1,Risk-Neutral,0.9655614695615732,0.9655614695615732,0.0407534211082397,0.0407534211082397,0.7050108312163991,0.7050108312163991,0.1175813410832871,0.1175813410832871,0.605665469473708,0.605665469473708,0.0158545364094874,0.0158545364094874,1.0687118990325182,1.0687118990325182,0.1328930439758526,0.1328930439758526
224,wave1,Risk-Neutral,0.8543888219267739,0.8798040911688388,0.0574364433382419,0.0540738805755337,0.6860684815809046,0.6907263819118538,0.1229566918851128,0.1216556662257613,0.6093692542277229,0.6092314648457174,-0.0008010745070573,-0.0031570565389127,0.8700767256574385,0.8831177413668231,0.1763628168049808,0.1738112936673908
1175,wave1,Somewhat Risk-Averse,0.9161451409171306,0.9965667661253456,0.0488704288880185,0.0347122290975169,0.5272450504125947,0.7787292710288565,0.1615256972299956,0.0939396588991343,0.6004511776439466,0.5923920463579628,-0.0245877328668198,-0.0339254056891524,1.0193051332420202,0.965507855068698,0.1448152844160463,0.1568476392584174
1196,wave1,Somewhat Risk-Averse,0.9468351140361598,0.9413473885783332,0.0440044906072988,0.0449129657574426,0.8082636632096152,0.7591315939150223,0.0826740545557341,0.1007435026250408,0.6017133174684249,0.5951198319828035,-0.0227825071864766,-0.031079470966006,0.9428791051523324,0.9821407784218597,0.1616653077924573,0.1532194551747728
2312,wave1,Extremely Risk-Averse,0.9028233485871572,0.9073025134115342,0.0508391099937225,0.0501857165130081,0.7481881806077647,0.6553409433740321,0.1043572031844635,0.1312356364372346,0.5812707278226555,0.5914678236193387,-0.0436565483050151,-0.0348371907556594,0.9644128510324264,0.9105148629872544,0.1570838315958593,0.1683399682871303
524,wave1,Somewhat Risk-Averse,1.0075359548046838,0.9198259718069444,0.0323070743377958,0.048312476842498,0.8237824227113393,0.7917824786803724,0.0761096595457105,0.0891309584861682,0.539863317317859,0.5564605244839839,-0.0687520205275932,-0.0599518443542621,1.0974121363742892,0.8968712149971991,0.1254874814039333,0.1710840496366806
626,wave1,Risk-Neutral,1.0368488099297355,1.0525047139817412,0.0247638922983792,0.0195825198740858,0.8018161373013584,0.8216525603011158,0.0852565746063232,0.0770428770814686,0.5474702634371181,0.5422676871953926,-0.0648645857640744,-0.067547053487882,1.2476781234997765,1.2671934363900033,0.0764535606154241,0.0676262381679616
573,wave1,Default,1.034918582483643,0.9990112943534049,0.0253295642863,0.0341908190534409,0.8436344864222572,0.8009409731604026,0.0668016200467283,0.0856012795472621,0.6092973261896466,0.605571793032101,-0.0023472604906634,-0.0160533268548403,1.1744922356354563,1.1189754991052188,0.1031677736148901,0.1196419646363115
605,wave1,Extremely Risk-Averse,1.0317313035719509,1.023972698436142,0.0262370119072738,0.0283250222245427,0.8766082462550875,0.8831732085173962,0.0475473248808121,0.0427030112921852,0.5480834259435999,0.5422048415259255,-0.0645412212503895,-0.0675788174378941,1.1909926986099009,1.171256163427142,0.097763701289337,0.1041960660835448
1477,wave1,Risk-Neutral,1.0050448958514238,0.9719120403961676,0.0328686554401395,0.0395907641618312,0.8527239272574969,0.777485117870246,0.0620852272914489,0.0943856329776627,0.5846181057677714,0.580470507658401,-0.040969996463243,-0.0442748277843936,1.1325593083721317,1.0508496377468068,0.1158171614442505,0.1373138271794964
1146,wave1,Extremely Risk-Seeking,0.9354986846758871,0.9014505664091084,0.0458615496256915,0.0510377055359072,0.7140360414352646,0.7368011411330151,0.1149368623237695,0.1079944430590426,0.5806573260714949,0.576552389223186,-0.0441312541114803,-0.0471862125236863,1.0313041312306832,1.0039339770550462,0.1420049160735405,0.1483439763641711
1696,wave1,Extremely Risk-Averse,0.9222824037411332,0.9056026747466688,0.0479365441180224,0.0504346652150099,0.6788030871125404,0.674414637758703,0.1249605876821757,0.1261564975640912,0.5802920725896739,0.5815793930063742,-0.0444115287024433,-0.0434157273316923,0.9003960213458095,0.878336132041049,0.170378882097902,0.1747506443832656
1853,wave1,Risk-Neutral,0.8944853262187021,0.8944853262187021,0.0520337850291867,0.0520337850291867,0.6516870683650564,0.6516870683650564,0.132187808394994,0.132187808394994,0.5703383664294012,0.5703383664294012,-0.0514697840276374,-0.0514697840276374,1.0098592443196457,1.0098592443196457,0.1469929268116138,0.1469929268116138
1136,wave1,Risk-Neutral,1.0095405014442618,1.0095405014442618,0.0318480129226243,0.0318480129226243,0.8769689528393821,0.8769689528393821,0.0472939376882244,0.0472939376882244,0.5411685053862988,0.5411685053862988,-0.0681005129017573,-0.0681005129017573,1.118523291930827,1.118523291930827,0.1197673070771892,0.1197673070771892
914,wave1,Somewhat Risk-Seeking,1.0146014449652714,1.0146014449652714,0.0306585621343837,0.0306585621343837,0.8669881965137827,0.8669881965137827,0.0538711025412118,0.0538711025412118,0.5708421765945506,0.5708421765945506,-0.0511357265895183,-0.0511357265895183,1.1554858899083118,1.1554858899083118,0.1090744751939605,0.1090744751939605
133,wave1,Risk-Neutral,0.885091454101625,0.9455044907509212,0.0533480406299088,0.0442264713438933,0.7619459251667137,0.7997201800684811,0.0997938911673109,0.0860798800856791,0.5674633049092017,0.580225479987146,-0.0533365256092261,-0.0444624391208061,0.9718311525219504,0.9898954243087096,0.1554773604747242,0.1515010031846002
2281,wave1,Default,0.9243773375027294,0.8750472980795174,0.0476136117583432,0.05471875265638,0.6561892362965426,0.6239232653439507,0.1310136554823805,0.1392247930981992,0.6083374194517932,0.6050730944094119,0.0083951342410652,-0.0170727361850114,1.2473020164507722,0.9930079188081334,0.076613901857315,0.1508062578707082
2071,wave1,Somewhat Risk-Averse,0.9084730719933836,0.9044270953510396,0.0500135699627788,0.0506061247777332,0.6918462253050154,0.6206073197736622,0.1213409187336369,0.140043324854423,0.5780131397385311,0.5940642440163656,-0.0461221031946523,-0.0322104928735895,0.9996107434296664,0.942789062164157,0.149322683901271,0.1616842196258567
2140,wave1,Risk-Neutral,1.0057297226847837,0.9922936993010804,0.0327152256996239,0.0356054131947959,0.8798996194281921,0.8786652373614903,0.0451830474248402,0.0460838307681873,0.5691702347735884,0.5611009739280657,-0.0522361958107352,-0.0572539038819298,1.0908879185963791,1.0872989174005845,0.1272063177419768,0.1281426457256328
728,wave1,Extremely Risk-Averse,1.0117720067014584,1.0698205834628898,0.0313290971356958,0.0113780512556661,0.8289536108720685,0.8969029204356672,0.0737959085862008,0.0301733935265568,0.5714876831732485,0.5684165747116029,-0.0507045330825975,-0.0527248237303287,1.085069352333786,1.294775728042891,0.1287211032655059,0.0527371708068565
2145,wave1,Extremely Risk-Seeking,0.9270346294092712,0.9270346294092712,0.0472008427755614,0.0472008427755614,0.5901406988192018,0.5901406988192018,0.1473675827828205,0.1473675827828205,0.6038362075708764,0.6038362075708764,-0.0193711915731168,-0.0193711915731168,1.0898455793319168,1.0898455793319168,0.1274789149059833,0.1274789149059833
2052,wave1,Extremely Risk-Seeking,0.9984575216960914,1.0016302796021797,0.0343096279111357,0.0336232697269278,0.8203712384914266,0.8183923988588421,0.0775990187399396,0.0784503477634524,0.5586030042108681,0.5585187964163376,-0.0587214090932693,-0.0587702495194333,1.094572986709858,1.079002065087271,0.1262381644457957,0.1302830930572647
243,wave1,Default,1.0269141627845613,0.9979884477879734,0.027551984487471,0.0344099457246389,0.8807030487301741,0.8448700361920661,0.0445870545490947,0.0661799249728685,0.5638938010588913,0.558318534288639,-0.055567921804617,-0.0588862408453899,1.220604553041508,1.18353971426228,0.087263449865994,0.1002392725966406
27,wave1,Risk-Neutral,0.9637388211223874,0.9430615352464478,0.0410810724230064,0.0446311646873002,0.7971314064061771,0.7561657453936727,0.087086337076003,0.1017350289946104,0.5634414924595234,0.5798824048261312,-0.0558443833267164,-0.044723810894321,1.0943657766622503,0.9507924470311448,0.1262927878371257,0.1599954177527624
715,wave1,Extremely Risk-Averse,0.936428487017818,0.936428487017818,0.0457120528725307,0.0457120528725307,0.8692826152214101,0.8692826152214101,0.052431453425532,0.052431453425532,0.5506279935789885,0.5506279935789885,-0.0631819009152144,-0.0631819009152144,1.0211570756676016,1.0211570756676016,0.1443848102368385,0.1443848102368385
907,wave1,Somewhat Risk-Averse,0.951206670224824,0.9587415861859944,0.0432672534527329,0.0419663763259154,0.8124869606538025,0.822538292342941,0.0809390338743068,0.0766561337219542,0.5378043982312075,0.5720559495686663,-0.0697676294120041,-0.0503219091009119,1.0740918814378724,0.9610663368672372,0.1315345099855092,0.1578036942454864
1359,wave1,Somewhat Risk-Seeking,0.9408664544232332,0.9946363346193984,0.0449917154928818,0.0351185397752158,0.7409215871052252,0.7948474796196745,0.1066919720918634,0.0879650003468569,0.5849141278218312,0.5715589673046291,-0.0407239460947974,-0.0506566931100623,1.128148938137806,1.1982797235021965,0.1170719436908541,0.0952835004145612
1808,wave1,Extremely Risk-Seeking,0.9152715218682662,1.0345600020408356,0.0490019307780761,0.0254332675746025,0.6799524173295155,0.876780449927848,0.1246456018076229,0.047426523546287,0.603620136295295,0.5431820385389547,0.0197453116529024,-0.0670832445629059,1.0321107649226593,1.2018332770389974,0.1418141519413302,0.0940511722495953
1028,wave1,Risk-Neutral,1.026553729421197,1.025802397460135,0.0276478673219813,0.0278466792481146,0.7747149862816316,0.8176272756558062,0.0953713758808254,0.0787771096184017,0.5456488388953044,0.5694687758587694,-0.065815940975339,-0.0520413850393174,1.091756634126224,1.023781949269327,0.1269787088501866,0.14377264511721
1403,wave1,Somewhat Risk-Averse,0.9822340027115682,0.9822340027115682,0.0376249450443831,0.0376249450443831,0.8013518801821636,0.8013518801821636,0.085439601874709,0.085439601874709,0.599423376907921,0.599423376907921,-0.0259654417380156,-0.0259654417380156,1.161294089441715,1.161294089441715,0.107302397660201,0.107302397660201
391,wave1,Somewhat Risk-Seeking,0.8036524109861031,0.9264131273158216,0.0636263812977804,0.0472977033004395,0.5367689671459962,0.840133375642934,0.1594550626983521,0.0685331975061598,0.5942361199584573,0.5391921133729644,-0.0320290457397682,-0.0690847161839055,0.9723862381364256,1.01471570183328,0.1553565495285807,0.1458770474325663
1527,wave1,Default,0.9980868655204927,0.9980868655204927,0.0343889219028967,0.0343889219028967,0.7591875307115306,0.7591875307115306,0.1007247121653499,0.1007247121653499,0.60901445572045,0.60901445572045,-0.0049652859095385,-0.0049652859095385,1.0109215208336713,1.0109215208336713,0.1467495092269353,0.1467495092269353
1215,wave1,Extremely Risk-Averse,0.9611109009767588,1.0196356462676015,0.0415489669850237,0.0294279247223387,0.7969334013123873,0.8524555411572065,0.0871628528152242,0.0622295263833204,0.6018263816584221,0.6071399939856251,0.0226137765479742,-0.012309937540973,1.0805054786465806,1.0697579681530227,0.1298976824435139,0.1326299092361365
591,wave1,Extremely Risk-Averse,1.029167948115841,1.029167948115841,0.0269447178000386,0.0269447178000386,0.8545291916047907,0.8545291916047907,0.0611059004263574,0.0611059004263574,0.5812699326840075,0.5812699326840075,-0.0436571669707519,-0.0436571669707519,1.2251873484777036,1.2251873484777036,0.0855271933034887,0.0855271933034887
2149,wave1,Default,1.0618954490142771,1.0477643620465673,0.0156748763098495,0.0212846457445387,0.8676463870921128,0.8481406791900112,0.0534620371124236,0.0645058182994865,0.5719673381275935,0.5747040599835914,-0.0503817620609508,-0.0484995013905469,1.2075053192440466,1.1913325435922448,0.0920512160418599,0.0976493808855389
697,wave1,Default,0.9482386969813174,0.948433045064184,0.043769127808696,0.0437364390730569,0.7248029856374326,0.746280607283769,0.1117045349752159,0.1049749150921005,0.5688165296388296,0.5616710433322553,-0.0524660774486613,-0.0569137682371294,1.132779903821324,1.0875242443762647,0.1157540623723641,0.1280840490378878
2344,wave1,Somewhat Risk-Averse,1.0770012722170652,0.9768420563732454,-0.0049153655210336,0.0386642382898842,0.8716754238313499,0.7830510650448879,0.0508871893348412,0.0923743456539592,0.5209793137460507,0.5725575450001787,-0.0775797929222665,-0.0499817669383175,1.2344293349505495,1.0855605734724116,0.0819171834140692,0.1285938656143873
49,wave1,Somewhat Risk-Seeking,0.9175088950227932,0.9316638507043086,0.0486644456790875,0.0464730880430494,0.7763262365289698,0.8499466091626698,0.0947992199621474,0.063562866901166,0.5627771915661113,0.5404024466594498,-0.0562479866343355,-0.0684836419441395,0.9961942195906874,1.0091336411600007,0.1500920045718718,0.1471589847772727
2233,wave1,Somewhat Risk-Averse,0.8988035329211713,0.9114810150295632,0.0514184995021463,0.0495684966040022,0.8191744633253336,0.7837275794664347,0.0781149728965535,0.0921269938899616,0.5542365527930938,0.5504474672879694,-0.0612032875333908,-0.0632792856264932,0.9805810921317496,0.9785918227529264,0.1535629741977731,0.1540000987304405
1376,wave1,Somewhat Risk-Seeking,0.9336428658450292,0.9336428658450292,0.0461584989344812,0.0461584989344812,0.6774699409854987,0.6774699409854987,0.1253250193488271,0.1253250193488271,0.580887303441719,0.580887303441719,-0.0439538729396902,-0.0439538729396902,0.9803532455397226,0.9803532455397226,0.1536130987402726,0.1536130987402726
881,wave1,Somewhat Risk-Seeking,0.8904780797524061,0.966990303167239,0.0525983933861526,0.0404947232264763,0.7216709713833735,0.8662180259295015,0.1126538726698962,0.054345899187473,0.5331107851588839,0.538125795627489,-0.0720303723803958,-0.0696100501600137,1.01665258570219,1.0688264023076814,0.1454298173437323,0.132864264749033
1371,wave1,Extremely Risk-Seeking,0.6614087064775525,0.9483590484770535,0.0784552217438585,0.0437488879234295,0.7081771060851455,0.8539964385286806,0.1166600524492968,0.061396510610568,0.6091246624031194,0.5682335860487541,0.0041467195005402,-0.0528427883871278,0.9640880404558724,1.0839585483308711,0.1571538315274492,0.1290083946314631
874,wave1,Extremely Risk-Seeking,1.0119094085879,0.9686209957467096,0.0312968655326188,0.0401974568431064,0.7830260666032433,0.8263426031544,0.0923834734928148,0.0749728807648599,0.5822481695485726,0.5448154518170176,-0.0428893435593506,-0.0662467525574002,1.1805973294757317,1.1406148259948752,0.1012005861592114,0.1134914179534369
2040,wave1,Somewhat Risk-Seeking,0.9938331630437516,1.0468903137279724,0.0352862171312788,0.0215838642318948,0.7689591743158048,0.8766901462985254,0.0973888046201945,0.0474899097568464,0.6020909219080252,0.5391048557673022,-0.0222139950598339,-0.0691278517763501,1.1837536920155045,1.2144151237367526,0.1001690180166588,0.0895565703535355
2093,wave1,Extremely Risk-Averse,0.960374403276762,0.960374403276762,0.0416791626467888,0.0416791626467888,0.6838281054483134,0.6838281054483134,0.1235778738997351,0.1235778738997351,0.605262861030188,0.605262861030188,0.0166921581043236,0.0166921581043236,1.1124111253153983,1.1124111253153983,0.121449500115194,0.121449500115194
465,wave1,Risk-Neutral,0.8800722802500921,0.8811427567150388,0.0540372960683404,0.0538910245174494,0.6996898011886781,0.6992411927962973,0.1191144176559062,0.1192428180005701,0.5991752064626179,0.5999335088090539,-0.0262873079596759,-0.0252909972007215,1.0504492836979906,1.0390114750264765,0.1374113993021903,0.1401724015486208
497,wave1,Default,1.064488246437563,1.064488246437563,0.0144107247140583,0.0144107247140583,0.9027883476766748,0.9027883476766748,0.0227930840554624,0.0227930840554624,0.5566064675790454,0.5566064675790454,-0.0598688199795927,-0.0598688199795927,1.2550085730086733,1.2550085730086733,0.0732600460180601,0.0732600460180601
2023,wave1,Somewhat Risk-Seeking,1.0020759600572382,0.9207925501172964,0.0335257359692705,0.0481648984442058,0.7973036233527101,0.773681492778191,0.0870197336746614,0.095736634520223,0.6030009595326734,0.5972265714242861,-0.0207801795806963,-0.0286897245625265,1.079152235828925,0.987050823268583,0.1302446435908273,0.1521334247284778
1432,wave1,Somewhat Risk-Seeking,0.9740499723476652,0.9584749745499448,0.039191643909116,0.042013088327903,0.7559281509159049,0.7218891890312721,0.1018140594867182,0.1125879757495732,0.5699898906544759,0.568576861244848,-0.0516995955482992,-0.0526212792705249,1.0171166368046607,1.0054421485479292,0.1453224796827142,0.1480011609102375
884,wave1,Extremely Risk-Averse,1.041881722726249,1.041881722726249,0.0232244021557577,0.0232244021557577,0.8888806994725336,0.8888806994725336,0.0379968462955426,0.0379968462955426,0.5320845578279909,0.5320845578279909,-0.0725158885880768,-0.0725158885880768,1.182925949180967,1.182925949180967,0.1004405261889992,0.1004405261889992
329,wave1,Somewhat Risk-Seeking,0.9661800165704378,0.9661800165704378,0.0406416306998946,0.0406416306998946,0.8696929815316818,0.8696929815316818,0.0521698254005278,0.0521698254005278,0.5557039622701249,0.5557039622701249,-0.0603804352181557,-0.0603804352181557,1.0507693503488489,1.0507693503488489,0.1373333995351508,0.1373333995351508
1662,wave1,Somewhat Risk-Averse,1.00538644134601,0.922761308369055,0.0327922243688316,0.0478629117147645,0.7944379714658818,0.7221508392145999,0.0881216466090108,0.1125089148264825,0.5671902272876621,0.5741183295176432,-0.0535104822529516,-0.048908388496212,1.1603800531170585,0.9872972175675802,0.107583115265815,0.1520787401538862
421,wave1,Risk-Neutral,1.0174266795832223,1.028670050460676,0.029974117722481,0.0270800412888076,0.8043265628617589,0.8332587670734307,0.0842601844571,0.0718140742781767,0.5706091172245956,0.574831380851958,-0.0512905270354626,-0.0484101685369679,1.1781563418355117,1.158264890064934,0.101991487233057,0.1082300568571854
1431,wave1,Somewhat Risk-Averse,0.9416595994797656,0.9416595994797656,0.0448617699195168,0.0448617699195168,0.8459347013670245,0.8459347013670245,0.065639574670334,0.065639574670334,0.5572820013371801,0.5572820013371801,-0.0594830331086469,-0.0594830331086469,0.9622902216148596,0.9622902216148596,0.1575407711921114,0.1575407711921114
664,wave1,Somewhat Risk-Averse,1.0258069585616112,1.0018242694135997,0.0278454765923424,0.0335808512007887,0.8301914320449656,0.7501637372372597,0.0732314681795922,0.1037137669375422,0.5688278346549547,0.6069881327898923,-0.0524587454553186,-0.0127206646567557,1.1799323178983991,1.0384978648864889,0.101416641955388,0.140295204882599
1311,wave1,Risk-Neutral,1.01021780610553,1.01021780610553,0.0316914065417508,0.0316914065417508,0.8610347223760685,0.8610347223760685,0.0574405088239022,0.0574405088239022,0.5390969896686573,0.5390969896686573,-0.0691317390663563,-0.0691317390663563,1.1591874671122535,1.1591874671122535,0.1079483331918657,0.1079483331918657
1411,wave1,Somewhat Risk-Averse,0.8929749929191464,0.8892073166123289,0.0522472948468014,0.0527761922349426,0.7146185033873022,0.7109681479252696,0.1147642134430143,0.115842198052086,0.5971122435238928,0.591350613282619,-0.0288244770900792,-0.0349511322444576,1.0554472763233398,1.0806304283613082,0.1361886757591727,0.1298656026526287
68,wave1,Somewhat Risk-Seeking,0.8532632781954357,0.9430067313912416,0.0575808740096803,0.0446402016007714,0.7006710998070902,0.8282111599338061,0.1188330945632831,0.0741324450174324,0.5995672351440331,0.5557223461109838,-0.0257770288831096,-0.0603700563612194,0.8479670280662823,1.0915719534192616,0.1806161348330725,0.1270271283126691
1125,wave1,Extremely Risk-Seeking,0.967319806338674,0.967319806338674,0.0404348316286247,0.0404348316286247,0.7339976415791042,0.7339976415791042,0.1088721267551692,0.1088721267551692,0.5617557922073773,0.5617557922073773,-0.0568630308051868,-0.0568630308051868,1.1197793164397614,1.1197793164397614,0.1194188567408284,0.1194188567408284
1533,wave1,Somewhat Risk-Averse,1.016169126567694,1.016169126567694,0.0302806774655641,0.0302806774655641,0.8662634967748288,0.8662634967748288,0.0543179811447887,0.0543179811447887,0.5412535065151554,0.5412535065151554,-0.0680578708095778,-0.0680578708095778,1.131509651820497,1.131509651820497,0.1161169600769554,0.1161169600769554
1101,wave1,Extremely Risk-Averse,0.983552125046061,0.983552125046061,0.0373665068624642,0.0373665068624642,0.7647907249108452,0.7647907249108452,0.0988250950118192,0.0988250950118192,0.5522743768405184,0.5522743768405184,-0.0622868473167992,-0.0622868473167992,1.022928508943394,1.022928508943394,0.1439719442405404,0.1439719442405404
46,wave1,Extremely Risk-Averse,0.9501938402963608,0.9281531180651268,0.0434391664245893,0.0470260292409772,0.7086090250150437,0.6632123865372384,0.1165338433293394,0.1291621771900786,0.5759939453348947,0.5838488632210596,-0.0475867885369279,-0.0416026244461153,1.0169582624260067,0.9068045865056872,0.145359120749644,0.1690901133057972
989,wave1,Default,1.0355620146087603,1.0365383355397932,0.0251424108413516,0.0248557465049219,0.8657990233809992,0.8411826167749135,0.0546024931333642,0.0680188059987551,0.5668768810355864,0.5723414523936997,-0.0537094046656653,-0.0501285839086919,1.1955294850799665,1.193316986790364,0.0962268008700813,0.0969792451849373
2171,wave1,Extremely Risk-Averse,0.9629854078115446,1.016855968259872,0.0412157551903489,0.030113628138809,0.7261526445205471,0.8371998041717477,0.1112930703995811,0.0699516870163221,0.6078179360469188,0.6032625639310342,-0.0102782101958943,-0.0203493551475922,0.9713968138498212,1.0809465781205467,0.1555718323442641,0.1297844007909054
1722,wave1,Somewhat Risk-Seeking,1.059865032602171,1.059865032602171,0.0165978062970661,0.0165978062970661,0.909134575051076,0.909134575051076,-0.0099172283477678,-0.0099172283477678,0.5931399837682828,0.5931399837682828,-0.0331692764283353,-0.0331692764283353,1.2319106424416717,1.2319106424416717,0.0829161571227746,0.0829161571227746
962,wave1,Default,1.0102454125945253,0.9229971597838776,0.0316850070179952,0.0478266078773446,0.8510250239922763,0.8192043840052686,0.0629931606947653,0.0781021140230961,0.5520673899923269,0.5755540808941872,-0.062400069899387,-0.0478999693488872,1.1317176559418345,0.9712513367160908,0.1160576090474389,0.155603463083992
145,wave1,Extremely Risk-Averse,0.9571096232835716,0.9571096232835716,0.0422515025581639,0.0422515025581639,0.7235981157782009,0.7235981157782009,0.1120706447790884,0.1120706447790884,0.5749443038826207,0.5749443038826207,-0.0483308008466446,-0.0483308008466446,1.0413036883770526,1.0413036883770526,0.1396231220130813,0.1396231220130813
2189,wave1,Somewhat Risk-Averse,0.9059250342958786,0.9661051971359664,0.0503875478244432,0.0406551690998006,0.8257672878007251,0.8174996662794657,0.075229796350736,0.0788314793201494,0.5723952470124201,0.5959554991549583,-0.050092074760812,-0.0301541353102348,0.98315335283739,0.995763274906261,0.1529960619327748,0.150188787823989
2254,wave1,Risk-Neutral,0.985686204179734,0.9886472880977852,0.036944276571057,0.0363503444252481,0.850199382252747,0.8337087934154211,0.0634297834478347,0.0716038095091467,0.5604623601148933,0.5630934829317416,-0.0576325840456604,-0.0560561782151004,1.0997621261933055,1.091834694721249,0.1248629334304637,0.1269582377766503
1138,wave1,Default,0.8551531909479803,0.9071869499978727,0.0573381542026899,0.0502026799892338,0.7502946758413,0.7410947655964506,0.1036709853316668,0.1066368979663666,0.6000548798387191,0.5969353811930409,-0.0251278740757007,-0.0290317077005311,1.0548636133887024,1.0590639850074643,0.1363319887583272,0.1352974886210859
1338,wave1,Somewhat Risk-Averse,0.95065334848048,0.9413473885783332,0.0433612555066719,0.0449129657574426,0.6416090090265413,0.7591315939150223,0.1347815940709921,0.1007435026250408,0.5676525398118737,0.5951198319828035,-0.0532156489161705,-0.031079470966006,0.9367760209291848,0.9821407784218597,0.1629426844867177,0.1532194551747728
1385,wave1,Extremely Risk-Seeking,1.0173085702829805,1.0173085702829805,0.0300030425894119,0.0300030425894119,0.9021919978823268,0.9021919978823268,0.0236457231201077,0.0236457231201077,0.5520884346481364,0.5520884346481364,-0.0623885676318903,-0.0623885676318903,1.1396388408219702,1.1396388408219702,0.1137755986385376,0.1137755986385376
556,wave1,Somewhat Risk-Seeking,0.9313425724413772,0.9313425724413772,0.0465239602440561,0.0465239602440561,0.6281565264441102,0.6281565264441102,0.1381733170204319,0.1381733170204319,0.5934786853114299,0.5934786853114299,-0.0328211611523345,-0.0328211611523345,1.0988582276134415,1.0988582276134415,0.1251035053851019,0.1251035053851019
1664,wave1,Default,0.9280203807686348,0.9280203807686348,0.0470468090080266,0.0470468090080266,0.8255962443177326,0.8255962443177326,0.0753060131119839,0.0753060131119839,0.582235108410984,0.582235108410984,-0.042899685158956,-0.042899685158956,0.967977941785316,0.967977941785316,0.1563136571040539,0.1563136571040539
1582,wave1,Somewhat Risk-Seeking,1.0059676771862176,1.0113059978503989,0.0326617459779421,0.0314381679188584,0.8291331773548888,0.8290765652660049,0.0737142893972049,0.073740031093472,0.593793841797332,0.5583920156374754,-0.0324939105028489,-0.0588437068201502,1.167074130664574,1.142668367231061,0.1055107351460367,0.1128912648950785
431,wave1,Risk-Neutral,0.942533037037974,0.942533037037974,0.0447182362005546,0.0447182362005546,0.8150479390919542,0.8150479390919542,0.0798690620731414,0.0798690620731414,0.575071893166188,0.575071893166188,-0.048240969362994,-0.048240969362994,1.0118199045566478,1.0118199045566478,0.146543358281278,0.146543358281278
2047,wave1,Risk-Neutral,0.9844588429817744,0.9338005092436036,0.0371876940556102,0.0461333480948893,0.7579965956283681,0.5728370846165539,0.1011240508427941,0.1513825003530014,0.609270174500714,0.6051982851463583,0.0027105724824578,-0.0168226307690308,1.005578586345347,1.02884389268834,0.1479701120594516,0.1425852962228316
1228,wave1,Extremely Risk-Seeking,0.953625933525426,0.9264813387878292,0.0428538491068616,0.0472870822121668,0.7224113189241828,0.8117369979724316,0.1124301551167377,0.0812497681037211,0.6090192627815307,0.5844511112156573,0.004932415254473,-0.0411081551431544,1.0544584272827386,0.9962251077480724,0.1364313963599835,0.1500850654023769
2204,wave1,Extremely Risk-Averse,0.9057591462679736,0.9042903979473736,0.0504118001416111,0.050626024942089,0.6394173069391079,0.5832052580078472,0.1353395518711312,0.1489886553391786,0.5882012358804569,0.5886159012762634,-0.0378852089407912,-0.0375119431295082,0.9412397560544344,0.9424462264250424,0.162009311639321,0.1617562076401342
1963,wave1,Default,0.9638165457772064,0.9735387942756828,0.0410671531308456,0.0392874398387684,0.8273542921289367,0.8250380287104903,0.074518995990722,0.0755542304285903,0.560470454337124,0.5642601177092643,-0.057627799762703,-0.0553430209336757,1.075038759262055,1.1053953975109556,0.1312940529811539,0.1233537194796582
2226,wave1,Default,0.9155711836888804,0.9155711836888804,0.048956863471301,0.048956863471301,0.6531321393964649,0.6531321393964649,0.1318120000389786,0.1318120000389786,0.5543825160331066,0.5543825160331066,-0.0611219272404109,-0.0611219272404109,1.1154876683646162,1.1154876683646162,0.1206055372421309,0.1206055372421309
2042,wave1,Somewhat Risk-Averse,0.8916778084637814,0.933718374925626,0.0524299861190437,0.04614645371443,0.7447910171793212,0.7853304015036932,0.1054548685242619,0.0915383816623267,0.5862536850757922,0.5968390532385194,-0.0395915361728199,-0.0291439579634721,1.0083622482281125,0.8713293536000556,0.1473353341005726,0.1761191492906051
541,wave1,Risk-Neutral,0.936399626517138,0.936399626517138,0.0457167004510812,0.0457167004510812,0.726204713085214,0.726204713085214,0.1112771675016604,0.1112771675016604,0.5995412717347649,0.5995412717347649,0.025811134910991,0.025811134910991,1.1236825023049035,1.1236825023049035,0.1183298430320578,0.1183298430320578
1592,wave1,Somewhat Risk-Seeking,0.957444356867252,0.9797372281046702,0.0421931759841923,0.0381096994827944,0.7862049590264583,0.8530023160659985,0.0912156655248606,0.0619352004421493,0.5513152544129079,0.5368706979157687,-0.0628097992402157,-0.0702234501952065,1.1511800376906758,1.1164148409388914,0.1103706746253251,0.1203501000281316
1443,wave1,Somewhat Risk-Seeking,0.9791285539865644,0.9837487308201652,0.0382269483349843,0.0373278067890327,0.7427863187240145,0.7742934253741153,0.1060975154527863,0.0955205270537457,0.5618768403704925,0.5408957707109545,-0.0567904841298867,-0.0682371577459192,1.1045073276247286,1.1459543443024731,0.1235927923720886,0.1119245732664677
2213,wave1,Extremely Risk-Averse,1.002218447301606,1.002218447301606,0.0334944940807989,0.0334944940807989,0.7673081040738162,0.7673081040738162,0.0979601237849003,0.0979601237849003,0.5642982446309944,0.5642982446309944,-0.0553195609397567,-0.0553195609397567,1.1115586556444426,1.1115586556444426,0.1216823752813921,0.1216823752813921
941,wave1,Default,0.7972750957974619,0.7972750957974619,0.0643629385980668,0.0643629385980668,0.6914345898896064,0.6914345898896064,0.1214567038557568,0.1214567038557568,0.5981842418194444,0.5981842418194444,-0.0275351667279606,-0.0275351667279606,0.8366667139484419,0.8366667139484419,0.1827565201682431,0.1827565201682431
1079,wave1,Extremely Risk-Averse,0.9211022117692744,1.023074406893097,0.0481175240686224,0.0285569418155305,0.8291791071267544,0.8635150015784568,0.0736933985203951,0.0559807795306262,0.5554853109859352,0.5544562475294732,-0.0605037433568398,-0.0610807885270488,1.0115701423503294,1.050654634039463,0.1466006975340113,0.1373613604444472
1801,wave1,Somewhat Risk-Seeking,0.955374242496946,0.955374242496946,0.042552616255329,0.042552616255329,0.6692257427380363,0.6692257427380363,0.1275569722223153,0.1275569722223153,0.6081407555511064,0.6081407555511064,-0.0091536864722684,-0.0091536864722684,0.986048791070639,0.986048791070639,0.1523556311107788,0.1523556311107788
1142,wave1,Somewhat Risk-Seeking,1.005483761255046,1.0201161545121704,0.0327704136207785,0.0293077702520282,0.7728633007227355,0.7828896454592736,0.0960248513485424,0.0924332704626798,0.564392499439883,0.5665393349780854,-0.0552615225005739,-0.0539228782943177,1.13660164303361,1.1693170933424477,0.1146556725400563,0.1048075958712434
225,wave1,Risk-Neutral,1.0300139227217306,0.9673874367765338,0.0267132232864361,0.0404225279901005,0.8351907630091642,0.7521122433886744,0.0709070751821973,0.1030753750869856,0.5671131519919941,0.6053982791487814,-0.0535594798909058,-0.0164151884543072,1.1798093204348914,1.0385757725300406,0.1014565542658173,0.1402765836772735
792,wave1,Somewhat Risk-Seeking,0.9170181372000984,0.8981979284220669,0.0487386697020249,0.0515052282826274,0.5813407014672217,0.7127870564160994,0.1494217303677268,0.1153062507363536,0.579134151024766,0.5621472139906877,-0.0452886771339097,-0.0566281122988195,1.043477393569923,1.042731248209442,0.1391003905443381,0.1392800274661552
1924,wave1,Somewhat Risk-Averse,1.0074356769912334,1.0074356769912334,0.0323298684767206,0.0323298684767206,0.8471211310007906,0.8471211310007906,0.0650322275270257,0.0650322275270257,0.5646566652054033,0.5646566652054033,-0.0550985377068219,-0.0550985377068219,1.094222918253405,1.094222918253405,0.1263304343683816,0.1263304343683816
699,wave1,Risk-Neutral,0.9686851005721868,0.9686851005721868,0.0401857262528209,0.0401857262528209,0.7063914648476358,0.7063914648476358,0.1171804615419153,0.1171804615419153,0.5685627207131638,0.5685627207131638,-0.0526304220998481,-0.0526304220998481,1.1092407665101724,1.1092407665101724,0.1223134583292492,0.1223134583292492
1365,wave1,Default,1.0154861578636196,1.0154861578636196,0.0304458793317007,0.0304458793317007,0.7527343060874514,0.7527343060874514,0.1028707688133824,0.1028707688133824,0.603659307700271,0.603659307700271,-0.0196780147478698,-0.0196780147478698,1.0379851826843425,1.0379851826843425,0.1404176875037595,0.1404176875037595
767,wave1,Risk-Neutral,0.9922843498187144,0.9922843498187144,0.0356073430408772,0.0356073430408772,0.8023068210431502,0.8023068210431502,0.0850627132940183,0.0850627132940183,0.6090032557431139,0.6090032557431139,0.0050410399892662,0.0050410399892662,0.9691982847498878,0.9691982847498878,0.1560492341271503,0.1560492341271503
1752,wave1,Default,1.0444133781490803,1.0444133781490803,0.022410156659319,0.022410156659319,0.8997016908669851,0.8997016908669851,0.0269165706364544,0.0269165706364544,0.5631322555337293,0.5631322555337293,-0.0560326207555113,-0.0560326207555113,1.2078605431347758,1.2078605431347758,0.0919245663324346,0.0919245663324346
1274,wave1,Default,1.057740554609502,1.057740554609502,0.0175115489522809,0.0175115489522809,0.8831282532714363,0.8831282532714363,0.04273803599576,0.04273803599576,0.5595146314040894,0.5595146314040894,-0.058190078402655,-0.058190078402655,1.1987325509862656,1.1987325509862656,0.0951273214832258,0.0951273214832258
1629,wave1,Somewhat Risk-Seeking,0.9944990700650292,0.9944990700650292,0.0351472527573204,0.0351472527573204,0.8734901257284142,0.8734901257284142,0.0496843685993444,0.0496843685993444,0.5604979323287386,0.5604979323287386,-0.0576115553163875,-0.0576115553163875,1.088272958853174,1.088272958853174,0.1278891641184425,0.1278891641184425
1061,wave3,Somewhat Risk-Averse,0.9360049741692358,0.9360049741692358,0.045780206728293,0.045780206728293,0.7424092670623577,0.7424092670623577,0.1062179718479669,0.1062179718479669,0.5724195981982042,0.5724195981982042,-0.0500755395172291,-0.0500755395172291,0.9040613557086216,0.9040613557086216,0.1696428439951554,0.1696428439951554
24,wave3,Somewhat Risk-Averse,0.9768420563732454,0.9768420563732454,0.0386642382898842,0.0386642382898842,0.7830510650448879,0.7830510650448879,0.0923743456539592,0.0923743456539592,0.5725575450001787,0.5725575450001787,-0.0499817669383175,-0.0499817669383175,1.0855605734724116,1.0855605734724116,0.1285938656143873,0.1285938656143873
693,wave3,Extremely Risk-Averse,1.05093089899354,,0.020163545077756,,0.8809438815474082,,0.044406856388544,,0.5494648167301527,,-0.0638068105283572,,1.203456708198546,,0.0934829726998144,
484,wave1,Extremely Risk-Averse,0.9514209195726202,0.9514209195726202,0.0432308008352416,0.0432308008352416,0.7566567373354876,0.7566567373354876,0.1015715246534193,0.1015715246534193,0.5540459953745197,0.5540459953745197,-0.0613093446739534,-0.0613093446739534,1.0347066349825036,1.0347066349825036,0.1411986327344672,0.1411986327344672
148,wave1,Somewhat Risk-Seeking,0.9084078264769876,0.9084078264769876,0.0500231806366463,0.0500231806366463,0.6157861480978485,0.6157861480978485,0.1412256021061052,0.1412256021061052,0.5755388267914263,0.5755388267914263,-0.0479107937833361,-0.0479107937833361,1.0424204002024042,1.0424204002024042,0.1393548019993449,0.1393548019993449
268,wave1,Risk-Neutral,0.9862404685275727,0.9862404685275727,0.0368338272576246,0.0368338272576246,0.7782114335072603,0.7782114335072603,0.0941255285216049,0.0941255285216049,0.5950206780472497,0.5950206780472497,-0.0311874491120399,-0.0311874491120399,1.150532857572901,1.150532857572901,0.1105642454534432,0.1105642454534432
876,wave1,Risk-Neutral,0.961099296145292,0.961099296145292,0.0415510215907927,0.0415510215907927,0.6757459781650532,0.6757459781650532,0.1257948166816548,0.1257948166816548,0.5704526196980462,0.5704526196980462,-0.051394215386333,-0.051394215386333,1.108234397206787,1.108234397206787,0.122586506598672,0.122586506598672
934,wave1,Somewhat Risk-Seeking,0.954896204180078,0.954896204180078,0.0426351919158406,0.0426351919158406,0.6999882735087757,0.6999882735087757,0.1190289167055012,0.1190289167055012,0.5936644477451734,0.5936644477451734,-0.0326286655225743,-0.0326286655225743,0.861173692563399,0.861173692563399,0.1780862323453497,0.1780862323453497
1267,wave1,Extremely Risk-Averse,1.005358146619652,1.005358146619652,0.0327985629016245,0.0327985629016245,0.8291802036741425,0.8291802036741425,0.0736928996916797,0.0736928996916797,0.5501421000554158,0.5501421000554158,-0.0634436807818757,-0.0634436807818757,1.2770361688943097,1.2770361688943097,0.0627141415709601,0.0627141415709601
1842,wave1,Somewhat Risk-Seeking,0.8534909857295269,0.8534909857295269,0.0575516832581858,0.0575516832581858,0.7441501031627281,0.7441501031627281,0.1056607328155784,0.1056607328155784,0.5981868090399729,0.5981868090399729,-0.0275320068493416,-0.0275320068493416,0.9254881030433728,0.9254881030433728,0.1652819079720631,0.1652819079720631
464,wave1,Extremely Risk-Averse,0.9792913182056708,0.9792913182056708,0.0381956301240058,0.0381956301240058,0.7444610410732567,0.7444610410732567,0.1055609061744036,0.1055609061744036,0.6090582393197701,0.6090582393197701,0.0046573360965638,0.0046573360965638,1.011575235801007,1.011575235801007,0.1465995284083206,0.1465995284083206
1217,wave1,Extremely Risk-Seeking,1.0319597103855769,1.0319597103855769,0.0261730261627499,0.0261730261627499,0.8606654946860218,0.8606654946860218,0.0576546921799309,0.0576546921799309,0.5671752107189331,0.5671752107189331,-0.0535200319338772,-0.0535200319338772,1.186230627952793,1.186230627952793,0.0993523020589898,0.0993523020589898
63,wave1,Somewhat Risk-Seeking,1.016123354292506,1.016123354292506,0.0302917772889285,0.0302917772889285,0.8165268127422451,0.8165268127422451,0.0792447807914645,0.0792447807914645,0.5563029163130238,0.5563029163130238,-0.0600413776872875,-0.0600413776872875,1.134719593047643,1.134719593047643,0.1151978247851238,0.1151978247851238
2167,wave1,Somewhat Risk-Seeking,0.8658467948568336,0.8658467948568336,0.0559452124097666,0.0559452124097666,0.6661989560489535,0.6661989560489535,0.1283672888197174,0.1283672888197174,0.603933630427647,0.603933630427647,-0.0192001265702192,-0.0192001265702192,0.958322053092634,0.958322053092634,0.1583918070227745,0.1583918070227745
306,wave1,Default,1.011576889769099,1.011576889769099,0.031374810806434,0.031374810806434,0.8247795969490521,0.8247795969490521,0.0756688757395174,0.0756688757395174,0.5746151179351902,0.5746151179351902,-0.0485618097152642,-0.0485618097152642,1.1858156998289586,1.1858156998289586,0.0994895646785132,0.0994895646785132
310,wave1,Extremely Risk-Averse,0.9963419780442858,0.9963419780442858,0.0347597848632774,0.0347597848632774,0.8006722377485931,0.8006722377485931,0.0857068574517639,0.0857068574517639,0.582484409542212,0.582484409542212,-0.042701863364289,-0.042701863364289,1.0488150880503535,1.0488150880503535,0.1378090131896581,0.1378090131896581
1347,wave1,Default,0.9722952229073578,0.9722952229073578,0.0395195243044415,0.0395195243044415,0.7084406040688954,0.7084406040688954,0.1165830722483287,0.1165830722483287,0.5875709303475793,0.5875709303475793,-0.0384456847728882,-0.0384456847728882,1.0848394602099318,1.0848394602099318,0.1287806102783263,0.1287806102783263
138,wave1,Somewhat Risk-Averse,0.9718041013233948,0.9718041013233948,0.0396108088054227,0.0396108088054227,0.6860947591617141,0.6860947591617141,0.122949388476735,0.122949388476735,0.5897377123358216,0.5897377123358216,-0.0364831046462067,-0.0364831046462067,0.9936228201353114,0.9936228201353114,0.1506686595713473,0.1506686595713473
