participantId,wave,ai_group,pre_grs_F_1y,post_grs_F_1y,pre_grs_F_3y,post_grs_F_3y,pre_grs_F_5y,post_grs_F_5y,pre_ra_m2,post_ra_m2
1898,wave3,Somewhat Risk-Seeking,0.6249780827049259,0.7581461602847398,0.9424997004415988,1.0432130819355885,0.8864952153172924,0.9510517939111482,-0.0011456923202869,-1.378695164077892e-05
132,wave3,Somewhat Risk-Averse,0.8088952580126139,0.8088952580126139,1.0237386108093378,1.0237386108093378,0.9530310119806218,0.9530310119806218,0.008346620025023,0.008346620025023
1848,wave3,Default,0.8498221086957528,0.8242627516553194,1.2327840876285323,1.1912778753883135,1.0643313420894194,1.047461431979043,-0.0004046714797252,-0.0033865197590022
522,wave3,Extremely Risk-Averse,0.8174810465181569,0.8174810465181569,1.2486221475976969,1.2486221475976969,1.0548301870795749,1.0548301870795749,-0.0042297857185644,-0.0042297857185644
2285,wave3,Default,0.8647040400486736,0.6895946732022344,1.2930813412225042,1.1406968120338383,1.07727187033612,0.9496274452144522,-0.0063397949461365,0.0005180974251443
1910,wave3,Extremely Risk-Seeking,0.8346863410036436,0.8346863410036436,1.0799722714691993,1.0799722714691993,0.9790056655418388,0.9790056655418388,0.0046730942866906,0.0046730942866906
1631,wave3,Somewhat Risk-Seeking,0.7090529629500945,0.7090529629500945,1.0733686134542575,1.0733686134542575,0.9968075407781531,0.9968075407781531,-0.0014291570849367,-0.0014291570849367
716,wave3,Extremely Risk-Seeking,0.7247521441965897,0.8620001468630488,0.9236084207671372,1.019459925569651,0.8847502838715887,0.9909588634471044,0.0101519374531616,0.0031837913177356
1040,wave3,Somewhat Risk-Seeking,0.7045959160897906,0.6148567231451287,1.0655582609238474,0.9808086817540326,0.9526539687587332,0.9029621965292284,-0.000480850121809,0.0089728168189414
1893,wave3,Default,0.8014007983656121,0.754426947129624,1.033460631595322,0.952157383567362,0.933723184158436,0.9303513562391864,0.0057124685426125,0.0066926765803936
2128,wave3,Extremely Risk-Seeking,0.7141975858659472,0.8618927071055504,1.1135259194050544,1.122634898384552,0.9594693913662552,1.0329126556922406,-0.0006309996929745,0.0046200441027353
1199,wave3,Extremely Risk-Averse,0.8841950874809604,0.8957904584089769,1.2374619508872582,1.2157327896066488,1.0618357286016884,1.0581462561923387,-0.0061640939780777,-0.0078588626063855
2014,wave3,Extremely Risk-Seeking,0.8039413161990974,0.8039413161990974,1.1132624325891698,1.1132624325891698,1.0092811725265158,1.0092811725265158,-0.0062237578212828,-0.0062237578212828
602,wave3,Extremely Risk-Averse,0.8174837427365612,0.7605987323115465,0.9153930705274744,0.8710503180761667,0.9396572288627232,0.8964172563574911,0.0099838544257463,0.0067897089372055
1677,wave3,Somewhat Risk-Seeking,0.9029132808170388,0.8818375534857193,1.2767524711614715,1.1009088140195165,1.0723859610038124,1.0138027056071142,-0.0023496851616227,0.0007221134907907
987,wave3,Extremely Risk-Averse,0.8686082620968664,0.8340286452981549,1.171395614601779,1.10108268372748,1.0417015514175136,1.011031102541888,-0.0004927864200582,0.0003843625034193
2225,wave3,Somewhat Risk-Seeking,0.7184007186538409,0.8743599381585194,1.018422481076834,0.9749834205523386,0.9593664886587332,0.9638219116312636,0.0090650817567161,0.00751739922823
1117,wave3,Somewhat Risk-Averse,0.7830301447768276,0.8089110363370969,1.1104728639374917,1.1558574036352012,0.9829375845395903,0.9942782503769692,0.0055965380846337,-0.0039501592163529
1809,wave3,Default,0.6315784134803324,0.6315784134803324,0.8972878760703105,0.8972878760703105,0.8353843381259867,0.8353843381259867,0.0100447926382566,0.0100447926382566
877,wave3,Somewhat Risk-Averse,0.7822665744695873,0.7822665744695873,1.0233764593940469,1.0233764593940469,0.9661312469631758,0.9661312469631758,0.0006562912395259,0.0006562912395259
106,wave3,Risk-Neutral,0.9019144139748122,0.9035129242789064,1.2829462062787944,1.2748857004933598,1.0752871882931625,1.0733672853053446,-0.0002879574646956,0.0002966438100198
1537,wave3,Somewhat Risk-Averse,0.8421481684754332,0.7834240360092392,1.076220380201752,0.9159554975638302,1.025726781725269,0.9069335382541336,0.0036135253013532,0.0100458259661973
1316,wave3,Somewhat Risk-Averse,0.7845080383414895,0.7845080383414895,1.173112750817351,1.173112750817351,1.014825870300333,1.014825870300333,-0.0022298607372386,-0.0022298607372386
719,wave3,Extremely Risk-Seeking,0.6673132748412971,0.6673132748412971,0.9927235443566026,0.9927235443566026,0.9209580317255586,0.9209580317255586,0.0011407077214051,0.0011407077214051
2228,wave3,Risk-Neutral,0.8645411635457602,0.8645411635457602,1.097251059388868,1.097251059388868,1.0107838299404772,1.0107838299404772,-0.0029217613172418,-0.0029217613172418
549,wave3,Somewhat Risk-Averse,0.7268371730645041,0.7510112237211233,1.0361546680264817,1.1257733195101314,0.9567773429713528,0.9726653265740272,0.0063668112597547,-0.0041105174098874
2102,wave3,Default,0.8383771127835518,0.8363345750724228,1.168099408021685,1.0879412715548342,1.034162874957148,1.0092290211629706,-0.0001807679319326,-3.205325082963723e-05
1557,wave3,Default,0.7612280575938845,0.7464016010334443,1.0454201950150512,1.026272927449347,0.9796720464625706,0.9802698450011436,0.0048434328654069,0.0065952330467938
596,wave3,Risk-Neutral,0.5487247053565669,0.5487247053565669,0.9871080945026072,0.9871080945026072,0.9522659837905936,0.9522659837905936,0.0037870850525241,0.0037870850525241
866,wave3,Default,0.8173493254516956,0.7920744844138364,1.0228176416897967,1.0432579624226326,0.9142295010680164,0.9101871975020428,0.0118814675777057,0.0083830013899867
367,wave3,Default,0.8659206064338663,0.8234759346208154,1.1476101268790506,1.1069668878287702,1.0413785821804395,1.0178445981093531,-0.0038265751039686,-0.0030786301745515
870,wave3,Risk-Neutral,0.6269263711670825,0.6269263711670825,0.9778782709555188,0.9778782709555188,0.8494715168418774,0.8494715168418774,0.0064463727874831,0.0064463727874831
2132,wave3,Somewhat Risk-Averse,0.7406700111322397,0.7782958829061862,1.155986653610965,1.207421289967319,1.0084620124959345,1.056317845361222,-0.0049930324836107,-0.0055154697772214
2122,wave3,Extremely Risk-Seeking,0.6763760705946426,0.6763760705946426,1.0581515150646243,1.0581515150646243,0.887091212361734,0.887091212361734,0.0004097026727934,0.0004097026727934
212,wave3,Somewhat Risk-Averse,0.7541042433419608,0.7541042433419608,1.1129688971681022,1.1129688971681022,1.0180942237397403,1.0180942237397403,-0.0035173212821727,-0.0035173212821727
1773,wave3,Extremely Risk-Averse,0.6926660083985797,0.8119821475250865,1.1454189593594617,1.1461759725874952,0.9600556770392784,0.9740415063865836,2.6108278341803405e-06,-0.0039491090824626
1148,wave3,Somewhat Risk-Seeking,0.8177670863705306,0.8552164086733366,1.1332854112320678,1.1271702809631172,1.0076396620528876,1.029042454324229,-0.0092263694043538,-0.0040923634082045
1869,wave3,Somewhat Risk-Seeking,0.8902756431077687,0.8893149865160191,1.0874658591038862,1.1184955541248514,1.0045040419961049,1.0092948497972174,-0.0013480574134768,-0.0003173451036825
548,wave3,Somewhat Risk-Averse,0.5762126549907125,0.6792810839003441,1.0316291103199953,1.0905509792156045,0.9598785919255144,0.9803684060486876,0.0066890237569841,0.0032074675102724
1831,wave3,Default,0.8346289191042578,0.8714375433653718,1.1502119034645126,1.0159491443042317,1.0239022559595996,0.9704228858714408,-0.0019631496282219,0.0037768666892633
1363,wave3,Risk-Neutral,0.724139940407302,0.7890312886685337,1.1712203872613764,1.0899081508872537,0.9710152575598462,0.986647205210118,-0.0032070212345307,-0.0045296152715859
1530,wave3,Risk-Neutral,0.8022445803431699,0.7766968623920356,1.023382035498798,1.014047370819204,0.9597361288416228,0.9551511700821812,0.0041960009677941,0.0091364417327951
172,wave3,Risk-Neutral,0.7534395765888523,0.8032004189248843,1.0772265756945718,1.1099496887922469,0.94778252407976,1.0082059291638763,-0.0016360091644602,-0.0011743551393349
1473,wave3,Extremely Risk-Seeking,0.8529680407004859,0.8529680407004859,1.19172526137948,1.19172526137948,1.0340828773418211,1.0340828773418211,-0.0018002399221769,-0.0018002399221769
1244,wave3,Somewhat Risk-Averse,0.813259801721727,0.813259801721727,1.1542995311714468,1.1542995311714468,1.0178564618715782,1.0178564618715782,-0.0028296831900335,-0.0028296831900335
1936,wave3,Default,0.8535876029153441,0.8285228336673773,1.112398689529267,1.1023302234115584,1.0057057012158326,0.9936696188818313,-0.0050488794868874,-0.0033140495890588
441,wave3,Somewhat Risk-Averse,0.722635905939325,0.722635905939325,1.089467802344494,1.089467802344494,0.9857040141640688,0.9857040141640688,0.0003184195504987,0.0003184195504987
533,wave3,Extremely Risk-Seeking,0.7938722068900892,0.8718867483587078,1.112395781300646,0.953631056336474,1.0022524298553328,0.9501604026380917,-0.0008397229646352,0.005328846870334
2019,wave3,Somewhat Risk-Averse,0.8206337946814818,0.785522107836709,1.2078344095073563,1.16922264121813,1.0640066579231964,1.014884198393531,-0.006904190137349,-0.0049559097324446
438,wave3,Risk-Neutral,0.8313815915339234,0.6739769462995383,1.21183657622195,1.1318166790319613,1.033786952080798,0.9519158596364764,-0.0012318228154415,-0.0006465441550308
1312,wave3,Risk-Neutral,0.6635108684343984,0.6635108684343984,0.9733183113893296,0.9733183113893296,0.847509960784362,0.847509960784362,0.0085077971259539,0.0085077971259539
1892,wave3,Extremely Risk-Averse,0.6621157127191708,0.6782019630685366,1.0377784271161483,1.0849060237465138,0.871264384562367,0.8986453643181946,0.007594347182059,0.0045310082343506
2392,wave3,Extremely Risk-Averse,0.7578658969184058,0.7578658969184058,0.926319628101188,0.926319628101188,0.9205149084475072,0.9205149084475072,0.0101605278987043,0.0101605278987043
1335,wave3,Somewhat Risk-Seeking,0.7529265402364087,0.85265822732181,1.0067786250591275,1.085942031628084,0.9577396096143777,1.015490217989454,0.0082553665752038,0.0013182010438173
471,wave3,Somewhat Risk-Seeking,0.7238730642775615,0.8576355778214596,1.015983790530112,1.029072455284388,0.9213342886367862,0.9843320158163116,0.0098491288117403,0.005151599937045
581,wave3,Risk-Neutral,0.7739848819040631,0.7739848819040631,0.9831948942600258,0.9831948942600258,0.96081813313534,0.96081813313534,0.0050126775659674,0.0050126775659674
205,wave3,Extremely Risk-Averse,0.7506160907981061,0.6878816949239772,0.9400061515953888,0.918056357760276,0.8633798863058926,0.8267017231567433,0.0097600706948688,0.0115717620510833
1756,wave3,Extremely Risk-Seeking,0.8541441383128718,0.894761811365204,1.1930461880820928,1.1774285097463917,1.054902225307364,1.0603703154622557,-0.0062826223192218,-0.0033368641275896
432,wave3,Risk-Neutral,0.6978463231183141,0.8122990436799044,1.0899291794362118,1.1183009632174672,0.9513792635145022,0.997089587531304,-0.0011720537973679,-0.0055117420764361
1074,wave3,Risk-Neutral,0.7462531229466282,0.848657049657595,1.1211950200826484,1.0201334402789612,0.9825841873961236,0.9620974216819516,-0.0028663401669798,0.0042776629751449
1070,wave3,Default,0.7624837822375544,0.7624837822375544,1.0282243209367476,1.0282243209367476,0.9322484992867266,0.9322484992867266,0.0001936136581148,0.0001936136581148
1421,wave3,Risk-Neutral,0.8462393308520582,0.8269726146175367,1.1492550840401137,1.131775413827885,1.0258765114247286,1.0180901761907657,0.0003260494619175,-0.0004526446343941
1588,wave3,Extremely Risk-Seeking,0.5014504707790697,0.496334040367149,0.8915640455066416,0.8336747135285488,0.8431359555916079,0.8122745102052776,0.0117032423730562,0.013950374393279
1503,wave3,Extremely Risk-Averse,0.831202740140034,0.831202740140034,0.9509820332695252,0.9509820332695252,0.9442645350853864,0.9442645350853864,0.001544415165394,0.001544415165394
2121,wave3,Extremely Risk-Seeking,0.8468521672557618,0.8631432984023766,1.1948894570686546,1.090688076031516,1.064424106406424,0.9975314060023046,-0.0001028805511661,0.0011873537784391
1735,wave3,Extremely Risk-Averse,0.7772503259824866,0.8323551022951736,1.0942196626900966,1.1855278206632682,1.0189346358471094,1.0004044143225002,-0.0018730938862696,-0.0041366781221923
2376,wave3,Somewhat Risk-Seeking,0.8439052529723353,0.8418740836628649,1.0119598273850594,0.8479070565433308,0.9534014472972094,0.8725264891445556,0.0064759255005507,0.0072167537458132
2049,wave3,Extremely Risk-Seeking,0.7424779424841246,0.7424779424841246,1.0087815118220025,1.0087815118220025,0.9614581689693456,0.9614581689693456,0.0061426140431451,0.0061426140431451
607,wave3,Extremely Risk-Averse,0.7774764668471555,0.8165135978715028,0.9188095679215756,1.020742714164506,0.8950182012449011,0.9545752427172906,0.0077197016396859,0.006758918430534
249,wave3,Somewhat Risk-Averse,0.8938786842910137,0.7035496028363989,1.1880097762420017,1.1561334558659913,1.0211728941479032,1.004163182057932,0.0036276217789962,-0.0047717966790431
372,wave3,Default,0.8392002204333454,0.8392002204333454,1.1951635355457304,1.1951635355457304,1.0457629314639014,1.0457629314639014,-0.0038547363310836,-0.0038547363310836
2107,wave3,Extremely Risk-Averse,0.8392002204333454,0.8323551022951736,1.1951635355457304,1.1855278206632682,1.0457629314639014,1.0004044143225002,-0.0038547363310836,-0.0041366781221923
2125,wave3,Somewhat Risk-Seeking,0.795417547781329,0.8616579379665568,1.102374411779058,1.1356171550016811,1.0111071248382657,1.031197542297918,0.0038657332527658,0.000347917482587
1897,wave3,Extremely Risk-Seeking,0.8221494529371963,0.8221494529371963,1.003394661810265,1.003394661810265,1.00054740395512,1.00054740395512,0.0033126151973791,0.0033126151973791
560,wave3,Default,0.8731115328965209,0.8007322213163575,1.233246949887209,1.093688449944239,1.0558189454335327,0.973319287316716,-0.0031106480653605,-0.0020075734857916
289,wave3,Default,0.8242918521189583,0.8325514178273157,1.0688081762602573,1.1304780266217818,0.9422588237230118,1.000012750773177,0.008006415253871,0.0026453260509972
1261,wave3,Extremely Risk-Seeking,0.6969309302373735,0.8846740423919225,1.052034616582551,1.0463172263590503,0.9580401943621564,0.9926642508339278,0.0052978370586487,0.0036447161730667
25,wave3,Default,0.8461249387894652,0.9051103341157438,1.093943874581828,1.1564428444552055,0.976408304297487,1.0295652159856576,0.0105432208422505,-0.0006739475779322
1787,wave3,Risk-Neutral,0.9057411659779246,0.8732282604753816,1.2004283832186702,1.1160229527567087,1.0506617807770653,1.0120866875058196,-0.0024436081001319,-0.0018439465399231
1012,wave3,Somewhat Risk-Averse,0.6701081278510408,0.6063183423919531,1.0051431488581253,0.9373124351784448,0.9346546001272672,0.88832638647471,0.0066327841101497,0.0010643163635451
2235,wave3,Extremely Risk-Averse,0.7254543338794358,0.8328964848437075,1.152924998673522,1.2004499326536864,0.959858000293933,1.0095538730598432,0.0004432564568828,-0.0046581256040907
1979,wave3,Somewhat Risk-Averse,0.7811895676794144,0.7811895676794144,0.9014364425308784,0.9014364425308784,0.8967395478071669,0.8967395478071669,0.0128941538663604,0.0128941538663604
1540,wave3,Extremely Risk-Seeking,0.6754245759187929,0.6754245759187929,0.9954800655881704,0.9954800655881704,0.91480241646237,0.91480241646237,0.009254442085306,0.009254442085306
1679,wave3,Extremely Risk-Seeking,0.6371565974539414,0.8698368512443168,1.0714310267477063,1.1101324357137217,0.9721941303294702,1.010326919890755,0.0017606486742215,-0.0004775799966563
965,wave3,Risk-Neutral,0.7830512892729186,0.6999569843412343,1.012204910972216,0.9912806579282876,0.9768431987578172,0.942163258391677,0.0112911520124478,0.0070412182407865
1407,wave3,Extremely Risk-Seeking,0.752615264561607,0.772729723390075,1.0570227914545325,0.9956753718154852,0.9682031031351984,0.9392484200119288,-0.0036373176177614,0.0038770406073725
663,wave3,Somewhat Risk-Seeking,0.7512656831371082,0.7512656831371082,0.9404705577948544,0.9404705577948544,0.935052414883958,0.935052414883958,0.0082115071787463,0.0082115071787463
2217,wave3,Extremely Risk-Averse,0.8794712036243291,0.8636796536676762,1.1086826977523363,1.0937680460168793,1.046332374695018,1.0286887237944824,-0.001800472747414,-0.0008264597287311
2239,wave3,Extremely Risk-Averse,0.6607136119936419,0.8222183001494541,0.970187201629324,1.1739492074521125,0.9428112388735844,0.9795424984140276,0.0077674130086758,-0.004668996262504
1995,wave3,Somewhat Risk-Averse,0.8479005166406989,0.8479005166406989,1.0526286427884557,1.0526286427884557,1.0086359284566142,1.0086359284566142,0.002175531085299,0.002175531085299
1583,wave3,Somewhat Risk-Averse,0.8118829367445121,0.7688274852354648,1.097623140552616,1.0663814482434704,0.99249901406332,0.9837206278659882,0.0020910708623347,-0.0009515070541179
1707,wave3,Risk-Neutral,0.8302824310443355,0.7288147228439508,1.0296745371181315,0.9317537354155636,1.020653834242316,0.952912320144746,0.0072966194967989,0.0100453927012271
466,wave3,Somewhat Risk-Averse,0.7715513241201583,0.7323246451693913,1.1179470665874915,1.1176173600792343,1.037883076103274,0.9722483223580314,-0.0038738846124516,-0.0036701461238018
2066,wave3,Somewhat Risk-Averse,0.8985915963191453,0.8516731348621127,1.2025844125264142,1.096604216198957,1.057454001376385,0.9975999356289544,-0.00502330559894,-0.0072023599898666
506,wave3,Extremely Risk-Seeking,0.7355266931297291,0.7705127006809358,1.0499703529888251,1.0592943729066395,0.9691614009013876,0.9442146527561628,0.0056511119430089,0.0017058448423817
1704,wave3,Somewhat Risk-Seeking,0.6330400294461058,0.6645057073016797,0.967390680150287,0.963514708123066,0.9195342362297982,0.9248431815208056,0.0065643801410485,0.0081568562503862
1478,wave3,Risk-Neutral,0.7586291748405846,0.8038875466631034,1.0131010246022951,1.04215304374037,0.9794357062988654,0.975451832148938,0.003889241171093,0.0041039894895681
924,wave3,Somewhat Risk-Seeking,0.8037239349371323,0.8037239349371323,1.0772758841964305,1.0772758841964305,0.98639421894027,0.98639421894027,-0.0007265523553686,-0.0007265523553686
2369,wave3,Extremely Risk-Averse,0.8132387697928426,0.6994619765066918,0.9499901952336274,1.110172737023234,0.947507156521576,0.9982948309941946,0.0062807079961137,-0.0045056302365485
469,wave3,Extremely Risk-Averse,0.8479266880356935,0.8479266880356935,1.0892272978525492,1.0892272978525492,1.0242450227293107,1.0242450227293107,0.0041142289325504,0.0041142289325504
35,wave3,Extremely Risk-Seeking,0.8083377838045427,0.8083377838045427,1.037745685098308,1.037745685098308,0.9385616708277554,0.9385616708277554,0.0119656404386341,0.0119656404386341
2134,wave3,Default,0.786053468226617,0.7475131275695043,1.0098774966971658,0.9772220263820188,0.988530699072918,0.9463625248414718,0.0006321827747505,0.0030298081529733
985,wave3,Default,0.7145217838301446,0.7145217838301446,1.0420041012490384,1.0420041012490384,0.9725351342628096,0.9725351342628096,0.0053162213531899,0.0053162213531899
385,wave3,Somewhat Risk-Averse,0.8765002331065054,0.8765002331065054,0.9528405119851996,0.9528405119851996,0.9390379218551071,0.9390379218551071,0.0066912800809528,0.0066912800809528
817,wave3,Extremely Risk-Seeking,0.6019048171344671,0.6019048171344671,0.9569304006594688,0.9569304006594688,0.8902682524646007,0.8902682524646007,0.0053314042537514,0.0053314042537514
1946,wave3,Default,0.6711623656441622,0.6737612237031517,0.9632893359821556,0.9759114439430192,0.8970241884785798,0.9068502206662468,0.0021049225948702,0.0030673117993633
1989,wave3,Default,0.6666770946695025,0.6666770946695025,0.995289787558692,0.995289787558692,0.9170443994807098,0.9170443994807098,0.0097911016991692,0.0097911016991692
2196,wave3,Extremely Risk-Seeking,0.7327792597151298,0.8878642495651324,0.9792472366386462,1.0424536025138904,0.9406224137750974,0.9997812667565992,0.0158343198084519,0.0028912251377678
659,wave3,Somewhat Risk-Averse,0.697378453068094,0.7334861556962704,0.8484712803887128,0.8290484950513349,0.8338401415102251,0.8512589080491508,0.0083376081545996,0.0054227516181679
1888,wave3,Risk-Neutral,0.8517055085252518,0.9031030463575568,0.9419505751754694,1.1141716921164964,0.95672287140637,1.028604159010222,0.0048407147477888,-0.0052363527796101
1414,wave3,Extremely Risk-Seeking,0.7817245146115284,0.8460107012183502,0.993480908191934,1.067848819177852,0.925915764268503,0.9952944334615564,0.0114844463742619,0.0006399162788338
127,wave3,Risk-Neutral,0.7822391765171015,0.8013289722262584,1.015463097740862,1.077784191879259,0.9559303395997546,0.9865704214395368,0.0005539738555993,-0.00264826631749
1717,wave3,Default,0.7442856157156268,0.7409655989363357,1.1256024534374969,1.1265140531371436,0.9811651118815516,0.9778389143534828,-0.0031077760479629,-0.0033815885358184
2276,wave3,Extremely Risk-Seeking,0.7568104738297858,0.7891193817901594,1.02095289836304,0.96615668573513,0.9622792600754856,0.9425692495463872,0.0060042875717518,0.0070158395945733
514,wave3,Extremely Risk-Seeking,0.8519681309783714,0.8519681309783714,1.1438336786534098,1.1438336786534098,1.0269095026561577,1.0269095026561577,0.0012859983214901,0.0012859983214901
69,wave3,Default,0.900808069005825,0.8672320097893431,1.246275848263159,1.2103918801161535,1.055059689915859,1.0417391353769156,-0.0049570809788006,-0.0072693463878597
2115,wave3,Extremely Risk-Averse,0.8341863459147626,0.8002896747794442,1.039855668895069,1.1181714522918005,1.0142397100586025,0.9429464624221264,0.0017218310039112,-0.003620239960717
2065,wave3,Extremely Risk-Averse,0.8795878372793724,0.8399745758446059,1.1921421261783105,1.2209318493881929,1.0541428999895266,1.02854341779052,-0.0008746120276698,-0.0049591240135644
1883,wave3,Risk-Neutral,0.7428862966617822,0.7428862966617822,1.0463630371822137,1.0463630371822137,0.9731872945046248,0.9731872945046248,0.000603964365305,0.000603964365305
293,wave3,Default,0.6991644312046795,0.6991644312046795,0.988063663849316,0.988063663849316,0.8387877739135617,0.8387877739135617,0.0147787813998832,0.0147787813998832
2248,wave3,Extremely Risk-Seeking,0.8151613545751597,0.8666139029562353,0.9273130073110548,0.9100727601018924,0.9102600181639868,0.9289335568195278,0.0069269880504494,0.0128489293505963
1851,wave3,Extremely Risk-Seeking,0.7254804813400023,0.7487507464592809,1.106269540767204,1.1844419591514506,0.916092884719184,0.9813298397826348,0.0081540415239356,-0.0003718087950097
1800,wave3,Extremely Risk-Averse,0.7578634996049901,0.7578634996049901,1.09688382749665,1.09688382749665,1.0023398504494052,1.0023398504494052,-0.0004149031429164,-0.0004149031429164
312,wave3,Default,0.9077359679789117,0.9056121740340418,1.1848664187816986,1.1677703339986023,1.0531991872277942,1.041613157791625,-0.0084281198472008,-0.0044987871069858
2236,wave3,Somewhat Risk-Seeking,0.6866629374041636,0.82473701770939,0.9721089741809358,1.044417650314412,0.9115919810902442,0.981927242557172,0.0081600297925024,0.0028629822657434
103,wave3,Somewhat Risk-Seeking,0.910326458621715,0.9087849061520696,1.252754727623121,1.2420687049362713,1.0665206171626562,1.0668321584941125,-0.0007199031214463,-0.0026167699988598
1271,wave3,Extremely Risk-Seeking,0.7675077930308867,0.7783487747610742,0.9422360876100606,0.8697998919693809,0.9163506740824514,0.8733756150222566,0.0108909401668886,0.0119701137930748
1672,wave3,Somewhat Risk-Seeking,0.7374475466697787,0.7883094966877152,0.9931182375463246,1.0358654825267877,0.9294879274425716,0.9831297804565238,0.0094082726736789,0.0084625997589833
2112,wave3,Risk-Neutral,0.8342339842670642,0.7083716636055282,1.200370235716375,1.060796810819704,1.0557173064412533,1.0065566545080926,-0.0054492650234467,-0.0057388079161515
1154,wave3,Somewhat Risk-Seeking,0.8871620931867473,0.8871620931867473,1.035903158254094,1.035903158254094,0.993432344082282,0.993432344082282,0.0051654944805962,0.0051654944805962
1652,wave3,Extremely Risk-Seeking,0.6976269915412942,0.8731075720168343,0.9023369187086284,1.106161549487397,0.8407873926070227,1.014962892962775,0.0078734791780099,0.0012241282001758
2332,wave3,Somewhat Risk-Seeking,0.7630901979787493,0.7630901979787493,1.027378340380637,1.027378340380637,0.9318459083229348,0.9318459083229348,0.0102065798237335,0.0102065798237335
2173,wave3,Extremely Risk-Seeking,0.8105368722888884,0.8757790047674084,0.9626669856476172,1.0283626665711174,0.9633399916641388,1.0155935926168471,0.0076252441884221,0.0033994036637236
888,wave3,Somewhat Risk-Averse,0.8200209074552927,0.7991404920978861,1.0797619002516117,1.1461729677377952,1.017084370963986,0.9908893273802504,0.0072844838364452,-0.0038949031678299
1408,wave3,Extremely Risk-Averse,0.6887732484224866,0.7059188665783257,1.102303665876286,1.1405489178684023,1.010110135391158,1.0066696020964938,0.0015794314206699,-0.0025195507682638
1601,wave3,Somewhat Risk-Averse,0.8029808001767297,0.7427491249615379,1.234591136531904,1.1673281731395169,1.05260381344489,1.0133320555428462,-0.0053620713824855,-0.0048141087884658
1453,wave3,Extremely Risk-Seeking,0.6987614567247127,0.8006589344654184,1.1515756532242118,0.987137187306502,0.8986706850764623,0.9146348652696252,0.0023666178997691,0.0026928868301586
2317,wave3,Somewhat Risk-Averse,0.8832213235200311,0.8504739001464885,1.1644902219996427,1.1661757154269732,1.0355036446518688,1.0111233534167448,-0.0047006918642085,-0.0037807245214252
299,wave3,Risk-Neutral,0.673901402925921,0.6328301905672558,1.0430906110406395,1.0050810089152786,0.9767732470651246,0.957966992113974,0.0083470783503513,0.010471810415297
1835,wave3,Default,0.7542497256038003,0.7236537407514729,1.0662492970126474,1.0380736884667616,0.9727744473718124,0.950288890754386,0.0014532436144128,0.0057192904273781
165,wave3,Risk-Neutral,0.7661451142644751,0.7661451142644751,0.91248631250114,0.91248631250114,0.8973401061554147,0.8973401061554147,0.0032257252125899,0.0032257252125899
502,wave3,Default,0.6592465444064128,0.6991756856789826,0.9878423596830466,0.9913304995231856,0.9662900116257386,0.9516134108290928,0.0017605137792253,0.0029005858274642
176,wave3,Extremely Risk-Averse,0.7902641662114784,0.7902641662114784,0.9168917953446442,0.9168917953446442,0.9248414355743644,0.9248414355743644,0.0102271660564392,0.0102271660564392
62,wave3,Somewhat Risk-Seeking,0.840363702560639,0.840363702560639,0.971417075896546,0.971417075896546,0.9192858577981214,0.9192858577981214,0.0104118340962215,0.0104118340962215
1568,wave3,Somewhat Risk-Seeking,0.7356491614699087,0.7794988044980184,0.9644661051941104,0.9053167986567964,0.9612453437127876,0.9249510150994218,0.0087045864153312,0.0113893514718828
643,wave3,Somewhat Risk-Averse,0.8968616231154062,0.8968616231154062,1.1787288504075708,1.1787288504075708,1.061488369709163,1.061488369709163,-0.001877540105216,-0.001877540105216
2017,wave3,Default,0.8879306111218287,0.8521281180306546,1.2281033905249132,1.1831324039653182,1.0409845301381015,1.0266575258252215,-0.0063280852870511,-0.0062082241605423
2041,wave3,Default,0.7458547320139445,0.7513578209895629,0.9302280730552824,0.9814576590007954,0.8788149585296032,0.9161839799088314,0.0066479777867469,0.0046978819263938
818,wave3,Extremely Risk-Averse,0.8512022177943216,0.8512022177943216,1.0913119884576965,1.0913119884576965,1.0318856417635711,1.0318856417635711,0.0001772699314931,0.0001772699314931
2277,wave3,Default,0.6560010285560365,0.6898668391597405,1.0769743912273833,1.0409635980009384,0.9671699762888248,0.9537533979999964,-0.0009264438245723,0.0045956212863544
1141,wave3,Somewhat Risk-Averse,0.8707525881706444,0.8660510678847542,1.2774994894001377,1.2502739526230986,1.074400938143056,1.056740057776957,-0.0050397430012128,-0.0061960274976773
2367,wave3,Risk-Neutral,0.7850073772851491,0.7850073772851491,1.0120802678042258,1.0120802678042258,0.9705274745007176,0.9705274745007176,-0.0023548106065786,-0.0023548106065786
996,wave3,Somewhat Risk-Averse,0.8379055915718364,0.8424083162655444,1.1483491892612832,1.1543256088482592,1.0261550816207778,1.0286106938607396,0.0023505490226275,0.0016074438863644
1937,wave3,Extremely Risk-Averse,0.746835574893913,0.7258638365700364,1.078522569339565,1.075273248481979,0.982508304477666,0.9877236365730648,0.0036894672085386,-0.0006176030604816
2096,wave3,Extremely Risk-Seeking,0.8069508956451201,0.7635484159743284,1.105229823632837,0.9854461797134004,0.9422891842791395,0.9176469023889462,0.0027912242941409,0.0119472687031866
1621,wave3,Risk-Neutral,0.6542168748758369,0.6133891143380692,0.8631113326561106,0.918673354123537,0.7835725576624164,0.8838187028864783,0.0089478227332758,0.0080054367566154
789,wave3,Extremely Risk-Averse,0.814362270297723,0.8247188866112657,1.1260794206070446,1.1853895736737865,1.0041272377826564,0.9928067573890188,0.0050044330749098,-0.0047311453986006
1116,wave3,Risk-Neutral,0.8811639677057682,0.7600575901713025,1.0236247600139845,0.9915838455075792,0.9814443565857066,0.9376384799526885,0.0045953574962208,0.0094250104015291
104,wave3,Extremely Risk-Averse,0.7832060025285168,0.7633826304724297,1.1184916727636365,1.1260762833491311,1.004258182878964,0.9525800987237798,-0.0003204212553887,-0.0033267435645773
1171,wave3,Extremely Risk-Averse,0.6960562539950568,0.7299366086295007,1.089570325861129,1.1201442416599343,0.9755017057020026,0.9511325679819878,0.0003445899654444,-0.0038000880426676
301,wave3,Extremely Risk-Averse,0.8372461093434747,0.8754553296631897,1.1343647216991524,1.2725106681927216,1.024284708320458,1.0702028408061894,-0.0081727949200876,-0.0064898910548935
812,wave3,Somewhat Risk-Averse,0.7692000457743062,0.7692000457743062,1.0332990195348473,1.0332990195348473,1.0083441327501188,1.0083441327501188,-0.0005057770966654,-0.0005057770966654
407,wave3,Risk-Neutral,0.7782819144769245,0.7348743719168578,1.0365524374536177,0.9939405623136496,0.9430926992832592,0.9227475177646274,0.0079836074169067,0.0018461404923005
1612,wave3,Extremely Risk-Seeking,0.670381879244391,0.670381879244391,1.1017956799619169,1.1017956799619169,0.9527307883879116,0.9527307883879116,0.0011315650428721,0.0011315650428721
2328,wave3,Extremely Risk-Averse,0.5717474030925193,0.5837877109847404,0.93427230847231,0.9340919822844326,0.8669363052958594,0.8692160880867867,0.0131088272847588,0.0049178228354909
2205,wave3,Extremely Risk-Seeking,0.8841607815514942,0.8841607815514942,1.1733326877437578,1.1733326877437578,1.056680521651048,1.056680521651048,0.0032115179759106,0.0032115179759106
1699,wave3,Somewhat Risk-Seeking,0.7357302040882989,0.7560878826846812,1.022960619730355,1.077258718718892,0.9374226038043554,0.9580245516971332,0.0058442958030758,0.0064762391785474
1726,wave3,Risk-Neutral,0.6988057834431076,0.7471738786831533,1.174008580222649,1.0863096208933691,0.9742876579525448,0.9451848645099192,-0.003394910835408,0.0008727246836106
121,wave3,Risk-Neutral,0.7745318370678209,0.7730438260325894,1.155734162118665,1.160695978104911,1.022096600154176,1.0168712722567887,-0.0078045309712941,-0.0033069313175783
1748,wave3,Somewhat Risk-Averse,0.850596905241414,0.850596905241414,0.7742691891737163,0.7742691891737163,0.7978236145227244,0.7978236145227244,0.0081029026978049,0.0081029026978049
1404,wave3,Somewhat Risk-Seeking,0.8565007358187575,0.8874494284434448,1.1405310874066248,1.0447770932854228,1.0360988208123076,0.9888731156754124,0.0026362296903407,0.0019702853977455
1405,wave3,Somewhat Risk-Seeking,0.7884120674504307,0.7884120674504307,1.1164163743372608,1.1164163743372608,0.974309149720353,0.974309149720353,-0.002406229680567,-0.002406229680567
2358,wave3,Default,0.8458099000912739,0.8458099000912739,1.102365381226517,1.102365381226517,0.9984709039403032,0.9984709039403032,-0.0044596081435506,-0.0044596081435506
1064,wave3,Default,0.8425915488168102,0.8188206918768643,1.173794474293987,1.1569272908297537,1.0533124118357962,1.0392370638936206,-0.0062626269588499,-0.0046009094875437
1184,wave3,Somewhat Risk-Seeking,0.9020338844126072,0.9020338844126072,1.223813000895371,1.223813000895371,1.044588667915694,1.044588667915694,-0.0083168415331004,-0.0083168415331004
841,wave3,Risk-Neutral,0.8229273064833166,0.721987110196422,1.1577218660748712,1.0725809868950398,1.0262147267824684,0.9910855592221834,0.001123913728852,0.0052358561284039
1903,wave3,Risk-Neutral,0.628819333503,0.6551528623799797,0.9976896402248544,0.953141563983836,0.911030027177417,0.9038395267213152,0.0040933187375806,5.3270908731882295e-05
855,wave3,Extremely Risk-Seeking,0.8909503151538907,0.8739013992317564,1.1492026705176372,1.1654267915023446,1.028210461649793,1.043443142914023,0.0015463338976816,0.0003612175498195
1872,wave3,Risk-Neutral,0.7389638427505512,0.697108927420623,0.9221392472743676,0.9901494517761636,0.8926199070471095,0.919483537863393,0.0118973816882259,0.0093165326777067
2108,wave3,Extremely Risk-Seeking,0.7796848118214713,0.8703659220054369,1.052438037225151,1.008755735207559,0.9836236906585712,0.9724727326614174,0.0056435661669299,0.0046464764103046
1099,wave3,Somewhat Risk-Averse,0.7369859584672704,0.7389946289157004,0.9289419993233452,0.965430472218196,0.8602319048306091,0.9128233634798678,0.0077126606420038,0.0098692719739541
1525,wave3,Risk-Neutral,0.8137080633925617,0.8137080633925617,1.0790309997649228,1.0790309997649228,1.0102279053522176,1.0102279053522176,-0.0041549343999258,-0.0041549343999258
445,wave3,Risk-Neutral,0.7181280152368961,0.7359529823785849,1.079694435614625,1.0398611453470203,0.9778807455095092,0.9855297200330162,-0.0015287275211401,0.0002419578323647
1535,wave3,Extremely Risk-Seeking,0.6924466358464604,0.8689604296766881,0.968876987542442,1.121888069010466,0.9427616981315164,1.0165771562467256,0.0030329084518167,-0.0005636741907287
2016,wave3,Somewhat Risk-Averse,0.817601718633644,0.7512479451142919,0.9709541993970904,1.038304324886708,0.9584097273307286,0.9412280173385268,0.0026459685997419,-0.00518807737676
1906,wave3,Default,0.7624857611305604,0.8093963052369028,1.1085008794745157,1.1083675371347852,0.9700768521604765,0.991365678485152,-0.0043922020309027,-0.0022070446698376
1071,wave3,Extremely Risk-Averse,0.6889337087412563,0.6889337087412563,0.945194713678073,0.945194713678073,0.9008360907555164,0.9008360907555164,0.0086006490397753,0.0086006490397753
1327,wave3,Extremely Risk-Seeking,0.7523152541337182,0.7847816582772161,1.0332704004313231,1.078417033184118,0.9677318776314144,1.0125562541109343,0.0088755560123741,0.0035917848383106
554,wave3,Extremely Risk-Averse,0.7411447602512065,0.7411447602512065,0.8476237824703092,0.8476237824703092,0.8855576993990417,0.8855576993990417,0.0073127425907607,0.0073127425907607
75,wave3,Extremely Risk-Seeking,0.7685242363712742,0.906058576605715,1.0318685081305985,1.200167330796046,0.9535602309598724,1.0654526931627697,0.0078613028260034,-0.0029053411911545
690,wave3,Extremely Risk-Averse,0.6706604596517297,0.7069755971621785,1.0292848478767365,1.0337007435545067,0.9221725645382248,0.9116450956540548,0.0008505742649891,0.0004108221302484
1539,wave3,Default,0.5319281909894304,0.5912622544688875,0.8675498104766288,0.9475428716152814,0.8261478471927527,0.8782002096221262,0.0144719263122964,0.0118899290531367
2091,wave3,Somewhat Risk-Seeking,0.3980302721979393,0.6711793656854778,0.7766309654749693,0.8775323869249231,0.7387766008317633,0.8896763837936167,0.014865590072078,0.0126149295281956
2139,wave3,Extremely Risk-Averse,0.8442379484642409,0.8442379484642409,1.1279609178923022,1.1279609178923022,1.034873785401708,1.034873785401708,-0.0028506535128949,-0.0028506535128949
1804,wave3,Default,0.8614826704280468,0.8500673035836317,1.1776247407860467,1.1310554266167945,1.0426185314973468,1.0205945557542515,-0.0020533981589513,-3.854275149468671e-05
1332,wave3,Default,0.7677872708210413,0.7272329564488409,1.1410960594570654,1.0413671256128094,0.9895022996794806,0.923172294515288,-0.0015695794175197,0.0040364935108098
2123,wave3,Somewhat Risk-Seeking,0.8182597160486104,0.8182597160486104,0.9626566045410626,0.9626566045410626,0.924855785294814,0.924855785294814,0.0061985964834979,0.0061985964834979
1362,wave3,Extremely Risk-Averse,0.7555690093970371,0.7543058763587217,0.9761523952428884,0.9684742422428976,0.9418826828909888,0.9156174762488672,0.0034398475412326,0.0002117424409413
898,wave3,Extremely Risk-Averse,0.6661592464331183,0.8002896747794442,1.186744114166941,1.1181714522918005,0.9672230549831382,0.9429464624221264,-0.0022893107098152,-0.003620239960717
644,wave3,Risk-Neutral,0.7809882178727805,0.7809882178727805,0.905174024117111,0.905174024117111,0.919316432856275,0.919316432856275,0.0107349909170902,0.0107349909170902
1133,wave3,Default,0.597274559832083,0.7046932275495165,1.0104539229149432,1.0033936452945922,0.9244181955292908,0.9089646360793012,0.0069473612012924,0.0106145730452538
800,wave3,Somewhat Risk-Seeking,0.7747713053180588,0.8473893979473915,0.8386222718417966,0.9920197412049184,0.891803676411928,0.9638573529565762,0.012077608355187,0.0050851552041146
1522,wave3,Somewhat Risk-Averse,0.8403735715830344,0.8403735715830344,1.1462388099300194,1.1462388099300194,1.040124813333836,1.040124813333836,-0.0001566033277046,-0.0001566033277046
738,wave3,Risk-Neutral,0.6970715219914426,0.6970715219914426,0.953137774521554,0.953137774521554,0.9101446511984224,0.9101446511984224,0.0148701658441237,0.0148701658441237
174,wave3,Somewhat Risk-Seeking,0.8305149715672975,0.8330121578045248,0.9457578809332648,0.9480890766916626,0.9233051782085928,0.9297027871433676,0.0089999435146256,0.0084006046937043
483,wave3,Risk-Neutral,0.778807123498246,0.778807123498246,1.042488843908577,1.042488843908577,0.9841619796886272,0.9841619796886272,0.0005821495317814,0.0005821495317814
1920,wave3,Extremely Risk-Averse,0.8482843906135733,0.7553927491936262,1.170761782351424,1.1392412016296476,1.0383955144958872,1.0045170183510457,-0.0016792606581083,0.0004412122546965
1991,wave3,Somewhat Risk-Averse,0.9030965830650188,0.8271647064530447,1.204909152041435,1.1424905377567245,1.0324369053570093,0.9979514560430752,0.0102121981943687,-0.0045841680734683
1103,wave3,Extremely Risk-Seeking,0.7336146942571271,0.7336146942571271,1.0423684029375655,1.0423684029375655,0.9207732127218908,0.9207732127218908,0.0056125984433101,0.0056125984433101
805,wave3,Risk-Neutral,0.7528977734301544,0.7528977734301544,1.1185360547428471,1.1185360547428471,0.9920395693681436,0.9920395693681436,-0.0033448390875565,-0.0033448390875565
2318,wave3,Default,0.7582301434396722,0.7092365806512938,0.9814316284452952,1.000636919308031,0.9521468640127324,0.921168054707676,0.0063209552454364,0.0109395886169647
2118,wave3,Somewhat Risk-Seeking,0.9021356766589886,0.8278421707379519,1.2226893977347335,1.111307348590242,1.0448242123828098,1.0149034769560894,0.000278260959252,0.0012540567558234
2187,wave3,Default,0.8103097991949272,0.815348305740677,1.0548118891448577,1.0817109027617051,0.9985207354186336,1.0134147698946698,0.0060729506574001,0.0050045843379101
2307,wave3,Somewhat Risk-Seeking,0.8823045334211911,0.8609595329535913,0.97902066879604,0.9873832941328216,0.99573727052472,0.9908013948603208,0.0002291805402889,9.638252791532208e-05
2331,wave3,Default,0.7645551009512136,0.7652085996080195,1.1481567350683484,1.1326503072835143,1.0253301151179268,1.012703582697409,-0.0046384477848811,-0.0048307591485466
396,wave3,Default,0.8173313216941832,0.7996785302936325,1.0817208584823947,1.0405613939173983,0.96175527346026,0.9044791494167934,0.0058695812800825,0.0092615879759225
1911,wave3,Default,0.7168096892263885,0.6862128120941986,1.090510239704597,1.0576879609563763,0.9874842733863968,0.9696384921563036,0.0021782329216406,0.0034947287649425
1864,wave3,Default,0.7788676005937304,0.7728140209334915,1.0272178172844502,0.9775012996026404,0.9914611109945682,0.9726807037913672,0.0018988433017309,0.0029305501167568
2261,wave3,Risk-Neutral,0.891599419238487,0.891599419238487,1.085303817748596,1.085303817748596,1.0044402587148085,1.0044402587148085,-0.0018937522028172,-0.0018937522028172
1718,wave3,Somewhat Risk-Averse,0.7102837813613657,0.7318711655614021,1.018601758318632,1.0355637641082818,0.9570421313209648,0.9607960266095682,0.0063494330645958,0.0044814314597435
1871,wave3,Somewhat Risk-Averse,0.7694884679782019,0.7694884679782019,1.1473379194402535,1.1473379194402535,1.0262235308593557,1.0262235308593557,-0.0024601371509891,-0.0024601371509891
600,wave3,Default,0.8245340358814831,0.8174134728503296,1.0122903229724538,1.05644869452711,0.971234232626914,0.96643800564782,0.0051368812324753,0.0037189940018587
1318,wave3,Extremely Risk-Seeking,0.7795739715811828,0.8422884627924868,1.0002277646906688,0.9808526376847267,0.8998810738432966,0.9262492092658532,0.0054986265974887,0.0047737106200861
606,wave3,Somewhat Risk-Averse,0.9024432551712228,0.9024432551712228,1.159899569735778,1.159899569735778,1.0399677973387291,1.0399677973387291,0.0017306921825241,0.0017306921825241
411,wave3,Extremely Risk-Averse,0.7896328576488058,0.7699522684749023,0.9445987291491847,0.9607810946022296,0.9672568580200024,0.9576962982710702,0.0020735113279816,0.0048919696894848
1083,wave3,Extremely Risk-Seeking,0.6179791134743523,0.6179791134743523,1.0329258611862595,1.0329258611862595,0.9304211680247932,0.9304211680247932,0.0018425105947986,0.0018425105947986
1088,wave3,Risk-Neutral,0.8005830693589489,0.8238933060609086,1.1633714412381455,1.1603002904934647,1.017676879045815,1.0387890887313154,-0.0016017234313679,-0.0088929238446637
860,wave3,Default,0.7937937465596784,0.7569400507973664,0.9335452834885276,0.8999956976519616,0.9056361857549844,0.8951335972808946,0.0124651801587023,0.0140658176584607
995,wave3,Default,0.7028379591406951,0.7028379591406951,1.0257430030603238,1.0257430030603238,0.9861414512842794,0.9861414512842794,0.0039319966747858,0.0039319966747858
1491,wave3,Risk-Neutral,0.8952130976799618,0.8701435767409568,1.197379115510966,1.1509063613363602,1.051132043590976,1.035629450904973,-0.0023072551157,-0.0081159866455946
474,wave3,Risk-Neutral,0.7200774772547645,0.7439560978816518,1.0362519928523055,1.0576082948522818,0.9731449993970684,0.9687232580383563,0.0040399432293956,-0.0011886758326161
1104,wave3,Somewhat Risk-Seeking,0.870559763218061,0.870559763218061,1.1704801652334162,1.1704801652334162,1.0387592167735458,1.0387592167735458,-0.0013508677103936,-0.0013508677103936
2300,wave3,Somewhat Risk-Seeking,0.8250200839010263,0.8777165741959714,1.1038032387432932,1.1390599348368806,1.0083901143146143,1.033462595069938,-0.005477063403453,-0.0016975981544773
415,wave3,Risk-Neutral,0.827912328908724,0.827912328908724,1.099551271315575,1.099551271315575,0.9844030756886716,0.9844030756886716,0.0037945017876555,0.0037945017876555
1452,wave3,Somewhat Risk-Averse,0.8785403390394171,0.8785403390394171,1.2011105940580842,1.2011105940580842,1.0556488770806582,1.0556488770806582,-0.0002727893876527,-0.0002727893876527
2072,wave3,Extremely Risk-Seeking,0.7428945661595006,0.7428945661595006,1.027333690530173,1.027333690530173,0.9153860721163668,0.9153860721163668,0.0011890882063034,0.0011890882063034
2170,wave3,Risk-Neutral,0.7051944154372893,0.6082563841363339,1.0756579648371738,1.028715542337149,0.988342971275716,0.9458189837570172,0.0031695264648173,0.0033899689242093
742,wave3,Somewhat Risk-Seeking,0.6129327905196287,0.6453155454794165,0.9801066573810716,0.9884341166961896,0.92597397901308,0.9325667026618027,0.0083387120399804,0.0094385342464888
2264,wave3,Extremely Risk-Averse,0.8025385122080714,0.7656728329005646,1.191371472547066,1.1460213886688222,1.0588534727957806,1.034954496414353,-0.0069654031192546,-0.0055270075957611
703,wave3,Somewhat Risk-Seeking,0.7062574913705773,0.7271290457280092,1.0023620991202178,0.9649678533227954,0.944887480823286,0.9300108704380112,0.0080891554083931,0.0068191596823348
188,wave3,Default,0.6570718006815088,0.6626382343166392,0.9349745057258236,0.9338423518935344,0.9297608438351336,0.9280827648653228,0.0075052465515203,0.0063358003671931
759,wave3,Extremely Risk-Averse,0.7376458658723726,0.7070845326618554,0.9361100441780726,0.9433882856751852,0.9275780985505254,0.8716119511484255,0.0071231860678705,-0.0020375515839285
764,wave3,Somewhat Risk-Averse,0.8051368444742546,0.7275565263481808,1.0473662273691693,1.166577669856857,0.9914637215306472,0.922592732598446,0.0068344387534684,-0.0021465683124564
1967,wave3,Extremely Risk-Seeking,0.6972748152491168,0.8268210369555555,0.8322107437073833,0.9717708580950588,0.8313205506520194,0.9677666288042368,0.0023651220974876,0.0031252392809417
70,wave3,Somewhat Risk-Averse,0.7536741992766471,0.746381089233381,0.9600955501589384,0.964416397955688,0.8760676220321383,0.930369145160486,0.0105374346967166,-0.0014948368157686
18,wave3,Risk-Neutral,0.8549802351071177,0.8549802351071177,1.0813106938911217,1.0813106938911217,1.02183398502452,1.02183398502452,0.0010262905572785,0.0010262905572785
1089,wave3,Extremely Risk-Averse,0.7886366772959859,0.7983735241121819,1.0914363974183348,1.1024505065754209,0.9908817606776914,0.9430112542620472,0.0018267765409012,-0.0027995502914438
2401,wave3,Extremely Risk-Seeking,0.6942172095791809,0.7160968367061269,0.9129808044945557,0.9947861590887354,0.9168725974540334,0.9500066274406912,0.0143666008478567,0.010346056118199
1434,wave3,Default,0.6003017848926843,0.5960895947347433,0.9794392996549124,0.8968733604612191,0.8735296624276152,0.9010957486728938,0.0061152888178993,0.0056504104892135
1608,wave3,Extremely Risk-Seeking,0.7895881105082924,0.7895881105082924,0.9665456238998424,0.9665456238998424,0.9293035694295416,0.9293035694295416,0.0104110688436065,0.0104110688436065
2214,wave3,Risk-Neutral,0.5811620732589544,0.6350877153380992,0.8772941313747291,0.9757897681667446,0.8190004719323811,0.9108862290620244,0.0158923548547982,0.0126242681402765
1283,wave3,Extremely Risk-Averse,0.8392002204333454,0.7937566780910507,1.1951635355457304,1.0780858890438745,1.0457629314639014,0.9258939314976352,-0.0038547363310836,-0.0041379852618839
1002,wave3,Somewhat Risk-Averse,0.8968526992943999,0.8968526992943999,1.282855405157852,1.282855405157852,1.0738277325361507,1.0738277325361507,0.001829023495991,0.001829023495991
1614,wave3,Somewhat Risk-Seeking,0.8891665486852259,0.8708830191382554,1.2027222582099082,1.1970933506834798,1.056604564771805,1.0589826082158182,-0.0055003906971948,-0.0040013828159023
592,wave3,Somewhat Risk-Seeking,0.709315657122148,0.837647623624775,1.0221526255026017,1.026239443148827,0.9584750111644106,0.9824618197746056,0.0093304799606392,0.0030984138634096
890,wave3,Somewhat Risk-Averse,0.8426503976084869,0.8426503976084869,0.9404524520170934,0.9404524520170934,0.9394800885139812,0.9394800885139812,0.0094830780986493,0.0094830780986493
896,wave3,Risk-Neutral,0.8482415050300656,0.813218822681954,1.2029900640408902,1.141666646004529,1.0455541034164908,1.0184909242797542,-0.0064867344207468,-0.0028666370797303
2135,wave3,Extremely Risk-Seeking,0.8162307851256327,0.8508804700399689,1.0064426192339804,0.9611290016947196,0.9745379191212112,0.9632432334334592,0.0026249433955172,0.0079553058508094
1383,wave3,Risk-Neutral,0.8832942442581857,0.8496927030257937,1.1100704040333629,0.9976036913373996,1.0094247434628432,0.9470474532320698,0.0058883680224911,0.0060754002973653
1257,wave3,Risk-Neutral,0.7184364676769731,0.7184364676769731,1.0550262825021104,1.0550262825021104,0.9923130548724816,0.9923130548724816,0.0033867795777763,0.0033867795777763
2342,wave3,Somewhat Risk-Seeking,0.7943470355666618,0.8513712073160677,1.0194204221789973,0.9799659194528814,0.9353947383341984,0.9521120423742097,0.0014954862637364,0.004332106979065
921,wave3,Somewhat Risk-Seeking,0.8573032129282577,0.8688358380617712,0.9599462792077026,0.8928753682625877,0.9489269864467164,0.9211431338869892,0.0040292136185069,0.0070296271648527
2403,wave3,Somewhat Risk-Seeking,0.809298633207039,0.8474463271877202,0.7262412458694849,0.7558683001306609,0.8472702216800716,0.8615059932497848,0.0096969751719864,0.0115693027625026
1774,wave3,Somewhat Risk-Averse,0.8338730874179207,0.8649502604590511,0.840911609173716,0.8501491789680387,0.8984792800658146,0.8987147747984052,0.0115880459224623,0.0080662160223013
2338,wave3,Default,0.8865041278233495,0.8865041278233495,1.147500876169513,1.147500876169513,1.0371920747964618,1.0371920747964618,-0.0035192375628763,-0.0035192375628763
1346,wave3,Default,0.7966567558288853,0.794508579581188,0.9075336060684212,0.9076619259670756,0.8562728691597865,0.8577072121658715,0.0164045553144527,0.0168465365280539
246,wave3,Risk-Neutral,0.7028565695071844,0.741626314449062,1.1048785001187336,1.1132330682420206,0.9920790494800352,1.0138186079233535,-0.0037131048509239,-0.005171513895228
1949,wave3,Risk-Neutral,0.7142901164267651,0.6577279026238293,1.0309331550210563,0.996156589868955,0.966377107556411,0.9450257550351346,0.0037807564336434,0.0057357703293465
2109,wave3,Somewhat Risk-Seeking,0.8108921281857703,0.8108921281857703,0.8260972286620214,0.8260972286620214,0.8348748260242677,0.8348748260242677,0.0137308534236863,0.0137308534236863
89,wave3,Extremely Risk-Seeking,0.816776804998407,0.8617398269790268,1.1530934175185954,1.0134476734836249,1.0395693763577083,0.9994707315865704,0.0015653991562707,0.0063609473912732
1616,wave3,Extremely Risk-Seeking,0.6907825922319529,0.7269123323206903,1.1322207756710254,0.9259479121153,1.0199068458935252,0.8997348300730885,0.0008805433930134,0.0113508060286212
1307,wave3,Extremely Risk-Averse,0.8989486282992283,0.9064365955616258,1.124172580180099,1.1626284114799923,1.02764943210303,1.0486508340488707,-0.0031585386264362,-0.0048152520216649
1619,wave3,Extremely Risk-Seeking,0.7278090720120783,0.7278090720120783,1.0520356455498936,1.0520356455498936,0.9776297602619242,0.9776297602619242,0.0058477050483153,0.0058477050483153
2333,wave3,Default,0.7033523744038441,0.7033523744038441,1.0504062634339433,1.0504062634339433,0.9738447975506528,0.9738447975506528,-0.0009245296932993,-0.0009245296932993
394,wave3,Risk-Neutral,0.7066302843708491,0.7501898689886647,1.0212465827991752,1.0377789738528915,0.9557672366740756,0.9715049118232376,0.0059225810720571,0.0044457818663281
130,wave3,Somewhat Risk-Seeking,0.7805853353328249,0.7768584181854102,1.06005085510525,1.03439677569144,0.9793486731499228,0.9609379186710746,0.0013690452807272,0.0055065721498261
2378,wave3,Default,0.7273487904267384,0.7273487904267384,1.1090609676861278,1.1090609676861278,0.9736435814416552,0.9736435814416552,0.0026033757538781,0.0026033757538781
1227,wave3,Somewhat Risk-Averse,0.790389571902804,0.790389571902804,1.1227567401017593,1.1227567401017593,1.0061261135839166,1.0061261135839166,0.0009136231151599,0.0009136231151599
476,wave3,Default,0.7506008996507704,0.7506008996507704,1.0661537576360471,1.0661537576360471,0.9822291707895968,0.9822291707895968,0.0043294397623185,0.0043294397623185
1204,wave3,Risk-Neutral,0.8055946030548251,0.8867924059262619,1.0440823924745266,1.0858424664710358,0.9832087276092624,1.009118257312777,-0.0009822905465662,-0.0076743120661126
436,wave3,Somewhat Risk-Seeking,0.8705466608526363,0.8762398064168743,1.1759056980555005,1.1376159894055442,1.0329692417086134,1.0186354746223614,-0.0048290981495198,-0.0046885235665262
575,wave3,Extremely Risk-Seeking,0.7502655897531978,0.7502655897531978,1.0690957264578562,1.0690957264578562,0.880152567654637,0.880152567654637,0.0004614748863772,0.0004614748863772
1364,wave3,Extremely Risk-Seeking,0.8778296403715877,0.888912729560833,1.1514764763621956,1.1325703016079274,1.0441401747471315,1.0418052373861053,-0.0020543717913315,-0.0023359956109872
1236,wave3,Default,0.813715848259299,0.813715848259299,1.1170797038929392,1.1170797038929392,0.9812239978303868,0.9812239978303868,0.0045002270054923,0.0045002270054923
2293,wave3,Somewhat Risk-Seeking,0.5307822402259962,0.5307822402259962,1.033517629904392,1.033517629904392,0.9261539195118867,0.9261539195118867,-0.0005654884953731,-0.0005654884953731
797,wave3,Extremely Risk-Seeking,0.7830512892729186,0.7830512892729186,1.012204910972216,1.012204910972216,0.9768431987578172,0.9768431987578172,0.0112911520124478,0.0112911520124478
547,wave3,Risk-Neutral,0.7140739554551556,0.7140739554551556,1.0354194665545582,1.0354194665545582,0.9304830374286444,0.9304830374286444,0.0044253668750473,0.0044253668750473
2185,wave3,Default,0.8260188741283051,0.8232923331852463,1.1122094460717762,1.0908546580289329,1.0193962684470543,1.0082612693543271,0.0022307561935088,0.0027747858261088
1914,wave3,Default,0.7444377787870795,0.708965026685146,1.1526572080457245,1.1277904581675966,0.9951941487201426,0.9823294326089086,-0.0060625969013454,-0.0029978050797194
535,wave3,Extremely Risk-Averse,0.7991057584973462,0.7991057584973462,1.0824536925720902,1.0824536925720902,0.9943297419462672,0.9943297419462672,0.0073082563220209,0.0073082563220209
1017,wave3,Default,0.8462610238139461,0.7878803763114014,1.226716994253744,1.1241935396645095,1.063695794607744,1.020314268554637,-0.0011593568543502,0.0021852648863234
1933,wave3,Default,0.7446652943075576,0.7446652943075576,0.914413668591396,0.914413668591396,0.8824070410455567,0.8824070410455567,0.009153966231083,0.009153966231083
360,wave3,Extremely Risk-Averse,0.9068877023382892,0.8584309722393567,1.0819423647671056,0.8166771822234924,1.0346990946228805,0.8405722094309589,0.0021981957844701,0.0023991863872621
2222,wave3,Somewhat Risk-Seeking,0.8231030879271458,0.7969159248433542,1.1531192852799812,1.0725012057294092,1.0246918245815464,0.9804960959280752,-0.0067095205196572,-0.0004447012581193
867,wave3,Somewhat Risk-Seeking,0.7897870689228931,0.8587604272067505,0.8618547316176857,0.9599995604522922,0.8683463221818423,0.9505287178955166,0.0126163483251713,0.0044172052069746
321,wave3,Somewhat Risk-Averse,0.7461435278333156,0.738895365809914,0.9923345031060776,1.0160098286216388,0.9508367406733484,0.9664839900560068,0.0061563616548157,-0.0021212563356819
640,wave3,Extremely Risk-Seeking,0.8407946116987753,0.8832909142995897,1.1439342582752634,1.1644134470886252,1.023416926296452,1.0393407460711852,0.0004056549215109,-0.0004113076508337
479,wave3,Extremely Risk-Seeking,0.6519642133768445,0.7181276581644876,1.1078581788462123,1.0647243022552015,0.9589214647074092,0.9524556435860356,-0.0001776149648017,0.0045584089494145
2400,wave3,Somewhat Risk-Averse,0.7475691175242626,0.770178957201084,1.0941879048919492,1.1233768158455184,0.9512721491540692,0.9709796593556814,-0.002276553807845,-0.0039024139580907
1932,wave3,Extremely Risk-Averse,0.7823743867258879,0.6035061741141114,0.8742713107870005,1.038626019220896,0.902509816289021,0.9369402742500904,0.0173934274895274,-0.0025554724746919
1254,wave3,Risk-Neutral,0.7610616521452306,0.7578462743596828,1.0284467002463524,0.9972654988779034,0.9541681957798605,0.9442142899292002,0.0065332699135344,0.0066210908972977
813,wave3,Extremely Risk-Seeking,0.7064662011173316,0.7617649374981131,0.99070037225207,1.0525711028014837,0.9067329297396264,0.9761372756359596,0.0082320485381256,0.0041132136385855
543,wave3,Default,0.7739105398323255,0.770142562823636,1.03700238057148,1.0126211559569036,0.9834539976530748,0.9752699046055092,0.0030951069491239,0.0015376741529804
2316,wave3,Somewhat Risk-Seeking,0.7957825925288439,0.8266911064036334,1.185297807389186,1.157664083852366,0.9841520906011402,0.9834567313815282,-0.0028989183943304,-0.005491512574736
2380,wave3,Default,0.7233477290789363,0.7300859258304733,0.7166295034111777,0.8260010572890172,0.7443158083197878,0.837065785046774,0.0146181867486868,0.0104658193567977
120,wave3,Default,0.8528432437119853,0.7956886803559049,0.9829115308986188,1.0214776310118807,0.94644632283048,0.951185725140862,0.0059874564342585,0.0058859688675081
266,wave3,Risk-Neutral,0.7457828657504658,0.7457828657504658,1.0879511678644744,1.0879511678644744,0.924993960807642,0.924993960807642,-0.0018179050724166,-0.0018179050724166
19,wave3,Extremely Risk-Seeking,0.7820261979025163,0.7852475117770654,0.7815543831908338,0.7843721591889646,0.8602376913071638,0.8713072699743788,0.0084595102779521,0.0105447032508081
794,wave3,Risk-Neutral,0.7442856157156268,0.768110104107703,1.1256024534374969,1.154613644285828,0.9811651118815516,1.0120634157199246,-0.0031077760479629,-0.0044891524067221
1358,wave3,Extremely Risk-Seeking,0.842620267879142,0.8899707692649923,0.9024437888293388,1.0097812026381583,0.9437997631888586,0.9992842190094806,0.0105198201793879,0.0053723756830409
1121,wave3,Extremely Risk-Seeking,0.8954760926287204,0.8954760926287204,1.2335949608321457,1.2335949608321457,1.0735386980334465,1.0735386980334465,-0.0032583114942813,-0.0032583114942813
422,wave3,Risk-Neutral,0.7955359867425494,0.8237989979960957,1.1056926543758834,1.1195423687095163,1.0044180641950289,0.998583927299708,-0.0021340278260193,-0.0027938983890457
1918,wave3,Extremely Risk-Seeking,0.8571009767040756,0.8571009767040756,0.9886916106015848,0.9886916106015848,0.957115655943256,0.957115655943256,0.0071886816360531,0.0071886816360531
67,wave3,Somewhat Risk-Averse,0.902091894331154,0.8732851558795546,1.1177046208345165,1.0587024116318473,1.0356868749075787,1.0035224657630692,0.0071721851916287,0.0102832787206257
1945,wave3,Somewhat Risk-Averse,0.6678493185820025,0.6678493185820025,1.0026665284414409,1.0026665284414409,0.9397163345382858,0.9397163345382858,0.0102387028173019,0.0102387028173019
2407,wave3,Default,0.7369644241562048,0.7369644241562048,1.0932304397609591,1.0932304397609591,0.9889947252616152,0.9889947252616152,0.0003545650113428,0.0003545650113428
93,wave3,Extremely Risk-Averse,0.7985590956486223,0.8361203294381423,1.0886803842944697,1.1772298411364854,0.9084243233330166,0.9754465725109558,-0.0018158391883938,-0.0039617149218204
883,wave3,Somewhat Risk-Averse,0.811011823120175,0.6927037163235158,0.9703809337423094,0.905665818348757,0.923305141529042,0.8119016060477485,0.0110349427185263,0.0110410011542722
624,wave3,Default,0.777032850785724,0.830432079567949,1.0502245955015723,1.0355070535752826,0.976673100784299,0.975131283266742,0.006045842877793,0.0048689756672008
974,wave3,Extremely Risk-Averse,0.7739521913476802,0.8323551022951736,1.070539218864495,1.1855278206632682,0.9926854822503314,1.0004044143225002,-0.0002564390793231,-0.0041366781221923
665,wave3,Extremely Risk-Seeking,0.7123139300983067,0.7254269489726295,1.0401530082831838,1.0879287707119103,0.9489850006782272,0.9759729413537096,0.0091693823749573,0.0057660648733945
994,wave3,Extremely Risk-Averse,0.7242983421988324,0.7333632502455902,0.8747934340109708,0.9591662887719022,0.7947540777135785,0.8375459867725991,0.007037192221754,0.0005090827198373
454,wave3,Risk-Neutral,0.771137289432307,0.771137289432307,1.0152891447873438,1.0152891447873438,0.9302208961014828,0.9302208961014828,0.0077905120965511,0.0077905120965511
1178,wave3,Extremely Risk-Averse,0.728813410049823,0.7295230368454769,0.8962904796023312,1.169611402776025,0.8978641687385097,0.9135335962257056,0.018338633376361,-0.0024803952525531
9,wave3,Default,0.8303835077807096,0.8388392087686299,1.0341681984246869,1.0362791448440356,0.9658699821047396,0.977938795856402,0.0035461077675971,0.0006256387948209
2001,wave3,Default,0.8469547169217418,0.7918009098341584,0.9881701126247896,0.8915424801852502,0.9681687014018971,0.9243817157166792,0.0095921083434087,0.0112708686043493
1494,wave3,Somewhat Risk-Averse,0.8635277081697441,0.8635277081697441,1.210427872582384,1.210427872582384,1.0564813975209475,1.0564813975209475,-0.0079223974895455,-0.0079223974895455
1009,wave3,Somewhat Risk-Averse,0.602585290535126,0.6881110800354061,1.0597964578570442,1.067108018288084,0.9649157267560746,0.9621321758316732,0.0037014376898972,-0.0036058170986929
1763,wave3,Somewhat Risk-Seeking,0.7933020557309335,0.7933020557309335,1.056891852053763,1.056891852053763,1.001210445709045,1.001210445709045,-0.0029603973018799,-0.0029603973018799
1251,wave3,Somewhat Risk-Seeking,0.7375444666429202,0.8533659940202568,1.140602331690757,1.1926486472224538,0.9882162009895308,1.034871337630353,-0.0041474181059421,-0.0061796385181861
185,wave3,Somewhat Risk-Averse,0.8976026088062357,0.8976026088062357,1.2239128851400924,1.2239128851400924,1.062078662134445,1.062078662134445,-0.004652895502717,-0.004652895502717
1620,wave3,Extremely Risk-Averse,0.7185708965308933,0.7129230283853383,0.7938054884864771,0.841083286084906,0.7698606731839733,0.8253209085926887,0.0137879258564405,0.0100639170701979
991,wave3,Default,0.7986473598486449,0.7678543736328745,0.9299254368452444,1.0021151546538591,0.9228721060081728,0.9187165187873032,0.0106732313862139,0.0085564810094983
737,wave3,Extremely Risk-Seeking,0.6714350812830231,0.6013458905894394,0.8949960617323368,0.7565771913132837,0.7914523180607071,0.7291228459150831,0.0030712021554451,0.0131843932549672
763,wave3,Risk-Neutral,0.6986237614007988,0.6768748687934755,0.7525018318723325,0.8375759670605147,0.7953156156256574,0.8601740294915083,0.0154419763531677,0.0143725470824437
820,wave3,Default,0.7748754995829537,0.803782717843776,0.897231169954659,0.8428942094151761,0.8322800984175123,0.8465157292325257,0.0102277765776374,0.0069666231803783
393,wave3,Risk-Neutral,0.701863945038264,0.8138849089773259,1.018327650877111,1.1305383640543112,0.9570372245837496,1.0205592289686956,0.000956672453002,-0.004566590330935
1091,wave3,Extremely Risk-Averse,0.8342545555240397,0.8646950034497282,1.131305418411818,1.1533000216863682,1.0306300214317896,1.0286287112084307,-0.0097527134442647,-0.0075596594260752
2035,wave3,Extremely Risk-Averse,0.8202260465359682,0.8227434393216388,1.0615711992495522,1.0451642620011887,0.9733230143155256,0.9661895445466492,0.0013312461297123,-0.0026376227971767
175,wave3,Somewhat Risk-Averse,0.7917618992156809,0.7917618992156809,1.089487242190749,1.089487242190749,0.9731665669093263,0.9731665669093263,-0.0005398237132898,-0.0005398237132898
2166,wave3,Somewhat Risk-Averse,0.6809118312165854,0.6809118312165854,1.136561178063466,1.136561178063466,0.9682578562553972,0.9682578562553972,-0.0021260816296086,-0.0021260816296086
1032,wave3,Risk-Neutral,0.8600627735807524,0.8600627735807524,1.086971494320845,1.086971494320845,1.0308514745463475,1.0308514745463475,0.0027835844075122,0.0027835844075122
1691,wave3,Extremely Risk-Seeking,0.764432047229319,0.8669176766785313,1.1147455735403962,1.1145099164507042,1.0113161313277266,1.012323080582806,-0.0017086782414581,-4.4392011791047e-05
2303,wave3,Extremely Risk-Seeking,0.8907936244688458,0.8782386980372997,1.2114223543022458,1.087934633715241,1.056105395877581,1.0101694470655558,-0.0051326040271254,0.0009680483751858
1837,wave3,Somewhat Risk-Averse,0.877406631383718,0.7829219796978728,0.9418157815812768,0.9573796826298536,0.949458308201323,0.91395679804472,0.0120076787882624,-0.0008592611549547
648,wave3,Somewhat Risk-Seeking,0.7977192371728675,0.7977192371728675,1.021738833550623,1.021738833550623,0.9488733216306332,0.9488733216306332,0.0027814519761648,0.0027814519761648
871,wave2,Somewhat Risk-Averse,0.8543899789273125,0.8534141377946552,1.106871772345184,1.1330200025714203,0.995640213232498,1.004985996939476,-0.0021579122391219,-0.0037479831848734
2157,wave2,Risk-Neutral,0.8785717673279073,0.8785717673279073,0.9798585329538104,0.9798585329538104,0.9868361171055958,0.9868361171055958,0.0060371125281637,0.0060371125281637
16,wave2,Somewhat Risk-Seeking,0.6614864574752282,0.7261778616158523,1.0332222251953678,0.966700401375734,0.9450277471337488,0.924080133539816,0.0040033982396828,0.0053682019934815
1109,wave2,Somewhat Risk-Seeking,0.8423192080688845,0.8423192080688845,0.8212769153012959,0.8212769153012959,0.8802572493792805,0.8802572493792805,0.0098307601902181,0.0098307601902181
352,wave2,Risk-Neutral,0.6845468673804938,0.6845468673804938,1.0135531983838686,1.0135531983838686,0.8989039975280045,0.8989039975280045,-0.0006035619041344,-0.0006035619041344
60,wave2,Risk-Neutral,0.8816235037400761,0.8816235037400761,1.1477797260288134,1.1477797260288134,1.0150100757359737,1.0150100757359737,-0.0013359200294253,-0.0013359200294253
791,wave2,Extremely Risk-Averse,0.8150495133875912,0.8150495133875912,0.890889372183268,0.890889372183268,0.9398873066538824,0.9398873066538824,0.00916685284096,0.00916685284096
2349,wave2,Somewhat Risk-Averse,0.9008022573133724,0.8241825368438448,1.197023339156499,1.133694668701362,1.0497912289644065,0.9967922941163015,-0.0028543451858707,-0.0046359906741077
929,wave2,Extremely Risk-Averse,0.7906416288826615,0.805488576086476,0.9775574107574784,1.0908381619084475,0.952001999409012,0.933388500764019,0.0145672407580326,-0.0005103341569146
214,wave2,Somewhat Risk-Averse,0.6884095606992942,0.7040578655061802,1.0621785465525462,1.064761733049593,0.9486564889411218,0.9517426082707312,-0.0006629083454992,-0.0017064670720021
1124,wave2,Extremely Risk-Averse,0.8063045746930145,0.8063045746930145,0.9346511889851552,0.9346511889851552,0.9317576899039784,0.9317576899039784,0.0060550369144169,0.0060550369144169
2036,wave2,Somewhat Risk-Averse,0.6535790252434404,0.6978006307276186,1.1190538829669432,1.1259131028606133,1.0126950687389351,1.000469997586442,-0.0012440779184255,0.0014027978776072
1349,wave2,Risk-Neutral,0.9103645558310424,0.9103645558310424,1.2692094124293545,1.2692094124293545,1.0608939441339258,1.0608939441339258,-5.2415883897045446e-05,-5.2415883897045446e-05
1315,wave2,Somewhat Risk-Averse,0.762115023691268,0.7616211751329136,0.990864482632249,1.0505790063193008,0.9479945656158272,0.9914899700101631,0.0014185809582191,-0.0018570951348844
1156,wave2,Default,0.8691275617515499,0.8750551959631898,1.0548139507036365,1.0720814127465723,0.9985060054328048,0.9974528359895792,0.0124317932103567,0.0121689394244492
2372,wave2,Risk-Neutral,0.7440022185154163,0.7785670948922021,1.013169927808386,1.0220369403030385,0.9935822943398132,0.9978281750720734,0.0012284993333208,-0.0013337392130952
2272,wave2,Risk-Neutral,0.8392843182661501,0.7911523059340614,1.1733230345568215,1.1613518705236767,1.0263808860234729,1.0027583334061247,-0.0021200306397597,-0.0035084297548797
36,wave2,Extremely Risk-Averse,0.7844346184858628,0.7316091108145382,1.0621989669124596,1.0296747058273716,0.9977145670180873,0.9761144670722298,0.0036397382148592,0.0007778740669578
1309,wave2,Extremely Risk-Averse,0.8926755782197194,0.8424143122036607,1.213596934682846,1.15376644753332,1.055661397474815,0.9759560368447776,-0.0055752757342764,-0.0028638722592311
1090,wave2,Extremely Risk-Seeking,0.883066533523793,0.883066533523793,1.2284393560093134,1.2284393560093134,1.0684708725552456,1.0684708725552456,-0.0068191389587697,-0.0068191389587697
1768,wave2,Somewhat Risk-Seeking,0.9071745785814628,0.8930994823424158,1.2066950853175396,1.1544250390549626,1.059295435733112,1.0407271450364746,-0.0031705383059056,-0.0013977452187489
545,wave2,Extremely Risk-Averse,0.7389215350329441,0.6669524440262352,1.12401853372554,1.0758412335749896,0.995029046768646,0.9735207135176392,-5.084964313399585e-05,0.0010932262762174
2073,wave2,Extremely Risk-Averse,0.8039665937044771,0.7680502703111074,1.053445915840795,1.000033273799105,0.9795431230490204,0.9435758785483987,0.0035941363410609,0.0088336139160802
1465,wave2,Extremely Risk-Seeking,0.8021945925510788,0.8260515023748733,1.0533070499928128,1.0867726095587302,1.0004715246823894,1.0187023684674426,-0.0106933591239768,-0.0068889608464745
97,wave2,Risk-Neutral,0.7943491514267691,0.82011494468291,0.9968588524423748,1.0412403654049438,0.9132815084232222,0.969528267819492,-0.0030188610642842,-0.0049823392396147
847,wave2,Extremely Risk-Averse,0.7830619765205848,0.8076890117670619,1.0495664113667658,1.0269497676129569,0.9738083666441426,0.8867171036363131,0.0057469629173714,0.003708888837136
561,wave2,Extremely Risk-Averse,0.840098340781283,0.731631474790456,1.116134750716139,1.0837141258918106,0.9875004675882998,0.9076865009789602,-0.0010073703312962,-0.0019595656219912
1686,wave2,Somewhat Risk-Seeking,0.6077240544116014,0.6077240544116014,1.010963408166115,1.010963408166115,0.9703015420607048,0.9703015420607048,0.0047436042616833,0.0047436042616833
1165,wave2,Somewhat Risk-Seeking,0.8281042768103236,0.8704535057306754,1.1907532562855605,1.1269381146365034,1.0446013318269067,1.0184332537068932,-0.0043811187697627,0.0003274052246072
122,wave2,Extremely Risk-Seeking,0.7715413734194153,0.8029273658526885,0.979955961560341,1.02722751069517,0.9128525850301782,0.9517908597880363,0.0020801495746495,0.0057246507772401
636,wave2,Somewhat Risk-Seeking,0.8075707174771101,0.8211688323545789,1.035100960211872,0.9505887345349048,0.9304621991336716,0.903260630074184,0.0066424159094627,0.0092276415391016
704,wave2,Somewhat Risk-Seeking,0.8673552172812006,0.875946920553687,1.1313159423234602,1.1500843067447086,1.009557785473268,1.029637794157212,-0.0016564309684453,-0.0016187120273611
942,wave2,Extremely Risk-Seeking,0.8899374729318876,0.8225123065515585,1.2339579869568753,1.0242882084652365,1.0594397969334672,0.9815880746990996,-0.0026597739972728,0.0032344081500882
2030,wave2,Extremely Risk-Averse,0.7704776266540855,0.6845687042892883,0.9000341720835042,1.0347748328519464,0.9271897872512298,0.970428397789884,0.0125434341631776,0.0011047028468629
189,wave2,Risk-Neutral,0.7948275813722119,0.8366793364188216,1.0726212431795286,1.061475659200947,0.9473342069475932,0.9687934336227628,-0.0010120789543075,-0.0030550733651631
2050,wave2,Somewhat Risk-Seeking,0.7627618804041502,0.7924091884290593,1.0022199648521928,1.0190486007904067,0.9468781981945024,0.945469884330173,0.0072199976312784,0.0071613912334236
1873,wave2,Somewhat Risk-Averse,0.7803899178067961,0.7935928676684894,1.0153997681784157,1.0242444444394438,0.9628166766726894,0.9650802278458068,-0.0039410128714727,-0.0044404004017858
2169,wave2,Risk-Neutral,0.8241004256027027,0.7987124457170571,1.145296939070369,1.111810062854622,1.0250285077946226,1.033032150210352,-0.0034471531502558,0.0030909080278213
1172,wave2,Extremely Risk-Seeking,0.682882012767729,0.8767621711260701,1.057362246301604,1.0913974770192718,0.9402758343784192,1.0027431591055047,0.0032289301131903,0.0021518658548378
1558,wave2,Somewhat Risk-Seeking,0.8159172658299113,0.8572579917036769,1.038317852654963,1.0484826817154096,1.007168017743939,1.004991925875895,-0.0037447206705841,-0.0018863687066166
1417,wave2,Default,0.8205874265795992,0.8205874265795992,0.9866022002049456,0.9866022002049456,0.9293315666281496,0.9293315666281496,0.0069361433480476,0.0069361433480476
350,wave2,Default,0.8598646979316134,0.8584348949923079,1.129058269051438,0.9121083694839764,1.0048838106418403,0.9434544771685544,-0.0044515436495851,0.0065071995171634
1904,wave2,Risk-Neutral,0.7374607152861374,0.6860278144689315,1.0415130664426604,0.9932114408592996,0.9762587281410114,0.9444851447667102,0.0008903934502385,0.0004890637144834
721,wave2,Risk-Neutral,0.744477696620195,0.744477696620195,1.0481242726674458,1.0481242726674458,0.9766077693358256,0.9766077693358256,0.0065189194400314,0.0065189194400314
2255,wave2,Extremely Risk-Averse,0.7532281334733615,0.7532281334733615,1.138787160053956,1.138787160053956,1.0098107163684706,1.0098107163684706,-0.0048528585474,-0.0048528585474
2405,wave2,Extremely Risk-Seeking,0.6611967268238329,0.8892724177143714,1.0134684738381854,1.1615246220653408,0.9328226578589948,1.0403768313207211,0.0056183177176327,-0.000212876107519
355,wave2,Default,0.8686432901560834,0.8160223291612029,1.1719866328901078,1.0765238087165327,1.0237754070363585,0.9888731428351256,-0.0007113005779742,0.0003324561564628
116,wave2,Risk-Neutral,0.8432754500320871,0.8215002361645527,0.9547236504158222,0.965244466156169,0.9298358743435922,0.925181211139606,0.0103981753544549,0.013811945310326
694,wave2,Extremely Risk-Seeking,0.8092651938908968,0.8678437426574444,1.2220628926677095,1.0030772712471694,1.0622213139554857,0.963309539034769,-0.0064846366656713,0.0009066158737255
814,wave2,Extremely Risk-Averse,0.7405306089354177,0.7405306089354177,1.1406936240481431,1.1406936240481431,0.9888344383034658,0.9888344383034658,-0.0024286289511985,-0.0024286289511985
1929,wave2,Extremely Risk-Averse,0.8432981468813491,0.8118528017603185,1.0526859358431853,1.0197212638748443,0.975153252898022,0.9460947250423132,0.0026069566819569,0.0072782825047106
618,wave2,Somewhat Risk-Seeking,0.7169849828329984,0.7169849828329984,1.025482527777777,1.025482527777777,0.9526060497073874,0.9526060497073874,0.007070709631745,0.007070709631745
2099,wave2,Somewhat Risk-Seeking,0.7107011079322122,0.8372370693444838,1.026455149095729,1.0602868594959247,0.917382624664572,1.014198403316958,0.0006964280123208,0.0003744418758905
1523,wave2,Somewhat Risk-Seeking,0.8747113756007305,0.8747113756007305,1.1907751009690075,1.1907751009690075,1.0541729957875596,1.0541729957875596,-0.0052967143201391,-0.0052967143201391
1048,wave2,Extremely Risk-Averse,0.7693472834926247,0.7192179303970005,0.9595809308656076,1.0327229484129492,0.9311676536856536,0.917696813754028,0.0051094313228363,0.0102596687115563
1931,wave2,Default,0.8437692117655028,0.8437692117655028,0.8601812252722358,0.8601812252722358,0.9304600119603113,0.9304600119603113,0.0053812924720988,0.0053812924720988
689,wave2,Default,0.8855871484709724,0.8740382313695336,1.2167254596732089,1.2044506626851847,1.0372003120246074,1.0426211129048693,0.0003515163090098,-0.0008495259348278
633,wave2,Extremely Risk-Averse,0.9015322564176192,0.8736828759047678,1.0145564716523496,1.2331967941526063,1.0168451038164867,1.076369059076827,0.004146694353343,-0.006042826344425
2,wave2,Somewhat Risk-Seeking,0.8447277766696842,0.8347481926965019,1.1277224800023211,1.1007245048326189,1.0349338553619123,1.0216454092529852,-0.0010683193766838,0.0003121344291588
1100,wave2,Extremely Risk-Averse,0.7506008996507704,0.6712069936626408,1.0661537576360471,1.1296648589136262,0.9822291707895968,0.9838498653255504,0.0043294397623185,-0.0040707958423232
1825,wave2,Somewhat Risk-Seeking,0.7616283975279279,0.7244687461878851,1.1411959799160671,1.039314770168004,0.989510786449406,0.9253783839624632,-0.0031448307657752,0.0057530824979668
78,wave2,Somewhat Risk-Averse,0.8696806659302991,0.8523129976083178,1.0105271005084009,0.9781869206300796,0.94512722604908,0.933383105085124,0.0023484821110321,0.0029720019962781
917,wave2,Default,0.8584612498961711,0.7743730324398086,1.1176195315299535,0.9968013228502516,1.0242201872842578,0.933982938748946,-0.0021686079625177,0.007728909287107
437,wave2,Default,0.8016838037983193,0.8016838037983193,0.9803589336689048,0.9803589336689048,0.9500821116109512,0.9500821116109512,0.0018252666081526,0.0018252666081526
1567,wave2,Extremely Risk-Seeking,0.5970003001630284,0.89411312482414,0.970396237240342,1.205592725467406,0.8899439546238029,1.0625219480067083,0.0070624861946844,-0.0061548868642422
2104,wave2,Extremely Risk-Seeking,0.7287691124848997,0.7598584706704382,0.9786809284531588,0.9497861380158628,0.952635888723688,0.9405442963672012,0.0060177930706217,0.005582383068831
38,wave2,Risk-Neutral,0.8558255468806835,0.8558255468806835,1.0866020470910769,1.0866020470910769,1.0100792924983073,1.0100792924983073,0.0029823930339946,0.0029823930339946
1531,wave2,Extremely Risk-Seeking,0.6491274688667918,0.6491274688667918,1.171512439276276,1.171512439276276,0.929799550171961,0.929799550171961,0.0019763763191341,0.0019763763191341
2279,wave2,Extremely Risk-Seeking,0.8429073564790556,0.8429073564790556,1.11653611929555,1.11653611929555,1.0354619231162765,1.0354619231162765,-0.0105969384597642,-0.0105969384597642
576,wave2,Somewhat Risk-Averse,0.8411208823036691,0.8411208823036691,1.161537609963567,1.161537609963567,1.0249632137712532,1.0249632137712532,-0.0022872043124725,-0.0022872043124725
1464,wave2,Risk-Neutral,0.9032142994471392,0.9032142994471392,1.1604483854404917,1.1604483854404917,1.0409164487996296,1.0409164487996296,-0.0039443383907776,-0.0039443383907776
1386,wave2,Extremely Risk-Seeking,0.7135160620616257,0.796912596333791,1.0800136035910803,1.0669211260902711,0.957403600447011,0.9747639480815586,-0.0011749362421301,-0.003868069182361
1730,wave2,Somewhat Risk-Averse,0.7748759693150908,0.7748759693150908,0.7149739888094676,0.7149739888094676,0.8533266668047097,0.8533266668047097,0.0115335452050125,0.0115335452050125
325,wave2,Somewhat Risk-Averse,0.8906855613073971,0.8777323759644844,1.2746284042049227,1.2664876587480431,1.077490915684817,1.0735491959326304,-0.0075784124764413,-0.0073799481633216
1045,wave2,Extremely Risk-Averse,0.7129159316729398,0.79278161877068,1.1550390205602057,1.2207650668455972,1.0240502248433052,1.0498104607717174,-0.0012602484329413,-0.0022754049995605
426,wave2,Extremely Risk-Seeking,0.7413185870436331,0.7926865863335868,0.9623257042571964,1.179452255546272,0.7909226546006464,0.9933354675124778,0.0039976668876618,0.0015793691601602
1610,wave2,Somewhat Risk-Seeking,0.742782896404588,0.742782896404588,1.0507027765080164,1.0507027765080164,0.94194840982751,0.94194840982751,0.0005304739498258,0.0005304739498258
236,wave2,Risk-Neutral,0.6124150596109724,0.7407003873517414,1.025814543761667,1.122920129268222,0.9445396511145387,0.9819398839348376,0.0085259076697159,-0.0011257221162381
1484,wave2,Somewhat Risk-Seeking,0.8516037168793475,0.8516037168793475,1.1541676813630142,1.1541676813630142,1.0275878604725546,1.0275878604725546,-0.0013662013826817,-0.0013662013826817
1220,wave2,Extremely Risk-Seeking,0.8411196123249307,0.8450904209548552,0.9492473408968192,0.9700776321054364,0.9376802467438556,0.9478912461550848,0.0081379378933839,0.0073576790362847
247,wave2,Somewhat Risk-Averse,0.7883419813878833,0.7244167450632397,0.8502229330275556,0.8840645660749986,0.8366422430392562,0.8125455850561337,0.0111180307980949,0.0134082487126364
1439,wave2,Extremely Risk-Seeking,0.6033548073456266,0.8048912379226792,0.9281490717267727,1.183330386975357,0.791602073234461,0.997210703521619,0.0138178635446457,0.002180562039767
1890,wave2,Somewhat Risk-Averse,0.8434354054235824,0.7505321759946094,0.9551772650733712,1.0868995875294702,0.980128610330258,0.9453138687852378,0.0038877918531768,-0.003182169628959
1565,wave2,Extremely Risk-Seeking,0.7854076903097885,0.7854076903097885,0.983836641129036,0.983836641129036,0.9851700941702224,0.9851700941702224,0.0077159474740456,0.0077159474740456
397,wave2,Somewhat Risk-Averse,0.8576068577070526,0.8576068577070526,1.0973144219290394,1.0973144219290394,1.0101386410846196,1.0101386410846196,0.0003708930246307,0.0003708930246307
730,wave2,Risk-Neutral,0.7828734067567853,0.8155325794179454,1.1459808078416336,1.1208049975552106,1.0098714554848254,0.9870653469044784,0.0005689274821426,0.0024373124170838
1337,wave2,Somewhat Risk-Seeking,0.8178417631168591,0.852521066759826,1.193140503019468,1.1091114058938087,1.0277081651858289,1.0142815292000218,-0.0029227470971677,0.000487561852578
627,wave2,Risk-Neutral,0.7532461930190588,0.7541229131668333,1.0157396905977556,1.021025026116635,0.9325887201590806,0.932715360917706,0.0093066691594616,0.0074680742493472
345,wave2,Extremely Risk-Seeking,0.8803582446674049,0.8803582446674049,1.0916447989200735,1.0916447989200735,1.0167633175511668,1.0167633175511668,0.0036080143704885,0.0036080143704885
1901,wave2,Somewhat Risk-Averse,0.8606793724736295,0.8551269855463983,1.0513236689867047,1.0185903121425774,0.9969716995956718,0.9846543470448014,0.000235297438581,0.0008901105560389
1122,wave2,Somewhat Risk-Averse,0.6799066750546244,0.6799066750546244,1.054667136281344,1.054667136281344,0.9850067219572562,0.9850067219572562,0.0020401306581631,0.0020401306581631
1964,wave2,Extremely Risk-Seeking,0.7916273838259378,0.7916273838259378,0.975115506082621,0.975115506082621,0.8886436138890519,0.8886436138890519,0.0068566305808323,0.0068566305808323
1384,wave2,Somewhat Risk-Averse,0.6589969018696052,0.6589969018696052,0.9110182977368864,0.9110182977368864,0.8827664236416295,0.8827664236416295,0.0113109706990236,0.0113109706990236
882,wave2,Extremely Risk-Seeking,0.7474089834871769,0.7474089834871769,1.042411490371109,1.042411490371109,0.9831512710900916,0.9831512710900916,0.0033039116939668,0.0033039116939668
1977,wave2,Extremely Risk-Seeking,0.6393831078628962,0.7835999233099715,1.125231073781373,1.0737231047101137,0.8990122625305926,0.934753461333854,0.0008181474365198,-0.0048741545573242
126,wave2,Extremely Risk-Averse,0.8739968312149579,0.8184413698638203,1.0586325663580265,1.009193944390236,0.983986620277946,0.9332882865733072,-0.0011480620186796,-0.0011952283835115
1585,wave2,Extremely Risk-Seeking,0.6687096881912977,0.6866912043567546,1.1021712973359423,1.124744164505465,0.9792479858646964,0.99330388639666,-0.0005314701398268,-0.0002407225969439
1348,wave2,Risk-Neutral,0.8020246846964307,0.8020246846964307,1.0242227796512786,1.0242227796512786,0.9639259577231262,0.9639259577231262,0.002032404995166,0.002032404995166
2237,wave2,Extremely Risk-Averse,0.906415190244072,0.9005486504526152,1.2310161393751802,1.2117563889173788,1.0628818022912636,1.0532415488177609,0.0053788538857933,0.0056880393646622
880,wave2,Somewhat Risk-Seeking,0.8464929828693564,0.8464929828693564,0.8598640524951646,0.8598640524951646,0.8942260862319397,0.8942260862319397,0.0125289086152051,0.0125289086152051
2224,wave2,Somewhat Risk-Seeking,0.829909021562604,0.829909021562604,1.131745039721217,1.131745039721217,1.0478390810133988,1.0478390810133988,0.0038552186464653,0.0038552186464653
1256,wave2,Risk-Neutral,0.7344099606155866,0.6716281029714003,0.8931236014708673,0.8988770901587377,0.887830899928919,0.8916698900458857,0.0122299601072089,0.0083692331991866
128,wave2,Default,0.8384554049472722,0.8101070779113733,1.1219543863683057,1.0498811876064535,1.0504679811269315,0.9961259271713012,-0.0041057875923524,-0.0025359780779095
603,wave2,Risk-Neutral,0.8374837916685424,0.8503906734491666,0.8667250880061914,0.998882498603376,0.8452074538654505,0.9628658218192578,0.0066457141730167,0.0016994043261012
1049,wave2,Risk-Neutral,0.6941535005139919,0.6905966114830644,0.9856923544873272,1.096216512772444,0.9346527900834808,0.9889376235165036,0.0076629064154277,0.000740247651346
20,wave2,Extremely Risk-Seeking,0.8691234302474372,0.8990779589318981,1.1151601265112994,1.1629062538305952,1.036403829290594,1.0600420226966387,-0.0019484314256798,-0.0034802784653675
1504,wave2,Extremely Risk-Averse,0.7830512892729186,0.7830512892729186,1.012204910972216,1.012204910972216,0.9768431987578172,0.9768431987578172,0.0112911520124478,0.0112911520124478
1930,wave2,Extremely Risk-Seeking,0.8025180760719547,0.8496526383044695,1.0679379476785875,1.0804267030195327,0.9973704820612882,1.011918247735821,0.0004094246741707,0.0031910327793708
1078,wave2,Somewhat Risk-Averse,0.7457198720681498,0.7457198720681498,1.0485413795207903,1.0485413795207903,0.8344548264401239,0.8344548264401239,0.0050219775563174,0.0050219775563174
793,wave2,Extremely Risk-Seeking,0.7349847057233789,0.8713119654356419,0.9755265673957226,0.9995769527981246,0.9383176831068176,0.9589781809379276,0.0095006371881048,0.0031931091475088
1336,wave2,Extremely Risk-Averse,0.8058459856154302,0.8580560304652532,1.050481327528603,1.1620831654476358,0.9778967585583156,1.0240970904332616,0.0060963103967361,-0.0054723397151976
724,wave2,Default,0.7624898557828432,0.7993560529255542,1.012181241555232,1.035786365555302,0.971602392926696,0.956253269712426,0.00038289860623,0.000613953619186
1829,wave2,Extremely Risk-Seeking,0.7372905587646735,0.7282964571512277,0.9569751780846956,0.914166261856376,0.94766437048418,0.9208934389462984,0.0061067229731834,0.0111054324815819
951,wave2,Extremely Risk-Averse,0.7622641325518122,0.7727752007661383,0.9214305668966096,0.9378660040013852,0.9163799529486324,0.9104575403525352,0.0071366253542475,-0.0020194920261721
1622,wave2,Somewhat Risk-Seeking,0.7769715855828523,0.8343372831026964,0.9218387469988544,0.9938727217144496,0.9266024420439762,0.9805069787980496,0.0109953769731144,0.0042708253120081
642,wave2,Extremely Risk-Seeking,0.8007521411190884,0.8007521411190884,1.0732102879131054,1.0732102879131054,0.9909956204695736,0.9909956204695736,3.291808800147233e-05,3.291808800147233e-05
803,wave2,Default,0.8688270328409265,0.8688270328409265,1.140673543711379,1.140673543711379,1.0285272360755071,1.0285272360755071,-0.0044533887221551,-0.0044533887221551
1658,wave2,Extremely Risk-Averse,0.7279485304049195,0.8229297471555674,1.139178591771516,1.151534898805089,0.9827945401397524,1.0113442878135033,-0.0030136002494636,-0.0051129673434327
1177,wave2,Somewhat Risk-Seeking,0.7649741894724341,0.7900923515725695,1.128937718776064,0.9294477239561808,0.9979318791326272,0.945409449138007,-0.0009672655957878,0.0084132393722903
1479,wave2,Somewhat Risk-Averse,0.8104036436945221,0.667996971745503,0.934644312984322,0.96382830828117,0.9198769693943332,0.8333032305039435,0.0054088674356832,0.000356266743664
1714,wave2,Extremely Risk-Averse,0.5904861513730401,0.6057178667435669,1.0260468592740335,1.056338332783222,0.952523371444434,0.9579411884936208,0.0025910011717836,-0.0004877050162632
972,wave2,Extremely Risk-Averse,0.8703844786299697,0.8685164759908369,1.1912174695649909,1.18386612248643,1.0464877716094836,1.0444388655470942,-0.0014558457564663,-0.0027083798697799
1766,wave2,Somewhat Risk-Averse,0.8743032017551249,0.8743032017551249,1.2912568824144448,1.2912568824144448,1.0755766395031905,1.0755766395031905,-0.0061284864784019,-0.0061284864784019
65,wave2,Extremely Risk-Seeking,0.7811119482539555,0.8745764208782069,0.9500697246566918,1.0136162273877276,0.9286141156175088,0.9971701515238404,0.012477192664183,0.0024350737263947
424,wave2,Risk-Neutral,0.8247942057515785,0.848064546531026,1.1243988000000276,1.130809831530723,1.0243364101392007,1.0106388783043827,-0.004612872012434,-0.0077812355159264
1354,wave2,Default,0.8058693295424931,0.7578055258761177,1.1029250260492809,0.8547205359224355,0.9736429070908788,0.8747915367356057,-0.0031280439526087,0.0006207832017501
1607,wave2,Risk-Neutral,0.5994695856758321,0.5597734071718629,1.0122098438136815,1.0211301334337075,0.9574090475520084,0.9374489049300144,-0.0002335427583767,0.0024887130304386
1118,wave2,Extremely Risk-Averse,0.8471367821054973,0.7825816925519552,1.1688749547458457,1.1349220263772584,1.028534758047401,0.9848049697099388,-0.0042313808923836,-0.0044217734583336
1952,wave2,Default,0.8699217444702797,0.8278958168711135,1.1073679523650617,0.928141252076726,1.0178670551940987,0.936982305244666,0.0043310418882295,0.007184972114993
1746,wave2,Somewhat Risk-Averse,0.8885816858498983,0.8785636215376065,1.0876565560307423,1.0630652878924438,1.0164625303245325,0.9991072717654365,-0.0022582910619652,-0.0049237218355146
1308,wave2,Extremely Risk-Averse,0.8004889332867797,0.6943274712809685,1.095320005426641,0.9867797596056544,0.990456630226171,0.922895967770495,0.0006119104030506,-0.0020122010840816
29,wave2,Risk-Neutral,0.6767875756197581,0.6767875756197581,1.1407108889925113,1.1407108889925113,0.9520980173007092,0.9520980173007092,7.161030641156439e-05,7.161030641156439e-05
204,wave2,Somewhat Risk-Seeking,0.8167057336856298,0.869410318874637,0.8265120212629617,0.999094949026478,0.8955087447182182,0.9726910593641506,0.0112964678895914,0.0048658415901262
1791,wave2,Extremely Risk-Averse,0.8762397575908082,0.9031548706488868,0.994162022648548,0.9359135692995634,0.994772248610618,0.9633636470366684,0.0021989381103805,0.003166361784393
1670,wave2,Extremely Risk-Seeking,0.8098265705399084,0.8098265705399084,1.1477589867635642,1.1477589867635642,1.0286952004064112,1.0286952004064112,-0.0062863782981014,-0.0062863782981014
1108,wave2,Somewhat Risk-Averse,0.7070642757097199,0.7070642757097199,1.0849333889500483,1.0849333889500483,0.9070316221784096,0.9070316221784096,0.0062101597999982,0.0062101597999982
802,wave2,Extremely Risk-Seeking,0.7816520772576594,0.822238154662078,1.0381703851087951,0.9343699500807277,0.9582205459803256,0.9171267287618944,0.0038180226582621,0.0073734423538517
1624,wave2,Risk-Neutral,0.8789500441839568,0.8789500441839568,1.1215509799000167,1.1215509799000167,1.0282915186461954,1.0282915186461954,0.001935718842771,0.001935718842771
388,wave2,Extremely Risk-Averse,0.721140746994667,0.837480088079974,0.8020431942177924,1.2164719302818932,0.8876290975496323,1.0285817236381625,0.0114347181380258,-0.0049377175084901
399,wave2,Risk-Neutral,0.7787762523593305,0.7755487226155234,1.0460494106199,1.0496515583566095,0.9905370094371684,0.9907633204518936,-0.0041759406426413,-0.0045476485841749
1817,wave2,Extremely Risk-Seeking,0.8451162391894338,0.8451162391894338,1.053765524473425,1.053765524473425,0.973102444500411,0.973102444500411,-0.0036243709563682,-0.0036243709563682
735,wave2,Extremely Risk-Averse,0.8589649334571694,0.776057478462684,1.1872935540421936,1.0727726198744694,1.039776930871248,0.9029603105450796,-0.0010444381673605,-0.0010872195580253
213,wave2,Somewhat Risk-Seeking,0.6602697754547437,0.744736263461815,0.9871841255861996,0.9138544778666828,0.9300487361366148,0.9132422132935544,0.0132703519284363,0.0103408617207987
477,wave2,Somewhat Risk-Averse,0.7454064544943078,0.7511926614263577,0.9308052739727294,0.9423642861327292,0.9059399579728588,0.91943467555602,0.0070109703854372,0.006323149975262
902,wave2,Extremely Risk-Averse,0.6476073476139533,0.6295739264134792,1.0269739332791876,0.990029840130496,0.932689475041076,0.9317392282199224,0.0078604875981797,0.0015088566142817
973,wave2,Somewhat Risk-Seeking,0.7350286475045652,0.7886511365748974,1.0214271215895787,0.8152212116637051,0.8128048704009739,0.8106523836697763,0.0048546707367078,0.0104594619313191
1955,wave2,Extremely Risk-Averse,0.8533538160205634,0.8330719096634165,1.2556984462198444,1.171228485411551,1.0757137884307453,0.9704810652187812,-0.0054957362716142,-0.0040569762704233
218,wave2,Default,0.6773017602718981,0.6773017602718981,1.0469536566233473,1.0469536566233473,0.9217421672396368,0.9217421672396368,0.0025562948911943,0.0025562948911943
317,wave2,Somewhat Risk-Averse,0.8187072843043098,0.8295706338072235,0.931611900238945,0.9409295835560986,0.9375394598716564,0.9598846296658776,0.0113973264914037,0.0121575745095511
894,wave2,Extremely Risk-Averse,0.7615938418822494,0.8178043624300899,0.9430967356241936,0.9418300500573008,0.8040852156903365,0.829769342974285,0.0039124869248617,0.0009958303895532
830,wave2,Default,0.6806707905919571,0.6806707905919571,0.9850547699410208,0.9850547699410208,0.938669219534852,0.938669219534852,0.0091746872506933,0.0091746872506933
2282,wave2,Somewhat Risk-Averse,0.6623448882548559,0.7535346512642317,1.0268208176564624,1.115367824734668,0.9211379900351438,0.9649975688454012,0.0016759629893956,-0.0034335349700428
1781,wave2,Extremely Risk-Averse,0.5679617118969619,0.7762469232160744,0.8776820046962791,1.0623617782892203,0.8266329977317534,0.8963301265068887,0.00986318389863,-0.0013841474280259
944,wave2,Somewhat Risk-Seeking,0.8393614983624015,0.8715201239411512,0.9143198831401722,1.0936781037101904,0.9112784850279028,1.0280096639479344,0.0041548841421685,-0.0014622100367138
2103,wave2,Extremely Risk-Seeking,0.8538052790805377,0.8716045354259071,1.191818944261242,1.252984763162401,1.0550637772065012,1.078626117380691,-0.0051278315749319,-0.0061510779781336
7,wave2,Extremely Risk-Averse,0.8515900493106277,0.8533853746302602,1.2014024929749674,1.2385329505917988,1.060771357043516,1.0445397082037458,0.0021404005968671,-0.0051074925288259
1123,wave2,Extremely Risk-Averse,0.8235776263446956,0.7963735691810396,1.006142494887553,0.9626152439723896,0.9875798068809256,0.9452614176316132,0.0045352213517821,0.0061928194197868
578,wave2,Default,0.8383811762196973,0.8281828791441711,1.1779028193168526,1.0851674848744135,1.0218365979353854,0.9804500630315084,-0.0005467537470325,-0.0012999528588418
2223,wave2,Risk-Neutral,0.7665721002017479,0.7376295237606886,1.0337771383701122,1.0510157235780384,0.9628625394474648,0.9675567959081536,0.0055793595830106,0.0055180026330944
1623,wave2,Somewhat Risk-Seeking,0.8704044811593863,0.8704044811593863,0.9678520895361404,0.9678520895361404,0.9699740592056664,0.9699740592056664,0.0047668211065297,0.0047668211065297
1456,wave2,Somewhat Risk-Seeking,0.8347394487636957,0.8347394487636957,1.0703002181738226,1.0703002181738226,0.9550655283363828,0.9550655283363828,0.0074297662585242,0.0074297662585242
1462,wave2,Somewhat Risk-Seeking,0.826870517135279,0.8779290388729272,1.0257739975579043,1.1550482104541056,0.970790729713996,1.0372893545177682,0.0088908597060862,-9.262555068305564e-05
1351,wave2,Somewhat Risk-Averse,0.8409284594608635,0.7397464102100082,1.0641373190999888,1.026990140468651,0.9796487084712432,0.9341027294808824,-0.0031230647093802,-0.0028608711867853
1841,wave2,Extremely Risk-Seeking,0.8500842972959979,0.8434857967311864,1.097523647109732,1.0886845773851204,1.03334359028984,1.0220433213058135,-0.0021904997731821,-0.0008763803383997
979,wave2,Default,0.7352817041865986,0.7308621243063458,0.7178792005163964,0.7319325589908438,0.8462500831704918,0.8570130262944565,0.005959833362234,0.0073248601490665
1111,wave2,Default,0.7340757532790284,0.7283361877269571,1.061622803711041,0.9924659684833598,0.9882899275936988,0.9475235489266244,0.004390895147698,0.0113555550178894
1238,wave2,Risk-Neutral,0.823891693199424,0.780720531988589,1.1025430711037283,1.052501604883037,1.0341398879042027,0.9605977249259396,-0.0009355856684209,0.0009886318321227
280,wave2,Somewhat Risk-Averse,0.6266389395663285,0.653965313608888,0.805342445394372,0.8242458899180455,0.7932578436700508,0.8524808510522743,0.0054418689538068,0.0012160700548778
1732,wave2,Default,0.8103113007627335,0.7848300593386276,0.8552512275410595,0.92194730475927,0.8744967271953247,0.8920012377391471,0.0130188749660859,0.0124909810176311
1447,wave2,Risk-Neutral,0.8182254938221244,0.8182254938221244,1.1136559255635283,1.1136559255635283,1.006853297716522,1.006853297716522,0.0037338601079991,0.0037338601079991
1096,wave2,Extremely Risk-Seeking,0.8467501576249892,0.8467501576249892,1.095663133334298,1.095663133334298,1.0262647853670153,1.0262647853670153,0.0025522393281991,0.0025522393281991
2090,wave2,Risk-Neutral,0.568718549734447,0.7038410625479897,0.9300524808721612,1.0854738922604252,0.827074387633751,0.9624304309711498,0.0081125032401435,0.0007203504312612
1767,wave2,Extremely Risk-Seeking,0.7948561273583125,0.7890998233541776,1.0880935426179328,1.0287258046502994,1.0139684159877953,0.985226750005535,0.0002995739270713,0.0019374987238797
1782,wave2,Default,0.7364864211209006,0.7364864211209006,1.0992868643265064,1.0992868643265064,0.925901930405248,0.925901930405248,-0.0035722040169316,-0.0035722040169316
300,wave2,Somewhat Risk-Averse,0.6714837186331909,0.6524883828502314,1.1705317541793097,1.1530147806668385,0.9366818383348118,0.9351251783164752,-0.0001094244875577,-0.0014249131200375
741,wave2,Risk-Neutral,0.7891993252279794,0.8176317333370101,1.1388767792931116,1.1392032420227431,0.9977049031882772,1.0144720970332923,-0.0035006563808657,-0.0049500557447616
509,wave2,Extremely Risk-Seeking,0.6708267680905635,0.6708267680905635,0.8510439259868905,0.8510439259868905,0.8087900219433226,0.8087900219433226,0.0142572276146737,0.0142572276146737
1594,wave2,Default,0.5471683569913638,0.5471683569913638,0.8107789690632198,0.8107789690632198,0.8190008532079373,0.8190008532079373,0.0107183323629389,0.0107183323629389
135,wave2,Extremely Risk-Averse,0.7005543866853801,0.7005543866853801,0.8666766837553612,0.8666766837553612,0.8800937831836585,0.8800937831836585,0.0134028433105852,0.0134028433105852
279,wave2,Default,0.7805275343867355,0.7805275343867355,1.1225720609160634,1.1225720609160634,0.9672713767820336,0.9672713767820336,-0.0004575459963028,-0.0004575459963028
273,wave2,Risk-Neutral,0.7995928858907024,0.7864534891300149,1.0014158474103287,0.9868513433387492,0.9260884681117908,0.9199404667082614,0.0081636008525681,0.0098069465250203
2386,wave2,Somewhat Risk-Averse,0.768001188894918,0.7457780728115329,1.0170170079637677,0.9798724378024596,0.9182453298715334,0.9064163900798732,0.0068903690613553,0.0096577621965644
1461,wave2,Extremely Risk-Seeking,0.6952420201040844,0.6952420201040844,1.1418722972477109,1.1418722972477109,0.9896035857725748,0.9896035857725748,-0.0036090112182074,-0.0036090112182074
495,wave2,Extremely Risk-Averse,0.8557840958029393,0.8667882602604653,1.1700317599762522,1.1878271230468451,1.0410260021474604,1.034268581608481,-0.0022783433890185,-0.0021506471394581
356,wave2,Risk-Neutral,0.8068310659549099,0.8068310659549099,0.8728268955043385,0.8728268955043385,0.8838362482632798,0.8838362482632798,0.0102460816491095,0.0102460816491095
673,wave2,Somewhat Risk-Seeking,0.6787029288636018,0.8249739822814076,1.0252337788265051,0.9301048152687416,0.972077226470348,0.9479796517752372,0.0068697222378588,0.0086405843299331
2310,wave2,Risk-Neutral,0.8459949479875802,0.8485754748285802,1.120511139966191,1.1230412296252763,1.024696488760002,1.0335194634902427,-0.0099468274568685,-0.0099626589520636
1789,wave2,Extremely Risk-Seeking,0.7925312447803622,0.7056974958131615,1.0078400389857445,0.9645367458593972,0.9654378994641384,0.9456708095393314,-0.003281599548856,0.0027498161841655
335,wave2,Extremely Risk-Averse,0.8214680844008264,0.84623133690279,1.1934604758425036,1.2354577952202617,1.0427779190337458,1.0615537592498,-0.0017847388716486,-0.001832730262488
357,wave2,Extremely Risk-Seeking,0.7763393762513543,0.7763393762513543,1.1172569913823491,1.1172569913823491,0.9976488752770648,0.9976488752770648,-0.0039842454066596,-0.0039842454066596
1209,wave2,Somewhat Risk-Seeking,0.8198242702345095,0.8538487744784717,0.9482254573942092,0.98573198034536,0.958705965900954,0.9683891953311708,0.0097550455656638,0.0041706210025452
2258,wave2,Extremely Risk-Averse,0.5567203729152425,0.5567203729152425,0.8924563493951981,0.8924563493951981,0.8794532758561899,0.8794532758561899,0.0093188201164847,0.0093188201164847
854,wave2,Risk-Neutral,0.8827050611725895,0.8827050611725895,1.0143336375398084,1.0143336375398084,0.9761175526068218,0.9761175526068218,0.0027464003122781,0.0027464003122781
1469,wave2,Extremely Risk-Averse,0.8501147335662795,0.8501147335662795,1.118769367524536,1.118769367524536,1.019461775037092,1.019461775037092,0.0069088765915843,0.0069088765915843
1467,wave2,Default,0.8473183512696963,0.8473183512696963,0.9649719465958084,0.9649719465958084,0.9483048767902458,0.9483048767902458,0.0065584661632193,0.0065584661632193
248,wave2,Extremely Risk-Seeking,0.8001446268029384,0.8687167430257188,1.0089029900894118,1.1066676767459456,0.9684090033371688,1.031013068509873,0.0093350759219495,0.001517813533186
107,wave2,Extremely Risk-Averse,0.7926109331006581,0.837480088079974,0.9060229315593188,1.2164719302818932,0.8971473257440147,1.0285817236381625,0.0136640754348976,-0.0049377175084901
1940,wave2,Risk-Neutral,0.8374403820440554,0.8535207123622262,0.8493708958974197,0.8626590657879032,0.9047504729603524,0.93222138191021,0.0105088839966224,0.0084104171027986
147,wave2,Extremely Risk-Averse,0.8553165520956835,0.8553165520956835,1.1925318422780675,1.1925318422780675,1.0423083126969497,1.0423083126969497,-0.0057178851989838,-0.0057178851989838
244,wave2,Somewhat Risk-Averse,0.8014503067999088,0.7830512892729186,1.0184885242661506,1.012204910972216,0.9803665454283046,0.9768431987578172,-0.0002905634355691,0.0112911520124478
2126,wave2,Extremely Risk-Seeking,0.745137068371156,0.745137068371156,0.8864652621031459,0.8864652621031459,0.8241774562284363,0.8241774562284363,0.01253966598443,0.01253966598443
403,wave2,Risk-Neutral,0.796225213521167,0.7820182093415713,1.0484762215828487,1.0369346388793048,0.9541374469182624,0.9505761948522314,0.0035820885376161,0.003048303111475
1544,wave2,Extremely Risk-Averse,0.8892033069679381,0.8892033069679381,1.2087296445945093,1.2087296445945093,1.05211455902732,1.05211455902732,-0.0045456537547801,-0.0045456537547801
2252,wave2,Extremely Risk-Averse,0.8292304840751288,0.8243070294346458,1.056222108012019,1.0419073815213362,0.9831799722010186,0.9700263324665264,0.0033356806335704,0.0042641014150799
392,wave2,Somewhat Risk-Seeking,0.7785890192392296,0.8797062225454295,0.8306712069475156,1.01192149943464,0.8770578709900796,0.9888168529921976,0.0117915299070867,0.0079583572098109
1660,wave2,Default,0.6734272765828963,0.6786127694209805,1.0139158880857897,0.9813617578296174,0.961593391709618,0.944096134063174,0.0049468929531926,0.0079849242803212
3,wave2,Extremely Risk-Seeking,0.8203116936663112,0.8501072033408026,0.7705387514384158,0.9697517136978996,0.8280515109637301,0.9513196943564788,0.0108345076566823,0.0053268848843937
1005,wave2,Extremely Risk-Averse,0.596854816519968,0.7698234249647005,0.9032145073448072,1.087356600960518,0.9029014285811512,0.9433667729139884,0.0076231239522184,-0.0031997271560597
395,wave2,Somewhat Risk-Averse,0.8601436478893544,0.8052428789564635,1.0855350565111277,0.9331855991416802,1.0125552547328898,0.8984683386914504,-0.0001046073496465,0.0031917081375761
1517,wave2,Somewhat Risk-Averse,0.6020718791045212,0.6020718791045212,0.9497561173613632,0.9497561173613632,0.8898981881199474,0.8898981881199474,0.0120262534296255,0.0120262534296255
1919,wave2,Risk-Neutral,0.8544507524132008,0.8544507524132008,0.8711264530542351,0.8711264530542351,0.9215122597896296,0.9215122597896296,0.0022941391031187,0.0022941391031187
570,wave2,Extremely Risk-Averse,0.736983219171714,0.7772689740173379,1.1012232298187403,1.0829942963645856,0.9757615506439822,0.9518489268457762,-0.0026077054997054,-0.0037913951866148
220,wave2,Somewhat Risk-Seeking,0.816987500524694,0.8568708213379621,0.9002254699836466,0.9732888188291188,0.9428623819476324,0.9686750862027028,0.0066458561046891,0.0042829004145895
2330,wave2,Somewhat Risk-Averse,0.8615190184585115,0.8576727258136644,1.206928762842841,1.1405226194796771,1.046216064469507,1.028585823213912,-0.0050674496207076,-0.007462497723163
2395,wave2,Somewhat Risk-Averse,0.8771397536657958,0.9104915462938205,1.17142468078781,1.1390718552967702,1.0495458893692569,1.0450176306250054,-0.000541973722847,-0.0059873681428665
913,wave2,Risk-Neutral,0.6520496110879134,0.6520496110879134,1.1382484363365644,1.1382484363365644,0.933141319839051,0.933141319839051,-0.0019264594911035,-0.0019264594911035
1550,wave2,Somewhat Risk-Averse,0.70810616173356,0.70810616173356,1.062887279598517,1.062887279598517,0.9877489327462702,0.9877489327462702,-0.0010701826538024,-0.0010701826538024
1506,wave2,Default,0.8311190198330398,0.7635365466759838,1.1068362812991162,1.0237312440613306,0.9739081306915046,0.93856432340635,0.0025673408669601,0.0030635725564063
773,wave2,Extremely Risk-Averse,0.7794561661248316,0.796682403052486,1.174158734876234,1.1214613159108653,0.9793581879680976,0.9222567750493182,-0.0028214951361559,-0.0027525817731255
743,wave2,Somewhat Risk-Averse,0.731960727320354,0.731960727320354,1.0511641620146306,1.0511641620146306,0.7996675617212605,0.7996675617212605,0.004439014386776,0.004439014386776
2032,wave2,Extremely Risk-Averse,0.7432270156526113,0.7497305857627947,0.8705417788940114,0.9034551599997456,0.8791333197184558,0.909534438011908,0.0143673707143732,0.0027617367246002
538,wave2,Extremely Risk-Seeking,0.7160304695179579,0.7160304695179579,1.000729531314351,1.000729531314351,0.9224015462003357,0.9224015462003357,0.0034610306587647,0.0034610306587647
926,wave2,Extremely Risk-Averse,0.5545229870049005,0.6119025407446655,0.8905670601125194,0.9519277910690662,0.8271084999005166,0.887282959958011,0.0115095752468448,0.00192630132176
2253,wave2,Risk-Neutral,0.6173003488605975,0.6173003488605975,0.9301605877853338,0.9301605877853338,0.9014261547402674,0.9014261547402674,0.0115775502612248,0.0115775502612248
895,wave2,Risk-Neutral,0.6155005638245858,0.6155005638245858,0.9730951475987456,0.9730951475987456,0.9225642738813596,0.9225642738813596,0.0048047227846867,0.0048047227846867
1551,wave2,Somewhat Risk-Seeking,0.7830533812440346,0.7888083730603851,1.1068722689173525,1.1030071148439546,1.013631123525204,1.001371294929726,0.0039183308182278,0.0052652968758756
861,wave2,Extremely Risk-Averse,0.7306985809819078,0.6277223769378066,1.0506291111228443,0.8669879862685361,0.9888388414912463,0.8697458589270832,0.0032423030625016,-0.0013429118440865
1170,wave2,Extremely Risk-Seeking,0.8360570413942127,0.8507591682318323,1.1562341534777578,1.131809240606504,1.0211336780726514,1.0167672730441135,0.0018040030195315,0.00222815133394
779,wave2,Extremely Risk-Averse,0.8233878313796087,0.8126511764748524,1.0709542860707164,1.0340820831311586,1.0377607330143348,1.0172724005994196,8.319352759914765e-05,0.0033102821001442
1229,wave2,Somewhat Risk-Seeking,0.6568007063731189,0.7765793902225275,0.8007566241109673,0.8679220679658151,0.8391934695216045,0.8825260278504814,0.0147460817392368,0.0163744368004254
161,wave2,Default,0.8527513561335781,0.8447739863116042,0.9056476651919072,0.9173487280459336,0.9292049245100537,0.93552064974155,0.0099832240966448,0.0129729595432885
599,wave2,Somewhat Risk-Averse,0.876299503166616,0.8596239849338211,1.2617751117264564,1.2214163132441629,1.0691537602704362,1.045989101665861,-0.007123259137334,-0.0020560228041599
906,wave2,Risk-Neutral,0.787876174656617,0.8381763634861958,1.134104865397703,0.975745497807304,0.9745796086393292,0.9411035613128672,-0.0033347359343334,0.015983407742302
2094,wave2,Extremely Risk-Averse,0.8618740830895387,0.8554802509606628,1.1163711760337367,1.1400783338815736,1.0372014998785275,1.0174467075148896,0.0033723722534361,0.0052914833459669
1885,wave2,Extremely Risk-Averse,0.8179067084687868,0.8197994022680192,1.0704574908711402,1.064638520526585,0.978195866903085,0.9736921577028256,0.0034622039844938,0.0062872216212005
2362,wave2,Extremely Risk-Seeking,0.8308499563647436,0.867791609681595,1.022580645327919,0.9167144202297068,0.9842620610149196,0.9536091540743824,0.0091894758794437,0.0061601257685713
732,wave2,Somewhat Risk-Averse,0.7877696193991947,0.7324593965973206,1.0834023976448,1.1033437553777972,0.9857652701914564,0.9748470504783292,-0.0061982291451353,-0.0038714981272077
1917,wave2,Risk-Neutral,0.8364487192232263,0.8364487192232263,1.1034925553063906,1.1034925553063906,1.0125760413374574,1.0125760413374574,0.0033403330657877,0.0033403330657877
993,wave2,Risk-Neutral,0.7932037184104828,0.7361346190054343,1.2270002297037226,1.1893202612177969,0.985787220296886,0.9756498056251732,-0.0029622693330634,-0.0027911255686571
2053,wave2,Risk-Neutral,0.6406315599559159,0.6282925397649296,0.9033339004368394,0.9198462842113052,0.8762669382397952,0.9067471626081248,0.0116738274537475,0.0063716147779642
197,wave2,Somewhat Risk-Averse,0.8158160736944127,0.8158160736944127,1.0111470911576086,1.0111470911576086,0.9839042411910692,0.9839042411910692,0.0079949644289409,0.0079949644289409
210,wave2,Extremely Risk-Seeking,0.7638847513840129,0.799427482565552,0.9304916307533346,0.8926082909852239,0.9187853780526885,0.9058334204854372,0.0146494107642052,0.0103672190423228
1001,wave2,Extremely Risk-Seeking,0.7653496079732655,0.8690863998489521,0.9697418315081066,1.0744305389561912,0.9654023084335056,1.0164363852754466,0.006505504107027,0.0035433074694502
589,wave2,Risk-Neutral,0.8645671049818953,0.7963573913946365,1.1580011707972602,1.1752993515151708,1.0445665419877836,1.023166756011079,-0.009873738103887,-0.0012189128361311
1913,wave2,Somewhat Risk-Averse,0.8254104206542544,0.8254104206542544,1.123218665310569,1.123218665310569,1.0185939061584552,1.0185939061584552,-0.0089485841907479,-0.0089485841907479
398,wave2,Extremely Risk-Averse,0.8576810754876879,0.8576810754876879,1.0969785669571477,1.0969785669571477,0.9817125490190224,0.9817125490190224,-0.0027763643763823,-0.0027763643763823
43,wave2,Risk-Neutral,0.7027271631847968,0.7395897424777546,1.0007518492781278,1.0816915163556633,0.9459114697238488,0.9718780467105862,0.0051135916948725,0.0023423952272714
1634,wave2,Extremely Risk-Averse,0.7495436758512698,0.7632888220512294,1.036887902200441,1.0889652234456058,0.9301789001859192,0.9685988442226542,0.0071681268836961,0.0041640348474989
2271,wave2,Extremely Risk-Seeking,0.7011775167853631,0.7968071922324589,1.0917874279456452,0.8913745414768516,0.8653559480645854,0.9111818769730312,0.0018470352234375,0.007108475488546
2275,wave2,Extremely Risk-Averse,0.8635197876045225,0.8695916638074431,1.0008206857803192,1.0143119263132268,0.9686135454868634,0.9791873262921772,0.0053508773241079,0.0049755585425449
2389,wave2,Extremely Risk-Seeking,0.7362720712355431,0.7430082017699373,1.173086407823454,0.9612366353711264,1.0018462502982792,0.9140948016806364,-0.0049309669010148,0.0087115169195415
1502,wave2,Default,0.8071594573588523,0.7714287985263945,1.0277991700902924,1.0438029911120237,0.9556491765660804,0.9519795711769582,0.0045224935731627,0.0010571790772109
2130,wave2,Extremely Risk-Seeking,0.5488004681908827,0.795519394579118,0.989454078008528,0.9938462654166946,0.8967116321105499,0.9694501217106032,0.0095944051288713,0.0105353124073639
940,wave2,Extremely Risk-Seeking,0.5528194486593154,0.7830145696429668,0.8781269622627386,0.9884953340904228,0.8737743111851166,0.9674227076051796,0.0107998126139804,0.0015575857286224
295,wave2,Somewhat Risk-Seeking,0.8153412791567504,0.8000959893080934,1.2161386416251725,1.1614240674827248,1.0327303001399923,1.0105276951708604,0.0001543168988169,0.0054781735949612
1234,wave2,Default,0.8324906971977913,0.8486085170747052,1.0537477807315236,1.0674934354860648,0.994769105462696,0.9845063361000104,0.0019350282351217,-0.0028145941858387
2124,wave2,Somewhat Risk-Averse,0.8312611617051,0.8195470029856347,0.971645001670933,0.9871580311359758,0.9183493566483644,0.921372854072572,0.0071593468222605,0.0067487229670314
1200,wave2,Default,0.8397257415308921,0.8100548143175702,1.161027455004229,1.0894847646563746,1.0450525005104712,1.01658489942375,-0.0014157279762758,-4.4654501692610174e-05
938,wave2,Somewhat Risk-Seeking,0.7674766476388037,0.7615009328335284,1.034457164076175,1.0500945563211472,0.9760260975613724,0.9757099207613932,0.0011147451936489,0.0045637838828536
1584,wave2,Somewhat Risk-Averse,0.8045520013263776,0.8045520013263776,0.8877978622545528,0.8877978622545528,0.9257788831899127,0.9257788831899127,0.0093623236584065,0.0093623236584065
1058,wave2,Extremely Risk-Averse,0.7565380592440646,0.7565380592440646,1.0508274602110506,1.0508274602110506,0.9808334144278352,0.9808334144278352,0.0011630249789138,0.0011630249789138
1273,wave2,Extremely Risk-Averse,0.7301912013839361,0.7288022356558312,1.0001430931778754,1.019697936388012,0.9285921181541936,0.9529434225642252,0.004383391767382,-0.0003765001816175
1724,wave2,Extremely Risk-Averse,0.8863394211047186,0.8843938674065649,1.1879114454590685,1.171603645257192,1.064317592907476,1.0619165821807854,-0.0058967138248807,-0.0050799556282323
919,wave2,Default,0.8469055822895621,0.7653637967796095,1.201389064388458,1.0622793741429986,1.0515729886240508,0.9964583860203272,-0.0060564385251601,0.0021223723649169
281,wave2,Somewhat Risk-Averse,0.6221882282320454,0.8275040258715581,1.0816251446989409,1.2139460091810534,0.975772024174122,1.036697509179503,-0.0017844724092378,-0.0060977652433908
1470,wave2,Somewhat Risk-Averse,0.7430333606409667,0.7664344224387398,0.95231517159391,1.0187281816757112,0.9262699884962736,0.9436758760239876,0.0024378980556652,-0.0043080782764982
1548,wave2,Somewhat Risk-Seeking,0.7204164996403144,0.6742724063797148,1.022776688392063,0.993784524525806,0.9560270788299974,0.9173588695692434,0.0098968845662266,0.0123752867496644
933,wave2,Somewhat Risk-Seeking,0.7444271966420243,0.7868412396067953,1.0449052151619715,1.003854494236532,0.9966393560219514,0.9894782305366424,0.0013222056678022,-0.0029611375234609
1581,wave2,Default,0.7922594738760774,0.8057316456764395,1.1431369077338671,1.117519958548104,0.9918844200359496,0.9848209816838508,-0.0050825496639835,-0.0048062453393805
505,wave2,Extremely Risk-Seeking,0.8414650927408659,0.8517922832610132,0.9863895569192654,0.983382327314138,0.953468656221122,0.9583366705235412,0.0071246837128711,0.0096083796470823
2005,wave2,Extremely Risk-Seeking,0.7919545817758231,0.8314845107142272,1.0586066269736665,1.011137773306931,0.9799313238350472,0.9574509702565748,0.0032581616269529,0.0043440104029906
1458,wave2,Somewhat Risk-Seeking,0.6961527856970842,0.8689884358636949,1.047080755805328,1.0838422323668635,0.949777303391598,1.0229938737043578,-0.0021677064760515,-0.0003069284749146
364,wave2,Extremely Risk-Averse,0.7830502891488306,0.7857530537232257,0.9178772815695626,0.984126657505646,0.904851274326982,0.9343618311366916,0.0087739482733025,0.0074867325868693
1923,wave2,Somewhat Risk-Seeking,0.7587615025779471,0.7745802109011907,1.0003800314485842,1.026669551469119,0.9623333397909748,0.971366058952479,0.0011855362246097,0.0011352309476202
2069,wave2,Extremely Risk-Seeking,0.8442978618602891,0.832555382193852,1.0396841692067764,1.0289300128228651,0.9700181157688011,0.9635903073054202,0.0038208411670745,0.0037989719153934
1033,wave2,Extremely Risk-Seeking,0.7400512157738302,0.8627592934710938,1.144265446207892,1.063045177998388,1.0197398011028056,1.014341699707472,-0.0009618119561491,0.0004861413371269
1438,wave2,Default,0.5971868408506106,0.6174178487901418,0.92504206206132,0.9606353733877936,0.792190638827327,0.8478531899230568,0.0124808712115376,0.0124808712115376
90,wave2,Extremely Risk-Averse,0.8799399928989107,0.8890355870396454,1.2220852293461315,1.2206936154440338,1.052943013339318,1.058813688154907,-0.0003908565227301,-0.0004421223068569
2153,wave2,Extremely Risk-Averse,0.838399333840832,0.6945171111772581,1.1275154685138191,1.0518903426094075,1.02956740192885,0.9871866428228524,0.006804489235174,-0.0033471723838172
8,wave2,Extremely Risk-Averse,0.84235796815698,0.84235796815698,1.117436367473535,1.117436367473535,0.9914783274710864,0.9914783274710864,0.0051149633824028,0.0051149633824028
2097,wave2,Default,0.8664527311378654,0.8664527311378654,1.170769935801591,1.170769935801591,1.032041391421099,1.032041391421099,-0.0037833460881025,-0.0037833460881025
645,wave2,Default,0.8980749783768079,0.8689275771719915,1.1107036082028447,1.0797462105639322,1.0221789655110094,1.0038448905281254,0.0007994500022812,4.8504209990836014e-05
613,wave2,Somewhat Risk-Seeking,0.7093903682753636,0.870408462192786,1.0338134350664403,1.0671834009124397,0.974189789019548,1.0052304304889963,0.0055823169071604,0.0016881479740788
2179,wave2,Extremely Risk-Seeking,0.7434120783078776,0.8827175170155681,1.0314113798396856,1.056344057629311,0.9902331630184386,1.0000176334710864,-0.0029036987425188,0.0045709429220224
2175,wave2,Extremely Risk-Seeking,0.9087335355013112,0.9087335355013112,1.1858364288627223,1.1858364288627223,1.0480901789145982,1.0480901789145982,-0.0022584410627235,-0.0022584410627235
215,wave2,Risk-Neutral,0.7368394338676059,0.77395734915301,0.96704862642822,1.066205285989014,0.94820438861646,0.9868616404694568,0.0105532615412129,0.0010905049853007
2020,wave2,Extremely Risk-Seeking,0.7990691599290058,0.8531735241450409,1.0959890868912838,1.152056865153868,0.9896515488263902,1.0415557233726471,-0.0040908889106341,0.0049373885414997
2183,wave2,Extremely Risk-Seeking,0.810165805322101,0.7990341323189345,0.9811080385662928,0.9501590019252076,0.954744740043021,0.9314343438641334,-0.0002691091551176,0.0033504834963597
953,wave2,Somewhat Risk-Seeking,0.8336916351975872,0.8336916351975872,1.0672734410646485,1.0672734410646485,1.0019471042716417,1.0019471042716417,0.002326147315571,0.002326147315571
315,wave2,Default,0.8182398122342749,0.8082135009278907,1.1513178445907335,1.1045148522611945,1.0177473681834937,0.9928542497889092,-0.0104945967387771,-0.0079315216505616
1857,wave2,Default,0.696242037888064,0.6890086605333164,1.0583503486423742,1.0292396698917612,0.9925169074382444,0.9706071360911166,0.0016519668669012,0.0045402997411612
1132,wave2,Default,0.8976026088062357,0.880068282823472,1.2239128851400924,1.1406980946029932,1.062078662134445,1.0305675150600755,-0.004652895502717,-0.0051206990550306
1341,wave2,Extremely Risk-Averse,0.8561598294945979,0.8202795977459616,0.8817024354050065,0.7954467617902611,0.9322809690329492,0.8950791142818589,0.0115149261675277,0.012650945649078
2274,wave2,Extremely Risk-Seeking,0.6702904942233717,0.6702904942233717,1.0300105210582853,1.0300105210582853,0.8921136722504577,0.8921136722504577,0.0041714219910839,0.0041714219910839
1786,wave2,Risk-Neutral,0.8650650218159396,0.8429316338285591,1.0974275546812315,1.13794260967258,1.0218405359779148,1.0220001769420657,-0.0030875087706219,-0.0031984436572844
1505,wave2,Default,0.8013429407940897,0.8122038592485821,1.0651642133657673,1.06526237722225,0.8579552128977606,0.9727205118808132,0.0019321035030012,0.0055415367466003
1433,wave2,Somewhat Risk-Averse,0.454417353003679,0.7981077667903282,1.0101792806266303,0.9844295565257278,0.8768898887586197,0.971597560771526,0.0045032826027919,-0.0027490154786424
1030,wave2,Risk-Neutral,0.6119357701034508,0.7034273169095902,1.0081857764748825,1.0510422082167752,0.9152451944837898,0.9665635859200996,0.0099506064201466,0.0050911064954553
1119,wave2,Extremely Risk-Averse,0.8828911707942986,0.8828911707942986,1.2128464896674778,1.2128464896674778,1.0562023782897572,1.0562023782897572,-0.0040366842116554,-0.0040366842116554
376,wave2,Extremely Risk-Seeking,0.5647687703043478,0.5647687703043478,0.8428362618757167,0.8428362618757167,0.8353868793175383,0.8353868793175383,0.0128218380652637,0.0128218380652637
2325,wave2,Default,0.6024040391613575,0.6167503761868272,0.8727032533677664,0.9391331028462068,0.8746071122088347,0.9068884294127686,0.0110577212646252,0.0126301033593915
1587,wave2,Somewhat Risk-Seeking,0.7706072664921049,0.7367704573673722,1.100955065570488,1.089438722933452,0.9805668359226296,0.984746242324264,0.0038908283110465,0.0041418822051396
826,wave2,Extremely Risk-Seeking,0.6802361722976661,0.8836351267155234,0.8898052514491034,1.0600560533745778,0.8255700259610393,0.997533361629956,0.0116543462091639,0.0014200719286624
662,wave2,Somewhat Risk-Seeking,0.8478999526833203,0.8624510734057255,1.0988938735003553,1.0285077982751236,1.008011864213713,0.9818245477469498,0.00266755084514,0.0020989245945691
2078,wave2,Somewhat Risk-Averse,0.7730943109723473,0.7730943109723473,1.0847653919585731,1.0847653919585731,0.9892150699429304,0.9892150699429304,0.0064943359644444,0.0064943359644444
1778,wave2,Somewhat Risk-Averse,0.700609978040727,0.7127055431993934,1.023139764796953,1.0043343023484546,0.9864927657297982,0.9685276619555364,-0.004084810638167,-0.0008788921062619
2208,wave2,Default,0.8473380376306332,0.8473380376306332,1.098395147152473,1.098395147152473,0.979163939533916,0.979163939533916,0.0062533095147569,0.0062533095147569
162,wave2,Default,0.6335785114269462,0.5874729215086235,0.9986478091531324,0.945836738809762,0.9618939555975023,0.9417508290112776,0.0015003458125831,0.0032236047700946
846,wave2,Somewhat Risk-Seeking,0.6465301170057401,0.7888626569918338,0.9252941083632876,0.9651876344636704,0.8544239393910217,0.9243663659998888,0.0108257173567805,0.0040707026093998
531,wave2,Risk-Neutral,0.6404220228704719,0.6404220228704719,1.0906817881125577,1.0906817881125577,0.957590030002222,0.957590030002222,3.4162920677610014e-06,3.4162920677610014e-06
223,wave2,Extremely Risk-Averse,0.6813073103497831,0.6549099565965644,1.0356150522233758,1.044946622590914,0.948990147510464,0.9453667924603404,0.0094189264094521,0.0058226011201703
585,wave2,Risk-Neutral,0.7301194873489826,0.630733535230038,0.9740715729920594,1.011254487548434,0.958568950850912,0.9557412043960386,0.0122389240991803,0.0042152929382651
80,wave2,Extremely Risk-Seeking,0.7749362096037691,0.8168574290487618,1.0027505520854256,1.01415901883461,0.9505483333652304,0.9520666437145496,-0.0025832680973584,0.003332708609598
1532,wave2,Somewhat Risk-Seeking,0.8028293642798362,0.8257882738308951,1.0286718611549066,1.0680286967013153,0.9763343215729472,0.9994516449809968,0.0060274164477663,0.0051616801872321
250,wave2,Extremely Risk-Averse,0.7124741938939553,0.7124741938939553,1.0445774256392866,1.0445774256392866,0.8775991521615346,0.8775991521615346,-0.0031732795911951,-0.0031732795911951
1050,wave2,Extremely Risk-Averse,0.8286089071653133,0.8286089071653133,1.1301931488416812,1.1301931488416812,1.0388062367829358,1.0388062367829358,-0.001176805556857,-0.001176805556857
490,wave2,Risk-Neutral,0.7985273788799825,0.7985273788799825,1.085459306754671,1.085459306754671,1.0009350169475513,1.0009350169475513,0.0023483715259294,0.0023483715259294
1137,wave2,Default,0.8913717461824575,0.7164582366223718,1.1066003309918906,0.8565284172034265,1.0504708616455354,0.8884451708755412,0.000923065271649,0.0100014728882099
1135,wave2,Extremely Risk-Seeking,0.8095898434635918,0.8095898434635918,1.0336282523398872,1.0336282523398872,0.9771657113882304,0.9771657113882304,0.0073512202419084,0.0073512202419084
439,wave2,Somewhat Risk-Seeking,0.7261480762411285,0.752816528647147,1.029877025455863,0.958026064263348,0.923997857982181,0.9111086706420334,0.0074105465254085,0.0096554781540148
1738,wave2,Extremely Risk-Averse,0.7864328660538598,0.8043430752516436,0.8933726286867897,0.8730879942870157,0.891365370078553,0.8848068023021655,0.013400780789047,0.0129377825269748
232,wave2,Somewhat Risk-Averse,0.6352684174301827,0.5710855154805465,0.9208970384729211,0.8591769820243716,0.8741541925117788,0.8206630372645086,0.0138367349228842,0.0131774518018193
334,wave2,Extremely Risk-Averse,0.8387847884437385,0.8158230242413886,1.1986494143402866,1.1311046211345706,1.0568383490642554,1.0125715019990496,-0.0042580412913982,-0.0046170901505337
1689,wave2,Extremely Risk-Seeking,0.8082447855067892,0.8364589365147588,1.1019673501748777,1.0863686414188105,0.9984378252738356,0.9846975141332124,0.0070009042637821,0.0021499747115409
457,wave2,Extremely Risk-Averse,0.8329492315542545,0.8437018647711138,0.9586059358099094,1.2164977325546986,0.9399668300278629,1.002804810718083,0.0041389042903032,-0.0045851035214827
1887,wave2,Extremely Risk-Averse,0.7506008996507704,0.7480590493478098,1.0661537576360471,1.0991215134180132,0.9822291707895968,1.007114756785405,0.0043294397623185,-0.0043792665830398
157,wave2,Risk-Neutral,0.7659522454300643,0.7456989528141552,1.1262545652421605,1.1251032461579704,1.0113846667809996,0.9928540316532538,-0.0068805577410226,-0.0037148557331823
781,wave2,Extremely Risk-Averse,0.7468270067636992,0.7468270067636992,0.9584494369242582,0.9584494369242582,0.8965335219282274,0.8965335219282274,0.0061282099521734,0.0061282099521734
2402,wave2,Somewhat Risk-Seeking,0.8106732530805892,0.8711054656716536,0.9541145657777834,1.0365502798638766,0.9192110573095192,0.9923187314536892,0.0101568855293826,0.0020821930931949
331,wave2,Somewhat Risk-Averse,0.7044546035875742,0.6673657308508052,0.829772446739112,0.9404089097788396,0.8114916244346039,0.8719242055640445,0.0164240543488944,0.0027333614623207
131,wave2,Risk-Neutral,0.7688118359552738,0.7222736525332901,1.0447523543740078,1.1012196434680932,0.885113036477501,1.0052843749336926,-0.0014240086403906,-0.0006364373330685
1733,wave2,Extremely Risk-Seeking,0.825741661484931,0.8402129607606117,1.0717105161039155,0.8942320163557628,1.009488851052907,0.9161364116736336,-0.00165761731472,0.0058015918991634
1870,wave2,Default,0.8478781565007947,0.8102950289003809,0.935470091744414,0.9088455007354412,0.9550127564599346,0.9194529832522688,0.0078961978341014,0.0153687065676747
2322,wave2,Somewhat Risk-Averse,0.7392797878373887,0.7392797878373887,0.9787359787911736,0.9787359787911736,0.961880741396732,0.961880741396732,0.0081692900874047,0.0081692900874047
1160,wave2,Somewhat Risk-Averse,0.6898527054226947,0.6898527054226947,1.055321864044836,1.055321864044836,0.9790155855724912,0.9790155855724912,-0.0007279903749884,-0.0007279903749884
117,wave2,Risk-Neutral,0.8402810170870032,0.8402810170870032,1.181145816849127,1.181145816849127,1.0240522030098074,1.0240522030098074,-0.0067457012021081,-0.0067457012021081
1105,wave2,Risk-Neutral,0.8630604347917108,0.8143323495226096,0.9473462608585116,0.9797507828611368,0.9289753823373494,0.9578758121928268,-0.0001152754373395,-0.0012881206767053
1223,wave2,Extremely Risk-Seeking,0.9103042453869836,0.903241915624194,1.1814897498270387,1.227892112992509,1.0578835306273946,1.0681495167262516,-0.0066146302316759,-0.0046102155892239
2231,wave2,Risk-Neutral,0.7353778075304495,0.7253708255109717,1.0320212684448202,1.032586637344994,0.9047571156760008,0.9108240887843588,0.0070027446780556,0.0081438883241895
416,wave2,Somewhat Risk-Seeking,0.9000703492156054,0.8785760881912922,1.1288892280058913,0.8959373020409415,1.0452227407935657,0.9556549941855108,-0.0090824399833949,0.0021578354893567
639,wave2,Somewhat Risk-Averse,0.8044960019426947,0.8052107305503277,1.0726270627966823,1.0566002044202405,1.0145901938218973,1.000369339526849,-0.0044493599470052,-0.0017051750568765
1441,wave2,Extremely Risk-Averse,0.6618404807180549,0.6923893875697676,1.1008421612122896,1.1530181975425104,0.9549117478460843,0.9553861385522971,-0.0021074153921358,-0.0035246838445686
1179,wave2,Extremely Risk-Averse,0.7625560220842946,0.7795574251058109,1.0217965043134096,0.9085904342878628,0.9113748912129648,0.8682410106191568,0.0071073148258046,0.0111677676261773
2348,wave2,Extremely Risk-Averse,0.7851466263375744,0.7851466263375744,1.0785884987799843,1.0785884987799843,1.0151206438879643,1.0151206438879643,-0.0010014086443174,-0.0010014086443174
275,wave2,Somewhat Risk-Averse,0.8278271916180381,0.8278271916180381,1.1673364947684286,1.1673364947684286,1.055513702730966,1.055513702730966,0.0003348236796826,0.0003348236796826
1302,wave2,Somewhat Risk-Seeking,0.8789176098579018,0.875077963522164,0.8184715391949499,0.991625913707954,0.8750879894168466,0.9724509982093752,0.0129879681123172,0.0048714138332435
380,wave2,Default,0.6572007007679807,0.6879742660557382,1.0941650861207792,0.9966537118071248,0.985208382257116,0.9393310402483692,-0.0005880680891444,0.0091617092896904
1942,wave2,Somewhat Risk-Seeking,0.8099009948212224,0.8918967211792318,0.910505171458576,1.098563853329561,0.925230242994884,1.0142885588056876,0.007095181004251,0.0024678117435241
976,wave2,Somewhat Risk-Seeking,0.5901375451335257,0.5054007779458964,1.0315494562370549,0.9925100629640468,0.8703372878996778,0.8635724060363553,0.0058913979228047,0.0076872669846386
1059,wave2,Somewhat Risk-Averse,0.854431718803551,0.8673357531667322,0.9689093309068806,0.9838219842041848,0.9584601623455712,0.9702627233884452,0.0051165673283167,0.0052643279347009
1849,wave2,Extremely Risk-Averse,0.6532280785290203,0.6605835945226534,0.9767986146010562,0.9602053674826968,0.92774840343015,0.9219237828249938,0.0087836436928881,0.0053201594308977
709,wave2,Risk-Neutral,0.7238936910280257,0.7238936910280257,1.070923148263683,1.070923148263683,0.956479944984461,0.956479944984461,-0.0012718897317019,-0.0012718897317019
2388,wave2,Somewhat Risk-Seeking,0.8299099670124678,0.8573168151725619,0.961065548728984,1.0244882058947875,0.9658238694182252,0.9660311645103672,0.0085619172999396,0.0032119408423754
967,wave2,Somewhat Risk-Seeking,0.8392002204333454,0.8538471633529832,1.1951635355457304,1.138015833585347,1.0457629314639014,1.0116336635767582,-0.0038547363310836,0.000721522914741
2188,wave2,Default,0.8152423616472618,0.8274017749893823,1.04576581180098,1.0023317062246195,0.981419875225272,0.9700323714471972,0.0041989422242367,0.003135247830689
692,wave2,Risk-Neutral,0.7319248930248158,0.7319248930248158,1.118465499657033,1.118465499657033,0.9773729281561436,0.9773729281561436,-0.0025570662039177,-0.0025570662039177
129,wave2,Somewhat Risk-Seeking,0.8856107224401358,0.8856107224401358,1.2093984609579569,1.2093984609579569,1.061244498893453,1.061244498893453,0.0009818731470295,0.0009818731470295
1394,wave1,Somewhat Risk-Averse,0.8527062668010336,0.8527062668010336,1.1221700784170898,1.1221700784170898,1.0228211209141622,1.0228211209141622,0.0046480915040643,0.0046480915040643
696,wave1,Extremely Risk-Averse,0.7803583113603393,0.7851037524805609,1.076338074413859,1.0760811966091903,0.9677594083870268,0.9877111664708969,-0.0010582056328091,-0.0047442038345553
1559,wave1,Extremely Risk-Seeking,0.8855625566153362,0.8857327488545923,1.0849999027421884,1.048657825051234,0.9788084150373938,0.9799109194548358,-0.0005317461233808,0.0010659801466488
58,wave1,Risk-Neutral,0.7920693304101267,0.786560496617946,1.0932680280890157,1.071965543871377,0.9865175191404364,0.9753568965331452,-0.0001254581974746,-0.0016788177477782
1784,wave1,Somewhat Risk-Averse,0.7911910141423307,0.7823648210018537,1.0240128657919807,1.2164557560876563,1.0005873259400158,1.0053981871193778,0.0085333206657987,-0.0044753983823921
2075,wave1,Extremely Risk-Seeking,0.527091759659549,0.527091759659549,1.0546808867239186,1.0546808867239186,0.9319671313951804,0.9319671313951804,0.0016855443951187,0.0016855443951187
452,wave1,Somewhat Risk-Seeking,0.8576790489359868,0.8704974602630938,1.1120128233532267,1.0606062264650853,1.0307399491701783,0.9998821685892094,-0.0056275405287906,0.0011627317878841
1419,wave1,Somewhat Risk-Seeking,0.7152199651567823,0.7639035904765414,1.0710283606113502,1.012486762279008,0.943982755641908,0.937299631440202,0.0113939356453719,0.0144731659710635
2241,wave1,Somewhat Risk-Averse,0.7253110612435952,0.7677792104857786,0.9339466722235918,0.992247113132202,0.9232422888031836,0.9563828143965428,0.0072919228524813,-0.0016817178653599
513,wave1,Somewhat Risk-Seeking,0.7879743935121886,0.8499250265693046,1.1569840362853157,1.0674871510757675,0.9965036524532208,0.9940441524113964,0.0011055316006385,0.0010742691074444
1294,wave1,Somewhat Risk-Averse,0.7725846531192212,0.7664030886296292,0.9398498513805308,0.9194157289275676,0.9591182178935216,0.9438272305272976,0.0052983754697904,0.0065539187824818
40,wave1,Extremely Risk-Averse,0.7939415724484078,0.790670052338665,0.898218245158117,1.14957889085117,0.9297873824392302,0.9954779845918736,0.0089563192744772,-0.0047033559696545
2256,wave1,Default,0.8188654203460621,0.8188654203460621,1.119399120870652,1.119399120870652,1.0237031255681368,1.0237031255681368,-0.0054801274227104,-0.0054801274227104
140,wave1,Somewhat Risk-Seeking,0.7403190987899376,0.8086881789400745,1.0319316276384791,1.119224104355102,0.987361316389369,1.0362784414738166,0.0033105826511045,0.0010578693277404
2249,wave1,Somewhat Risk-Seeking,0.8420672988722785,0.8420672988722785,1.0324897383486589,1.0324897383486589,1.0034816617385582,1.0034816617385582,-0.0035021909527624,-0.0035021909527624
153,wave1,Default,0.802087608933782,0.8069930351093213,1.003577857958468,0.9895939389065992,0.9677592812372222,0.9604260791759656,0.0022992245849877,0.0014342459714216
519,wave1,Somewhat Risk-Seeking,0.619519092153732,0.7140429343850822,1.0689135758864747,0.9751243782420504,0.9643826088990572,0.937552587243936,0.0061223460679761,0.0106172959342985
101,wave1,Somewhat Risk-Averse,0.7378207239052635,0.7182056908784522,0.966768640208844,0.98942813123107,0.9242048852549954,0.927304934551512,0.0129842347469381,0.0083899908529346
1450,wave1,Extremely Risk-Averse,0.8821718864027299,0.8753995547974961,1.2559296447890782,1.1841764725061192,1.0627162740767029,1.039130425129157,-0.0041524716537622,0.0012904771933979
343,wave1,Risk-Neutral,0.7720547649793731,0.7720547649793731,0.9144002315427848,0.9144002315427848,0.8929683172234087,0.8929683172234087,0.0131602074776726,0.0131602074776726
668,wave1,Extremely Risk-Averse,0.7549069863377769,0.7585032258746747,0.7968755950797479,0.7362671697190524,0.8710695886098507,0.8129577421952048,0.0108884668421536,0.0059483474206183
2406,wave1,Extremely Risk-Averse,0.8023736589113784,0.7665331708196056,0.928333995740982,0.8744881956051391,0.9283519929199632,0.895119856132861,0.0113016182649687,0.014097427126392
1021,wave1,Risk-Neutral,0.7614458250894799,0.7614458250894799,0.9684867090571088,0.9684867090571088,0.9597032497521952,0.9597032497521952,0.0059321150033711,0.0059321150033711
1727,wave1,Risk-Neutral,0.6719526452155035,0.6719526452155035,1.064994695815466,1.064994695815466,0.9412568698100972,0.9412568698100972,-0.0002186676967678,-0.0002186676967678
1846,wave1,Risk-Neutral,0.7371778935463941,0.7371778935463941,1.0254348947909144,1.0254348947909144,0.8854161779302797,0.8854161779302797,0.0058038063093534,0.0058038063093534
498,wave1,Extremely Risk-Seeking,0.8116789192993582,0.8116789192993582,0.8806847341556843,0.8806847341556843,0.8936186740409807,0.8936186740409807,0.0039054754134954,0.0039054754134954
461,wave1,Default,0.7169849828329984,0.7731225459303359,1.025482527777777,1.0473987827888072,0.9526060497073874,0.952687856847539,0.007070709631745,0.0079808243301959
1191,wave1,Somewhat Risk-Averse,0.7397782467670428,0.8174521611154107,1.089035065523165,1.0866626791191445,0.9892664537276404,0.9981645442450396,0.0051882512231156,-0.0021443164994059
2408,wave1,Somewhat Risk-Averse,0.8940567664962598,0.8189428646877945,1.2400139481369503,1.036266736368305,1.0598819309944267,0.9695555285089346,-0.0005964176486839,-0.0043222929332107
1711,wave1,Extremely Risk-Averse,0.8132734496515116,0.6513873886688498,1.077285122373911,1.0982968453296584,0.980323749748894,0.8500087840802939,-0.0015376023210496,0.0012989956003246
915,wave1,Extremely Risk-Seeking,0.8470239930085011,0.8470239930085011,1.1638109954253342,1.1638109954253342,1.049199435382266,1.049199435382266,-0.0024348044322219,-0.0024348044322219
1987,wave1,Risk-Neutral,0.8873938152419885,0.8761095123427662,1.1961969501623386,1.2088892137258125,1.0528267103094988,1.0557303865075058,-0.0066395181593145,-0.0061711539485832
2057,wave1,Risk-Neutral,0.7961596296481696,0.7961596296481696,1.0132742440981397,1.0132742440981397,0.932744602510173,0.932744602510173,0.006666087259897,0.006666087259897
2337,wave1,Default,0.7002114877630488,0.6569823491158573,0.982675701946788,0.94239000800042,0.9105226043851083,0.8762798310928085,0.0094637791215256,0.0048876428605559
2361,wave1,Somewhat Risk-Averse,0.8615939664347124,0.8001190449465634,1.0632046351069837,1.138103849892563,1.0278950108930571,0.9912335411383169,0.0035323102376476,-0.0039747215861831
1645,wave1,Risk-Neutral,0.776721210262236,0.759575991749761,1.0092001127314298,0.8932226695180215,0.930364362040462,0.8405874528150576,0.0076754210463206,0.0066459880832087
2116,wave1,Default,0.8281614748726356,0.8567138317851734,1.0328627349773385,1.1078530635868156,0.9833172891553058,1.0096871654803348,0.0048080718259834,-0.001929376752354
1569,wave1,Default,0.9090083211261322,0.8860502732992696,1.0988452577312398,0.9373487730256368,1.0256146537576594,0.9536345826649704,0.0027412828668881,0.00505996853867
2088,wave1,Risk-Neutral,0.8454166799948997,0.8162849620808089,1.1742625504114623,1.152483257107694,0.9984737371057536,0.9972761139613376,0.0001458498695991,9.329041619839546e-05
1440,wave1,Somewhat Risk-Averse,0.7462531229466282,0.815640412191196,1.1211950200826484,1.1168418942305889,0.9825841873961236,1.0215697314865075,-0.0028663401669798,-0.0045427781414737
782,wave1,Somewhat Risk-Averse,0.7941877748759595,0.7941877748759595,1.0515285453709944,1.0515285453709944,0.9914367306653248,0.9914367306653248,0.0007627283619603,0.0007627283619603
1080,wave1,Extremely Risk-Seeking,0.8233050765946842,0.8374592308047083,1.110851007042041,1.0477148571171984,1.0083293296714635,1.0072199485837174,0.0059166902750997,0.0109496457988909
1721,wave1,Extremely Risk-Averse,0.8537199962826368,0.8537199962826368,0.780941120188578,0.780941120188578,0.8211079889750302,0.8211079889750302,0.012975440189093,0.012975440189093
311,wave1,Risk-Neutral,0.8852056184328959,0.8737316273517304,1.1700980022401466,1.155781288093216,1.0356982332131377,1.0256618261593666,4.000092095095116e-05,-0.0005076656348622
1498,wave1,Risk-Neutral,0.6857987625125365,0.7487254175509545,0.8371877403864847,0.7861217591369883,0.8521985188185142,0.8510640716765203,0.0133316607787139,0.0105936798358514
1779,wave1,Default,0.7238720767080649,0.7238720767080649,0.8563262319183006,0.8563262319183006,0.8733670407537287,0.8733670407537287,0.0176828798391863,0.0176828798391863
1676,wave1,Default,0.8178020943347528,0.8178020943347528,1.011693114648471,1.011693114648471,0.9880754668643764,0.9880754668643764,0.0014186634585565,0.0014186634585565
2262,wave1,Somewhat Risk-Averse,0.6784647833990818,0.6784647833990818,0.9622472735124096,0.9622472735124096,0.8220463687733358,0.8220463687733358,0.0113146874479577,0.0113146874479577
949,wave1,Default,0.8424732244062634,0.8235161856056553,1.1991444654550292,1.1744253107437208,1.052292098624979,1.0358004740740867,-0.0051554112319767,-0.0047144869595895
327,wave1,Somewhat Risk-Seeking,0.8404711967302824,0.8065003072572212,1.0956493785484882,1.0452788641026447,1.01428461996117,0.9734447811464904,-0.0046002631680332,0.0025769581039164
1576,wave1,Default,0.7977809848950209,0.8107125814522906,1.0999655215397215,0.960999788412983,1.0076934183132282,0.9083775727971888,-0.0028078357171423,0.0063964736750799
278,wave1,Risk-Neutral,0.6816249656799902,0.6588802669827721,0.9732266565819436,0.9751494930340716,0.918912198382312,0.9105030919935868,0.0079044930809516,0.0087242394429622
903,wave1,Somewhat Risk-Averse,0.7716557054416303,0.7716557054416303,0.8583856846355197,0.8583856846355197,0.907228989577319,0.907228989577319,0.0130909714974562,0.0130909714974562
684,wave1,Extremely Risk-Seeking,0.517335145883723,0.517335145883723,0.954693774437644,0.954693774437644,0.9302288338562804,0.9302288338562804,0.0079728401260839,0.0079728401260839
206,wave1,Extremely Risk-Seeking,0.7647340907764769,0.7647340907764769,1.0378560387737068,1.0378560387737068,0.9621242527134128,0.9621242527134128,0.0073218880293573,0.0073218880293573
863,wave1,Extremely Risk-Seeking,0.6901609016528678,0.6901609016528678,0.9767932050395964,0.9767932050395964,0.9487128033041125,0.9487128033041125,0.0060775585438838,0.0060775585438838
559,wave1,Default,0.7775969021773097,0.786668605305718,0.9453550919377234,0.9424261457808736,0.9139215791684084,0.9379429161856648,0.0065748352918024,0.0042260606834928
87,wave1,Extremely Risk-Seeking,0.8639186226409987,0.8236222483381587,1.1570764566326697,0.9950557649465402,1.0442491972673074,0.9754409554567878,0.0011209116034695,0.0071234457662357
2060,wave1,Default,0.7860014488763232,0.7146828637807076,1.0143161425865743,0.9548234656962468,0.947608425272747,0.9005115614798174,0.0072086822295193,0.0110504854675217
2008,wave1,Extremely Risk-Seeking,0.815696936789042,0.815696936789042,1.179747686409381,1.179747686409381,1.0383467314357662,1.0383467314357662,0.0021173962789995,0.0021173962789995
1986,wave1,Somewhat Risk-Seeking,0.8387987121094317,0.8387987121094317,1.048761110243709,1.048761110243709,0.9290532374007736,0.9290532374007736,0.0083740296057241,0.0083740296057241
947,wave1,Somewhat Risk-Averse,0.639482202552703,0.6199464606906901,0.9138020521614124,0.8860625648404595,0.8335084351051406,0.8271129468201887,0.0152183941244217,0.0155984493726989
324,wave1,Somewhat Risk-Seeking,0.679180217440124,0.679180217440124,0.8298363111028184,0.8298363111028184,0.8328440428985675,0.8328440428985675,0.0161190953678455,0.0161190953678455
2006,wave1,Somewhat Risk-Seeking,0.6182753351667536,0.8543458920987455,0.995107984645413,1.1251948478332914,0.9289050528468216,1.0266943669409416,0.0078443029652918,-0.0022401983220975
579,wave1,Default,0.8020202998677984,0.706515552388223,0.9719794302775095,1.0065962580500822,0.9862388655911908,0.9416185600736708,0.0075440211259052,0.0016374666195057
1397,wave1,Default,0.7466333953903855,0.7581068063225592,0.9567584873750756,1.080504896438683,0.924134130398692,0.977655458418722,0.0114234111995622,0.0019528648230606
736,wave1,Extremely Risk-Seeking,0.7455688706197623,0.828668966259673,0.9382578842482718,1.005845596943741,0.9474824043980692,0.9921177810585252,0.0055628838898422,0.0038279761165538
1102,wave1,Somewhat Risk-Seeking,0.5993813715736691,0.825993672193219,1.0549047281685475,0.9449951052164652,0.9586996452443624,0.957509438244814,0.0044197479775585,0.004879572216938
1526,wave1,Risk-Neutral,0.845395725059466,0.845395725059466,1.1131802666885444,1.1131802666885444,1.0313041864624877,1.0313041864624877,0.0026669677787224,0.0026669677787224
1902,wave1,Default,0.7096524169446129,0.661986222747706,0.9151813700644684,0.9306035290357242,0.8599452445682018,0.8623997643729304,0.0105799644415881,0.0101649798018048
314,wave1,Risk-Neutral,0.8578461750465471,0.8489103003776397,1.013277509649684,0.9767867228827783,1.0140901471439194,0.9967176105698988,0.0071945258065729,0.009093150341394
1000,wave1,Default,0.6884866964333972,0.7415933369574238,1.171914369672878,1.1405813970584842,0.9569622704573536,0.9837820027694546,-0.0005404232955301,-0.0019504235617228
13,wave1,Risk-Neutral,0.6975432022263711,0.737737834237669,1.1607472253377966,1.1276123712716484,0.9455854363046412,0.9694776077109614,0.0018438101434209,-0.0019067286178107
1128,wave1,Somewhat Risk-Averse,0.7519013808357413,0.7519013808357413,1.057936490761875,1.057936490761875,0.9792357575161632,0.9792357575161632,0.0038009091613324,0.0038009091613324
2314,wave1,Somewhat Risk-Averse,0.6720944917604621,0.7386530154364727,1.1049704072793152,1.0912143905527412,0.9126095834203248,0.9159841967510348,0.0004998320682563,-0.000602242247859
2301,wave1,Default,0.7415539604980541,0.7544869627194134,0.9210372184956364,1.031529319058986,0.8246786070180859,0.9308536220793282,0.0081477595865882,0.0026763826541395
195,wave1,Risk-Neutral,0.8962908505046313,0.8329064326348203,1.1192570070121144,1.0593329789356916,1.0362499447876925,0.9908502515065412,-0.0088982866461967,-0.005767792118203
1572,wave1,Extremely Risk-Averse,0.6960567739761847,0.6960567739761847,0.96276963134742,0.96276963134742,0.9121211338200658,0.9121211338200658,0.0038947488832731,0.0038947488832731
964,wave1,Somewhat Risk-Averse,0.630023235933608,0.754510048382026,0.986195324908404,1.153894884840779,0.9310927911277496,1.0294109061404002,0.0019684178107974,-0.0038976000574684
307,wave1,Risk-Neutral,0.7401921010347836,0.7557596565620153,1.0701204690041004,1.0692612182159225,0.9848393617390212,0.9839088544338204,0.0025167729906774,0.0019599882148876
269,wave1,Extremely Risk-Seeking,0.7406352566610124,0.7406352566610124,0.994769886071041,0.994769886071041,0.927130123923092,0.927130123923092,-0.0006658785842738,-0.0006658785842738
1599,wave1,Default,0.764764535383441,0.7891451463593327,1.068329181303054,0.9686794209886658,0.9744117949273748,0.973821927846582,0.0011812146850458,0.0050949657907748
2291,wave1,Extremely Risk-Seeking,0.8565981091687581,0.8953550085457178,1.0706106190173588,1.157949505418677,0.990766566291872,1.038241886029118,-0.0029758513906598,-0.0008333635838745
191,wave1,Extremely Risk-Averse,0.7635090926263985,0.8631937249963386,1.1449789591751671,1.100127560955308,1.0353305678528026,1.0033887381222926,-0.0053376397875374,0.0010611247535809
815,wave1,Extremely Risk-Seeking,0.6294132672604222,0.6294132672604222,1.001157115636498,1.001157115636498,0.953416433429441,0.953416433429441,-0.0025505783850316,-0.0025505783850316
1019,wave1,Default,0.8575343427197781,0.8568496945255047,1.1936472489991736,1.1338857421427806,1.0113660866951069,0.9929222002495802,-0.0004399920010543,-0.0021771880522994
1678,wave1,Extremely Risk-Seeking,0.8941846614534036,0.8731091575777095,1.1680476961462871,1.0293582490077784,1.0589756449325018,0.9848118948495872,0.0037395044709926,0.0032056002809225
2063,wave1,Default,0.869463841639724,0.8016816477803057,1.1330433398726514,1.0749866705073428,1.037696342902891,0.9968979016695996,-0.0043854950348867,-0.0046149887186888
835,wave1,Extremely Risk-Averse,0.6877674368471522,0.6877674368471522,0.9902873894538106,0.9902873894538106,0.9558475844647476,0.9558475844647476,0.0064371293838007,0.0064371293838007
448,wave1,Extremely Risk-Seeking,0.785310070882197,0.785310070882197,1.1245040350367737,1.1245040350367737,1.016312405865044,1.016312405865044,-0.0015754624091678,-0.0015754624091678
785,wave1,Default,0.8276481709809571,0.8208700880206088,1.0963320299065138,1.0050351397789612,1.0035822418127085,0.969813616792512,-0.0047239843658971,-0.0040710836552212
1876,wave1,Default,0.847571799303829,0.8497462523244359,0.8968804206424009,0.9206789345393692,0.8959558849947794,0.918685654817672,0.0089564138846654,0.0094437836823624
1321,wave1,Default,0.7805337486603697,0.7805337486603697,0.9582698400710578,0.9582698400710578,0.941032540057384,0.941032540057384,0.009890759298564,0.009890759298564
1173,wave1,Extremely Risk-Averse,0.8009490509999506,0.8009490509999506,1.097247517570219,1.097247517570219,0.9873863873117256,0.9873863873117256,-0.0060773403883814,-0.0060773403883814
1198,wave1,Somewhat Risk-Averse,0.8255303910600729,0.7427989639217428,1.218311644993904,1.1861949015136637,1.0709543312851122,1.0493195619514206,-0.0072037472345752,-0.0060981895551233
657,wave1,Somewhat Risk-Averse,0.778344979452479,0.778344979452479,0.964025217753474,0.964025217753474,0.925312221550732,0.925312221550732,0.0121148163302062,0.0121148163302062
1591,wave1,Somewhat Risk-Averse,0.7208086814000012,0.7942623227063119,0.8672272366816318,1.048017941498674,0.8914247547633358,0.9467735328199188,0.014371177222002,-0.0022148972522479
720,wave1,Somewhat Risk-Averse,0.7549064999526589,0.6649817788993774,0.8945539714926508,1.0687143324059207,0.9033052434928638,0.9322001917055078,0.0136945809199156,-0.0014501360475738
804,wave1,Somewhat Risk-Seeking,0.5703572687776839,0.8073152091186766,0.881309399020299,0.9120274339894776,0.8792140923951152,0.8599080039237149,0.0142859670659449,0.0124334171001602
151,wave1,Risk-Neutral,0.8340802496196493,0.8340802496196493,0.9954566795745944,0.9954566795745944,0.9343395111601692,0.9343395111601692,0.0014663362823321,0.0014663362823321
2106,wave1,Default,0.6117879741810073,0.6190321060412487,0.9045605867518692,0.9452371172506492,0.7952433737415646,0.8262099279050779,0.0107670789843732,0.0066375008423497
1905,wave1,Extremely Risk-Averse,0.7359488951445378,0.7894039930028897,0.9216338410927118,1.019552716194262,0.8277959049676522,0.9062666017354248,0.0066794150380658,-0.002969054759977
1488,wave1,Extremely Risk-Seeking,0.7484658254773587,0.8628282339577681,0.9974504394331152,1.0487304508925703,0.9483991270335436,1.0086016917570837,0.0054917820653201,0.0021077501586238
539,wave1,Extremely Risk-Seeking,0.8705300192158236,0.8903708110262734,1.1812887802093184,1.2165581091589557,1.0472652748878757,1.0597139309457515,-0.0057545115514772,-0.005388816702808
2288,wave1,Default,0.6852137531361953,0.6770179135791877,0.9183446449026575,0.9092601110926166,0.8797761768577681,0.8865033022547607,0.002901020534266,0.0031300345231796
1743,wave1,Somewhat Risk-Averse,0.7666062198002319,0.7634380239992757,1.1388458462297717,1.1586661410064971,0.9986425909625484,1.0131538038003611,-0.002043793575265,-0.0025250364476977
1571,wave1,Extremely Risk-Seeking,0.8447471226217736,0.8510715324248228,1.1234070972956578,1.1465190149173483,1.0228054107890645,1.0296481001072693,-0.0007110678535306,-0.0024567444307202
265,wave1,Somewhat Risk-Seeking,0.7783563793176047,0.7783563793176047,1.083502702495704,1.083502702495704,0.999834134906118,0.999834134906118,0.0037302375637073,0.0037302375637073
2374,wave1,Somewhat Risk-Averse,0.770684301731843,0.770684301731843,1.151253031126523,1.151253031126523,0.9791959507218702,0.9791959507218702,-0.0019982823874496,-0.0019982823874496
1632,wave1,Default,0.7516040344758153,0.7026980916333757,1.0927587746419984,1.047254777828771,1.00373798115275,0.972140306143754,-0.006442993057203,0.0013850025723317
1374,wave1,Extremely Risk-Averse,0.866053598753731,0.8603016837788687,1.2184220125918133,1.17150010598279,1.0728518885526823,1.0605117047990895,-0.0108537277446258,-0.0043242337503997
1641,wave1,Extremely Risk-Averse,0.8029405819623233,0.7568903358803891,1.05191783265767,0.9834025772893576,0.956657456307867,0.9134752676570956,0.0054896298209871,0.004793589548791
1966,wave1,Extremely Risk-Seeking,0.7734574577367219,0.7827179211248699,1.0788820681166436,0.9896405454598564,0.9662099960241942,0.9148564980881976,0.0006738154237708,0.0040785476393437
358,wave1,Extremely Risk-Seeking,0.7892128273315422,0.8257419077085599,0.960464272498648,0.882309234524556,0.9024518052466176,0.9090432868708272,0.0081910380941165,0.0040678648121121
1480,wave1,Extremely Risk-Averse,0.6375836790553497,0.747232296672989,1.0894039535596307,1.0198122799113385,0.9915625944522928,0.9787020533437548,-0.0003030576792245,0.0023696514708049
1322,wave1,Somewhat Risk-Averse,0.7215004889126319,0.7608721305322561,0.9383235616128222,1.1223075031588434,0.9226139113455684,0.9702667095629838,0.0117087147367479,-0.0012028799349987
1392,wave1,Risk-Neutral,0.7914670734345984,0.8154371412479093,1.097566021254563,1.090157439785619,0.9978345757787686,0.9891499030862916,-0.0006049616447798,0.0015080134426921
555,wave1,Default,0.6055969967834807,0.6055969967834807,0.9349272771477184,0.9349272771477184,0.8806844980533504,0.8806844980533504,0.0118435197423246,0.0118435197423246
1203,wave1,Extremely Risk-Seeking,0.7224786215714764,0.7224786215714764,0.8369648202301324,0.8369648202301324,0.8841158658003925,0.8841158658003925,0.0080857826548971,0.0080857826548971
139,wave1,Extremely Risk-Seeking,0.8256152873570252,0.7044845437897629,1.0580430809525758,1.0057297576092497,0.9630130967023672,0.920883131034384,0.0040783303096031,0.0085327879820413
1843,wave1,Somewhat Risk-Seeking,0.8866586409617269,0.8866586409617269,1.191866956964116,1.191866956964116,1.041105316602438,1.041105316602438,-0.0033653472915541,-0.0033653472915541
833,wave1,Extremely Risk-Averse,0.7170913881085929,0.7170913881085929,1.0442618688122904,1.0442618688122904,0.8096083118065908,0.8096083118065908,0.0047475940578974,0.0047475940578974
557,wave1,Extremely Risk-Averse,0.7065843310901702,0.7674731065005006,1.0703878072443285,1.1589989109286134,0.973688668330324,1.0054694919597142,0.0030014452628442,-0.0038826612816799
2182,wave1,Extremely Risk-Seeking,0.7290371359288247,0.7817340578677917,1.052708492053935,1.0972854585879894,1.0058164806603809,1.0361569693337824,0.0040473395644883,0.0011437956518394
971,wave1,Risk-Neutral,0.7402554481921462,0.7326853092268709,0.9963136989553206,1.0221063591765298,0.947825905467312,0.9699976771574196,0.0024032487023439,-0.0011933612896696
744,wave1,Default,0.7083026625293001,0.7610810302107106,1.0871842562151548,1.1080548582153968,0.9737414121166448,0.9846550052311978,-0.000882635526084,-0.0016426833708893
1613,wave1,Somewhat Risk-Seeking,0.6588054091649953,0.7491030973267236,1.007926438224047,1.0039921181584233,0.9548272099233512,0.9488355621944436,0.0070264233173293,0.0057170391636575
1150,wave1,Extremely Risk-Seeking,0.8146713113268383,0.8873357294259971,0.9947512123715802,1.1447273822211286,0.9711524143712232,1.057316023680967,0.0067130910385159,0.0037467841972885
53,wave1,Default,0.8270895767241387,0.8270895767241387,1.1130219491165356,1.1130219491165356,1.0201267437627215,1.0201267437627215,0.0016648561100806,0.0016648561100806
1972,wave1,Risk-Neutral,0.7705606590274328,0.7836481085900094,0.9944076639339192,1.0109413768873143,0.9613469936408388,0.9613904660447724,0.0027228879265694,0.0014359051533069
282,wave1,Extremely Risk-Averse,0.8356518771041257,0.7904069693070507,1.1020577811173604,1.0828326942366917,1.0175267351737314,1.006137215258818,-0.0017478783719487,-0.000339291506823
1667,wave1,Somewhat Risk-Seeking,0.7023276111626202,0.7023276111626202,0.7456106423153022,0.7456106423153022,0.8442332053357352,0.8442332053357352,0.0147319028940893,0.0147319028940893
2383,wave1,Extremely Risk-Seeking,0.7041377194000382,0.7857841252712471,1.0531459278751496,1.0700280662404438,0.9602249655290032,0.9922419393480798,0.0049314408568181,0.0048681350435485
811,wave1,Default,0.6584858594711,0.6599637025793793,0.9368527422954456,0.9299011428148676,0.8926445036115794,0.8707867160130254,0.011586971550309,0.0140761746371133
1547,wave1,Default,0.8305750574378312,0.786663321859659,1.202877145696732,1.1191795067589572,1.0375916363241509,0.9952568672986212,0.0022882216014919,0.0084371781102744
2133,wave1,Risk-Neutral,0.8670658943411687,0.8670658943411687,1.1149932801280489,1.1149932801280489,1.027800469713356,1.027800469713356,-0.0057409605768562,-0.0057409605768562
342,wave1,Somewhat Risk-Averse,0.7011383256667703,0.7245178653541584,0.7118866692542665,0.7056800509379876,0.8497160687401638,0.8398227269199868,0.0120896523331396,0.0057533631439159
717,wave1,Extremely Risk-Seeking,0.8160462902129183,0.8607402965460819,0.9826997656864536,1.109067228616567,0.9805952463278198,1.013946767808773,0.0109067551462446,-0.0008091010382667
1959,wave1,Extremely Risk-Averse,0.7531832516199334,0.7917493457047715,0.8439218546660691,1.0939605494241582,0.7471713232308163,0.9473858304449096,0.0081951004271142,-0.0008025971941548
2064,wave1,Extremely Risk-Seeking,0.7872295163239035,0.7872295163239035,0.9483024406476104,0.9483024406476104,0.8869840132553919,0.8869840132553919,0.0025375238263285,0.0025375238263285
1649,wave1,Somewhat Risk-Averse,0.7802198157578852,0.8320587846118143,0.9241079192525862,0.9689668132659274,0.9400118277516614,0.9509488650252929,0.0055103271334622,0.0035880001833122
2244,wave1,Default,0.8294235631941009,0.804005193667784,1.1197203170218477,1.0743548856347631,1.015053898008193,0.9903534452629644,0.0011197183574987,0.0036916114988356
1731,wave1,Extremely Risk-Seeking,0.8783819775663635,0.8783819775663635,0.8424645906232896,0.8424645906232896,0.8929884227085033,0.8929884227085033,0.0100203250265558,0.0100203250265558
1776,wave1,Somewhat Risk-Seeking,0.7966904119644435,0.8130138633237978,0.9096116720604086,0.9993727399158996,0.9381523854584954,0.9754951205881948,0.0089477434526975,0.005406066838923
264,wave1,Somewhat Risk-Seeking,0.7549528450028715,0.8299292928806822,1.0000962125297082,1.0269321181311004,0.9319937469493398,0.9819985035969796,0.0060719733135306,0.0048020728483428
170,wave1,Extremely Risk-Averse,0.804762902094042,0.8734062559239257,0.9748623782388492,1.0428568537806986,0.9915724656919772,1.0296615950584418,0.0074150358984478,-0.0014352641383907
238,wave1,Extremely Risk-Seeking,0.5410397377468166,0.5410397377468166,0.9052232260049076,0.9052232260049076,0.8777518994220952,0.8777518994220952,0.0174004560528067,0.0174004560528067
180,wave1,Default,0.8034403244256081,0.8034403244256081,1.1544115092669474,1.1544115092669474,1.0105778664428158,1.0105778664428158,0.0027063564491768,0.0027063564491768
2220,wave1,Somewhat Risk-Seeking,0.8714809070023282,0.8879030360080512,1.0097564600096929,1.0390988607394012,0.9583436060331844,0.9955006936858352,0.0045168982083316,0.0033044328067579
1886,wave1,Somewhat Risk-Averse,0.7947307686205117,0.8668799678562996,1.0181771815589111,1.0447881057570862,0.9775579517786502,0.9993482803168432,0.0018792107861361,-0.0029344189939109
628,wave1,Somewhat Risk-Seeking,0.7600536298729951,0.8289309290672988,0.8311973199473551,1.0002458209368192,0.882555300540282,0.9512829492492978,0.0126951090429287,0.0066667033190637
1680,wave1,Extremely Risk-Averse,0.6991602080173143,0.653519682986958,0.9974988550941672,0.9424523740477184,0.9448340003640012,0.9129568202480598,0.0082813541412158,0.0075697333601638
1320,wave1,Extremely Risk-Averse,0.8210079282621237,0.8097361978795742,1.0535217520369615,1.0089046518040532,0.9859570606340402,0.9583735741914194,0.0033567362499728,-0.0017719590414348
2336,wave1,Risk-Neutral,0.8566203809643483,0.8143689213501718,1.1131572376051737,1.0357372553436073,1.0313868093492136,0.9921559984478264,-0.0088916638638466,-0.0052073433431269
1239,wave1,Extremely Risk-Seeking,0.789421694456223,0.8406815890839299,1.0342671832090224,1.081550202891645,0.9678548993406298,0.9917165162118508,-0.0020768263298481,-0.0027667458272331
2305,wave1,Extremely Risk-Seeking,0.8596990212482443,0.8764563234307636,1.0445317254546955,1.0663020488324044,0.9778286534835549,1.0073165048722827,-4.734480498321815e-05,0.0005683745083191
316,wave1,Somewhat Risk-Averse,0.774359167984194,0.8100713738055284,1.1005165698819557,1.1302367023617934,1.0313630894322767,1.0455654346617669,-0.0070480919353782,-0.0097025542615713
98,wave1,Extremely Risk-Averse,0.8130159300615127,0.8263254990523523,1.075161601385869,1.1070040614984622,0.9972399765436828,1.02036077281265,-0.0020102710912502,-0.0079180981054539
1176,wave1,Extremely Risk-Seeking,0.8644916295059173,0.8086181395962745,0.961058254450374,0.9307989404125968,0.9610511593012072,0.8809803510086764,0.0081799099797043,0.0044680330690552
23,wave1,Extremely Risk-Averse,0.8046380422758785,0.7264607096868084,1.1795232940053382,1.143084741303805,0.9999224003685242,0.8810177727022631,-0.0042584186607597,-0.0001585626143966
1472,wave1,Somewhat Risk-Averse,0.8246203012440766,0.8246203012440766,0.9427979804498562,0.9427979804498562,0.9479892309782808,0.9479892309782808,0.0045882003284219,0.0045882003284219
927,wave1,Risk-Neutral,0.7658486577311175,0.7658486577311175,1.178477115747673,1.178477115747673,1.031218549543342,1.031218549543342,-0.0058926313178017,-0.0058926313178017
1060,wave1,Risk-Neutral,0.7372362533406057,0.7156458024071506,0.791379051926123,0.812165086015457,0.845393965584598,0.8599800961252889,0.0140800600411995,0.0127901028906271
453,wave1,Default,0.8698593813718548,0.8698593813718548,1.155608937446845,1.155608937446845,1.0249232624416258,1.0249232624416258,0.003427678954287,0.003427678954287
583,wave1,Extremely Risk-Seeking,0.8184164968450112,0.8295672413841921,1.136945020225265,1.1746563002839376,1.0253305322967532,1.0388552217756908,-0.0004467952851976,-0.0070843488222201
1024,wave1,Risk-Neutral,0.8244536410727732,0.8724131032115355,0.9841019799276216,0.9959180015755776,0.945934077402292,0.975928004763055,0.0036584059039803,0.0019545987424826
1174,wave1,Extremely Risk-Seeking,0.7576870065580728,0.7232121212230165,1.1628789728661666,1.1175326532779732,1.0043805404336488,0.999371165341018,-0.0057882574108343,-0.0033243886545993
984,wave1,Default,0.8899359690777175,0.8899359690777175,1.0687658334336,1.0687658334336,1.003443685383391,1.003443685383391,0.0017644911116886,0.0017644911116886
179,wave1,Somewhat Risk-Averse,0.8325583885287974,0.8325583885287974,0.8885193889115259,0.8885193889115259,0.9044102722034738,0.9044102722034738,0.0124185819720892,0.0124185819720892
1023,wave1,Default,0.8247308201848217,0.8356806027703407,1.074525556731381,1.0841952876375838,0.9920070674512838,0.996785475581382,0.0027647698841385,0.0002618172954777
740,wave1,Extremely Risk-Seeking,0.90290414366279,0.8654365429814606,1.2402072906881538,1.137357752368516,1.062859904359908,1.02218073273471,0.0033394805543873,0.0046858241937714
959,wave1,Somewhat Risk-Seeking,0.7727597261976581,0.7727597261976581,1.1452418191096434,1.1452418191096434,0.986146816079318,0.986146816079318,0.0006060497685471,0.0006060497685471
705,wave1,Default,0.7771511456808317,0.8097230095229272,1.1308758265965348,1.0888441194895475,1.0194622043930492,1.0183461312476716,0.0013206136846415,0.0046772893750847
746,wave1,Default,0.7979741164629743,0.7979741164629743,1.1018680604191884,1.1018680604191884,1.0240469317351293,1.0240469317351293,-0.0017010674523639,-0.0017010674523639
2022,wave1,Default,0.7336544454505176,0.7336544454505176,0.8104563268302412,0.8104563268302412,0.8469991984211995,0.8469991984211995,0.0137003509813897,0.0137003509813897
671,wave1,Extremely Risk-Averse,0.7852686945843388,0.7955930452900719,1.124346639200691,1.136539904977603,1.02712538925663,1.0355128622279828,0.002030358244512,-0.0015969948960195
2100,wave1,Somewhat Risk-Averse,0.7481014917263465,0.8179987814441466,1.0438625589100283,1.0961155206272142,0.9885484277310952,1.0044775135094277,-0.0062264294674333,-0.0066165832969382
1232,wave1,Somewhat Risk-Averse,0.8080486980036312,0.8080486980036312,1.0788286894771943,1.0788286894771943,0.9987324889071906,0.9987324889071906,-0.0010947224700641,-0.0010947224700641
988,wave1,Extremely Risk-Averse,0.7510109693447525,0.7334699257273133,1.1243358931333605,1.03234110527396,1.048027530175253,0.979577445786198,-0.0004869768129614,-0.0027197497126519
141,wave1,Extremely Risk-Averse,0.8754906126619463,0.8205338544675017,1.1881058778075595,1.1928921875704086,1.0431579864668703,1.030453275779731,-0.0050345896071397,-0.0041235791139367
2245,wave1,Somewhat Risk-Averse,0.6949080409417928,0.747357160515847,1.010999856650716,1.0993119521713826,0.9120673007224794,0.9792255092707586,0.0085938473129081,-0.0041924469150288
79,wave1,Default,0.7677449126641696,0.7677449126641696,1.1799666607615429,1.1799666607615429,1.0161344092712878,1.0161344092712878,-0.0045947608470813,-0.0045947608470813
1457,wave1,Somewhat Risk-Averse,0.6231738986084433,0.5876522593807166,0.98600815794291,0.991552222491465,0.9336017494255126,0.9485345931022308,0.0031639929864303,-0.0025953049801086
1416,wave1,Default,0.8428989960698731,0.8428989960698731,0.8823068295628916,0.8823068295628916,0.9198493920456432,0.9198493920456432,0.0082444240214677,0.0082444240214677
2068,wave1,Extremely Risk-Averse,0.7316755596115744,0.8375237697506157,1.0545869730454362,1.1189486774243949,0.9368316522886748,0.9829756120564718,-0.0009017207074309,-0.0040498998942163
353,wave1,Default,0.8511334555258061,0.8531743029807655,0.8485406482862814,0.803229687063642,0.8871705759944737,0.8331111283067255,0.0093170365523114,0.0101120424902001
651,wave1,Extremely Risk-Averse,0.8557542981450268,0.8562740643327632,1.019186123550208,1.006093759099146,0.9725550638262556,0.9590040932549562,0.0044928531608801,0.0050260553865541
1192,wave1,Extremely Risk-Averse,0.7399809361396362,0.7253398345397453,0.9078965426705182,0.882565615589852,0.948752701443804,0.9336737183910424,0.0007583978324253,0.0010190508567468
2347,wave1,Extremely Risk-Averse,0.8727491800387465,0.8727491800387465,1.0453918267597329,1.0453918267597329,0.9807960210119092,0.9807960210119092,0.0016392897288046,0.0016392897288046
435,wave1,Default,0.8209959592489596,0.7260856149922027,1.0837620688348322,1.0068995777365433,1.0090985359146851,0.9649494878814164,0.0042800102543875,0.0060130192039143
1895,wave1,Default,0.7890777755396945,0.7498057289208889,1.0821345207299349,0.9517075873113126,0.9908345048368372,0.906789546348938,0.0006637808604953,0.0073401501385572
168,wave1,Somewhat Risk-Seeking,0.5507981472050967,0.5507981472050967,0.8956980679913016,0.8956980679913016,0.8676431172297319,0.8676431172297319,0.0066262200884551,0.0066262200884551
778,wave1,Default,0.7788366322173939,0.7788366322173939,1.0349591956273994,1.0349591956273994,0.9727925674524056,0.9727925674524056,0.006212680494846,0.006212680494846
729,wave1,Extremely Risk-Averse,0.6874421676480844,0.7495832823470191,1.0347147740085232,1.110273586311269,0.9603792999957032,1.034778196519081,0.0015863011161913,-0.0051802468961569
349,wave1,Extremely Risk-Averse,0.8494115836389088,0.8413817631802392,1.16850449518115,1.213872800102815,1.0383483266223026,1.0529576778789922,-0.0020341975897846,-0.0026417493919335
1463,wave1,Risk-Neutral,0.763761856737883,0.7606867302916638,1.1652689775918423,1.1300768383600357,1.0085808717090374,0.9950378953339014,-0.0037739832173419,-0.0017215285232288
1579,wave1,Extremely Risk-Seeking,0.765965251148349,0.866404977004725,1.175110065582207,0.8798130177051805,1.0378504422775945,0.9225129405975832,-0.0053467788573874,0.0052231640599575
1093,wave1,Risk-Neutral,0.7162628186631037,0.7162628186631037,0.9699671632343102,0.9699671632343102,0.8880195328215832,0.8880195328215832,0.0090225180698906,0.0090225180698906
386,wave1,Default,0.7304655048643076,0.7068773852196508,0.9809860404615584,0.9660777466266478,0.9495186270673712,0.936055754351732,0.0029327517127647,0.0042703886822976
1329,wave1,Risk-Neutral,0.794488333359039,0.7841065580627248,1.0199843216363766,1.039986378879964,0.975277693823096,0.9579391766280236,0.0100086710356807,0.0050438145953275
1891,wave1,Risk-Neutral,0.7648632241709572,0.73693863410302,0.980831831312731,0.9199212311798528,0.9171456621912356,0.8727508951307177,0.0057264570250114,0.0075802344380795
155,wave1,Somewhat Risk-Averse,0.8655958215983972,0.769568939190839,1.23417431946075,1.1358178994328276,1.072567242630728,0.9726543536407788,-0.0069028993481313,-0.0038720887630757
889,wave1,Extremely Risk-Averse,0.8295688394887388,0.8295688394887388,1.049812865250444,1.049812865250444,0.959116590527802,0.959116590527802,0.008362688289294,0.008362688289294
1838,wave1,Somewhat Risk-Seeking,0.7142632017843102,0.8722873452610848,0.968312617572269,1.0030618926237256,0.8942641600673901,0.9785863820397924,0.0120406812724989,0.0028623073385512
1983,wave1,Extremely Risk-Seeking,0.7176278578569079,0.7307467123664094,1.1440453437017095,1.0636540339334684,0.9753326894439112,0.948787420543742,-0.0029708903018662,0.0066777326699074
807,wave1,Extremely Risk-Averse,0.8842867974779951,0.8413531341712436,0.924937949836662,0.9790540876834012,0.9564860274054336,0.9528992982149792,0.0046982842836281,0.002659351149384
1127,wave1,Extremely Risk-Averse,0.8762029899913414,0.8762029899913414,0.9637157505645362,0.9637157505645362,0.970973291724469,0.970973291724469,0.004384883004873,0.004384883004873
856,wave1,Extremely Risk-Seeking,0.7967327500845289,0.8761809863715059,0.8722313985831636,1.0677286898933172,0.912525267220615,1.0047859999854525,0.0139610694661369,0.0015994479336509
1087,wave1,Extremely Risk-Averse,0.765678406543796,0.7904132735678479,1.0266982429191254,1.0624237975562183,0.9599639475241216,0.9816454996327034,-0.0036501617474601,0.000775219046499
1553,wave1,Default,0.7237944192874087,0.6870016383226113,1.0919118536834391,1.0432473647773697,0.96063737329368,0.963546031132637,-0.0030448980029363,-0.000739264416455
516,wave1,Risk-Neutral,0.8913657263068483,0.8913657263068483,1.0745933953776672,1.0745933953776672,1.0079567692327096,1.0079567692327096,-0.0060372480919926,-0.0060372480919926
125,wave1,Somewhat Risk-Seeking,0.7985130156167913,0.8676141907500623,1.0966720909074696,1.16380175777233,1.023257154003805,1.0447866331225664,-0.0005094727222148,-0.0047044398651241
1510,wave1,Risk-Neutral,0.7999483238731048,0.7999483238731048,1.045209581117693,1.045209581117693,1.0191510328437026,1.0191510328437026,-0.0067520707647093,-0.0067520707647093
1396,wave1,Risk-Neutral,0.7222064350722216,0.8139633438837559,1.1102841225216358,1.153337074404185,1.0009371487173966,1.0119677065011976,-0.0050560207971665,-0.0055362304338234
240,wave1,Somewhat Risk-Averse,0.8399242336060692,0.8399242336060692,0.9959029347156348,0.9959029347156348,0.9624293326596104,0.9624293326596104,-0.0023290666032009,-0.0023290666032009
105,wave1,Risk-Neutral,0.8953641513457256,0.8953641513457256,0.9530538015140498,0.9530538015140498,0.9563100526597827,0.9563100526597827,0.0034976265332594,0.0034976265332594
568,wave1,Default,0.849527085645022,0.8352519442622958,1.146727281570117,1.1224949222028164,1.039199333581107,1.0315764987304974,-0.0047858632586659,-0.0056912140015966
552,wave1,Extremely Risk-Seeking,0.6990225229770635,0.6990225229770635,0.7899146334589857,0.7899146334589857,0.8295561548563092,0.8295561548563092,0.0166653703115384,0.0166653703115384
1344,wave1,Default,0.7819042080496154,0.7877404834175444,1.0889522799827531,1.0729188079824636,0.9714991068386032,0.9688906239213024,0.0043301805042316,0.0049877171075046
629,wave1,Extremely Risk-Seeking,0.8407066509124848,0.8992047458454648,1.1469267228309632,1.0399038927026176,0.987486157172652,0.9927838763395777,0.0073732380546766,0.003788408420178
725,wave1,Somewhat Risk-Seeking,0.8480695086212535,0.8684464800039007,1.132607681259492,1.0205294025896892,1.0196164273381807,0.9804815502695884,-0.0004193178984005,0.0031056939019383
1609,wave1,Somewhat Risk-Averse,0.8318269632190037,0.8318269632190037,1.1050780361301664,1.1050780361301664,1.0198378510494492,1.0198378510494492,0.0043879348032857,0.0043879348032857
1993,wave1,Extremely Risk-Seeking,0.8413157270125964,0.8774835120019854,1.04041039113828,1.054321914141358,1.0010446921072078,1.0135897769948796,0.0093307318101999,0.0035352280059802
1164,wave1,Risk-Neutral,0.7050104109616114,0.7050104109616114,1.1285879937524788,1.1285879937524788,0.9655622989763738,0.9655622989763738,-0.0011070200984087,-0.0011070200984087
224,wave1,Risk-Neutral,0.6860684410808144,0.6907262853338415,0.9325935317073673,0.961781307042388,0.8543894785195161,0.8798047868976484,0.0040216957288345,0.0033086637589158
1175,wave1,Somewhat Risk-Averse,0.5272452537032605,0.7787291846637577,0.9926166156329388,1.1378738206314574,0.9161461387350648,0.9965678495968672,0.0019831438088914,-0.0043141969987506
1196,wave1,Somewhat Risk-Averse,0.8082636003898394,0.7591314620509416,1.036830376441782,1.10408142306213,0.9468360406497422,0.9413483791091012,0.0088938282795912,-0.0032677120668725
2312,wave1,Extremely Risk-Averse,0.7481884904645616,0.6553408901799178,0.9004654086010628,0.9404679982998888,0.902824392709404,0.9073034417114514,0.0143738533924244,-0.0002371920943597
524,wave1,Somewhat Risk-Averse,0.8237826492753276,0.7917827628771824,1.02091029227191,0.8591551046360794,1.0075370538805544,0.9198270554935524,0.001972049558378,0.0051245209299741
626,wave1,Risk-Neutral,0.8018162853868401,0.8216526848972628,1.1646992966647387,1.1756214527832405,1.0368499510352585,1.0525058345964955,0.0016580653171873,-0.0016845347789091
573,wave1,Default,0.8436345708111782,0.8009411142086104,1.2245998523888626,1.1474756343430388,1.0349196332390995,0.9990122975811316,-0.0006492870306721,0.0032197241264123
605,wave1,Extremely Risk-Averse,0.8766083974365227,0.8831733558265494,1.1520014456994567,1.12531264690024,1.0317323855213296,1.023973772662577,-0.0018724974948327,-0.0011774640585089
1477,wave1,Risk-Neutral,0.8527239848410453,0.777485164146268,1.136211730795567,1.0915516880374851,1.005045977639781,0.9719131984569738,0.0032143904657757,-0.0026981435299174
1146,wave1,Extremely Risk-Seeking,0.7140361874318008,0.7368013644949578,0.9652714839389188,0.9035301125222676,0.935499816646438,0.9014517072218952,0.0121024087520217,0.0123614935460387
1696,wave1,Extremely Risk-Averse,0.678803329495082,0.6744147205745036,0.8735159089991772,0.860062944640951,0.9222834970986064,0.9056037174259444,0.0043569170790379,0.008127395198176
1853,wave1,Risk-Neutral,0.6516869509331978,0.6516869509331978,0.9411785931624,0.9411785931624,0.8944863424499512,0.8944863424499512,0.0090335306767874,0.0090335306767874
1136,wave1,Risk-Neutral,0.8769691031479316,0.8769691031479316,1.0720611305609289,1.0720611305609289,1.0095415847977356,1.0095415847977356,0.0011144567358485,0.0011144567358485
914,wave1,Somewhat Risk-Seeking,0.8669882646251905,0.8669882646251905,1.139438232098784,1.139438232098784,1.014602544652169,1.014602544652169,0.0062936298287912,0.0062936298287912
133,wave1,Risk-Neutral,0.7619459194435373,0.7997203569090019,0.9354048225362852,1.0430236212732111,0.8850924486976576,0.945505472781503,0.0076942052102113,0.0045362742565318
2281,wave1,Default,0.6561895992755538,0.623923056137906,1.1134071117022757,0.9945323349618224,0.924378468550692,0.8750482295349202,0.003377864994319,0.0079153963759129
2071,wave1,Somewhat Risk-Averse,0.6918459900720043,0.6206068610543886,0.974916299176502,0.9690230599535298,0.90847413093363,0.9044281052893968,0.0093702833565375,0.0069873775166708
2140,wave1,Risk-Neutral,0.879899728581086,0.878665365414861,1.123017949350779,1.0743597712702837,1.0057307696191902,0.9922946736391512,-0.0006614822999255,-0.0029505579036051
728,wave1,Extremely Risk-Averse,0.8289537765539436,0.8969030538542954,1.1097031084701774,1.2237476500530713,1.011773078453918,1.0698217035826911,-0.0045485481896116,0.0038264704437319
2145,wave1,Extremely Risk-Seeking,0.5901406206922697,0.5901406206922697,1.0131210702457905,1.0131210702457905,0.927035670721014,0.927035670721014,0.0072830226477983,0.0072830226477983
2052,wave1,Extremely Risk-Seeking,0.8203711907365333,0.818392361012313,1.077378839234456,1.077148767988029,0.9984585902308486,1.0016313428286057,0.0052361520375989,0.0044137734733744
243,wave1,Default,0.8807032164559399,0.8448702461126985,1.1593565559038863,1.0992942065896083,1.0269152318569237,0.997989556710114,-0.0027843345381764,0.0007063796677491
27,wave1,Risk-Neutral,0.79713145956433,0.7561657557599741,1.0600964443220455,1.0018407995396106,0.9637399439385566,0.9430626194730148,0.0065837806680657,0.0080145350564111
715,wave1,Extremely Risk-Averse,0.8692827693311596,0.8692827693311596,0.9646425226489818,0.9646425226489818,0.936429521162462,0.936429521162462,0.0051595946646263,0.0051595946646263
907,wave1,Somewhat Risk-Averse,0.8124871687859677,0.8225384183635495,0.9618382476320352,1.0111802056221193,0.951207770823434,0.9587423389204416,0.0039965976504677,-0.0043096854853001
1359,wave1,Somewhat Risk-Seeking,0.7409218068229734,0.7948476754458139,1.0024071125959932,1.088525313109848,0.9408675777025344,0.9946374762247688,0.012026152679363,0.0045623774275759
1808,wave1,Extremely Risk-Seeking,0.6799523397002561,0.8767806064427871,1.0758222836696605,1.1644793153125046,0.9152723176273694,1.0345611004880693,0.0002115405629458,-0.0021126881288428
1028,wave1,Risk-Neutral,0.7747152155325269,0.8176271746567151,1.1042181380700362,1.110484823717381,1.0265549242720358,1.0258034753442504,-0.0035383653372573,-0.0040071228606555
1403,wave1,Somewhat Risk-Averse,0.8013521763824437,0.8013521763824437,1.130633009238343,1.130633009238343,0.98223496647442,0.98223496647442,-0.0035279338362677,-0.0035279338362677
391,wave1,Somewhat Risk-Seeking,0.5367690099471496,0.8401335775068761,0.8301694077405992,0.8673127272805936,0.8036533033414948,0.9264142282177474,0.012997474760049,0.0067388043180323
1527,wave1,Default,0.7591871737855257,0.7591871737855257,1.141511796901696,1.141511796901696,0.99808777914169,0.99808777914169,-0.0059063073603826,-0.0059063073603826
1215,wave1,Extremely Risk-Averse,0.7969334329694497,0.8524555689255088,1.163806831479906,1.226834337460454,0.9611116176542156,1.0196367245397722,-0.0036555528560496,-0.00476585479776
591,wave1,Extremely Risk-Averse,0.8545294153270014,0.8545294153270014,1.1669925979459823,1.1669925979459823,1.0291689684747298,1.0291689684747298,-0.0053767373623122,-0.0053767373623122
2149,wave1,Default,0.8676464226512727,0.8481406824956859,1.2139814497001424,1.1807344218631597,1.061896537911421,1.0477654274465749,-0.002199277651865,0.0020746102673121
697,wave1,Default,0.7248031448184264,0.7462807325135464,1.0174847640187783,0.9918681887642856,0.9482398380387344,0.9484341522985252,0.0052114646635779,0.0050983185964592
2344,wave1,Somewhat Risk-Averse,0.8716756277721663,0.7830512892729186,1.2888317549079995,1.012204910972216,1.0770024062745265,0.9768431987578172,-0.006098423923979,0.0112911520124478
49,wave1,Somewhat Risk-Seeking,0.7763262550520639,0.8499468024785124,0.9678758691171566,0.8805886153980017,0.9175099381701476,0.9316649554186216,0.0052347080309363,0.0060124197027284
2233,wave1,Somewhat Risk-Averse,0.8191746458017446,0.7837278070825107,0.9247364633860452,0.9496464504229156,0.8988044504536139,0.9114819815091564,0.006158421277499,0.0025956964694284
1376,wave1,Somewhat Risk-Seeking,0.6774695571012926,0.6774695571012926,0.9738244677050952,0.9738244677050952,0.9336438374457874,0.9336438374457874,0.0088060680138843,0.0088060680138843
881,wave1,Somewhat Risk-Seeking,0.7216715421330752,0.8662182040855887,0.7408686622407954,0.9732855461890332,0.8904793730520228,0.9669913956302923,0.0077756136298609,0.0033780960496047
1371,wave1,Extremely Risk-Seeking,0.7081772704323704,0.8539966179141221,0.838594011870573,1.0259493846455925,0.661409568079493,0.948359958264747,0.0083003212239387,0.0016597341562285
874,wave1,Extremely Risk-Seeking,0.7830260687984959,0.8263428119341709,1.1223350527523483,0.9977411770368908,1.0119104872554008,0.9686221421940274,0.0031890542952334,0.0077158175811437
2040,wave1,Somewhat Risk-Seeking,0.7689590639106728,0.8766903127986135,1.105939025250531,1.1686469688523948,0.9938342519945906,1.0468914240697027,-0.0027264670729982,-0.0053264252332679
2093,wave1,Extremely Risk-Averse,0.6838282171739053,0.6838282171739053,1.115504383946754,1.115504383946754,0.9603752659486844,0.9603752659486844,-0.0010672456158873,-0.0010672456158873
465,wave1,Risk-Neutral,0.6996901988820118,0.699241617238445,0.954076212584028,0.9379869243722618,0.8800734636064041,0.8811439058309812,0.0115270497781888,0.0128212423555681
497,wave1,Default,0.9027884882264542,0.9027884882264542,1.2318707738740036,1.2318707738740036,1.0644893556733368,1.0644893556733368,-0.0048084843459838,-0.0048084843459838
2023,wave1,Somewhat Risk-Seeking,0.7973034467440809,0.7736813550218732,1.1206828828435975,1.021625033139557,1.0020769558653184,0.9207934828232698,-0.002809398022289,0.0092341798809969
1432,wave1,Somewhat Risk-Seeking,0.7559284401447461,0.7218894516555344,1.0199518858308607,0.9884931687904482,0.9740509324584592,0.9584759467471804,-0.0037934976680141,0.0001792728761999
884,wave1,Extremely Risk-Averse,0.8888808361094188,0.8888808361094188,1.1470685277615007,1.1470685277615007,1.0418828218197165,1.0418828218197165,-0.0019513977968483,-0.0019513977968483
329,wave1,Somewhat Risk-Seeking,0.8696931635624947,0.8696931635624947,1.0087358375234288,1.0087358375234288,0.9661810920671928,0.9661810920671928,0.0049728681269501,0.0049728681269501
1662,wave1,Somewhat Risk-Averse,0.7944382744703787,0.7221515736054303,1.0516949485177514,0.8917553923258803,1.0053875179375182,0.922762428060468,0.0039015445801559,0.003156209538532
421,wave1,Risk-Neutral,0.8043266852905622,0.8332589513758032,1.1295548399702426,1.151564146984971,1.0174277954582338,1.0286711385142815,0.0015567345994247,-1.0317552568621518e-05
1431,wave1,Somewhat Risk-Averse,0.8459347711302726,0.8459347711302726,0.9864051196644136,0.9864051196644136,0.9416606046893012,0.9416606046893012,0.00407853950474,0.00407853950474
664,wave1,Somewhat Risk-Averse,0.83019158212886,0.7501635124750692,1.0983713488756144,1.1307881499955703,1.0258080653592605,1.001825186234415,0.0056688613666365,-0.0041221436484744
1311,wave1,Risk-Neutral,0.8610348872267669,0.8610348872267669,1.1139927787275354,1.1139927787275354,1.0102189048283148,1.0102189048283148,8.357138771373695e-05,8.357138771373695e-05
1411,wave1,Somewhat Risk-Averse,0.7146191505567471,0.710968892947438,0.933459249237512,0.90947801504526,0.8929763020641743,0.8892086291644966,0.0023013755492503,0.0021374190801502
68,wave1,Somewhat Risk-Seeking,0.7006716162462576,0.8282113884874092,0.8172897179043174,0.9196616130818002,0.8532642058995467,0.9430078625602544,0.0044465200327393,0.0091506738629025
1125,wave1,Extremely Risk-Seeking,0.7339977071302427,0.7339977071302427,1.0519364816793089,1.0519364816793089,0.9673209263904422,0.9673209263904422,0.0042163509788931,0.0042163509788931
1533,wave1,Somewhat Risk-Averse,0.8662636341102832,0.8662636341102832,1.0750063457519905,1.0750063457519905,1.016170169980712,1.016170169980712,-0.0033282418948076,-0.0033282418948076
1101,wave1,Extremely Risk-Averse,0.7647908469824747,0.7647908469824747,1.007940773427361,1.007940773427361,0.9835531812600056,0.9835531812600056,0.0010997602223163,0.0010997602223163
46,wave1,Extremely Risk-Averse,0.708608706132919,0.6632121558244451,1.0108744083354944,0.9737812662370682,0.9501948593479178,0.9281540323570684,0.0095389044475671,-0.0003011279395753
989,wave1,Default,0.8657991962973897,0.8411828091157536,1.1340081076108042,1.1423850517978438,1.03556308809271,1.0365393997013337,0.0005508536516051,-0.0025821940655745
2171,wave1,Extremely Risk-Averse,0.7261524043578429,0.8371998481965941,1.100814029223382,1.2097221279168393,0.9629863380206432,1.0168571283510577,-0.0002133313266258,-0.0049081423374899
1722,wave1,Somewhat Risk-Seeking,0.9091347260565892,0.9091347260565892,1.2325279998875327,1.2325279998875327,1.059866132005584,1.059866132005584,0.0003593677081022,0.0003593677081022
962,wave1,Default,0.8510252002650468,0.8192046412400905,1.0785248827320444,0.923374887347946,1.0102465680228871,0.9229982692311676,-0.000432925337204,0.0100927026842404
145,wave1,Extremely Risk-Averse,0.7235982422911927,0.7235982422911927,1.002977771041767,1.002977771041767,0.9571106710608228,0.9571106710608228,0.0048070782645283,0.0048070782645283
2189,wave1,Somewhat Risk-Averse,0.8257673587168953,0.8174996949366053,0.980068085374864,1.1052268863518486,0.9059260114899712,0.9661062002425456,0.0109506758471924,-0.0034237072719685
2254,wave1,Risk-Neutral,0.8501996032125742,0.8337089823337794,1.010271119891622,1.0280559082002387,0.9856873562296196,0.9886484117177106,0.0101768393488602,0.0096417190926177
1138,wave1,Default,0.7502949221580859,0.7410949850043425,0.9467445849708424,0.990337607817342,0.8551541587636318,0.9071878993056856,0.0056316172942126,0.0053822957428343
1338,wave1,Somewhat Risk-Averse,0.6416088312040806,0.7591314620509416,0.9679946853692198,1.10408142306213,0.9506543831167306,0.9413483791091012,0.0047412538915678,-0.0032677120668725
1385,wave1,Extremely Risk-Seeking,0.90219213891666,0.90219213891666,1.101211011657678,1.101211011657678,1.0173096373416857,1.0173096373416857,0.0010557708795878,0.0010557708795878
556,wave1,Somewhat Risk-Seeking,0.6281565730078288,0.6281565730078288,0.9707575245550336,0.9707575245550336,0.9313434900937232,0.9313434900937232,0.00787871116035,0.00787871116035
1664,wave1,Default,0.825596344521227,0.825596344521227,0.9791655540991104,0.9791655540991104,0.9280212259061386,0.9280212259061386,0.0043424929691657,0.0043424929691657
1582,wave1,Somewhat Risk-Seeking,0.8291334127386324,0.8290767711605713,1.1152364495630416,1.0458657051376334,1.0059687038151028,1.0113070651461409,-0.003256800970118,0.0024500762142454
431,wave1,Risk-Neutral,0.8150481270049303,0.8150481270049303,0.9485745455053012,0.9485745455053012,0.942534069222911,0.942534069222911,0.0082715825737669,0.0082715825737669
2047,wave1,Risk-Neutral,0.7579961973327749,0.5728367171726209,1.137746462680942,1.0003243495735792,0.9844596920070526,0.933801332735393,-0.0033188867581938,-0.0002157971299932
1228,wave1,Extremely Risk-Seeking,0.7224112950226147,0.811737339523269,1.1001783410448898,0.9496254348105886,0.9536266902714868,0.9264822975841258,-0.0022078449908173,0.0050608296988124
2204,wave1,Extremely Risk-Averse,0.6394170710545843,0.5832051577717381,0.9298569073680816,0.9176756315497075,0.9057601263352516,0.9042913957605232,0.0120238245253474,0.0042608533875945
1963,wave1,Default,0.8273544960746881,0.8250382095633316,0.9756075773604118,1.0164934887075572,0.9638176883719876,0.9735399443436176,0.0079770829289966,0.0081466962754691
2226,wave1,Default,0.653132399345717,0.653132399345717,0.9459343533340332,0.9459343533340332,0.915572402094409,0.915572402094409,0.0103823730279025,0.0103823730279025
2042,wave1,Somewhat Risk-Averse,0.744791063259599,0.7853303012701327,0.9510792617524892,1.0465835315610843,0.8916788564237864,0.9337193752464512,0.0114763276018154,-0.0016364885820157
541,wave1,Risk-Neutral,0.7262045329520196,0.7262045329520196,1.0802660777065989,1.0802660777065989,0.9364004990757144,0.9364004990757144,0.000854223086779,0.000854223086779
1592,wave1,Somewhat Risk-Seeking,0.7862051208254504,0.8530024924080712,1.0549941988944684,1.0289758310154826,0.9574455347930636,0.9797383530478874,0.0059294584209815,0.003390977106295
1443,wave1,Somewhat Risk-Seeking,0.7427864974053284,0.7742936146979137,0.965764715282736,1.0386552588578088,0.979129674876656,0.9837498703016724,0.0067471196585615,0.0040408211354903
2213,wave1,Extremely Risk-Averse,0.7673082872872845,0.7673082872872845,1.084175377354934,1.084175377354934,1.0022195271180616,1.0022195271180616,-0.0021135561413903,-0.0021135561413903
941,wave1,Default,0.6914343798941059,0.6914343798941059,0.8779373154507055,0.8779373154507055,0.7972759841241734,0.7972759841241734,0.0091620184218963,0.0091620184218963
1079,wave1,Extremely Risk-Averse,0.8291793094589942,0.8635152215993175,0.9270451168710514,1.1327776859729377,0.9211033429501172,1.0230754640719406,0.0127576928893721,-0.0059411810816361
1801,wave1,Somewhat Risk-Seeking,0.6692252680860725,0.6692252680860725,1.0742789467699976,1.0742789467699976,0.9553750978700848,0.9553750978700848,0.0012533031448686,0.0012533031448686
1142,wave1,Somewhat Risk-Seeking,0.7728634649776146,0.7828897893980695,1.0287379610692726,1.085670698286656,1.0054847503823057,1.0201171862155418,-0.0032257583404686,-0.0005940150629738
225,wave1,Risk-Neutral,0.8351909194850939,0.752112011468874,1.1050865626511368,1.1120445846442717,1.0300150319717194,0.9673884048726824,0.005078294067327,0.0006666701873742
792,wave1,Somewhat Risk-Seeking,0.5813405201875814,0.7127872333302991,0.9435500421372034,0.8954876664439265,0.917019166987952,0.8981990985519375,0.0084284210914105,0.0106483817805133
1924,wave1,Somewhat Risk-Averse,0.8471212972754983,0.8471212972754983,1.08595964683281,1.08595964683281,1.0074367474354726,1.0074367474354726,-0.0047720535413868,-0.0047720535413868
699,wave1,Risk-Neutral,0.7063913404039415,0.7063913404039415,1.0291204196886168,1.0291204196886168,0.968686230267463,0.968686230267463,0.005044967385712,0.005044967385712
1365,wave1,Default,0.7527341772833381,0.7527341772833381,1.1416338119197549,1.1416338119197549,1.0154871253439377,1.0154871253439377,-0.0046635449170704,-0.0046635449170704
767,wave1,Risk-Neutral,0.8023065273582577,0.8023065273582577,1.1503319337331626,1.1503319337331626,0.9922852316148192,0.9922852316148192,-0.0048334152707912,-0.0048334152707912
1752,wave1,Default,0.8997018273085463,0.8997018273085463,1.13740026283206,1.13740026283206,1.0444144907973738,1.0444144907973738,0.0043009670932128,0.0043009670932128
1274,wave1,Default,0.8831283539441654,0.8831283539441654,1.200044752620043,1.200044752620043,1.0577416652008027,1.0577416652008027,0.0011524362272155,0.0011524362272155
1629,wave1,Somewhat Risk-Seeking,0.8734902629039037,0.8734902629039037,1.0571212374800207,1.0571212374800207,0.9945000370341712,0.9945000370341712,-0.0018426248479293,-0.0018426248479293
1061,wave3,Somewhat Risk-Averse,0.7424091998232597,0.7424091998232597,0.9925852575986126,0.9925852575986126,0.936005943752774,0.936005943752774,0.0047891941840608,0.0047891941840608
24,wave3,Somewhat Risk-Averse,0.7830512892729186,0.7830512892729186,1.012204910972216,1.012204910972216,0.9768431987578172,0.9768431987578172,0.0112911520124478,0.0112911520124478
693,wave3,Extremely Risk-Averse,0.880944007927147,,1.1772110645210307,,1.0509319876029346,,-0.0059571648306414,
484,wave1,Extremely Risk-Averse,0.7566567704447459,0.7566567704447459,0.9655913800203996,0.9655913800203996,0.9514219411765852,0.9514219411765852,0.0032330787843227,0.0032330787843227
148,wave1,Somewhat Risk-Seeking,0.6157859325140183,0.6157859325140183,0.9382904128818468,0.9382904128818468,0.9084088365664914,0.9084088365664914,0.0139154103517284,0.0139154103517284
268,wave1,Risk-Neutral,0.7782115809554336,0.7782115809554336,1.0747095796328343,1.0747095796328343,0.9862414188039887,0.9862414188039887,-0.0026867642575953,-0.0026867642575953
876,wave1,Risk-Neutral,0.6757459614728136,0.6757459614728136,0.9543962000621368,0.9543962000621368,0.9611003457526022,0.9611003457526022,0.0040958211653685,0.0040958211653685
934,wave1,Somewhat Risk-Seeking,0.6999877603893861,0.6999877603893861,1.0072007378177232,1.0072007378177232,0.9548971034441844,0.9548971034441844,-0.0008429343161438,-0.0008429343161438
1267,wave1,Extremely Risk-Averse,0.8291804373292604,0.8291804373292604,1.143652709155064,1.143652709155064,1.0053593588732124,1.0053593588732124,0.007199080890919,0.007199080890919
1842,wave1,Somewhat Risk-Seeking,0.7441506017514602,0.7441506017514602,0.8816095285856914,0.8816095285856914,0.853492013323838,0.853492013323838,0.0108447467803937,0.0108447467803937
464,wave1,Extremely Risk-Averse,0.7444606146546865,0.7444606146546865,1.127855239311944,1.127855239311944,0.9792921726848116,0.9792921726848116,-0.002992723635688,-0.002992723635688
1217,wave1,Extremely Risk-Seeking,0.860665694235033,0.860665694235033,1.147313757342206,1.147313757342206,1.031960789546515,1.031960789546515,-0.0081499583513384,-0.0081499583513384
63,wave1,Somewhat Risk-Seeking,0.8165270287373182,0.8165270287373182,1.1839583651998102,1.1839583651998102,1.0161246185967652,1.0161246185967652,-0.0035823483738259,-0.0035823483738259
2167,wave1,Somewhat Risk-Seeking,0.6661988312223489,0.6661988312223489,0.976761650063922,0.976761650063922,0.8658476807808583,0.8658476807808583,0.0064234398827773,0.0064234398827773
306,wave1,Default,0.8247797928492014,0.8247797928492014,1.0969244208653015,1.0969244208653015,1.0115778983100416,1.0115778983100416,-0.0036769689936206,-0.0036769689936206
310,wave1,Extremely Risk-Averse,0.8006724941784538,0.8006724941784538,1.0496908612234992,1.0496908612234992,0.9963429993579396,0.9963429993579396,0.0003462634613027,0.0003462634613027
1347,wave1,Default,0.7084404320373227,0.7084404320373227,1.058044945653548,1.058044945653548,0.97229622757538,0.97229622757538,0.0085737520485657,0.0085737520485657
138,wave1,Somewhat Risk-Averse,0.6860944203074184,0.6860944203074184,1.036916655827169,1.036916655827169,0.9718050465249026,0.9718050465249026,-0.0013064947710253,-0.0013064947710253
