ExperimentType,UID,NID,PrePerformance,PostPerformance,PerceivedImproveCode,AIInterMean,UStanceLabel,UIdeo,AICorrectness
Single_AI_Non_Biased,30,1,1,0.5,5,Very meaningful,Somewhat Democrat,Liberal,0.5
Single_AI_Non_Biased,30,8,0.7,1,5,Very meaningful,Somewhat Democrat,Liberal,1
Single_AI_Non_Biased,30,18,1,0.5,5,Very meaningful,Somewhat Democrat,Liberal,0.5
Single_AI_Non_Biased,60,3,0.5,0.09999999999999998,3,Moderately meaningful,Strong Democrat,Moderate,0
Single_AI_Non_Biased,60,12,0.09999999999999998,0.09999999999999998,3,Moderately meaningful,Strong Democrat,Moderate,0.5
Single_AI_Non_Biased,60,16,0.19999999999999996,0.19999999999999996,3,Moderately meaningful,Strong Democrat,Moderate,0.5
Single_AI_Non_Biased,66,2,0.5,0.8,4,Very meaningful,Strong Democrat,Conservative,1
Single_AI_Non_Biased,66,11,0.09999999999999998,0.09999999999999998,4,Very meaningful,Strong Democrat,Conservative,0.1999999999999999
Single_AI_Non_Biased,66,17,0.5,0.5,4,Very meaningful,Strong Democrat,Conservative,0.5
Single_AI_Non_Biased,69,5,0.8,0.6,5,Extremely meaningful,Independent,Moderate,1
Single_AI_Non_Biased,69,7,0.19999999999999996,0,5,Extremely meaningful,Independent,Moderate,0
Single_AI_Non_Biased,69,16,0.09999999999999998,1,5,Extremely meaningful,Independent,Moderate,0.7
Single_AI_Non_Biased,81,3,0.7,0.09999999999999998,5,Extremely meaningful,Somewhat Democrat,Liberal,0
Single_AI_Non_Biased,81,7,0.19999999999999996,0,5,Extremely meaningful,Somewhat Democrat,Liberal,0.0999999999999999
Single_AI_Non_Biased,81,14,0.30000000000000004,0.8,5,Extremely meaningful,Somewhat Democrat,Liberal,1
Single_AI_Non_Biased,96,5,0.6,0.7,4,Very meaningful,Somewhat Democrat,Liberal,1
Single_AI_Non_Biased,96,10,0.8,0,4,Very meaningful,Somewhat Democrat,Liberal,0
Single_AI_Non_Biased,96,17,0.09999999999999998,0.09999999999999998,4,Very meaningful,Somewhat Democrat,Liberal,0.5
Single_AI_Non_Biased,111,1,0.7,0.6,4,Very meaningful,Independent,Conservative,0.5
Single_AI_Non_Biased,111,8,0.7,0.9,4,Very meaningful,Independent,Conservative,1
Single_AI_Non_Biased,111,15,0.9,0.09999999999999998,4,Very meaningful,Independent,Conservative,0
Single_AI_Non_Biased,138,5,0.6,1,3,Extremely meaningful,Strong Democrat,Slightly liberal,1
Single_AI_Non_Biased,138,11,0.09999999999999998,0.09999999999999998,3,Extremely meaningful,Strong Democrat,Slightly liberal,0.1999999999999999
Single_AI_Non_Biased,138,15,0.5,0,3,Extremely meaningful,Strong Democrat,Slightly liberal,0
Single_AI_Non_Biased,168,3,0,0,5,Extremely meaningful,Somewhat Republican,Extremely conservative,0
Single_AI_Non_Biased,168,10,1,1,5,Extremely meaningful,Somewhat Republican,Extremely conservative,0
Single_AI_Non_Biased,168,18,0.5,0.5,5,Extremely meaningful,Somewhat Republican,Extremely conservative,0.5
Single_AI_Non_Biased,171,4,0.30000000000000004,0.9,5,Very meaningful,Independent,Moderate,1
Single_AI_Non_Biased,171,8,0.8,1,5,Very meaningful,Independent,Moderate,1
Single_AI_Non_Biased,171,15,0.9,0.09999999999999998,5,Very meaningful,Independent,Moderate,0
Single_AI_Non_Biased,183,1,0.7,0.5,4,Moderately meaningful,Somewhat Democrat,Slightly liberal,0.5
Single_AI_Non_Biased,183,8,0.9,1,4,Moderately meaningful,Somewhat Democrat,Slightly liberal,1
Single_AI_Non_Biased,183,16,0.19999999999999996,1,4,Moderately meaningful,Somewhat Democrat,Slightly liberal,0.5
Single_AI_Non_Biased,252,1,0.9,0.6,5,Extremely meaningful,Strong Democrat,Liberal,0.5
Single_AI_Non_Biased,252,10,0.5,0,5,Extremely meaningful,Strong Democrat,Liberal,0
Single_AI_Non_Biased,252,14,0.5,1,5,Extremely meaningful,Strong Democrat,Liberal,1
Single_AI_Non_Biased,282,5,1,0.7,1,Not meaningful at all,Independent,Liberal,0.5
Single_AI_Non_Biased,282,11,0.19999999999999996,0.19999999999999996,1,Not meaningful at all,Independent,Liberal,0.5
Single_AI_Non_Biased,282,14,0.5,0.6,1,Not meaningful at all,Independent,Liberal,1
Single_AI_Non_Biased,336,4,0.5,0.5,4,Very meaningful,Independent,Liberal,1
Single_AI_Non_Biased,336,7,0.5,0.30000000000000004,4,Very meaningful,Independent,Liberal,0
Single_AI_Non_Biased,336,16,0.5,0.8,4,Very meaningful,Independent,Liberal,0.5
Single_AI_Non_Biased,372,4,0.30000000000000004,0.9,4,Very meaningful,Strong Democrat,Liberal,1
Single_AI_Non_Biased,372,12,0.6,0.09999999999999998,4,Very meaningful,Strong Democrat,Liberal,0.7
Single_AI_Non_Biased,372,14,0.5,1,4,Very meaningful,Strong Democrat,Liberal,1
Single_AI_Non_Biased,390,2,0.19999999999999996,1,4,Very meaningful,Somewhat Republican,Conservative,1
Single_AI_Non_Biased,390,9,1,1,4,Very meaningful,Somewhat Republican,Conservative,1
Single_AI_Non_Biased,390,16,0,1,4,Very meaningful,Somewhat Republican,Conservative,0.5
Single_AI_Non_Biased,396,2,0.7,0.8,4,Very meaningful,Strong Republican,Extremely conservative,1
Single_AI_Non_Biased,396,10,0.19999999999999996,0.09999999999999998,4,Very meaningful,Strong Republican,Extremely conservative,0.9
Single_AI_Non_Biased,396,16,0,0.09999999999999998,4,Very meaningful,Strong Republican,Extremely conservative,0.7
Single_AI_Non_Biased,399,6,0.5,0.5,3,Very meaningful,Independent,Moderate,1
Single_AI_Non_Biased,399,12,0.30000000000000004,0.9,3,Very meaningful,Independent,Moderate,0.5
Single_AI_Non_Biased,399,16,0,0.9,3,Very meaningful,Independent,Moderate,0.5
Single_AI_Non_Biased,477,1,1,0.9,2,Slightly meaningful,Strong Republican,Extremely conservative,0.5
Single_AI_Non_Biased,477,10,0.7,1,2,Slightly meaningful,Strong Republican,Extremely conservative,0
Single_AI_Non_Biased,477,16,0,0.7,2,Slightly meaningful,Strong Republican,Extremely conservative,1
Single_AI_Non_Biased,528,4,0.30000000000000004,0.5,5,Very meaningful,Strong Democrat,Moderate,1
Single_AI_Non_Biased,528,7,0.5,0.09999999999999998,5,Very meaningful,Strong Democrat,Moderate,0
Single_AI_Non_Biased,528,13,0.8,0.9,5,Very meaningful,Strong Democrat,Moderate,1
Single_AI_Non_Biased,555,6,0.30000000000000004,1,5,Very meaningful,Strong Democrat,Extremely liberal,1
Single_AI_Non_Biased,555,10,1,0.30000000000000004,5,Very meaningful,Strong Democrat,Extremely liberal,0
Single_AI_Non_Biased,555,16,0.30000000000000004,1,5,Very meaningful,Strong Democrat,Extremely liberal,0.7
Single_AI_Non_Biased,576,6,0.30000000000000004,0.30000000000000004,3,Moderately meaningful,Somewhat Democrat,Slightly liberal,1
Single_AI_Non_Biased,576,7,0.5,0.7,3,Moderately meaningful,Somewhat Democrat,Slightly liberal,0.0999999999999999
Single_AI_Non_Biased,576,16,0.5,0.7,3,Moderately meaningful,Somewhat Democrat,Slightly liberal,0.7
Single_AI_Non_Biased,648,5,1,0.7,5,Very meaningful,Somewhat Democrat,Liberal,1
Single_AI_Non_Biased,648,8,0.5,0.8,5,Very meaningful,Somewhat Democrat,Liberal,1
Single_AI_Non_Biased,648,14,0.6,0.8,5,Very meaningful,Somewhat Democrat,Liberal,1
Single_AI_Non_Biased,651,2,0.30000000000000004,0.5,4,Very meaningful,Independent,Slightly liberal,1
Single_AI_Non_Biased,651,12,0.09999999999999998,0.19999999999999996,4,Very meaningful,Independent,Slightly liberal,0.5
Single_AI_Non_Biased,651,16,0.19999999999999996,0.09999999999999998,4,Very meaningful,Independent,Slightly liberal,0.5
Single_AI_Non_Biased,672,3,0.5,0.09999999999999998,5,Very meaningful,Strong Democrat,Liberal,0
Single_AI_Non_Biased,672,9,0.8,0.5,5,Very meaningful,Strong Democrat,Liberal,1
Single_AI_Non_Biased,672,18,1,0.6,5,Very meaningful,Strong Democrat,Liberal,0.5
Single_AI_Non_Biased,687,6,0.19999999999999996,0.9,4,Very meaningful,Somewhat Democrat,Liberal,1
Single_AI_Non_Biased,687,8,0.5,0.8,4,Very meaningful,Somewhat Democrat,Liberal,1
Single_AI_Non_Biased,687,16,0.5,0.8,4,Very meaningful,Somewhat Democrat,Liberal,0.7
Single_AI_Non_Biased,699,4,0.8,0.7,3,Moderately meaningful,Somewhat Republican,Conservative,1
Single_AI_Non_Biased,699,11,0,0,3,Moderately meaningful,Somewhat Republican,Conservative,0.5
Single_AI_Non_Biased,699,15,0.8,0.19999999999999996,3,Moderately meaningful,Somewhat Republican,Conservative,0
Single_AI_Non_Biased,711,5,0.8,0.7,4,Very meaningful,Somewhat Democrat,Liberal,1
Single_AI_Non_Biased,711,8,0.9,1,4,Very meaningful,Somewhat Democrat,Liberal,1
Single_AI_Non_Biased,711,18,0.8,0.5,4,Very meaningful,Somewhat Democrat,Liberal,0.5
Single_AI_Non_Biased,750,2,0.30000000000000004,0.8,3,Slightly meaningful,Strong Democrat,Liberal,1
Single_AI_Non_Biased,750,11,0.30000000000000004,0.09999999999999998,3,Slightly meaningful,Strong Democrat,Liberal,0.3
Single_AI_Non_Biased,750,13,0.7,0.9,3,Slightly meaningful,Strong Democrat,Liberal,1
Single_AI_Non_Biased,753,4,0.8,0.9,5,Extremely meaningful,Independent,Slightly conservative,1
Single_AI_Non_Biased,753,8,1,1,5,Extremely meaningful,Independent,Slightly conservative,1
Single_AI_Non_Biased,753,14,0,0.9,5,Extremely meaningful,Independent,Slightly conservative,1
Single_AI_Non_Biased,759,5,0.7,1,4,Moderately meaningful,Strong Democrat,Extremely liberal,1
Single_AI_Non_Biased,759,10,0.19999999999999996,0,4,Moderately meaningful,Strong Democrat,Extremely liberal,0
Single_AI_Non_Biased,759,18,0.8,0.6,4,Moderately meaningful,Strong Democrat,Extremely liberal,0.5
Single_AI_Non_Biased,783,2,0.8,1,5,Very meaningful,Somewhat Republican,Slightly conservative,1
Single_AI_Non_Biased,783,11,0.9,0.09999999999999998,5,Very meaningful,Somewhat Republican,Slightly conservative,0.1999999999999999
Single_AI_Non_Biased,783,14,0.5,0.5,5,Very meaningful,Somewhat Republican,Slightly conservative,1
Single_AI_Non_Biased,810,1,0.7,0.5,2,Moderately meaningful,Strong Republican,Extremely conservative,0.5
Single_AI_Non_Biased,810,8,0.7,1,2,Moderately meaningful,Strong Republican,Extremely conservative,1
Single_AI_Non_Biased,810,16,0.19999999999999996,1,2,Moderately meaningful,Strong Republican,Extremely conservative,0.7
Single_AI_Non_Biased,816,3,0.30000000000000004,0,5,Extremely meaningful,Strong Republican,Conservative,0
Single_AI_Non_Biased,816,8,0.5,1,5,Extremely meaningful,Strong Republican,Conservative,1
Single_AI_Non_Biased,816,13,1,1,5,Extremely meaningful,Strong Republican,Conservative,1
Single_AI_Non_Biased,837,5,0.6,0.6,3,Moderately meaningful,Independent,Moderate,1
Single_AI_Non_Biased,837,10,1,1,3,Moderately meaningful,Independent,Moderate,0
Single_AI_Non_Biased,837,18,1,0.7,3,Moderately meaningful,Independent,Moderate,0.8
Single_AI_Non_Biased,858,3,0.5,0,4,Extremely meaningful,Strong Republican,Conservative,0
Single_AI_Non_Biased,858,10,0.09999999999999998,0,4,Extremely meaningful,Strong Republican,Conservative,0
Single_AI_Non_Biased,858,14,0.19999999999999996,0.9,4,Extremely meaningful,Strong Republican,Conservative,0.9
Single_AI_Non_Biased,876,2,1,1,2,Extremely meaningful,Independent,Moderate,1
Single_AI_Non_Biased,876,10,0.19999999999999996,0,2,Extremely meaningful,Independent,Moderate,1
Single_AI_Non_Biased,876,14,0.6,1,2,Extremely meaningful,Independent,Moderate,1
Single_AI_Non_Biased,900,3,0.19999999999999996,0.09999999999999998,5,Extremely meaningful,Strong Republican,Extremely conservative,1
Single_AI_Non_Biased,900,9,0.7,0.9,5,Extremely meaningful,Strong Republican,Extremely conservative,1
Single_AI_Non_Biased,900,18,1,0.6,5,Extremely meaningful,Strong Republican,Extremely conservative,0.5
Single_AI_Non_Biased,915,6,0.19999999999999996,0.5,2,Slightly meaningful,Independent,Slightly conservative,1
Single_AI_Non_Biased,915,7,0.9,0.5,2,Slightly meaningful,Independent,Slightly conservative,0.0999999999999999
Single_AI_Non_Biased,915,17,0.09999999999999998,0.09999999999999998,2,Slightly meaningful,Independent,Slightly conservative,0.5
Single_AI_Non_Biased,957,6,0.5,0.30000000000000004,4,Very meaningful,Independent,Slightly liberal,1
Single_AI_Non_Biased,957,11,0.09999999999999998,0,4,Very meaningful,Independent,Slightly liberal,0.1999999999999999
Single_AI_Non_Biased,957,16,1,1,4,Very meaningful,Independent,Slightly liberal,0.7
Single_AI_Non_Biased,963,4,0.09999999999999998,0.9,4,Moderately meaningful,Independent,Liberal,1
Single_AI_Non_Biased,963,11,0,0,4,Moderately meaningful,Independent,Liberal,0.5
Single_AI_Non_Biased,963,13,0.9,1,4,Moderately meaningful,Independent,Liberal,1
Single_AI_Non_Biased,1011,2,1,1,5,Extremely meaningful,Strong Republican,Extremely conservative,1
Single_AI_Non_Biased,1011,8,0,1,5,Extremely meaningful,Strong Republican,Extremely conservative,1
Single_AI_Non_Biased,1011,17,0,1,5,Extremely meaningful,Strong Republican,Extremely conservative,0.5
Single_AI_Non_Biased,1014,3,0.5,0.5,2,Moderately meaningful,Strong Republican,Conservative,0
Single_AI_Non_Biased,1014,9,0.30000000000000004,0.6,2,Moderately meaningful,Strong Republican,Conservative,1
Single_AI_Non_Biased,1014,17,0.6,0.6,2,Moderately meaningful,Strong Republican,Conservative,0.5
Single_AI_Non_Biased,1029,5,0.7,0.6,5,Extremely meaningful,Strong Democrat,Liberal,1
Single_AI_Non_Biased,1029,9,0.9,1,5,Extremely meaningful,Strong Democrat,Liberal,1
Single_AI_Non_Biased,1029,16,0.09999999999999998,0.09999999999999998,5,Extremely meaningful,Strong Democrat,Liberal,0.5
Single_AI_Non_Biased,1035,1,1,0.8,4,Very meaningful,Independent,Slightly liberal,0.7
Single_AI_Non_Biased,1035,11,1,0,4,Very meaningful,Independent,Slightly liberal,0.5
Single_AI_Non_Biased,1035,16,0.8,1,4,Very meaningful,Independent,Slightly liberal,1
Single_AI_Non_Biased,1056,4,0.5,1,5,Extremely meaningful,Independent,Liberal,1
Single_AI_Non_Biased,1056,8,0.7,1,5,Extremely meaningful,Independent,Liberal,1
Single_AI_Non_Biased,1056,17,0.5,0.19999999999999996,5,Extremely meaningful,Independent,Liberal,0.5
Single_AI_Non_Biased,1068,3,0.19999999999999996,0,3,Moderately meaningful,Independent,Moderate,0
Single_AI_Non_Biased,1068,10,1,0,3,Moderately meaningful,Independent,Moderate,0
Single_AI_Non_Biased,1068,16,0,0.5,3,Moderately meaningful,Independent,Moderate,0.5
Single_AI_Non_Biased,1071,6,0.4,0.9,5,Extremely meaningful,Somewhat Republican,Slightly conservative,0.9
Single_AI_Non_Biased,1071,12,0.8,0.5,5,Extremely meaningful,Somewhat Republican,Slightly conservative,0.5
Single_AI_Non_Biased,1071,15,0.5,0.09999999999999998,5,Extremely meaningful,Somewhat Republican,Slightly conservative,0
Single_AI_Non_Biased,1074,2,0.30000000000000004,1,4,Very meaningful,Independent,Slightly conservative,1
Single_AI_Non_Biased,1074,7,0.5,0,4,Very meaningful,Independent,Slightly conservative,0
Single_AI_Non_Biased,1074,15,0,0,4,Very meaningful,Independent,Slightly conservative,0
Single_AI_Non_Biased,1101,4,0.09999999999999998,0.09999999999999998,3,Moderately meaningful,Somewhat Democrat,Slightly liberal,1
Single_AI_Non_Biased,1101,7,0.5,0.19999999999999996,3,Moderately meaningful,Somewhat Democrat,Slightly liberal,0
Single_AI_Non_Biased,1101,16,0.9,0.9,3,Moderately meaningful,Somewhat Democrat,Slightly liberal,0.7
Single_AI_Non_Biased,1107,5,0.6,1,3,Moderately meaningful,Strong Democrat,Liberal,1
Single_AI_Non_Biased,1107,8,0.5,0.9,3,Moderately meaningful,Strong Democrat,Liberal,1
Single_AI_Non_Biased,1107,15,0.5,0.8,3,Moderately meaningful,Strong Democrat,Liberal,0
Single_AI_Non_Biased,1125,5,0.5,0.5,1,Not meaningful at all,Strong Republican,Conservative,1
Single_AI_Non_Biased,1125,7,0.5,0.5,1,Not meaningful at all,Strong Republican,Conservative,0
Single_AI_Non_Biased,1125,16,0.5,0.5,1,Not meaningful at all,Strong Republican,Conservative,0.5
Single_AI_Non_Biased,1146,6,0.5,0.7,3,Moderately meaningful,Independent,Slightly conservative,1
Single_AI_Non_Biased,1146,10,0,0,3,Moderately meaningful,Independent,Slightly conservative,0.9
Single_AI_Non_Biased,1146,14,0.9,1,3,Moderately meaningful,Independent,Slightly conservative,1
Single_AI_Non_Biased,1149,1,1,0.7,3,Moderately meaningful,Strong Democrat,Extremely liberal,0.5
Single_AI_Non_Biased,1149,11,0.5,0.8,3,Moderately meaningful,Strong Democrat,Extremely liberal,0.1999999999999999
Single_AI_Non_Biased,1149,16,0.5,0.8,3,Moderately meaningful,Strong Democrat,Extremely liberal,0.7
Single_AI_Non_Biased,1152,2,0.9,1,4,Very meaningful,Strong Republican,Conservative,1
Single_AI_Non_Biased,1152,7,0.8,0.19999999999999996,4,Very meaningful,Strong Republican,Conservative,0
Single_AI_Non_Biased,1152,13,1,1,4,Very meaningful,Strong Republican,Conservative,0.0999999999999999
Single_AI_Non_Biased,1200,3,0,0,4,Extremely meaningful,Somewhat Democrat,Liberal,0
Single_AI_Non_Biased,1200,11,0.09999999999999998,0,4,Extremely meaningful,Somewhat Democrat,Liberal,0.5
Single_AI_Non_Biased,1200,17,0.09999999999999998,0.8,4,Extremely meaningful,Somewhat Democrat,Liberal,0.5
Single_AI_Non_Biased,1311,5,0.8,1,4,Very meaningful,Somewhat Republican,Slightly conservative,1
Single_AI_Non_Biased,1311,11,0,0.09999999999999998,4,Very meaningful,Somewhat Republican,Slightly conservative,0.3
Single_AI_Non_Biased,1311,16,0.30000000000000004,0.9,4,Very meaningful,Somewhat Republican,Slightly conservative,0.5
Single_AI_Non_Biased,1320,4,0.19999999999999996,0.9,5,Extremely meaningful,Strong Republican,Extremely conservative,1
Single_AI_Non_Biased,1320,12,0.9,1,5,Extremely meaningful,Strong Republican,Extremely conservative,0.8
Single_AI_Non_Biased,1320,15,1,0,5,Extremely meaningful,Strong Republican,Extremely conservative,0
Single_AI_Non_Biased,1323,1,1,0.6,4,Slightly meaningful,Somewhat Republican,Conservative,0.5
Single_AI_Non_Biased,1323,9,0.30000000000000004,0.6,4,Slightly meaningful,Somewhat Republican,Conservative,1
Single_AI_Non_Biased,1323,13,0.8,1,4,Slightly meaningful,Somewhat Republican,Conservative,0.9
Single_AI_Non_Biased,1338,4,0.5,0.8,3,Moderately meaningful,Strong Republican,Slightly liberal,1
Single_AI_Non_Biased,1338,7,0.7,0.19999999999999996,3,Moderately meaningful,Strong Republican,Slightly liberal,0
Single_AI_Non_Biased,1338,17,0.19999999999999996,0.30000000000000004,3,Moderately meaningful,Strong Republican,Slightly liberal,0.5
Single_AI_Non_Biased,1347,4,0.19999999999999996,0.9,4,Moderately meaningful,Somewhat Democrat,Slightly liberal,1
Single_AI_Non_Biased,1347,12,0.8,0.19999999999999996,4,Moderately meaningful,Somewhat Democrat,Slightly liberal,0.5
Single_AI_Non_Biased,1347,15,0.5,0.19999999999999996,4,Moderately meaningful,Somewhat Democrat,Slightly liberal,0
Single_AI_Non_Biased,1359,1,0.8,0.7,4,Very meaningful,Independent,Slightly liberal,0.8
Single_AI_Non_Biased,1359,8,0.5,0.8,4,Very meaningful,Independent,Slightly liberal,1
Single_AI_Non_Biased,1359,15,0.5,0.7,4,Very meaningful,Independent,Slightly liberal,0.5
Single_AI_Non_Biased,1371,2,0.7,0.7,3,Moderately meaningful,Independent,Moderate,1
Single_AI_Non_Biased,1371,9,0.5,0.6,3,Moderately meaningful,Independent,Moderate,1
Single_AI_Non_Biased,1371,16,0,1,3,Moderately meaningful,Independent,Moderate,1
Single_AI_Non_Biased,1392,2,0.7,0.9,4,Moderately meaningful,Independent,Slightly liberal,1
Single_AI_Non_Biased,1392,9,1,1,4,Moderately meaningful,Independent,Slightly liberal,1
Single_AI_Non_Biased,1392,16,0.8,1,4,Moderately meaningful,Independent,Slightly liberal,0.5
Single_AI_Non_Biased,1431,3,0.5,0.09999999999999998,5,Very meaningful,Strong Democrat,Liberal,0
Single_AI_Non_Biased,1431,10,0.19999999999999996,0,5,Very meaningful,Strong Democrat,Liberal,0
Single_AI_Non_Biased,1431,17,0.09999999999999998,0.19999999999999996,5,Very meaningful,Strong Democrat,Liberal,0.5
Single_AI_Non_Biased,1437,2,0.19999999999999996,0,1,Not meaningful at all,Strong Democrat,Extremely liberal,1
Single_AI_Non_Biased,1437,9,1,1,1,Not meaningful at all,Strong Democrat,Extremely liberal,1
Single_AI_Non_Biased,1437,16,0.7,1,1,Not meaningful at all,Strong Democrat,Extremely liberal,0.7
Single_AI_Non_Biased,1440,4,0.09999999999999998,0.9,4,Moderately meaningful,Strong Democrat,Extremely liberal,1
Single_AI_Non_Biased,1440,9,1,1,4,Moderately meaningful,Strong Democrat,Extremely liberal,1
Single_AI_Non_Biased,1440,16,0.5,0.8,4,Moderately meaningful,Strong Democrat,Extremely liberal,0.5
Single_AI_Non_Biased,1443,1,1,0.6,4,Extremely meaningful,Independent,Moderate,0.5
Single_AI_Non_Biased,1443,9,0.9,1,4,Extremely meaningful,Independent,Moderate,1
Single_AI_Non_Biased,1443,16,0.5,1,4,Extremely meaningful,Independent,Moderate,1
Single_AI_Non_Biased,1452,3,0.19999999999999996,0,2,Extremely meaningful,Independent,Moderate,0
Single_AI_Non_Biased,1452,8,0.8,1,2,Extremely meaningful,Independent,Moderate,1
Single_AI_Non_Biased,1452,18,0.8,0.5,2,Extremely meaningful,Independent,Moderate,0.5
Single_AI_Non_Biased,1470,1,0.8,0.6,1,Slightly meaningful,Independent,Moderate,0.7
Single_AI_Non_Biased,1470,7,0.19999999999999996,0.19999999999999996,1,Slightly meaningful,Independent,Moderate,0
Single_AI_Non_Biased,1470,15,0.5,0.5,1,Slightly meaningful,Independent,Moderate,0.5
Single_AI_Non_Biased,1482,4,0.19999999999999996,1,5,Extremely meaningful,Independent,Slightly liberal,1
Single_AI_Non_Biased,1482,7,1,0,5,Extremely meaningful,Independent,Slightly liberal,0
Single_AI_Non_Biased,1482,15,0.5,0,5,Extremely meaningful,Independent,Slightly liberal,0
Single_AI_Non_Biased,1488,1,1,0.8,4,Very meaningful,Independent,Moderate,0.5
Single_AI_Non_Biased,1488,12,0.19999999999999996,0.19999999999999996,4,Very meaningful,Independent,Moderate,0.5
Single_AI_Non_Biased,1488,18,0.7,0.6,4,Very meaningful,Independent,Moderate,0.5
Single_AI_Non_Biased,1503,3,0.7,0,5,Very meaningful,Strong Democrat,Liberal,0
Single_AI_Non_Biased,1503,7,0.19999999999999996,0,5,Very meaningful,Strong Democrat,Liberal,0.0999999999999999
Single_AI_Non_Biased,1503,15,0.5,0.09999999999999998,5,Very meaningful,Strong Democrat,Liberal,0
Single_AI_Non_Biased,1515,3,0.7,0.30000000000000004,3,Moderately meaningful,Independent,Liberal,0
Single_AI_Non_Biased,1515,7,1,1,3,Moderately meaningful,Independent,Liberal,0
Single_AI_Non_Biased,1515,16,0.8,0.9,3,Moderately meaningful,Independent,Liberal,0.5
Single_AI_Non_Biased,1521,3,0.19999999999999996,0.09999999999999998,4,Very meaningful,Strong Democrat,Extremely liberal,0
Single_AI_Non_Biased,1521,9,0.9,1,4,Very meaningful,Strong Democrat,Extremely liberal,1
Single_AI_Non_Biased,1521,15,0.19999999999999996,0.19999999999999996,4,Very meaningful,Strong Democrat,Extremely liberal,0.3
Single_AI_Non_Biased,1524,6,0.19999999999999996,0.9,5,Very meaningful,Somewhat Republican,Slightly liberal,1
Single_AI_Non_Biased,1524,9,0.30000000000000004,1,5,Very meaningful,Somewhat Republican,Slightly liberal,1
Single_AI_Non_Biased,1524,15,0.7,0.09999999999999998,5,Very meaningful,Somewhat Republican,Slightly liberal,0
Single_AI_Non_Biased,1569,5,0.6,0.5,4,Very meaningful,Independent,Slightly conservative,1
Single_AI_Non_Biased,1569,12,0.5,0.09999999999999998,4,Very meaningful,Independent,Slightly conservative,0.5
Single_AI_Non_Biased,1569,13,0.8,1,4,Very meaningful,Independent,Slightly conservative,1
Single_AI_Non_Biased,1587,5,0.5,0.5,5,Very meaningful,Strong Republican,Conservative,1
Single_AI_Non_Biased,1587,11,1,0.09999999999999998,5,Very meaningful,Strong Republican,Conservative,0.3
Single_AI_Non_Biased,1587,13,0.8,0.9,5,Very meaningful,Strong Republican,Conservative,1
Single_AI_Non_Biased,1593,6,0.09999999999999998,0.5,5,Very meaningful,Independent,Moderate,1
Single_AI_Non_Biased,1593,10,0.8,1,5,Very meaningful,Independent,Moderate,0.9
Single_AI_Non_Biased,1593,15,0.5,0.19999999999999996,5,Very meaningful,Independent,Moderate,0
Single_AI_Non_Biased,1596,4,0,0.30000000000000004,4,Extremely meaningful,Strong Democrat,Liberal,1
Single_AI_Non_Biased,1596,7,0.5,0.09999999999999998,4,Extremely meaningful,Strong Democrat,Liberal,0
Single_AI_Non_Biased,1596,14,1,0.9,4,Extremely meaningful,Strong Democrat,Liberal,1
Single_AI_Non_Biased,1605,3,0.7,0,5,Extremely meaningful,Strong Democrat,Extremely liberal,1
Single_AI_Non_Biased,1605,8,0.8,1,5,Extremely meaningful,Strong Democrat,Extremely liberal,1
Single_AI_Non_Biased,1605,17,0.5,0.5,5,Extremely meaningful,Strong Democrat,Extremely liberal,0.5
Single_AI_Non_Biased,1614,3,0.5,0.19999999999999996,3,Moderately meaningful,Strong Republican,Extremely conservative,0
Single_AI_Non_Biased,1614,10,1,1,3,Moderately meaningful,Strong Republican,Extremely conservative,0
Single_AI_Non_Biased,1614,18,1,0.7,3,Moderately meaningful,Strong Republican,Extremely conservative,0.5
Single_AI_Non_Biased,1617,6,0.09999999999999998,0.8,5,Very meaningful,Somewhat Republican,Conservative,1
Single_AI_Non_Biased,1617,7,0.6,0.4,5,Very meaningful,Somewhat Republican,Conservative,0
Single_AI_Non_Biased,1617,17,0.5,0.6,5,Very meaningful,Somewhat Republican,Conservative,0.5
Single_AI_Non_Biased,1623,2,0.5,0.7,3,Moderately meaningful,Independent,Slightly conservative,1
Single_AI_Non_Biased,1623,11,1,1,3,Moderately meaningful,Independent,Slightly conservative,0.5
Single_AI_Non_Biased,1623,15,0.5,1,3,Moderately meaningful,Independent,Slightly conservative,0.5
Single_AI_Non_Biased,1638,4,0.5,0.5,3,Moderately meaningful,Independent,Moderate,1
Single_AI_Non_Biased,1638,11,0,0,3,Moderately meaningful,Independent,Moderate,0.1999999999999999
Single_AI_Non_Biased,1638,15,0.8,0.8,3,Moderately meaningful,Independent,Moderate,0
Single_AI_Non_Biased,1674,3,0.9,0,3,Moderately meaningful,Strong Republican,Extremely conservative,0
Single_AI_Non_Biased,1674,7,1,1,3,Moderately meaningful,Strong Republican,Extremely conservative,0.0999999999999999
Single_AI_Non_Biased,1674,17,1,1,3,Moderately meaningful,Strong Republican,Extremely conservative,0.5
Single_AI_Non_Biased,1683,3,0.30000000000000004,0.09999999999999998,5,Extremely meaningful,Independent,Liberal,0
Single_AI_Non_Biased,1683,9,0.8,1,5,Extremely meaningful,Independent,Liberal,1
Single_AI_Non_Biased,1683,14,0.19999999999999996,0.8,5,Extremely meaningful,Independent,Liberal,1
Single_AI_Non_Biased,1707,2,0.5,0.5,1,Not meaningful at all,Independent,Moderate,1
Single_AI_Non_Biased,1707,11,0,0,1,Not meaningful at all,Independent,Moderate,0.5
Single_AI_Non_Biased,1707,15,1,1,1,Not meaningful at all,Independent,Moderate,0
Single_AI_Non_Biased,1716,1,1,0.8,3,Very meaningful,Strong Democrat,Liberal,0.5
Single_AI_Non_Biased,1716,9,0.8,0.9,3,Very meaningful,Strong Democrat,Liberal,1
Single_AI_Non_Biased,1716,14,0.7,0.9,3,Very meaningful,Strong Democrat,Liberal,1
Single_AI_Non_Biased,1731,5,0.6,1,4,Moderately meaningful,Strong Republican,Conservative,1
Single_AI_Non_Biased,1731,8,0.5,1,4,Moderately meaningful,Strong Republican,Conservative,1
Single_AI_Non_Biased,1731,17,0.8,0.8,4,Moderately meaningful,Strong Republican,Conservative,0.5
Single_AI_Non_Biased,1746,3,0.5,0.09999999999999998,4,Extremely meaningful,Strong Democrat,Liberal,0
Single_AI_Non_Biased,1746,12,0.5,0,4,Extremely meaningful,Strong Democrat,Liberal,0.5
Single_AI_Non_Biased,1746,15,0.5,0,4,Extremely meaningful,Strong Democrat,Liberal,0
Single_AI_Non_Biased,1764,6,0.09999999999999998,0.9,4,Extremely meaningful,Somewhat Republican,Conservative,1
Single_AI_Non_Biased,1764,12,0.8,1,4,Extremely meaningful,Somewhat Republican,Conservative,0.5
Single_AI_Non_Biased,1764,16,1,1,4,Extremely meaningful,Somewhat Republican,Conservative,1
Single_AI_Non_Biased,1773,1,0.8,0.6,4,Moderately meaningful,Independent,Slightly liberal,0.5
Single_AI_Non_Biased,1773,11,0.19999999999999996,0.30000000000000004,4,Moderately meaningful,Independent,Slightly liberal,0.1999999999999999
Single_AI_Non_Biased,1773,16,0.5,0.8,4,Moderately meaningful,Independent,Slightly liberal,0.5
Single_AI_Non_Biased,1779,4,0.8,1,5,Extremely meaningful,Somewhat Democrat,Slightly liberal,1
Single_AI_Non_Biased,1779,9,0.30000000000000004,1,5,Extremely meaningful,Somewhat Democrat,Slightly liberal,1
Single_AI_Non_Biased,1779,14,0.9,1,5,Extremely meaningful,Somewhat Democrat,Slightly liberal,1
Single_AI_Non_Biased,1803,4,0.30000000000000004,0.8,3,Moderately meaningful,Somewhat Democrat,Slightly liberal,1
Single_AI_Non_Biased,1803,12,0.19999999999999996,0.30000000000000004,3,Moderately meaningful,Somewhat Democrat,Slightly liberal,0.7
Single_AI_Non_Biased,1803,15,0.5,0.09999999999999998,3,Moderately meaningful,Somewhat Democrat,Slightly liberal,0
Single_AI_Non_Biased,1806,3,0.09999999999999998,0,3,Moderately meaningful,Somewhat Democrat,Liberal,0
Single_AI_Non_Biased,1806,11,0.09999999999999998,0,3,Moderately meaningful,Somewhat Democrat,Liberal,0.1999999999999999
Single_AI_Non_Biased,1806,13,0.8,1,3,Moderately meaningful,Somewhat Democrat,Liberal,1
Single_AI_Non_Biased,1842,2,0.09999999999999998,1,5,Extremely meaningful,Independent,Moderate,1
Single_AI_Non_Biased,1842,8,1,1,5,Extremely meaningful,Independent,Moderate,1
Single_AI_Non_Biased,1842,17,0.19999999999999996,0,5,Extremely meaningful,Independent,Moderate,0.5
Single_AI_Non_Biased,1893,2,0.8,0.8,3,Very meaningful,Strong Democrat,Extremely liberal,0.9
Single_AI_Non_Biased,1893,12,0.7,0.19999999999999996,3,Very meaningful,Strong Democrat,Extremely liberal,0.5
Single_AI_Non_Biased,1893,18,0.8,0.5,3,Very meaningful,Strong Democrat,Extremely liberal,0.5
Single_AI_Non_Biased,1896,2,0.09999999999999998,0.9,5,Extremely meaningful,Somewhat Republican,Slightly conservative,1
Single_AI_Non_Biased,1896,11,1,0.09999999999999998,5,Extremely meaningful,Somewhat Republican,Slightly conservative,0.1999999999999999
Single_AI_Non_Biased,1896,15,0,0.5,5,Extremely meaningful,Somewhat Republican,Slightly conservative,0.5
Single_AI_Non_Biased,1899,5,0.8,0.7,5,Extremely meaningful,Somewhat Republican,Slightly conservative,1
Single_AI_Non_Biased,1899,9,0.19999999999999996,0.9,5,Extremely meaningful,Somewhat Republican,Slightly conservative,1
Single_AI_Non_Biased,1899,15,0.19999999999999996,0.09999999999999998,5,Extremely meaningful,Somewhat Republican,Slightly conservative,0
Single_AI_Non_Biased,1911,4,0.8,1,3,Very meaningful,Somewhat Republican,Conservative,1
Single_AI_Non_Biased,1911,12,0.4,0.30000000000000004,3,Very meaningful,Somewhat Republican,Conservative,0.5
Single_AI_Non_Biased,1911,13,0.5,0.8,3,Very meaningful,Somewhat Republican,Conservative,1
Single_AI_Non_Biased,1938,1,1,0.8,5,Very meaningful,Somewhat Democrat,Slightly liberal,0.7
Single_AI_Non_Biased,1938,8,0.8,0.9,5,Very meaningful,Somewhat Democrat,Slightly liberal,1
Single_AI_Non_Biased,1938,16,0,0.9,5,Very meaningful,Somewhat Democrat,Slightly liberal,0.5
Single_AI_Non_Biased,1941,6,0.30000000000000004,0.8,3,Moderately meaningful,Independent,Moderate,1
Single_AI_Non_Biased,1941,9,0.9,0.8,3,Moderately meaningful,Independent,Moderate,1
Single_AI_Non_Biased,1941,18,0.7,0.6,3,Moderately meaningful,Independent,Moderate,0.5
Single_AI_Non_Biased,1962,2,0.7,0.8,3,Moderately meaningful,Independent,Moderate,1
Single_AI_Non_Biased,1962,11,0.09999999999999998,0.09999999999999998,3,Moderately meaningful,Independent,Moderate,0.1999999999999999
Single_AI_Non_Biased,1962,15,0.7,0.8,3,Moderately meaningful,Independent,Moderate,0.5
Single_AI_Non_Biased,1968,5,0.8,0.8,3,Very meaningful,Strong Democrat,Liberal,1
Single_AI_Non_Biased,1968,10,0.5,1,3,Very meaningful,Strong Democrat,Liberal,0
Single_AI_Non_Biased,1968,16,0.5,1,3,Very meaningful,Strong Democrat,Liberal,0.5
Single_AI_Non_Biased,1986,1,1,1,2,Moderately meaningful,Independent,Moderate,0.5
Single_AI_Non_Biased,1986,11,0.19999999999999996,0,2,Moderately meaningful,Independent,Moderate,0.3
Single_AI_Non_Biased,1986,13,0.9,1,2,Moderately meaningful,Independent,Moderate,1
Single_AI_Non_Biased,2010,6,0.5,0.9,4,Moderately meaningful,Strong Democrat,Liberal,1
Single_AI_Non_Biased,2010,10,0.5,0.09999999999999998,4,Moderately meaningful,Strong Democrat,Liberal,0
Single_AI_Non_Biased,2010,18,0.7,0.5,4,Moderately meaningful,Strong Democrat,Liberal,0.5
Single_AI_Non_Biased,2016,2,0.30000000000000004,0.5,2,Slightly meaningful,Somewhat Republican,Moderate,1
Single_AI_Non_Biased,2016,11,0.19999999999999996,0.09999999999999998,2,Slightly meaningful,Somewhat Republican,Moderate,0.1999999999999999
Single_AI_Non_Biased,2016,14,0.7,0.8,2,Slightly meaningful,Somewhat Republican,Moderate,0.9
Single_AI_Non_Biased,2058,5,0.5,0.5,1,Not meaningful at all,Strong Democrat,Extremely liberal,1
Single_AI_Non_Biased,2058,7,0.5,0.5,1,Not meaningful at all,Strong Democrat,Extremely liberal,0
Single_AI_Non_Biased,2058,17,0,0,1,Not meaningful at all,Strong Democrat,Extremely liberal,0.5
Single_AI_Non_Biased,2064,4,0.8,1,5,Moderately meaningful,Independent,Moderate,1
Single_AI_Non_Biased,2064,8,0.5,1,5,Moderately meaningful,Independent,Moderate,1
Single_AI_Non_Biased,2064,18,0.7,0.5,5,Moderately meaningful,Independent,Moderate,0.7
Single_AI_Non_Biased,2079,3,0.5,0.09999999999999998,3,Moderately meaningful,Independent,Liberal,1
Single_AI_Non_Biased,2079,11,0.19999999999999996,0.19999999999999996,3,Moderately meaningful,Independent,Liberal,0.5
Single_AI_Non_Biased,2079,16,0.5,1,3,Moderately meaningful,Independent,Liberal,1
Single_AI_Non_Biased,2094,1,0.7,0.6,4,Very meaningful,Somewhat Republican,Conservative,0.8
Single_AI_Non_Biased,2094,8,0.4,0.9,4,Very meaningful,Somewhat Republican,Conservative,1
Single_AI_Non_Biased,2094,14,0.7,0.9,4,Very meaningful,Somewhat Republican,Conservative,0.9
Single_AI_Non_Biased,2187,6,0.09999999999999998,0.8,4,Very meaningful,Somewhat Democrat,Liberal,1
Single_AI_Non_Biased,2187,8,0.5,0.9,4,Very meaningful,Somewhat Democrat,Liberal,1
Single_AI_Non_Biased,2187,16,0.5,0.9,4,Very meaningful,Somewhat Democrat,Liberal,0.5
Single_AI_Non_Biased,2190,1,0.5,0.5,4,Very meaningful,Strong Democrat,Liberal,0.5
Single_AI_Non_Biased,2190,12,0.5,0.09999999999999998,4,Very meaningful,Strong Democrat,Liberal,0.5
Single_AI_Non_Biased,2190,14,0.6,0.9,4,Very meaningful,Strong Democrat,Liberal,1
Single_AI_Non_Biased,2199,5,0.6,1,3,Moderately meaningful,Strong Democrat,Extremely liberal,1
Single_AI_Non_Biased,2199,9,0.8,0.9,3,Moderately meaningful,Strong Democrat,Extremely liberal,1
Single_AI_Non_Biased,2199,16,0.6,0.9,3,Moderately meaningful,Strong Democrat,Extremely liberal,0.7
Single_AI_Non_Biased,2208,6,0,0.7,3,Slightly meaningful,Somewhat Republican,Conservative,1
Single_AI_Non_Biased,2208,10,0.8,0.30000000000000004,3,Slightly meaningful,Somewhat Republican,Conservative,0
Single_AI_Non_Biased,2208,15,0,0,3,Slightly meaningful,Somewhat Republican,Conservative,0.5
Single_AI_Non_Biased,2256,4,0.09999999999999998,0.7,5,Extremely meaningful,Strong Republican,Conservative,1
Single_AI_Non_Biased,2256,10,0.5,0,5,Extremely meaningful,Strong Republican,Conservative,0
Single_AI_Non_Biased,2256,18,0.5,0.6,5,Extremely meaningful,Strong Republican,Conservative,0.8
Single_AI_Non_Biased,2277,6,0.19999999999999996,0.09999999999999998,3,Slightly meaningful,Somewhat Republican,Slightly conservative,1
Single_AI_Non_Biased,2277,11,0.09999999999999998,0.09999999999999998,3,Slightly meaningful,Somewhat Republican,Slightly conservative,0
Single_AI_Non_Biased,2277,17,0.9,0.9,3,Slightly meaningful,Somewhat Republican,Slightly conservative,0.5
Single_AI_Non_Biased,2301,4,0.5,0.7,5,Very meaningful,Strong Republican,Extremely conservative,1
Single_AI_Non_Biased,2301,7,0.9,0.09999999999999998,5,Very meaningful,Strong Republican,Extremely conservative,0
Single_AI_Non_Biased,2301,13,1,1,5,Very meaningful,Strong Republican,Extremely conservative,1
Single_AI_Non_Biased,2316,2,0.9,0.9,1,Slightly meaningful,Strong Republican,Extremely conservative,1
Single_AI_Non_Biased,2316,11,0,0,1,Slightly meaningful,Strong Republican,Extremely conservative,0.5
Single_AI_Non_Biased,2316,15,0,0,1,Slightly meaningful,Strong Republican,Extremely conservative,0
Single_AI_Non_Biased,2325,3,0.6,0.30000000000000004,4,Moderately meaningful,Independent,Slightly liberal,0
Single_AI_Non_Biased,2325,8,0.6,0.8,4,Moderately meaningful,Independent,Slightly liberal,1
Single_AI_Non_Biased,2325,15,0.6,0.30000000000000004,4,Moderately meaningful,Independent,Slightly liberal,0
Single_AI_Non_Biased,2331,4,0.7,0.9,3,Moderately meaningful,Strong Democrat,Liberal,1
Single_AI_Non_Biased,2331,12,0.7,0.8,3,Moderately meaningful,Strong Democrat,Liberal,0.7
Single_AI_Non_Biased,2331,16,0.5,0.9,3,Moderately meaningful,Strong Democrat,Liberal,0.5
Single_AI_Non_Biased,2334,5,0.8,1,2,Slightly meaningful,Independent,Slightly liberal,1
Single_AI_Non_Biased,2334,12,0.8,0.19999999999999996,2,Slightly meaningful,Independent,Slightly liberal,0.5
Single_AI_Non_Biased,2334,14,0.19999999999999996,0.5,2,Slightly meaningful,Independent,Slightly liberal,1
Single_AI_Non_Biased,2346,6,0.19999999999999996,0.5,3,Slightly meaningful,Somewhat Republican,Slightly conservative,1
Single_AI_Non_Biased,2346,9,0.9,0.9,3,Slightly meaningful,Somewhat Republican,Slightly conservative,1
Single_AI_Non_Biased,2346,15,0.09999999999999998,0.09999999999999998,3,Slightly meaningful,Somewhat Republican,Slightly conservative,0
Single_AI_Non_Biased,2367,3,0.5,0,5,Extremely meaningful,Strong Republican,Conservative,0
Single_AI_Non_Biased,2367,8,1,1,5,Extremely meaningful,Strong Republican,Conservative,1
Single_AI_Non_Biased,2367,13,0.8,1,5,Extremely meaningful,Strong Republican,Conservative,1
Single_AI_Non_Biased,2412,6,0.5,0.7,2,Very meaningful,Independent,Moderate,1
Single_AI_Non_Biased,2412,7,0.5,0.30000000000000004,2,Very meaningful,Independent,Moderate,0
Single_AI_Non_Biased,2412,18,1,0.7,2,Very meaningful,Independent,Moderate,0.5
Single_AI_Non_Biased,2433,3,0.9,0.8,3,Moderately meaningful,Independent,Liberal,1
Single_AI_Non_Biased,2433,10,0.5,0.8,3,Moderately meaningful,Independent,Liberal,0
Single_AI_Non_Biased,2433,13,1,1,3,Moderately meaningful,Independent,Liberal,1
Single_AI_Non_Biased,2463,6,0.7,0.9,2,Not meaningful at all,Independent,Extremely conservative,1
Single_AI_Non_Biased,2463,7,0.8,0.5,2,Not meaningful at all,Independent,Extremely conservative,0
Single_AI_Non_Biased,2463,17,0.5,0.6,2,Not meaningful at all,Independent,Extremely conservative,0.5
Single_AI_Non_Biased,2466,6,0.19999999999999996,0.9,3,Slightly meaningful,Independent,Moderate,1
Single_AI_Non_Biased,2466,10,0.7,1,3,Slightly meaningful,Independent,Moderate,0
Single_AI_Non_Biased,2466,17,0.5,0.09999999999999998,3,Slightly meaningful,Independent,Moderate,0.5
Single_AI_Non_Biased,2499,5,0.5,0.6,1,Not meaningful at all,Independent,Extremely liberal,1
Single_AI_Non_Biased,2499,10,1,1,1,Not meaningful at all,Independent,Extremely liberal,0
Single_AI_Non_Biased,2499,14,0.5,0,1,Not meaningful at all,Independent,Extremely liberal,1
Single_AI_Non_Biased,2502,5,0.7,0.7,3,Moderately meaningful,Strong Democrat,Extremely liberal,1
Single_AI_Non_Biased,2502,10,0.7,0.9,3,Moderately meaningful,Strong Democrat,Extremely liberal,0
Single_AI_Non_Biased,2502,18,1,0.6,3,Moderately meaningful,Strong Democrat,Extremely liberal,0.5
Single_AI_Non_Biased,2538,1,0.7,0.7,3,Slightly meaningful,Independent,Liberal,0.5
Single_AI_Non_Biased,2538,7,0.30000000000000004,0,3,Slightly meaningful,Independent,Liberal,0
Single_AI_Non_Biased,2538,17,0.8,0.5,3,Slightly meaningful,Independent,Liberal,0.5
Single_AI_Non_Biased,2541,6,0.09999999999999998,0.30000000000000004,3,Moderately meaningful,Independent,Slightly liberal,1
Single_AI_Non_Biased,2541,9,0.8,0.8,3,Moderately meaningful,Independent,Slightly liberal,1
Single_AI_Non_Biased,2541,14,0.5,0.7,3,Moderately meaningful,Independent,Slightly liberal,1
Single_AI_Non_Biased,2547,6,0.09999999999999998,0.9,5,Very meaningful,Somewhat Democrat,Liberal,1
Single_AI_Non_Biased,2547,9,0.9,0.8,5,Very meaningful,Somewhat Democrat,Liberal,1
Single_AI_Non_Biased,2547,16,0.5,1,5,Very meaningful,Somewhat Democrat,Liberal,0.8
Single_AI_Non_Biased,2568,1,0.8,0.5,4,Very meaningful,Independent,Extremely conservative,0.5
Single_AI_Non_Biased,2568,8,0.5,1,4,Very meaningful,Independent,Extremely conservative,1
Single_AI_Non_Biased,2568,13,0.5,1,4,Very meaningful,Independent,Extremely conservative,1
Single_AI_Non_Biased,2583,5,0.8,0.8,4,Moderately meaningful,Independent,Slightly liberal,1
Single_AI_Non_Biased,2583,8,0.9,1,4,Moderately meaningful,Independent,Slightly liberal,1
Single_AI_Non_Biased,2583,18,1,0.6,4,Moderately meaningful,Independent,Slightly liberal,0.5
Single_AI_Non_Biased,2598,3,0.6,0.19999999999999996,3,Moderately meaningful,Strong Democrat,Liberal,1
Single_AI_Non_Biased,2598,10,0.09999999999999998,0.9,3,Moderately meaningful,Strong Democrat,Liberal,1
Single_AI_Non_Biased,2598,13,0.8,0.9,3,Moderately meaningful,Strong Democrat,Liberal,1
Single_AI_Non_Biased,2616,3,0.19999999999999996,0.30000000000000004,3,Moderately meaningful,Somewhat Democrat,Moderate,0
Single_AI_Non_Biased,2616,8,0.7,0.30000000000000004,3,Moderately meaningful,Somewhat Democrat,Moderate,1
Single_AI_Non_Biased,2616,14,0.8,0.7,3,Moderately meaningful,Somewhat Democrat,Moderate,0.9
Single_AI_Non_Biased,2631,6,0,0.9,2,Moderately meaningful,Strong Democrat,Liberal,1
Single_AI_Non_Biased,2631,9,1,1,2,Moderately meaningful,Strong Democrat,Liberal,1
Single_AI_Non_Biased,2631,13,1,1,2,Moderately meaningful,Strong Democrat,Liberal,1
Single_AI_Non_Biased,2634,3,0.8,0.5,5,Very meaningful,Independent,Moderate,0
Single_AI_Non_Biased,2634,9,0.9,1,5,Very meaningful,Independent,Moderate,1
Single_AI_Non_Biased,2634,16,0.5,0.9,5,Very meaningful,Independent,Moderate,0.5
Single_AI_Non_Biased,2682,3,0.7,0.09999999999999998,5,Very meaningful,Somewhat Republican,Conservative,0
Single_AI_Non_Biased,2682,10,0.30000000000000004,0,5,Very meaningful,Somewhat Republican,Conservative,NA
Single_AI_Non_Biased,2682,14,0.7,0.9,5,Very meaningful,Somewhat Republican,Conservative,1
Single_AI_Non_Biased,2706,4,0.5,0.8,3,Moderately meaningful,Strong Republican,NA,1
Single_AI_Non_Biased,2706,7,0.09999999999999998,0.9,3,Moderately meaningful,Strong Republican,NA,0.0999999999999999
Single_AI_Non_Biased,2706,13,0.5,1,3,Moderately meaningful,Strong Republican,NA,1
Single_AI_Non_Biased,2712,2,0.8,0.7,4,Very meaningful,Independent,Slightly liberal,1
Single_AI_Non_Biased,2712,11,0.8,0.09999999999999998,4,Very meaningful,Independent,Slightly liberal,0.5
Single_AI_Non_Biased,2712,15,0,0,4,Very meaningful,Independent,Slightly liberal,0
Single_AI_Non_Biased,2757,6,0.30000000000000004,0.5,1,Not meaningful at all,Independent,Slightly liberal,1
Single_AI_Non_Biased,2757,10,0.7,0.8,1,Not meaningful at all,Independent,Slightly liberal,0
Single_AI_Non_Biased,2757,14,0.5,0.5,1,Not meaningful at all,Independent,Slightly liberal,1
Single_AI_Non_Biased,2769,5,0.7,1,4,Very meaningful,Somewhat Democrat,Slightly conservative,1
Single_AI_Non_Biased,2769,12,0.5,0.5,4,Very meaningful,Somewhat Democrat,Slightly conservative,0.5
Single_AI_Non_Biased,2769,16,0.30000000000000004,0.19999999999999996,4,Very meaningful,Somewhat Democrat,Slightly conservative,0.5
Single_AI_Non_Biased,2781,4,0.5,0.8,5,Very meaningful,Somewhat Republican,Conservative,1
Single_AI_Non_Biased,2781,10,0.09999999999999998,0.09999999999999998,5,Very meaningful,Somewhat Republican,Conservative,1
Single_AI_Non_Biased,2781,18,1,0.6,5,Very meaningful,Somewhat Republican,Conservative,0.5
Single_AI_Non_Biased,2820,3,0.8,0.5,4,Very meaningful,Somewhat Republican,Slightly conservative,1
Single_AI_Non_Biased,2820,9,1,1,4,Very meaningful,Somewhat Republican,Slightly conservative,1
Single_AI_Non_Biased,2820,14,0.9,1,4,Very meaningful,Somewhat Republican,Slightly conservative,1
Single_AI_Non_Biased,2835,2,0.6,0.9,4,Very meaningful,Somewhat Democrat,Extremely liberal,1
Single_AI_Non_Biased,2835,7,0.19999999999999996,0,4,Very meaningful,Somewhat Democrat,Extremely liberal,0.0999999999999999
Single_AI_Non_Biased,2835,13,1,1,4,Very meaningful,Somewhat Democrat,Extremely liberal,0.0999999999999999
Single_AI_Non_Biased,2895,6,0.30000000000000004,0.19999999999999996,3,Very meaningful,Strong Democrat,Liberal,1
Single_AI_Non_Biased,2895,10,0.7,0.9,3,Very meaningful,Strong Democrat,Liberal,0
Single_AI_Non_Biased,2895,14,0.5,0.9,3,Very meaningful,Strong Democrat,Liberal,0.9
Single_AI_Non_Biased,2928,1,0.8,0.7,3,Moderately meaningful,Strong Democrat,Extremely liberal,0.5
Single_AI_Non_Biased,2928,12,0.19999999999999996,0.09999999999999998,3,Moderately meaningful,Strong Democrat,Extremely liberal,0.7
Single_AI_Non_Biased,2928,16,0.09999999999999998,0.9,3,Moderately meaningful,Strong Democrat,Extremely liberal,1
Single_AI_Non_Biased,2937,2,0.5,0.5,3,Slightly meaningful,Independent,Moderate,1
Single_AI_Non_Biased,2937,11,0.19999999999999996,0.09999999999999998,3,Slightly meaningful,Independent,Moderate,0.1999999999999999
Single_AI_Non_Biased,2937,15,0.5,0.8,3,Slightly meaningful,Independent,Moderate,0
Single_AI_Non_Biased,2952,6,0.5,0.09999999999999998,1,Not meaningful at all,Independent,Moderate,1
Single_AI_Non_Biased,2952,8,0.5,0.09999999999999998,1,Not meaningful at all,Independent,Moderate,1
Single_AI_Non_Biased,2952,15,0.5,0.5,1,Not meaningful at all,Independent,Moderate,0
Single_AI_Biased,3,1,0.7,0.5,4,Very meaningful,Independent,Moderate,0.5
Single_AI_Biased,3,7,0.19999999999999996,0.9,4,Very meaningful,Independent,Moderate,0.5
Single_AI_Biased,3,17,0.7,0.9,4,Very meaningful,Independent,Moderate,0.5
Single_AI_Biased,6,1,0.9,0.9,3,Extremely meaningful,Independent,Moderate,0.5
Single_AI_Biased,6,12,0.6,0.6,3,Extremely meaningful,Independent,Moderate,1
Single_AI_Biased,6,16,0,0.4,3,Extremely meaningful,Independent,Moderate,0.5
Single_AI_Biased,12,2,0,0,1,Not meaningful at all,Independent,Extremely liberal,1
Single_AI_Biased,12,7,0.8,0.9,1,Not meaningful at all,Independent,Extremely liberal,0.5
Single_AI_Biased,12,14,0.5,0.5,1,Not meaningful at all,Independent,Extremely liberal,0.8
Single_AI_Biased,15,6,0.5,0.30000000000000004,2,Moderately meaningful,Strong Democrat,Liberal,1
Single_AI_Biased,15,10,0.5,0.8,2,Moderately meaningful,Strong Democrat,Liberal,1
Single_AI_Biased,15,13,0.19999999999999996,0.30000000000000004,2,Moderately meaningful,Strong Democrat,Liberal,0.8
Single_AI_Biased,18,1,0.5,0.5,2,Moderately meaningful,Somewhat Democrat,Slightly liberal,0.5
Single_AI_Biased,18,11,0.19999999999999996,0,2,Moderately meaningful,Somewhat Democrat,Slightly liberal,0
Single_AI_Biased,18,18,1,0.8,2,Moderately meaningful,Somewhat Democrat,Slightly liberal,0.5
Single_AI_Biased,24,2,0.5,0.7,4,Very meaningful,Independent,Moderate,0.9
Single_AI_Biased,24,7,0.5,0.5,4,Very meaningful,Independent,Moderate,0.0999999999999999
Single_AI_Biased,24,17,0.7,0.30000000000000004,4,Very meaningful,Independent,Moderate,0.8
Single_AI_Biased,27,3,0.4,0.19999999999999996,3,Moderately meaningful,Somewhat Republican,Slightly conservative,0.9
Single_AI_Biased,27,7,0.4,0.19999999999999996,3,Moderately meaningful,Somewhat Republican,Slightly conservative,0
Single_AI_Biased,27,15,0.7,0.7,3,Moderately meaningful,Somewhat Republican,Slightly conservative,0.3
Single_AI_Biased,33,3,0.19999999999999996,0,3,Very meaningful,Somewhat Democrat,Moderate,0.1999999999999999
Single_AI_Biased,33,9,0.9,1,3,Very meaningful,Somewhat Democrat,Moderate,1
Single_AI_Biased,33,15,0.09999999999999998,0.09999999999999998,3,Very meaningful,Somewhat Democrat,Moderate,0.1999999999999999
Single_AI_Biased,36,2,0.30000000000000004,1,5,Extremely meaningful,Strong Republican,Extremely conservative,0.9
Single_AI_Biased,36,11,0.09999999999999998,0,5,Extremely meaningful,Strong Republican,Extremely conservative,0
Single_AI_Biased,36,14,0,1,5,Extremely meaningful,Strong Republican,Extremely conservative,0.9
Single_AI_Biased,39,1,0.7,1,4,Moderately meaningful,Strong Republican,Conservative,0.7
Single_AI_Biased,39,7,0.8,0.9,4,Moderately meaningful,Strong Republican,Conservative,0.5
Single_AI_Biased,39,17,0.7,0.7,4,Moderately meaningful,Strong Republican,Conservative,0.8
Single_AI_Biased,42,2,0.5,0.8,1,Slightly meaningful,Independent,Moderate,0.9
Single_AI_Biased,42,9,0.5,0.8,1,Slightly meaningful,Independent,Moderate,1
Single_AI_Biased,42,13,0.8,0.8,1,Slightly meaningful,Independent,Moderate,0.8
Single_AI_Biased,48,1,0.7,0.6,3,Very meaningful,Somewhat Democrat,Liberal,0.5
Single_AI_Biased,48,10,0,0,3,Very meaningful,Somewhat Democrat,Liberal,1
Single_AI_Biased,48,13,0.6,0.8,3,Very meaningful,Somewhat Democrat,Liberal,0.9
Single_AI_Biased,51,4,0.7,1,5,Extremely meaningful,Strong Democrat,Moderate,1
Single_AI_Biased,51,12,0.6,0.9,5,Extremely meaningful,Strong Democrat,Moderate,0.8
Single_AI_Biased,51,13,0.5,1,5,Extremely meaningful,Strong Democrat,Moderate,0.8
Single_AI_Biased,57,6,0.19999999999999996,0.7,2,Moderately meaningful,Somewhat Republican,Moderate,1
Single_AI_Biased,57,7,0.8,0.19999999999999996,2,Moderately meaningful,Somewhat Republican,Moderate,0.5
Single_AI_Biased,57,15,0.19999999999999996,0.5,2,Moderately meaningful,Somewhat Republican,Moderate,0.1999999999999999
Single_AI_Biased,72,6,0.30000000000000004,0.5,3,Slightly meaningful,Somewhat Democrat,Liberal,1
Single_AI_Biased,72,12,0.30000000000000004,0.5,3,Slightly meaningful,Somewhat Democrat,Liberal,0.8
Single_AI_Biased,72,14,0.8,0.9,3,Slightly meaningful,Somewhat Democrat,Liberal,0.9
Single_AI_Biased,75,5,0.6,0.6,3,Moderately meaningful,Independent,Moderate,0.7
Single_AI_Biased,75,10,0.9,0.9,3,Moderately meaningful,Independent,Moderate,1
Single_AI_Biased,75,15,0.5,0.19999999999999996,3,Moderately meaningful,Independent,Moderate,0
Single_AI_Biased,78,2,0.9,0.9,4,Very meaningful,Somewhat Republican,Slightly conservative,0.9
Single_AI_Biased,78,7,0.19999999999999996,0.19999999999999996,4,Very meaningful,Somewhat Republican,Slightly conservative,0.5
Single_AI_Biased,78,16,0.30000000000000004,0.30000000000000004,4,Very meaningful,Somewhat Republican,Slightly conservative,0.1999999999999999
Single_AI_Biased,84,5,0.8,0.6,5,Extremely meaningful,Somewhat Republican,Conservative,0.7
Single_AI_Biased,84,10,0.30000000000000004,0.09999999999999998,5,Extremely meaningful,Somewhat Republican,Conservative,0.8
Single_AI_Biased,84,15,0.8,0.09999999999999998,5,Extremely meaningful,Somewhat Republican,Conservative,0.5
Single_AI_Biased,87,1,0.8,0.6,2,Slightly meaningful,Strong Democrat,Liberal,0.5
Single_AI_Biased,87,7,1,1,2,Slightly meaningful,Strong Democrat,Liberal,0
Single_AI_Biased,87,13,1,1,2,Slightly meaningful,Strong Democrat,Liberal,0.8
Single_AI_Biased,90,5,0.6,0.6,3,Moderately meaningful,Somewhat Republican,Slightly conservative,0.7
Single_AI_Biased,90,8,0.5,0.9,3,Moderately meaningful,Somewhat Republican,Slightly conservative,0.7
Single_AI_Biased,90,15,0.8,0.5,3,Moderately meaningful,Somewhat Republican,Slightly conservative,0
Single_AI_Biased,93,4,0.9,1,3,Moderately meaningful,Strong Republican,Extremely conservative,1
Single_AI_Biased,93,8,0.5,0,3,Moderately meaningful,Strong Republican,Extremely conservative,1
Single_AI_Biased,93,16,0.5,1,3,Moderately meaningful,Strong Republican,Extremely conservative,0.7
Single_AI_Biased,99,6,0.5,1,4,Very meaningful,Independent,Moderate,0.5
Single_AI_Biased,99,10,0.09999999999999998,0,4,Very meaningful,Independent,Moderate,1
Single_AI_Biased,99,13,0.30000000000000004,0.5,4,Very meaningful,Independent,Moderate,0.8
Single_AI_Biased,114,2,0.5,0.4,3,Moderately meaningful,Strong Republican,Conservative,1
Single_AI_Biased,114,10,0.8,0.9,3,Moderately meaningful,Strong Republican,Conservative,1
Single_AI_Biased,114,15,0.5,0.9,3,Moderately meaningful,Strong Republican,Conservative,0
Single_AI_Biased,117,6,0.7,0.8,2,Slightly meaningful,Independent,Slightly liberal,1
Single_AI_Biased,117,8,0.5,1,2,Slightly meaningful,Independent,Slightly liberal,0.5
Single_AI_Biased,117,18,0.9,0.6,2,Slightly meaningful,Independent,Slightly liberal,0.7
Single_AI_Biased,120,1,0.5,0.5,1,Very meaningful,Independent,Moderate,0.5
Single_AI_Biased,120,9,1,1,1,Very meaningful,Independent,Moderate,1
Single_AI_Biased,120,14,0.5,0.5,1,Very meaningful,Independent,Moderate,0.9
Single_AI_Biased,123,5,0.6,0.5,5,Extremely meaningful,Independent,Liberal,0.7
Single_AI_Biased,123,11,0.5,0,5,Extremely meaningful,Independent,Liberal,0
Single_AI_Biased,123,13,0.8,1,5,Extremely meaningful,Independent,Liberal,0.8
Single_AI_Biased,126,1,1,0.7,4,Slightly meaningful,Strong Republican,Conservative,0.5
Single_AI_Biased,126,11,1,1,4,Slightly meaningful,Strong Republican,Conservative,0.5
Single_AI_Biased,126,13,0.5,1,4,Slightly meaningful,Strong Republican,Conservative,0.8
Single_AI_Biased,129,6,0.30000000000000004,0.7,3,Moderately meaningful,Independent,Slightly conservative,1
Single_AI_Biased,129,12,0.8,0.9,3,Moderately meaningful,Independent,Slightly conservative,0.8
Single_AI_Biased,129,16,0.8,0.8,3,Moderately meaningful,Independent,Slightly conservative,0.7
Single_AI_Biased,132,6,0.30000000000000004,0.8,4,Very meaningful,Strong Republican,Extremely conservative,1
Single_AI_Biased,132,9,0.6,0.7,4,Very meaningful,Strong Republican,Extremely conservative,1
Single_AI_Biased,132,16,0.30000000000000004,0.7,4,Very meaningful,Strong Republican,Extremely conservative,1
Single_AI_Biased,135,6,0.5,0,4,Very meaningful,Strong Democrat,Liberal,1
Single_AI_Biased,135,8,0.8,0.8,4,Very meaningful,Strong Democrat,Liberal,1
Single_AI_Biased,135,18,1,0.5,4,Very meaningful,Strong Democrat,Liberal,0.8
Single_AI_Biased,141,6,0.5,0.9,3,Moderately meaningful,Strong Democrat,Liberal,1
Single_AI_Biased,141,12,1,1,3,Moderately meaningful,Strong Democrat,Liberal,0.7
Single_AI_Biased,141,15,0.5,0.5,3,Moderately meaningful,Strong Democrat,Liberal,0.1999999999999999
Single_AI_Biased,144,3,0.09999999999999998,0,3,Moderately meaningful,Strong Republican,Conservative,1
Single_AI_Biased,144,11,1,0,3,Moderately meaningful,Strong Republican,Conservative,0
Single_AI_Biased,144,15,0.9,0.9,3,Moderately meaningful,Strong Republican,Conservative,0.3
Single_AI_Biased,147,2,0.7,0.9,4,Very meaningful,Strong Democrat,Liberal,1
Single_AI_Biased,147,8,0.8,0.7,4,Very meaningful,Strong Democrat,Liberal,1
Single_AI_Biased,147,16,0.5,1,4,Very meaningful,Strong Democrat,Liberal,0.8
Single_AI_Biased,150,1,0.7,0.6,5,Very meaningful,Strong Republican,Conservative,0.5
Single_AI_Biased,150,10,0.19999999999999996,0.09999999999999998,5,Very meaningful,Strong Republican,Conservative,0
Single_AI_Biased,150,14,0.19999999999999996,0.9,5,Very meaningful,Strong Republican,Conservative,0.8
Single_AI_Biased,153,6,0.5,1,5,Extremely meaningful,Strong Republican,Extremely conservative,1
Single_AI_Biased,153,10,0,1,5,Extremely meaningful,Strong Republican,Extremely conservative,1
Single_AI_Biased,153,16,0.5,0.5,5,Extremely meaningful,Strong Republican,Extremely conservative,0.7
Single_AI_Biased,159,2,0.8,0.9,4,Extremely meaningful,Strong Democrat,Slightly liberal,1
Single_AI_Biased,159,7,0.9,0.09999999999999998,4,Extremely meaningful,Strong Democrat,Slightly liberal,1
Single_AI_Biased,159,15,0.19999999999999996,0,4,Extremely meaningful,Strong Democrat,Slightly liberal,0
Single_AI_Biased,162,1,0.7,1,2,Not meaningful at all,Strong Democrat,Extremely liberal,0.5
Single_AI_Biased,162,11,0.09999999999999998,0.7,2,Not meaningful at all,Strong Democrat,Extremely liberal,0.5
Single_AI_Biased,162,16,0.5,1,2,Not meaningful at all,Strong Democrat,Extremely liberal,0.5
Single_AI_Biased,165,5,0.6,0.5,1,Slightly meaningful,Strong Republican,Extremely conservative,1
Single_AI_Biased,165,7,0.5,1,1,Slightly meaningful,Strong Republican,Extremely conservative,0
Single_AI_Biased,165,13,1,1,1,Slightly meaningful,Strong Republican,Extremely conservative,0.3
Single_AI_Biased,174,4,0.30000000000000004,0.7,3,Slightly meaningful,Somewhat Republican,Conservative,1
Single_AI_Biased,174,7,0.7,0.30000000000000004,3,Slightly meaningful,Somewhat Republican,Conservative,0.0999999999999999
Single_AI_Biased,174,13,0.9,1,3,Slightly meaningful,Somewhat Republican,Conservative,0.8
Single_AI_Biased,180,4,0.30000000000000004,0.09999999999999998,1,Slightly meaningful,Independent,Moderate,1
Single_AI_Biased,180,9,0.8,0.8,1,Slightly meaningful,Independent,Moderate,1
Single_AI_Biased,180,17,0.5,0.5,1,Slightly meaningful,Independent,Moderate,0.5
Single_AI_Biased,186,3,0.5,0.09999999999999998,5,Extremely meaningful,Strong Democrat,Extremely liberal,0
Single_AI_Biased,186,9,1,1,5,Extremely meaningful,Strong Democrat,Extremely liberal,1
Single_AI_Biased,186,17,0.09999999999999998,0.09999999999999998,5,Extremely meaningful,Strong Democrat,Extremely liberal,0.7
Single_AI_Biased,189,3,0.30000000000000004,0,4,Extremely meaningful,Strong Democrat,Liberal,0
Single_AI_Biased,189,8,0.8,0,4,Extremely meaningful,Strong Democrat,Liberal,1
Single_AI_Biased,189,15,0.9,0.5,4,Extremely meaningful,Strong Democrat,Liberal,0.1999999999999999
Single_AI_Biased,192,1,0.7,0.7,1,Not meaningful at all,Independent,Slightly conservative,0.5
Single_AI_Biased,192,12,0.5,0.7,1,Not meaningful at all,Independent,Slightly conservative,0.7
Single_AI_Biased,192,15,0.5,0.09999999999999998,1,Not meaningful at all,Independent,Slightly conservative,0.3
Single_AI_Biased,195,3,0.09999999999999998,0,3,Moderately meaningful,Somewhat Democrat,Liberal,0
Single_AI_Biased,195,12,0.5,0.8,3,Moderately meaningful,Somewhat Democrat,Liberal,0.7
Single_AI_Biased,195,14,0.5,0.9,3,Moderately meaningful,Somewhat Democrat,Liberal,0.8
Single_AI_Biased,198,3,0.19999999999999996,0.09999999999999998,4,Very meaningful,Strong Democrat,Extremely liberal,1
Single_AI_Biased,198,8,0.5,0.9,4,Very meaningful,Strong Democrat,Extremely liberal,1
Single_AI_Biased,198,13,0.30000000000000004,1,4,Very meaningful,Strong Democrat,Extremely liberal,0.8
Single_AI_Biased,201,6,0.30000000000000004,1,5,Extremely meaningful,Somewhat Republican,Moderate,1
Single_AI_Biased,201,12,0.5,1,5,Extremely meaningful,Somewhat Republican,Moderate,0.5
Single_AI_Biased,201,16,0.9,1,5,Extremely meaningful,Somewhat Republican,Moderate,1
Single_AI_Biased,204,5,0.6,0.7,5,Very meaningful,Somewhat Republican,Moderate,1
Single_AI_Biased,204,8,0.7,0.9,5,Very meaningful,Somewhat Republican,Moderate,1
Single_AI_Biased,204,18,0.5,0.8,5,Very meaningful,Somewhat Republican,Moderate,0.5
Single_AI_Biased,210,4,0.5,0.5,2,Moderately meaningful,Somewhat Democrat,Extremely liberal,1
Single_AI_Biased,210,7,0.7,0.19999999999999996,2,Moderately meaningful,Somewhat Democrat,Extremely liberal,0
Single_AI_Biased,210,17,0.6,0.5,2,Moderately meaningful,Somewhat Democrat,Extremely liberal,0.1999999999999999
Single_AI_Biased,213,5,0.5,0.7,4,Very meaningful,Strong Democrat,Extremely liberal,1
Single_AI_Biased,213,8,0.9,0.9,4,Very meaningful,Strong Democrat,Extremely liberal,1
Single_AI_Biased,213,17,0,0,4,Very meaningful,Strong Democrat,Extremely liberal,0.8
Single_AI_Biased,216,5,0.6,1,3,Not meaningful at all,Strong Republican,Extremely conservative,0.7
Single_AI_Biased,216,12,0.5,1,3,Not meaningful at all,Strong Republican,Extremely conservative,1
Single_AI_Biased,216,14,0.6,0.9,3,Not meaningful at all,Strong Republican,Extremely conservative,0.9
Single_AI_Biased,219,3,0.30000000000000004,0,4,Very meaningful,Independent,Liberal,0
Single_AI_Biased,219,10,0.7,1,4,Very meaningful,Independent,Liberal,1
Single_AI_Biased,219,16,0.19999999999999996,1,4,Very meaningful,Independent,Liberal,0.7
Single_AI_Biased,222,2,0.5,0.8,3,Moderately meaningful,Strong Democrat,Slightly liberal,1
Single_AI_Biased,222,12,0.8,0.9,3,Moderately meaningful,Strong Democrat,Slightly liberal,0.7
Single_AI_Biased,222,16,0.6,0.9,3,Moderately meaningful,Strong Democrat,Slightly liberal,0.8
Single_AI_Biased,228,1,0.9,0.5,5,Very meaningful,Strong Republican,Slightly conservative,0.5
Single_AI_Biased,228,12,0.7,0.09999999999999998,5,Very meaningful,Strong Republican,Slightly conservative,0.5
Single_AI_Biased,228,17,0.30000000000000004,0.8,5,Very meaningful,Strong Republican,Slightly conservative,0.8
Single_AI_Biased,231,3,0.5,0.09999999999999998,5,Extremely meaningful,Independent,Extremely conservative,0
Single_AI_Biased,231,10,0.7,0.09999999999999998,5,Extremely meaningful,Independent,Extremely conservative,0.9
Single_AI_Biased,231,15,0.8,0.09999999999999998,5,Extremely meaningful,Independent,Extremely conservative,0.1999999999999999
Single_AI_Biased,234,2,0.5,0.8,4,Very meaningful,Strong Republican,Conservative,1
Single_AI_Biased,234,7,0.7,0.9,4,Very meaningful,Strong Republican,Conservative,0.5
Single_AI_Biased,234,18,1,0.5,4,Very meaningful,Strong Republican,Conservative,0.7
Single_AI_Biased,237,2,1,1,3,Moderately meaningful,Independent,Moderate,1
Single_AI_Biased,237,9,0.5,0.7,3,Moderately meaningful,Independent,Moderate,1
Single_AI_Biased,237,18,1,0.8,3,Moderately meaningful,Independent,Moderate,0.5
Single_AI_Biased,240,3,0.8,0.19999999999999996,3,Moderately meaningful,Strong Republican,Conservative,0.0999999999999999
Single_AI_Biased,240,9,0.19999999999999996,0.9,3,Moderately meaningful,Strong Republican,Conservative,1
Single_AI_Biased,240,16,1,1,3,Moderately meaningful,Strong Republican,Conservative,1
Single_AI_Biased,243,4,0.5,0.8,3,Very meaningful,Strong Republican,Conservative,1
Single_AI_Biased,243,10,0.8,0.8,3,Very meaningful,Strong Republican,Conservative,1
Single_AI_Biased,243,13,0.7,0.8,3,Very meaningful,Strong Republican,Conservative,0.8
Single_AI_Biased,246,5,0.8,0.5,4,Very meaningful,Somewhat Democrat,Slightly liberal,0.7
Single_AI_Biased,246,9,0.8,1,4,Very meaningful,Somewhat Democrat,Slightly liberal,1
Single_AI_Biased,246,15,0.7,0.5,4,Very meaningful,Somewhat Democrat,Slightly liberal,0.5
Single_AI_Biased,249,1,0.6,1,4,Very meaningful,Independent,Liberal,0.5
Single_AI_Biased,249,9,0.5,0.7,4,Very meaningful,Independent,Liberal,0.8
Single_AI_Biased,249,15,0.8,0.19999999999999996,4,Very meaningful,Independent,Liberal,0.7
Single_AI_Biased,255,2,0.5,0.7,4,Very meaningful,Strong Republican,Conservative,1
Single_AI_Biased,255,11,1,1,4,Very meaningful,Strong Republican,Conservative,0.5
Single_AI_Biased,255,15,0.9,0.09999999999999998,4,Very meaningful,Strong Republican,Conservative,0
Single_AI_Biased,258,1,1,0.7,2,Slightly meaningful,Independent,Conservative,0.5
Single_AI_Biased,258,8,0.8,0.8,2,Slightly meaningful,Independent,Conservative,1
Single_AI_Biased,258,18,1,0.7,2,Slightly meaningful,Independent,Conservative,0.5
Single_AI_Biased,261,4,0.19999999999999996,0.09999999999999998,3,Moderately meaningful,Independent,Slightly conservative,0.5
Single_AI_Biased,261,7,0.8,0,3,Moderately meaningful,Independent,Slightly conservative,0.5
Single_AI_Biased,261,17,0.8,0,3,Moderately meaningful,Independent,Slightly conservative,0.5
Single_AI_Biased,267,3,0.8,0.7,1,Slightly meaningful,Independent,Moderate,0
Single_AI_Biased,267,10,0.8,0.19999999999999996,1,Slightly meaningful,Independent,Moderate,1
Single_AI_Biased,267,17,0.9,0.9,1,Slightly meaningful,Independent,Moderate,0.0999999999999999
Single_AI_Biased,270,3,0.7,0,4,Very meaningful,Strong Republican,Conservative,0.9
Single_AI_Biased,270,9,0.7,1,4,Very meaningful,Strong Republican,Conservative,1
Single_AI_Biased,270,14,0.30000000000000004,1,4,Very meaningful,Strong Republican,Conservative,0.9
Single_AI_Biased,273,4,0.5,1,4,Very meaningful,Strong Democrat,Liberal,0.7
Single_AI_Biased,273,11,0,0.19999999999999996,4,Very meaningful,Strong Democrat,Liberal,0.5
Single_AI_Biased,273,14,0.30000000000000004,0.9,4,Very meaningful,Strong Democrat,Liberal,0.8
Single_AI_Biased,276,5,0.8,0.6,1,Moderately meaningful,Somewhat Republican,Moderate,0.5
Single_AI_Biased,276,12,0.5,0.8,1,Moderately meaningful,Somewhat Republican,Moderate,0.7
Single_AI_Biased,276,17,0.19999999999999996,0,1,Moderately meaningful,Somewhat Republican,Moderate,0.1999999999999999
Single_AI_Biased,279,5,0.9,0.9,2,Slightly meaningful,Somewhat Republican,Conservative,0.8
Single_AI_Biased,279,9,1,1,2,Slightly meaningful,Somewhat Republican,Conservative,1
Single_AI_Biased,279,18,1,0.5,2,Slightly meaningful,Somewhat Republican,Conservative,0.5
Single_AI_Biased,285,2,1,1,2,Slightly meaningful,Somewhat Republican,Slightly conservative,1
Single_AI_Biased,285,9,0.9,0.9,2,Slightly meaningful,Somewhat Republican,Slightly conservative,1
Single_AI_Biased,285,16,0,0.9,2,Slightly meaningful,Somewhat Republican,Slightly conservative,1
Single_AI_Biased,288,4,0.7,0.9,4,Very meaningful,Independent,Extremely liberal,1
Single_AI_Biased,288,11,0.09999999999999998,0.5,4,Very meaningful,Independent,Extremely liberal,0.5
Single_AI_Biased,288,16,0.5,0.8,4,Very meaningful,Independent,Extremely liberal,0.5
Single_AI_Biased,291,4,0.09999999999999998,1,3,Slightly meaningful,Somewhat Democrat,Slightly liberal,1
Single_AI_Biased,291,9,0.09999999999999998,0.9,3,Slightly meaningful,Somewhat Democrat,Slightly liberal,1
Single_AI_Biased,291,14,0.5,0.9,3,Slightly meaningful,Somewhat Democrat,Slightly liberal,0.8
Single_AI_Biased,294,2,0.7,0.8,3,Very meaningful,Independent,Moderate,0.9
Single_AI_Biased,294,8,0.8,0.9,3,Very meaningful,Independent,Moderate,1
Single_AI_Biased,294,17,0.5,0.19999999999999996,3,Very meaningful,Independent,Moderate,0.1999999999999999
Single_AI_Biased,297,6,0.30000000000000004,0.9,4,Very meaningful,Independent,Moderate,1
Single_AI_Biased,297,8,0.7,0.9,4,Very meaningful,Independent,Moderate,1
Single_AI_Biased,297,15,0.30000000000000004,0.8,4,Very meaningful,Independent,Moderate,0.3
Single_AI_Biased,300,6,0.5,0.8,3,Very meaningful,Strong Republican,Conservative,1
Single_AI_Biased,300,8,0.8,0.9,3,Very meaningful,Strong Republican,Conservative,0.8
Single_AI_Biased,300,17,0.5,0.8,3,Very meaningful,Strong Republican,Conservative,0.8
Single_AI_Biased,303,1,0.6,0.5,4,Extremely meaningful,Strong Democrat,Liberal,0.5
Single_AI_Biased,303,9,0.19999999999999996,0.9,4,Extremely meaningful,Strong Democrat,Liberal,1
Single_AI_Biased,303,17,0.19999999999999996,0.5,4,Extremely meaningful,Strong Democrat,Liberal,0.5
Single_AI_Biased,306,4,0.7,0.9,4,Very meaningful,Independent,Moderate,1
Single_AI_Biased,306,10,0.9,1,4,Very meaningful,Independent,Moderate,1
Single_AI_Biased,306,18,1,0.8,4,Very meaningful,Independent,Moderate,0.5
Single_AI_Biased,309,4,0.30000000000000004,0.9,5,Extremely meaningful,Strong Democrat,Extremely liberal,0.5
Single_AI_Biased,309,11,0,0,5,Extremely meaningful,Strong Democrat,Extremely liberal,0.5
Single_AI_Biased,309,13,0.5,1,5,Extremely meaningful,Strong Democrat,Extremely liberal,0.8
Single_AI_Biased,312,1,1,1,3,Moderately meaningful,Independent,Slightly conservative,0.5
Single_AI_Biased,312,8,0.5,0.5,3,Moderately meaningful,Independent,Slightly conservative,1
Single_AI_Biased,312,14,0.7,0.9,3,Moderately meaningful,Independent,Slightly conservative,0.9
Single_AI_Biased,315,5,0.7,0.8,3,Not meaningful at all,Strong Republican,Extremely conservative,0.7
Single_AI_Biased,315,12,0.7,0.9,3,Not meaningful at all,Strong Republican,Extremely conservative,1
Single_AI_Biased,315,17,0.7,1,3,Not meaningful at all,Strong Republican,Extremely conservative,0.8
Single_AI_Biased,318,5,0.6,1,4,Very meaningful,Strong Republican,Extremely conservative,1
Single_AI_Biased,318,8,0.8,0.9,4,Very meaningful,Strong Republican,Extremely conservative,1
Single_AI_Biased,318,13,0.19999999999999996,1,4,Very meaningful,Strong Republican,Extremely conservative,0.9
Single_AI_Biased,321,4,0.5,0.9,4,Very meaningful,Somewhat Democrat,Moderate,1
Single_AI_Biased,321,10,0.7,0.7,4,Very meaningful,Somewhat Democrat,Moderate,1
Single_AI_Biased,321,15,0.5,0.30000000000000004,4,Very meaningful,Somewhat Democrat,Moderate,0.0999999999999999
Single_AI_Biased,330,1,1,0.9,4,Very meaningful,Independent,Slightly liberal,0.5
Single_AI_Biased,330,9,0.8,1,4,Very meaningful,Independent,Slightly liberal,1
Single_AI_Biased,330,13,0.6,0.9,4,Very meaningful,Independent,Slightly liberal,1
Single_AI_Biased,342,3,0.8,0.9,2,Slightly meaningful,Strong Republican,Slightly conservative,0
Single_AI_Biased,342,7,0.8,1,2,Slightly meaningful,Strong Republican,Slightly conservative,0
Single_AI_Biased,342,15,0.5,0.30000000000000004,2,Slightly meaningful,Strong Republican,Slightly conservative,0.3
Single_AI_Biased,345,1,0.8,0.6,2,Moderately meaningful,Strong Democrat,Slightly liberal,0.5
Single_AI_Biased,345,8,0.9,0.8,2,Moderately meaningful,Strong Democrat,Slightly liberal,1
Single_AI_Biased,345,15,1,0.9,2,Moderately meaningful,Strong Democrat,Slightly liberal,0.3
Single_AI_Biased,348,1,1,1,5,Extremely meaningful,Strong Republican,Conservative,0.5
Single_AI_Biased,348,8,0.9,1,5,Extremely meaningful,Strong Republican,Conservative,1
Single_AI_Biased,348,14,0.9,1,5,Extremely meaningful,Strong Republican,Conservative,0.8
Single_AI_Biased,351,6,0.30000000000000004,0.9,4,Very meaningful,Somewhat Republican,Conservative,1
Single_AI_Biased,351,12,0.8,1,4,Very meaningful,Somewhat Republican,Conservative,0.5
Single_AI_Biased,351,18,0.8,0.7,4,Very meaningful,Somewhat Republican,Conservative,0.5
Single_AI_Biased,354,6,0.19999999999999996,0.7,1,Slightly meaningful,Strong Republican,Conservative,1
Single_AI_Biased,354,7,0.9,0.7,1,Slightly meaningful,Strong Republican,Conservative,0.8
Single_AI_Biased,354,15,0.9,0.9,1,Slightly meaningful,Strong Republican,Conservative,0.5
Single_AI_Biased,357,2,1,1,2,Slightly meaningful,Somewhat Republican,Slightly conservative,1
Single_AI_Biased,357,7,0.5,0.5,2,Slightly meaningful,Somewhat Republican,Slightly conservative,0.1999999999999999
Single_AI_Biased,357,14,0.5,0.5,2,Slightly meaningful,Somewhat Republican,Slightly conservative,0.8
Single_AI_Biased,363,5,0.7,1,3,Very meaningful,Independent,Moderate,1
Single_AI_Biased,363,8,0.8,0.9,3,Very meaningful,Independent,Moderate,1
Single_AI_Biased,363,15,0.5,0.9,3,Very meaningful,Independent,Moderate,0.3
Single_AI_Biased,366,2,0.5,0.7,2,Slightly meaningful,Strong Democrat,Liberal,1
Single_AI_Biased,366,11,0,0.6,2,Slightly meaningful,Strong Democrat,Liberal,0.3
Single_AI_Biased,366,18,1,0.7,2,Slightly meaningful,Strong Democrat,Liberal,0.5
Single_AI_Biased,369,4,0.30000000000000004,0.8,4,Very meaningful,Somewhat Democrat,Slightly liberal,0.5
Single_AI_Biased,369,12,0.8,0.9,4,Very meaningful,Somewhat Democrat,Slightly liberal,0.8
Single_AI_Biased,369,15,0.9,0.5,4,Very meaningful,Somewhat Democrat,Slightly liberal,0.5
Single_AI_Biased,378,1,0.6,0.5,4,Very meaningful,Somewhat Democrat,Slightly liberal,0.5
Single_AI_Biased,378,7,0.6,0,4,Very meaningful,Somewhat Democrat,Slightly liberal,0
Single_AI_Biased,378,17,0.30000000000000004,0.5,4,Very meaningful,Somewhat Democrat,Slightly liberal,0.1999999999999999
Single_AI_Biased,381,6,0.5,1,3,Moderately meaningful,Strong Republican,Conservative,1
Single_AI_Biased,381,7,1,1,3,Moderately meaningful,Strong Republican,Conservative,0.5
Single_AI_Biased,381,13,0.5,1,3,Moderately meaningful,Strong Republican,Conservative,1
Single_AI_Biased,393,2,0.5,0.8,3,Moderately meaningful,Independent,Moderate,0.8
Single_AI_Biased,393,12,0.5,0.8,3,Moderately meaningful,Independent,Moderate,0.7
Single_AI_Biased,393,17,0.30000000000000004,0.19999999999999996,3,Moderately meaningful,Independent,Moderate,0.3
Single_AI_Biased,402,3,0.8,0.09999999999999998,4,Very meaningful,Independent,Moderate,0
Single_AI_Biased,402,12,0.5,0.8,4,Very meaningful,Independent,Moderate,0.8
Single_AI_Biased,402,14,0.5,0.9,4,Very meaningful,Independent,Moderate,0.9
Single_AI_Biased,408,2,0.8,0.7,3,Slightly meaningful,Strong Democrat,Extremely liberal,1
Single_AI_Biased,408,8,0.8,1,3,Slightly meaningful,Strong Democrat,Extremely liberal,0.5
Single_AI_Biased,408,16,1,1,3,Slightly meaningful,Strong Democrat,Extremely liberal,1
Single_AI_Biased,411,5,0.5,0.6,5,Very meaningful,Somewhat Democrat,Liberal,0.8
Single_AI_Biased,411,11,0,0,5,Very meaningful,Somewhat Democrat,Liberal,0
Single_AI_Biased,411,18,0.7,0.6,5,Very meaningful,Somewhat Democrat,Liberal,0.5
Single_AI_Biased,414,6,0.9,0.9,4,Very meaningful,Independent,Liberal,1
Single_AI_Biased,414,12,0.30000000000000004,0.5,4,Very meaningful,Independent,Liberal,0.5
Single_AI_Biased,414,14,0.8,1,4,Very meaningful,Independent,Liberal,0.9
Single_AI_Biased,417,5,0.7,0.6,3,Moderately meaningful,Somewhat Democrat,Slightly liberal,0.7
Single_AI_Biased,417,7,0.5,0.5,3,Moderately meaningful,Somewhat Democrat,Slightly liberal,0.5
Single_AI_Biased,417,14,0.5,0.5,3,Moderately meaningful,Somewhat Democrat,Slightly liberal,0.5
Single_AI_Biased,420,3,0.09999999999999998,0,2,Moderately meaningful,Strong Republican,Conservative,0
Single_AI_Biased,420,9,0.09999999999999998,0.9,2,Moderately meaningful,Strong Republican,Conservative,1
Single_AI_Biased,420,18,0.7,0.7,2,Moderately meaningful,Strong Republican,Conservative,0.8
Single_AI_Biased,423,2,0.09999999999999998,0.8,3,Very meaningful,Somewhat Democrat,Liberal,1
Single_AI_Biased,423,8,1,1,3,Very meaningful,Somewhat Democrat,Liberal,1
Single_AI_Biased,423,18,0.6,0.5,3,Very meaningful,Somewhat Democrat,Liberal,0.5
Single_AI_Biased,426,4,0.09999999999999998,0.9,4,Very meaningful,Independent,Slightly conservative,1
Single_AI_Biased,426,7,0.19999999999999996,0,4,Very meaningful,Independent,Slightly conservative,0
Single_AI_Biased,426,14,0.19999999999999996,0.09999999999999998,4,Very meaningful,Independent,Slightly conservative,0.9
Single_AI_Biased,429,4,0.5,0.7,2,Slightly meaningful,Independent,Slightly liberal,1
Single_AI_Biased,429,9,0.8,0.9,2,Slightly meaningful,Independent,Slightly liberal,1
Single_AI_Biased,429,16,0.30000000000000004,0.8,2,Slightly meaningful,Independent,Slightly liberal,0.5
Single_AI_Biased,432,5,0.6,1,3,Very meaningful,Independent,Liberal,0.7
Single_AI_Biased,432,9,1,0.9,3,Very meaningful,Independent,Liberal,1
Single_AI_Biased,432,14,0.5,0.9,3,Very meaningful,Independent,Liberal,0.9
Single_AI_Biased,435,4,0.30000000000000004,0.5,1,Not meaningful at all,Somewhat Democrat,Slightly liberal,1
Single_AI_Biased,435,10,0.8,0.19999999999999996,1,Not meaningful at all,Somewhat Democrat,Slightly liberal,1
Single_AI_Biased,435,18,1,1,1,Not meaningful at all,Somewhat Democrat,Slightly liberal,0.5
Single_AI_Biased,438,6,0.19999999999999996,0.19999999999999996,1,Slightly meaningful,Strong Republican,Extremely conservative,1
Single_AI_Biased,438,8,0.7,0.30000000000000004,1,Slightly meaningful,Strong Republican,Extremely conservative,1
Single_AI_Biased,438,17,0.7,0.9,1,Slightly meaningful,Strong Republican,Extremely conservative,0.7
Single_AI_Biased,444,4,0.09999999999999998,1,5,Extremely meaningful,Strong Republican,Conservative,1
Single_AI_Biased,444,11,1,1,5,Extremely meaningful,Strong Republican,Conservative,0.5
Single_AI_Biased,444,17,0,0.5,5,Extremely meaningful,Strong Republican,Conservative,0.5
Single_AI_Biased,447,6,0.4,0.09999999999999998,2,Slightly meaningful,Somewhat Republican,Slightly conservative,1
Single_AI_Biased,447,11,0.9,1,2,Slightly meaningful,Somewhat Republican,Slightly conservative,0.1999999999999999
Single_AI_Biased,447,17,0.4,0.30000000000000004,2,Slightly meaningful,Somewhat Republican,Slightly conservative,0.1999999999999999
Single_AI_Biased,450,2,0.30000000000000004,0.9,4,Very meaningful,Somewhat Democrat,Liberal,0.8
Single_AI_Biased,450,10,0.19999999999999996,0,4,Very meaningful,Somewhat Democrat,Liberal,1
Single_AI_Biased,450,14,0.5,0.8,4,Very meaningful,Somewhat Democrat,Liberal,0.8
Single_AI_Biased,453,2,0.09999999999999998,0.30000000000000004,3,Moderately meaningful,Strong Republican,Conservative,1
Single_AI_Biased,453,10,0.9,1,3,Moderately meaningful,Strong Republican,Conservative,0.9
Single_AI_Biased,453,14,0.5,0.7,3,Moderately meaningful,Strong Republican,Conservative,0.8
Single_AI_Biased,456,1,0.6,0.7,3,Moderately meaningful,Independent,Slightly liberal,0.5
Single_AI_Biased,456,9,0.5,0.8,3,Moderately meaningful,Independent,Slightly liberal,1
Single_AI_Biased,456,18,1,0.5,3,Moderately meaningful,Independent,Slightly liberal,0.8
Single_AI_Biased,462,2,0.8,0.9,1,Moderately meaningful,Strong Republican,Extremely conservative,1
Single_AI_Biased,462,7,0.9,0.8,1,Moderately meaningful,Strong Republican,Extremely conservative,0
Single_AI_Biased,462,14,0.5,0.7,1,Moderately meaningful,Strong Republican,Extremely conservative,0.9
Single_AI_Biased,465,6,0.4,0.8,3,Very meaningful,Independent,Moderate,1
Single_AI_Biased,465,10,0.6,0.8,3,Very meaningful,Independent,Moderate,1
Single_AI_Biased,465,18,0.9,0.7,3,Very meaningful,Independent,Moderate,0.5
Single_AI_Biased,468,3,0.09999999999999998,0,3,Moderately meaningful,Strong Republican,Extremely conservative,0
Single_AI_Biased,468,7,1,0.9,3,Moderately meaningful,Strong Republican,Extremely conservative,0.1999999999999999
Single_AI_Biased,468,18,1,0.6,3,Moderately meaningful,Strong Republican,Extremely conservative,0.5
Single_AI_Biased,471,4,0.30000000000000004,0.8,2,Moderately meaningful,Independent,Moderate,1
Single_AI_Biased,471,10,0.7,0.8,2,Moderately meaningful,Independent,Moderate,1
Single_AI_Biased,471,18,0.7,1,2,Moderately meaningful,Independent,Moderate,0.5
Single_AI_Biased,474,2,0.5,0.8,3,Moderately meaningful,Independent,Slightly liberal,1
Single_AI_Biased,474,7,0.5,0.19999999999999996,3,Moderately meaningful,Independent,Slightly liberal,0.0999999999999999
Single_AI_Biased,474,14,0.5,0.8,3,Moderately meaningful,Independent,Slightly liberal,0.8
Single_AI_Biased,480,6,0.5,0.9,3,Slightly meaningful,Somewhat Democrat,Moderate,1
Single_AI_Biased,480,11,1,0.19999999999999996,3,Slightly meaningful,Somewhat Democrat,Moderate,0
Single_AI_Biased,480,16,0.5,0.8,3,Slightly meaningful,Somewhat Democrat,Moderate,0.7
Single_AI_Biased,483,6,0.5,1,4,Very meaningful,Somewhat Republican,Slightly liberal,1
Single_AI_Biased,483,7,0.9,0.8,4,Very meaningful,Somewhat Republican,Slightly liberal,0.0999999999999999
Single_AI_Biased,483,13,0.8,1,4,Very meaningful,Somewhat Republican,Slightly liberal,0.9
Single_AI_Biased,486,4,0.7,1,5,Very meaningful,Somewhat Democrat,Slightly conservative,1
Single_AI_Biased,486,12,0.19999999999999996,0.9,5,Very meaningful,Somewhat Democrat,Slightly conservative,0.8
Single_AI_Biased,486,13,0.5,0.8,5,Very meaningful,Somewhat Democrat,Slightly conservative,1
Single_AI_Biased,489,6,0.7,0.8,4,Moderately meaningful,Strong Republican,Conservative,1
Single_AI_Biased,489,11,0.19999999999999996,0.8,4,Moderately meaningful,Strong Republican,Conservative,0.5
Single_AI_Biased,489,15,0.5,0.5,4,Moderately meaningful,Strong Republican,Conservative,0.1999999999999999
Single_AI_Biased,492,5,0.7,0.7,3,Moderately meaningful,Strong Democrat,Liberal,0.8
Single_AI_Biased,492,12,0.5,0.7,3,Moderately meaningful,Strong Democrat,Liberal,1
Single_AI_Biased,492,13,0.8,0.9,3,Moderately meaningful,Strong Democrat,Liberal,0.8
Single_AI_Biased,495,4,0.19999999999999996,1,4,Very meaningful,Independent,Slightly liberal,1
Single_AI_Biased,495,8,0.7,0.9,4,Very meaningful,Independent,Slightly liberal,1
Single_AI_Biased,495,17,0.09999999999999998,0.09999999999999998,4,Very meaningful,Independent,Slightly liberal,0.7
Single_AI_Biased,498,2,0.7,0.9,3,Moderately meaningful,Somewhat Republican,Conservative,1
Single_AI_Biased,498,9,0.5,0.9,3,Moderately meaningful,Somewhat Republican,Conservative,1
Single_AI_Biased,498,15,0.8,0.09999999999999998,3,Moderately meaningful,Somewhat Republican,Conservative,0.3
Single_AI_Biased,501,5,1,1,1,Slightly meaningful,Somewhat Republican,Conservative,0.8
Single_AI_Biased,501,9,0.8,0.8,1,Slightly meaningful,Somewhat Republican,Conservative,1
Single_AI_Biased,501,13,0.9,1,1,Slightly meaningful,Somewhat Republican,Conservative,0.8
Single_AI_Biased,504,6,0.5,0.7,3,Slightly meaningful,Strong Democrat,Extremely liberal,1
Single_AI_Biased,504,8,0.5,0.09999999999999998,3,Slightly meaningful,Strong Democrat,Extremely liberal,1
Single_AI_Biased,504,14,0.5,0.9,3,Slightly meaningful,Strong Democrat,Extremely liberal,1
Single_AI_Biased,507,6,0.5,0.5,2,Slightly meaningful,Independent,Liberal,1
Single_AI_Biased,507,7,0.5,0.5,2,Slightly meaningful,Independent,Liberal,0
Single_AI_Biased,507,15,0.5,0.5,2,Slightly meaningful,Independent,Liberal,0.1999999999999999
Single_AI_Biased,510,2,0.30000000000000004,0.30000000000000004,3,Moderately meaningful,Strong Republican,Conservative,0.8
Single_AI_Biased,510,9,0.8,0.8,3,Moderately meaningful,Strong Republican,Conservative,1
Single_AI_Biased,510,18,1,0.7,3,Moderately meaningful,Strong Republican,Conservative,0.5
Single_AI_Biased,513,6,0.30000000000000004,0.7,3,Moderately meaningful,Independent,Slightly conservative,1
Single_AI_Biased,513,9,0.9,0.9,3,Moderately meaningful,Independent,Slightly conservative,1
Single_AI_Biased,513,14,0.5,0.9,3,Moderately meaningful,Independent,Slightly conservative,0.9
Single_AI_Biased,516,1,0.5,0.6,2,Slightly meaningful,Strong Democrat,Liberal,0.5
Single_AI_Biased,516,7,0.8,0.5,2,Slightly meaningful,Strong Democrat,Liberal,0.1999999999999999
Single_AI_Biased,516,17,0.30000000000000004,0.30000000000000004,2,Slightly meaningful,Strong Democrat,Liberal,0.7
Single_AI_Biased,519,5,0.7,0.7,4,Very meaningful,Somewhat Republican,Conservative,1
Single_AI_Biased,519,8,0.8,0.9,4,Very meaningful,Somewhat Republican,Conservative,1
Single_AI_Biased,519,18,0.8,0.9,4,Very meaningful,Somewhat Republican,Conservative,0.5
Single_AI_Biased,522,6,0.19999999999999996,0.5,3,Moderately meaningful,Strong Republican,Conservative,0.5
Single_AI_Biased,522,8,0.5,0.5,3,Moderately meaningful,Strong Republican,Conservative,1
Single_AI_Biased,522,17,0.8,0.7,3,Moderately meaningful,Strong Republican,Conservative,0.5
Single_AI_Biased,525,6,0.5,1,3,Extremely meaningful,Strong Republican,Extremely conservative,1
Single_AI_Biased,525,9,0.9,1,3,Extremely meaningful,Strong Republican,Extremely conservative,1
Single_AI_Biased,525,16,0,0,3,Extremely meaningful,Strong Republican,Extremely conservative,0.8
Single_AI_Biased,531,5,0.6,0.5,2,Not meaningful at all,Independent,Extremely conservative,0.7
Single_AI_Biased,531,7,1,1,2,Not meaningful at all,Independent,Extremely conservative,0.5
Single_AI_Biased,531,13,1,1,2,Not meaningful at all,Independent,Extremely conservative,0.8
Single_AI_Biased,534,1,0.7,0.6,3,Moderately meaningful,Independent,Moderate,0.5
Single_AI_Biased,534,7,0.30000000000000004,0.09999999999999998,3,Moderately meaningful,Independent,Moderate,0.1999999999999999
Single_AI_Biased,534,14,0.5,0.8,3,Moderately meaningful,Independent,Moderate,1
Single_AI_Biased,540,2,0.5,0.7,2,Slightly meaningful,Independent,Extremely liberal,1
Single_AI_Biased,540,10,0.19999999999999996,0.8,2,Slightly meaningful,Independent,Extremely liberal,1
Single_AI_Biased,540,16,0.8,0.9,2,Slightly meaningful,Independent,Extremely liberal,0.5
Single_AI_Biased,543,5,0.5,0.5,3,Moderately meaningful,Somewhat Republican,Slightly conservative,0.8
Single_AI_Biased,543,8,0.5,1,3,Moderately meaningful,Somewhat Republican,Slightly conservative,1
Single_AI_Biased,543,14,0.5,0.8,3,Moderately meaningful,Somewhat Republican,Slightly conservative,0.9
Single_AI_Biased,549,2,0.8,0.9,3,Moderately meaningful,Independent,Moderate,0.9
Single_AI_Biased,549,8,0.9,0.9,3,Moderately meaningful,Independent,Moderate,1
Single_AI_Biased,549,18,1,0.7,3,Moderately meaningful,Independent,Moderate,0.5
Single_AI_Biased,558,5,1,0.7,4,Extremely meaningful,Somewhat Republican,Conservative,0.7
Single_AI_Biased,558,7,0.7,0.09999999999999998,4,Extremely meaningful,Somewhat Republican,Conservative,0
Single_AI_Biased,558,15,0.5,0.8,4,Extremely meaningful,Somewhat Republican,Conservative,0.3
Single_AI_Biased,561,6,0.5,0.5,1,Not meaningful at all,Independent,Moderate,1
Single_AI_Biased,561,11,0.5,0.30000000000000004,1,Not meaningful at all,Independent,Moderate,0
Single_AI_Biased,561,16,0.5,0.7,1,Not meaningful at all,Independent,Moderate,0.8
Single_AI_Biased,564,5,0.8,1,5,Very meaningful,Independent,Moderate,0.7
Single_AI_Biased,564,10,0.30000000000000004,0,5,Very meaningful,Independent,Moderate,0
Single_AI_Biased,564,18,0.8,0.6,5,Very meaningful,Independent,Moderate,0.5
Single_AI_Biased,567,6,0.4,0.9,3,Moderately meaningful,Independent,Extremely liberal,0.8
Single_AI_Biased,567,8,0.4,0.5,3,Moderately meaningful,Independent,Extremely liberal,0.5
Single_AI_Biased,567,18,0.9,0.7,3,Moderately meaningful,Independent,Extremely liberal,0.6
Single_AI_Biased,570,4,0.4,0.09999999999999998,2,Slightly meaningful,Somewhat Democrat,Liberal,0.5
Single_AI_Biased,570,10,0.7,0.9,2,Slightly meaningful,Somewhat Democrat,Liberal,1
Single_AI_Biased,570,16,0.8,1,2,Slightly meaningful,Somewhat Democrat,Liberal,1
Single_AI_Biased,573,3,0.19999999999999996,0.09999999999999998,3,Very meaningful,Strong Republican,Extremely conservative,0
Single_AI_Biased,573,12,0.5,0.7,3,Very meaningful,Strong Republican,Extremely conservative,0.8
Single_AI_Biased,573,15,0.5,0.5,3,Very meaningful,Strong Republican,Extremely conservative,0.5
Single_AI_Biased,579,6,0.09999999999999998,1,5,Very meaningful,Somewhat Republican,Conservative,1
Single_AI_Biased,579,9,1,1,5,Very meaningful,Somewhat Republican,Conservative,1
Single_AI_Biased,579,13,0.8,1,5,Very meaningful,Somewhat Republican,Conservative,0.8
Single_AI_Biased,585,6,0.5,0.7,3,Moderately meaningful,Somewhat Democrat,Slightly liberal,1
Single_AI_Biased,585,11,0.09999999999999998,0,3,Moderately meaningful,Somewhat Democrat,Slightly liberal,0
Single_AI_Biased,585,18,1,0.7,3,Moderately meaningful,Somewhat Democrat,Slightly liberal,0.8
Single_AI_Biased,588,3,0.5,0.09999999999999998,2,Slightly meaningful,Somewhat Democrat,Slightly liberal,0.9
Single_AI_Biased,588,7,0.6,0.5,2,Slightly meaningful,Somewhat Democrat,Slightly liberal,0.5
Single_AI_Biased,588,17,0.5,0.5,2,Slightly meaningful,Somewhat Democrat,Slightly liberal,0.5
Single_AI_Biased,591,6,0.5,0.8,3,Moderately meaningful,Independent,Moderate,1
Single_AI_Biased,591,8,0.7,0.9,3,Moderately meaningful,Independent,Moderate,1
Single_AI_Biased,591,18,0.7,0.5,3,Moderately meaningful,Independent,Moderate,0.5
Single_AI_Biased,597,1,0.8,1,3,Slightly meaningful,Strong Democrat,Extremely liberal,0.5
Single_AI_Biased,597,10,0.7,1,3,Slightly meaningful,Strong Democrat,Extremely liberal,0
Single_AI_Biased,597,18,1,0.8,3,Slightly meaningful,Strong Democrat,Extremely liberal,0.5
Single_AI_Biased,600,6,0.19999999999999996,0.7,3,Moderately meaningful,Independent,Moderate,1
Single_AI_Biased,600,8,0.8,0.19999999999999996,3,Moderately meaningful,Independent,Moderate,0.5
Single_AI_Biased,600,14,0.7,0.8,3,Moderately meaningful,Independent,Moderate,0.5
Single_AI_Biased,603,3,0.5,0.19999999999999996,5,Very meaningful,Strong Republican,Conservative,0
Single_AI_Biased,603,7,0.5,0.19999999999999996,5,Very meaningful,Strong Republican,Conservative,0.0999999999999999
Single_AI_Biased,603,18,0.7,0.5,5,Very meaningful,Strong Republican,Conservative,0.5
Single_AI_Biased,606,1,0.6,0.6,3,Moderately meaningful,Strong Republican,Conservative,0.5
Single_AI_Biased,606,12,0.19999999999999996,0.9,3,Moderately meaningful,Strong Republican,Conservative,0.8
Single_AI_Biased,606,13,0.9,0.9,3,Moderately meaningful,Strong Republican,Conservative,0.8
Single_AI_Biased,609,3,0.5,0.19999999999999996,3,Moderately meaningful,Independent,Liberal,1
Single_AI_Biased,609,11,0.30000000000000004,0.19999999999999996,3,Moderately meaningful,Independent,Liberal,0.5
Single_AI_Biased,609,15,0.5,0.19999999999999996,3,Moderately meaningful,Independent,Liberal,0
Single_AI_Biased,612,5,1,0.6,4,Moderately meaningful,Somewhat Republican,Conservative,0.7
Single_AI_Biased,612,8,0.7,0.09999999999999998,4,Moderately meaningful,Somewhat Republican,Conservative,0.5
Single_AI_Biased,612,18,1,0.5,4,Moderately meaningful,Somewhat Republican,Conservative,0.5
Single_AI_Biased,618,4,0.7,0.9,3,Very meaningful,Strong Republican,Extremely conservative,0.8
Single_AI_Biased,618,9,0.9,1,3,Very meaningful,Strong Republican,Extremely conservative,1
Single_AI_Biased,618,16,0.19999999999999996,0.9,3,Very meaningful,Strong Republican,Extremely conservative,1
Single_AI_Biased,624,3,0.5,0,4,Very meaningful,Strong Democrat,Liberal,1
Single_AI_Biased,624,11,0.7,0.30000000000000004,4,Very meaningful,Strong Democrat,Liberal,0.5
Single_AI_Biased,624,14,0.5,1,4,Very meaningful,Strong Democrat,Liberal,1
Single_AI_Biased,627,3,0.9,0.7,4,Very meaningful,Strong Republican,Extremely conservative,0
Single_AI_Biased,627,9,1,1,4,Very meaningful,Strong Republican,Extremely conservative,1
Single_AI_Biased,627,17,0.5,0.5,4,Very meaningful,Strong Republican,Extremely conservative,0.1999999999999999
Single_AI_Biased,630,6,0.19999999999999996,0.8,3,Moderately meaningful,Somewhat Republican,Conservative,1
Single_AI_Biased,630,12,0.19999999999999996,0.8,3,Moderately meaningful,Somewhat Republican,Conservative,0.7
Single_AI_Biased,630,17,0.5,0.09999999999999998,3,Moderately meaningful,Somewhat Republican,Conservative,0.1999999999999999
Single_AI_Biased,633,4,0.7,1,5,Very meaningful,Independent,Moderate,1
Single_AI_Biased,633,12,0.7,1,5,Very meaningful,Independent,Moderate,0.7
Single_AI_Biased,633,18,0.8,0.5,5,Very meaningful,Independent,Moderate,0.5
Single_AI_Biased,636,2,0.5,0.5,1,Slightly meaningful,Somewhat Democrat,Moderate,1
Single_AI_Biased,636,9,0.9,1,1,Slightly meaningful,Somewhat Democrat,Moderate,1
Single_AI_Biased,636,15,0.5,0.5,1,Slightly meaningful,Somewhat Democrat,Moderate,0.1999999999999999
Single_AI_Biased,639,3,0.6,0.09999999999999998,5,Extremely meaningful,Independent,Moderate,0
Single_AI_Biased,639,10,0.19999999999999996,0,5,Extremely meaningful,Independent,Moderate,1
Single_AI_Biased,639,18,1,0.5,5,Extremely meaningful,Independent,Moderate,0.5
Single_AI_Biased,642,2,0.5,0.9,4,Very meaningful,Somewhat Republican,Conservative,0.9
Single_AI_Biased,642,11,1,1,4,Very meaningful,Somewhat Republican,Conservative,0.5
Single_AI_Biased,642,17,0.19999999999999996,0.5,4,Very meaningful,Somewhat Republican,Conservative,0.7
Single_AI_Biased,645,2,0.5,0.7,4,Moderately meaningful,Independent,Moderate,0.8
Single_AI_Biased,645,12,0.5,0.8,4,Moderately meaningful,Independent,Moderate,0.8
Single_AI_Biased,645,17,0.30000000000000004,0.19999999999999996,4,Moderately meaningful,Independent,Moderate,0.5
Single_AI_Biased,654,2,0.19999999999999996,0.5,3,Moderately meaningful,Independent,Moderate,1
Single_AI_Biased,654,8,0.19999999999999996,0.09999999999999998,3,Moderately meaningful,Independent,Moderate,1
Single_AI_Biased,654,16,0,1,3,Moderately meaningful,Independent,Moderate,1
Single_AI_Biased,657,1,0.8,1,4,Moderately meaningful,Independent,Slightly conservative,0.7
Single_AI_Biased,657,10,0.5,0.7,4,Moderately meaningful,Independent,Slightly conservative,1
Single_AI_Biased,657,14,0.5,0.7,4,Moderately meaningful,Independent,Slightly conservative,0.9
Single_AI_Biased,660,3,0.5,0.19999999999999996,3,Moderately meaningful,Somewhat Democrat,Liberal,0.0999999999999999
Single_AI_Biased,660,8,0.5,0.09999999999999998,3,Moderately meaningful,Somewhat Democrat,Liberal,1
Single_AI_Biased,660,16,0.8,1,3,Moderately meaningful,Somewhat Democrat,Liberal,1
Single_AI_Biased,663,2,0.5,0.8,2,Moderately meaningful,Somewhat Republican,Conservative,0.8
Single_AI_Biased,663,12,0.5,0.8,2,Moderately meaningful,Somewhat Republican,Conservative,1
Single_AI_Biased,663,13,0.9,0.9,2,Moderately meaningful,Somewhat Republican,Conservative,0.8
Single_AI_Biased,675,5,0.6,0.5,2,Slightly meaningful,Independent,Moderate,0.7
Single_AI_Biased,675,10,1,1,2,Slightly meaningful,Independent,Moderate,1
Single_AI_Biased,675,17,0,0,2,Slightly meaningful,Independent,Moderate,0.1999999999999999
Single_AI_Biased,678,3,0.19999999999999996,0,2,Slightly meaningful,Somewhat Republican,Slightly conservative,0
Single_AI_Biased,678,7,0.9,0.5,2,Slightly meaningful,Somewhat Republican,Slightly conservative,1
Single_AI_Biased,678,16,0.7,0.9,2,Slightly meaningful,Somewhat Republican,Slightly conservative,1
Single_AI_Biased,684,2,0.5,1,4,Moderately meaningful,Somewhat Democrat,Moderate,0.9
Single_AI_Biased,684,10,0.9,1,4,Moderately meaningful,Somewhat Democrat,Moderate,1
Single_AI_Biased,684,17,0.5,0.5,4,Moderately meaningful,Somewhat Democrat,Moderate,0.5
Single_AI_Biased,690,6,0,0.7,5,Extremely meaningful,Independent,Slightly liberal,1
Single_AI_Biased,690,12,0.8,0.9,5,Extremely meaningful,Independent,Slightly liberal,1
Single_AI_Biased,690,18,1,0.6,5,Extremely meaningful,Independent,Slightly liberal,0.7
Single_AI_Biased,693,2,1,1,5,Extremely meaningful,Independent,Moderate,1
Single_AI_Biased,693,7,0.5,0,5,Extremely meaningful,Independent,Moderate,0
Single_AI_Biased,693,13,1,1,5,Extremely meaningful,Independent,Moderate,0.8
Single_AI_Biased,696,5,0.7,0.7,1,Slightly meaningful,Independent,Moderate,1
Single_AI_Biased,696,8,0.9,0.9,1,Slightly meaningful,Independent,Moderate,1
Single_AI_Biased,696,15,0.5,0.5,1,Slightly meaningful,Independent,Moderate,0.3
Single_AI_Biased,702,3,0.19999999999999996,0.09999999999999998,5,Very meaningful,Somewhat Republican,Conservative,1
Single_AI_Biased,702,8,0.9,0.9,5,Very meaningful,Somewhat Republican,Conservative,0.5
Single_AI_Biased,702,15,0.5,0.19999999999999996,5,Very meaningful,Somewhat Republican,Conservative,0
Single_AI_Biased,708,4,0.7,0.9,3,Moderately meaningful,Strong Republican,Extremely conservative,1
Single_AI_Biased,708,9,0.8,0.9,3,Moderately meaningful,Strong Republican,Extremely conservative,1
Single_AI_Biased,708,17,0.7,0.5,3,Moderately meaningful,Strong Republican,Extremely conservative,0.5
Single_AI_Biased,717,3,0.19999999999999996,0,4,Extremely meaningful,Strong Democrat,Extremely liberal,0.9
Single_AI_Biased,717,11,0.8,0.9,4,Extremely meaningful,Strong Democrat,Extremely liberal,0.5
Single_AI_Biased,717,17,0.19999999999999996,0.5,4,Extremely meaningful,Strong Democrat,Extremely liberal,0.5
Single_AI_Biased,720,4,0.8,1,3,Moderately meaningful,Strong Republican,Conservative,0.7
Single_AI_Biased,720,7,0.7,0.5,3,Moderately meaningful,Strong Republican,Conservative,0.5
Single_AI_Biased,720,15,0.9,0.5,3,Moderately meaningful,Strong Republican,Conservative,0.1999999999999999
Single_AI_Biased,726,5,0.7,1,3,Moderately meaningful,Independent,Extremely liberal,0.8
Single_AI_Biased,726,11,0.19999999999999996,0.09999999999999998,3,Moderately meaningful,Independent,Extremely liberal,0
Single_AI_Biased,726,14,0.5,0.8,3,Moderately meaningful,Independent,Extremely liberal,0.8
Single_AI_Biased,732,1,0.6,0.9,1,Not meaningful at all,Independent,Extremely liberal,0.5
Single_AI_Biased,732,7,0.9,0.9,1,Not meaningful at all,Independent,Extremely liberal,0.5
Single_AI_Biased,732,14,0.5,0.30000000000000004,1,Not meaningful at all,Independent,Extremely liberal,0.8
Single_AI_Biased,735,5,0.5,0.5,1,Not meaningful at all,Strong Republican,Extremely conservative,1
Single_AI_Biased,735,10,1,1,1,Not meaningful at all,Strong Republican,Extremely conservative,1
Single_AI_Biased,735,14,0.09999999999999998,0.5,1,Not meaningful at all,Strong Republican,Extremely conservative,0.9
Single_AI_Biased,738,1,0.8,0.5,5,Extremely meaningful,Somewhat Democrat,Liberal,0.5
Single_AI_Biased,738,10,0.5,0,5,Extremely meaningful,Somewhat Democrat,Liberal,0.1999999999999999
Single_AI_Biased,738,18,1,0.6,5,Extremely meaningful,Somewhat Democrat,Liberal,0.5
Single_AI_Biased,741,5,0.8,1,4,Very meaningful,Strong Republican,Conservative,1
Single_AI_Biased,741,8,0.9,0.9,4,Very meaningful,Strong Republican,Conservative,1
Single_AI_Biased,741,18,0.5,0.7,4,Very meaningful,Strong Republican,Conservative,0.5
Single_AI_Biased,747,2,0.5,1,4,Very meaningful,Strong Democrat,Slightly liberal,1
Single_AI_Biased,747,7,0.8,0.19999999999999996,4,Very meaningful,Strong Democrat,Slightly liberal,0
Single_AI_Biased,747,14,0.6,0.9,4,Very meaningful,Strong Democrat,Slightly liberal,0.8
Single_AI_Biased,756,4,0.5,0.8,3,Moderately meaningful,Independent,Slightly liberal,1
Single_AI_Biased,756,7,0.5,0.19999999999999996,3,Moderately meaningful,Independent,Slightly liberal,0.0999999999999999
Single_AI_Biased,756,17,0.19999999999999996,0.09999999999999998,3,Moderately meaningful,Independent,Slightly liberal,0.1999999999999999
Single_AI_Biased,762,4,0.4,0.8,4,Moderately meaningful,Somewhat Democrat,Extremely liberal,1
Single_AI_Biased,762,10,0.4,0.8,4,Moderately meaningful,Somewhat Democrat,Extremely liberal,1
Single_AI_Biased,762,15,0.5,0.19999999999999996,4,Moderately meaningful,Somewhat Democrat,Extremely liberal,0.1999999999999999
Single_AI_Biased,765,3,0.19999999999999996,0.09999999999999998,3,Slightly meaningful,Independent,Conservative,1
Single_AI_Biased,765,7,0.8,0.8,3,Slightly meaningful,Independent,Conservative,0
Single_AI_Biased,765,13,0.5,0.5,3,Slightly meaningful,Independent,Conservative,0.9
Single_AI_Biased,771,3,0.09999999999999998,0.09999999999999998,1,Not meaningful at all,Independent,Conservative,0
Single_AI_Biased,771,7,0.8,0.09999999999999998,1,Not meaningful at all,Independent,Conservative,0
Single_AI_Biased,771,15,0.9,0.19999999999999996,1,Not meaningful at all,Independent,Conservative,0.1999999999999999
Single_AI_Biased,774,5,1,0.6,4,Moderately meaningful,Somewhat Democrat,Slightly liberal,0.8
Single_AI_Biased,774,10,0.9,1,4,Moderately meaningful,Somewhat Democrat,Slightly liberal,1
Single_AI_Biased,774,15,0.5,0,4,Moderately meaningful,Somewhat Democrat,Slightly liberal,0.1999999999999999
Single_AI_Biased,777,1,0.6,0.5,2,Slightly meaningful,Independent,Moderate,0.5
Single_AI_Biased,777,7,0.8,0.30000000000000004,2,Slightly meaningful,Independent,Moderate,0.1999999999999999
Single_AI_Biased,777,15,0.9,0.5,2,Slightly meaningful,Independent,Moderate,0.5
Single_AI_Biased,786,2,1,1,4,Extremely meaningful,Strong Democrat,Liberal,1
Single_AI_Biased,786,12,0.5,0.7,4,Extremely meaningful,Strong Democrat,Liberal,0.8
Single_AI_Biased,786,16,1,1,4,Extremely meaningful,Strong Democrat,Liberal,0.7
Single_AI_Biased,789,1,0.8,0.6,5,Very meaningful,Independent,Slightly liberal,0.5
Single_AI_Biased,789,11,0.5,0.9,5,Very meaningful,Independent,Slightly liberal,0.3
Single_AI_Biased,789,15,0.8,0,5,Very meaningful,Independent,Slightly liberal,0.5
Single_AI_Biased,792,4,0.7,1,3,Very meaningful,Independent,Moderate,1
Single_AI_Biased,792,9,0.5,0.9,3,Very meaningful,Independent,Moderate,0.8
Single_AI_Biased,792,14,0.5,0.9,3,Very meaningful,Independent,Moderate,1
Single_AI_Biased,795,2,0.19999999999999996,0.5,2,Slightly meaningful,Independent,Slightly liberal,1
Single_AI_Biased,795,7,0.9,0.9,2,Slightly meaningful,Independent,Slightly liberal,0.1999999999999999
Single_AI_Biased,795,13,0.9,0.9,2,Slightly meaningful,Independent,Slightly liberal,0.8
Single_AI_Biased,798,1,0.6,1,5,Extremely meaningful,Independent,Slightly liberal,0.7
Single_AI_Biased,798,10,0.19999999999999996,0.8,5,Extremely meaningful,Independent,Slightly liberal,1
Single_AI_Biased,798,16,0.5,0.9,5,Extremely meaningful,Independent,Slightly liberal,0.5
Single_AI_Biased,801,3,0,0.09999999999999998,5,Extremely meaningful,Strong Republican,Extremely conservative,0
Single_AI_Biased,801,11,0,0,5,Extremely meaningful,Strong Republican,Extremely conservative,0
Single_AI_Biased,801,14,0.09999999999999998,0.9,5,Extremely meaningful,Strong Republican,Extremely conservative,1
Single_AI_Biased,807,4,0.5,0.8,3,Moderately meaningful,Somewhat Republican,Slightly conservative,1
Single_AI_Biased,807,11,0.19999999999999996,0.09999999999999998,3,Moderately meaningful,Somewhat Republican,Slightly conservative,0.5
Single_AI_Biased,807,15,0,1,3,Moderately meaningful,Somewhat Republican,Slightly conservative,0
Single_AI_Biased,813,3,0.5,0.09999999999999998,3,Very meaningful,Somewhat Democrat,Liberal,0
Single_AI_Biased,813,11,0,0,3,Very meaningful,Somewhat Democrat,Liberal,0.5
Single_AI_Biased,813,15,0.8,1,3,Very meaningful,Somewhat Democrat,Liberal,0
Single_AI_Biased,822,1,0.8,0.6,3,Very meaningful,Strong Republican,Conservative,0.5
Single_AI_Biased,822,8,0.5,0.7,3,Very meaningful,Strong Republican,Conservative,1
Single_AI_Biased,822,17,0.30000000000000004,0.30000000000000004,3,Very meaningful,Strong Republican,Conservative,0.5
Single_AI_Biased,825,2,0.8,1,5,Extremely meaningful,Somewhat Republican,Slightly conservative,0.9
Single_AI_Biased,825,11,1,1,5,Extremely meaningful,Somewhat Republican,Slightly conservative,0.5
Single_AI_Biased,825,14,0.5,1,5,Extremely meaningful,Somewhat Republican,Slightly conservative,0.9
Single_AI_Biased,828,1,1,1,4,Very meaningful,Somewhat Democrat,Liberal,0.8
Single_AI_Biased,828,12,0.7,0.19999999999999996,4,Very meaningful,Somewhat Democrat,Liberal,0.7
Single_AI_Biased,828,14,0.5,0.8,4,Very meaningful,Somewhat Democrat,Liberal,0.8
Single_AI_Biased,834,6,0.19999999999999996,0.5,3,Moderately meaningful,Independent,Slightly conservative,1
Single_AI_Biased,834,11,0.9,1,3,Moderately meaningful,Independent,Slightly conservative,0.3
Single_AI_Biased,834,18,0.7,0.7,3,Moderately meaningful,Independent,Slightly conservative,0.5
Single_AI_Biased,840,6,0.19999999999999996,0.5,4,Very meaningful,Strong Republican,Conservative,1
Single_AI_Biased,840,7,1,0.5,4,Very meaningful,Strong Republican,Conservative,0.0999999999999999
Single_AI_Biased,840,15,0.5,0.19999999999999996,4,Very meaningful,Strong Republican,Conservative,0.0999999999999999
Single_AI_Biased,849,5,1,0.8,2,Slightly meaningful,Independent,Moderate,1
Single_AI_Biased,849,12,0.5,0.7,2,Slightly meaningful,Independent,Moderate,1
Single_AI_Biased,849,18,0.5,1,2,Slightly meaningful,Independent,Moderate,0.8
Single_AI_Biased,852,5,0.8,0.7,4,Very meaningful,Somewhat Republican,Conservative,0.7
Single_AI_Biased,852,11,0.30000000000000004,0.9,4,Very meaningful,Somewhat Republican,Conservative,0.5
Single_AI_Biased,852,13,0.8,1,4,Very meaningful,Somewhat Republican,Conservative,0.8
Single_AI_Biased,861,3,0.30000000000000004,0.19999999999999996,2,Slightly meaningful,Strong Democrat,Extremely liberal,0
Single_AI_Biased,861,9,0.9,1,2,Slightly meaningful,Strong Democrat,Extremely liberal,1
Single_AI_Biased,861,16,0.5,0.5,2,Slightly meaningful,Strong Democrat,Extremely liberal,1
Single_AI_Biased,867,1,0.8,0.6,4,Very meaningful,Somewhat Republican,Slightly conservative,0.5
Single_AI_Biased,867,11,0.5,0.8,4,Very meaningful,Somewhat Republican,Slightly conservative,0.5
Single_AI_Biased,867,17,0.5,0.7,4,Very meaningful,Somewhat Republican,Slightly conservative,0.5
Single_AI_Biased,870,1,0.7,1,4,Very meaningful,Somewhat Democrat,Liberal,0.5
Single_AI_Biased,870,9,1,1,4,Very meaningful,Somewhat Democrat,Liberal,1
Single_AI_Biased,870,15,0.09999999999999998,0.09999999999999998,4,Very meaningful,Somewhat Democrat,Liberal,0.5
Single_AI_Biased,873,4,1,1,5,Extremely meaningful,Strong Democrat,Extremely liberal,1
Single_AI_Biased,873,12,0,1,5,Extremely meaningful,Strong Democrat,Extremely liberal,1
Single_AI_Biased,873,18,1,0.5,5,Extremely meaningful,Strong Democrat,Extremely liberal,0.8
Single_AI_Biased,879,3,0.30000000000000004,0.09999999999999998,3,Moderately meaningful,Somewhat Republican,Slightly conservative,0.9
Single_AI_Biased,879,11,0.5,0.8,3,Moderately meaningful,Somewhat Republican,Slightly conservative,0
Single_AI_Biased,879,18,0.7,0.6,3,Moderately meaningful,Somewhat Republican,Slightly conservative,0.5
Single_AI_Biased,882,5,0.5,0.5,1,Very meaningful,Strong Democrat,Extremely liberal,1
Single_AI_Biased,882,12,0.9,1,1,Very meaningful,Strong Democrat,Extremely liberal,0.7
Single_AI_Biased,882,13,0.9,1,1,Very meaningful,Strong Democrat,Extremely liberal,0.8
Single_AI_Biased,888,6,0.19999999999999996,0.9,3,Moderately meaningful,Somewhat Republican,Slightly conservative,1
Single_AI_Biased,888,7,0.9,0.9,3,Moderately meaningful,Somewhat Republican,Slightly conservative,0.1999999999999999
Single_AI_Biased,888,16,0.9,0.9,3,Moderately meaningful,Somewhat Republican,Slightly conservative,1
Single_AI_Biased,891,1,0.6,0.5,3,Very meaningful,Independent,Slightly conservative,0.5
Single_AI_Biased,891,12,0.8,0.7,3,Very meaningful,Independent,Slightly conservative,0.5
Single_AI_Biased,891,17,0.19999999999999996,0.09999999999999998,3,Very meaningful,Independent,Slightly conservative,0.8
Single_AI_Biased,894,5,0.7,1,3,Very meaningful,Independent,Moderate,0.7
Single_AI_Biased,894,7,0.30000000000000004,0.09999999999999998,3,Very meaningful,Independent,Moderate,0.1999999999999999
Single_AI_Biased,894,17,0.5,0.5,3,Very meaningful,Independent,Moderate,0.7
Single_AI_Biased,897,6,0.5,0.9,4,Extremely meaningful,Independent,Liberal,1
Single_AI_Biased,897,7,0.7,0.19999999999999996,4,Extremely meaningful,Independent,Liberal,0.1999999999999999
Single_AI_Biased,897,15,0.5,0.5,4,Extremely meaningful,Independent,Liberal,0.5
Single_AI_Biased,903,6,0.09999999999999998,0.9,5,Very meaningful,Somewhat Republican,Slightly conservative,1
Single_AI_Biased,903,11,0.19999999999999996,0,5,Very meaningful,Somewhat Republican,Slightly conservative,0
Single_AI_Biased,903,18,0.7,0.7,5,Very meaningful,Somewhat Republican,Slightly conservative,0.8
Single_AI_Biased,906,3,0.19999999999999996,0.09999999999999998,3,Moderately meaningful,Somewhat Democrat,Slightly liberal,0
Single_AI_Biased,906,10,0.9,1,3,Moderately meaningful,Somewhat Democrat,Slightly liberal,1
Single_AI_Biased,906,17,0.5,0.6,3,Moderately meaningful,Somewhat Democrat,Slightly liberal,0.5
Single_AI_Biased,909,5,0.8,0.6,5,Extremely meaningful,Somewhat Democrat,Moderate,0.7
Single_AI_Biased,909,8,0.9,0.7,5,Extremely meaningful,Somewhat Democrat,Moderate,0.7
Single_AI_Biased,909,14,0.6,1,5,Extremely meaningful,Somewhat Democrat,Moderate,0.9
Single_AI_Biased,912,5,0.7,0.5,3,Moderately meaningful,Independent,Moderate,0.6
Single_AI_Biased,912,10,0.19999999999999996,1,3,Moderately meaningful,Independent,Moderate,1
Single_AI_Biased,912,17,0.19999999999999996,0.5,3,Moderately meaningful,Independent,Moderate,0.5
Single_AI_Biased,918,5,1,1,4,Very meaningful,Strong Democrat,Liberal,0.8
Single_AI_Biased,918,7,0.9,0.19999999999999996,4,Very meaningful,Strong Democrat,Liberal,0.1999999999999999
Single_AI_Biased,918,14,0.5,0.8,4,Very meaningful,Strong Democrat,Liberal,1
Single_AI_Biased,921,2,0.7,0.8,2,Not meaningful at all,Somewhat Democrat,Liberal,1
Single_AI_Biased,921,10,0.7,0.8,2,Not meaningful at all,Somewhat Democrat,Liberal,1
Single_AI_Biased,921,17,0.5,0.5,2,Not meaningful at all,Somewhat Democrat,Liberal,0.5
Single_AI_Biased,924,1,0.7,0.5,3,Moderately meaningful,Independent,Moderate,0.7
Single_AI_Biased,924,11,0.5,1,3,Moderately meaningful,Independent,Moderate,0.5
Single_AI_Biased,924,15,0.19999999999999996,0,3,Moderately meaningful,Independent,Moderate,0
Single_AI_Biased,930,6,0.09999999999999998,0.9,3,Moderately meaningful,Somewhat Republican,Slightly conservative,1
Single_AI_Biased,930,8,0.5,0.9,3,Moderately meaningful,Somewhat Republican,Slightly conservative,1
Single_AI_Biased,930,17,0.5,0.5,3,Moderately meaningful,Somewhat Republican,Slightly conservative,0.7
Single_AI_Biased,933,4,0.19999999999999996,0.9,5,Extremely meaningful,Strong Republican,Conservative,1
Single_AI_Biased,933,11,1,1,5,Extremely meaningful,Strong Republican,Conservative,0.5
Single_AI_Biased,933,18,0.8,0.5,5,Extremely meaningful,Strong Republican,Conservative,0.7
Single_AI_Biased,936,4,0.30000000000000004,0.5,3,Moderately meaningful,Independent,Slightly conservative,0.7
Single_AI_Biased,936,12,0.5,0.9,3,Moderately meaningful,Independent,Slightly conservative,1
Single_AI_Biased,936,18,0.6,0.5,3,Moderately meaningful,Independent,Slightly conservative,0.8
Single_AI_Biased,939,3,0.7,0.09999999999999998,2,Moderately meaningful,Strong Democrat,Liberal,0
Single_AI_Biased,939,10,0.8,0.9,2,Moderately meaningful,Strong Democrat,Liberal,1
Single_AI_Biased,939,17,0.30000000000000004,0.19999999999999996,2,Moderately meaningful,Strong Democrat,Liberal,0.7
Single_AI_Biased,942,3,0.09999999999999998,0,4,Extremely meaningful,Independent,Moderate,0.9
Single_AI_Biased,942,9,1,1,4,Extremely meaningful,Independent,Moderate,0.8
Single_AI_Biased,942,18,0.6,0.5,4,Extremely meaningful,Independent,Moderate,0.5
Single_AI_Biased,945,4,0.8,1,5,Extremely meaningful,Somewhat Republican,Conservative,1
Single_AI_Biased,945,10,0.9,0,5,Extremely meaningful,Somewhat Republican,Conservative,0.8
Single_AI_Biased,945,18,0.8,0.5,5,Extremely meaningful,Somewhat Republican,Conservative,0.5
Single_AI_Biased,948,4,0.30000000000000004,0.7,2,Very meaningful,Strong Republican,Extremely conservative,1
Single_AI_Biased,948,9,0.7,0.8,2,Very meaningful,Strong Republican,Extremely conservative,1
Single_AI_Biased,948,17,0.7,0.8,2,Very meaningful,Strong Republican,Extremely conservative,0.5
Single_AI_Biased,954,2,0.30000000000000004,0.8,3,Moderately meaningful,Somewhat Democrat,Extremely liberal,1
Single_AI_Biased,954,9,1,1,3,Moderately meaningful,Somewhat Democrat,Extremely liberal,1
Single_AI_Biased,954,13,0.5,0.8,3,Moderately meaningful,Somewhat Democrat,Extremely liberal,0.8
Single_AI_Biased,960,6,0.30000000000000004,0.6,2,Moderately meaningful,Strong Democrat,Extremely liberal,1
Single_AI_Biased,960,11,0.9,0,2,Moderately meaningful,Strong Democrat,Extremely liberal,0
Single_AI_Biased,960,13,0.5,0.9,2,Moderately meaningful,Strong Democrat,Extremely liberal,0.0999999999999999
Single_AI_Biased,969,1,0.7,0.8,3,Moderately meaningful,Independent,Slightly conservative,0.5
Single_AI_Biased,969,12,0.5,0.7,3,Moderately meaningful,Independent,Slightly conservative,0.8
Single_AI_Biased,969,17,0.6,0.19999999999999996,3,Moderately meaningful,Independent,Slightly conservative,0.5
Single_AI_Biased,972,6,0.30000000000000004,0.8,2,Moderately meaningful,Independent,Slightly liberal,1
Single_AI_Biased,972,7,0.5,0.19999999999999996,2,Moderately meaningful,Independent,Slightly liberal,0.5
Single_AI_Biased,972,18,0.8,0.8,2,Moderately meaningful,Independent,Slightly liberal,0.5
Single_AI_Biased,978,3,0.4,0.4,2,Moderately meaningful,Somewhat Democrat,Moderate,1
Single_AI_Biased,978,12,0.8,0.5,2,Moderately meaningful,Somewhat Democrat,Moderate,0.7
Single_AI_Biased,978,13,0.6,0.8,2,Moderately meaningful,Somewhat Democrat,Moderate,0.8
Single_AI_Biased,981,1,0.8,0.8,2,Slightly meaningful,Independent,Slightly liberal,0.8
Single_AI_Biased,981,8,0.30000000000000004,0.8,2,Slightly meaningful,Independent,Slightly liberal,0.5
Single_AI_Biased,981,16,0.4,0.30000000000000004,2,Slightly meaningful,Independent,Slightly liberal,1
Single_AI_Biased,984,1,1,0.8,4,Moderately meaningful,Independent,Slightly conservative,0.5
Single_AI_Biased,984,11,0.30000000000000004,0.5,4,Moderately meaningful,Independent,Slightly conservative,0.3
Single_AI_Biased,984,13,0.5,1,4,Moderately meaningful,Independent,Slightly conservative,0.8
Single_AI_Biased,993,3,0.4,0.19999999999999996,4,Very meaningful,Somewhat Democrat,Slightly liberal,1
Single_AI_Biased,993,7,0.7,0.4,4,Very meaningful,Somewhat Democrat,Slightly liberal,0
Single_AI_Biased,993,18,0.9,0.7,4,Very meaningful,Somewhat Democrat,Slightly liberal,0.5
Single_AI_Biased,996,6,0.5,0.9,4,Very meaningful,Independent,Moderate,1
Single_AI_Biased,996,11,0.19999999999999996,0.09999999999999998,4,Very meaningful,Independent,Moderate,0.1999999999999999
Single_AI_Biased,996,14,0.5,0.9,4,Very meaningful,Independent,Moderate,0.9
Single_AI_Biased,1002,6,0.8,0.7,3,Very meaningful,Independent,Slightly liberal,1
Single_AI_Biased,1002,11,0,0.9,3,Very meaningful,Independent,Slightly liberal,0.8
Single_AI_Biased,1002,14,0.5,0.9,3,Very meaningful,Independent,Slightly liberal,0.9
Single_AI_Biased,1005,6,0.19999999999999996,1,5,Extremely meaningful,Strong Republican,Extremely conservative,1
Single_AI_Biased,1005,7,0.8,0.19999999999999996,5,Extremely meaningful,Strong Republican,Extremely conservative,0.9
Single_AI_Biased,1005,18,0.6,0.5,5,Extremely meaningful,Strong Republican,Extremely conservative,0.5
Single_AI_Biased,1008,6,0.30000000000000004,0.09999999999999998,2,Slightly meaningful,Somewhat Democrat,Liberal,1
Single_AI_Biased,1008,7,0.7,0.7,2,Slightly meaningful,Somewhat Democrat,Liberal,0.0999999999999999
Single_AI_Biased,1008,18,0.9,0.6,2,Slightly meaningful,Somewhat Democrat,Liberal,0.8
Single_AI_Biased,1017,3,0.30000000000000004,0.09999999999999998,3,Moderately meaningful,Somewhat Democrat,Extremely liberal,0
Single_AI_Biased,1017,11,0.09999999999999998,0,3,Moderately meaningful,Somewhat Democrat,Extremely liberal,0
Single_AI_Biased,1017,15,0.7,0.7,3,Moderately meaningful,Somewhat Democrat,Extremely liberal,0.5
Single_AI_Biased,1020,3,0.30000000000000004,0.09999999999999998,2,Slightly meaningful,Somewhat Democrat,Slightly liberal,0
Single_AI_Biased,1020,12,0.7,0.8,2,Slightly meaningful,Somewhat Democrat,Slightly liberal,0.7
Single_AI_Biased,1020,13,0.9,1,2,Slightly meaningful,Somewhat Democrat,Slightly liberal,0.9
Single_AI_Biased,1023,5,0.5,0.5,3,Very meaningful,Somewhat Republican,Extremely conservative,0.7
Single_AI_Biased,1023,11,1,1,3,Very meaningful,Somewhat Republican,Extremely conservative,0.5
Single_AI_Biased,1023,17,0.19999999999999996,0.5,3,Very meaningful,Somewhat Republican,Extremely conservative,0.5
Single_AI_Biased,1026,6,0.30000000000000004,0.9,5,Extremely meaningful,Independent,Moderate,1
Single_AI_Biased,1026,8,0.9,1,5,Extremely meaningful,Independent,Moderate,0.8
Single_AI_Biased,1026,15,1,0,5,Extremely meaningful,Independent,Moderate,0
Single_AI_Biased,1032,2,1,1,4,Moderately meaningful,Somewhat Republican,Slightly conservative,0.9
Single_AI_Biased,1032,12,0.19999999999999996,0.09999999999999998,4,Moderately meaningful,Somewhat Republican,Slightly conservative,0.7
Single_AI_Biased,1032,17,0.30000000000000004,0.09999999999999998,4,Moderately meaningful,Somewhat Republican,Slightly conservative,0.5
Single_AI_Biased,1038,4,0.30000000000000004,0.8,5,Very meaningful,Somewhat Democrat,Moderate,0.5
Single_AI_Biased,1038,12,0.5,0.8,5,Very meaningful,Somewhat Democrat,Moderate,0.7
Single_AI_Biased,1038,13,0.7,0.8,5,Very meaningful,Somewhat Democrat,Moderate,0.8
Single_AI_Biased,1041,4,0.30000000000000004,0.30000000000000004,4,Very meaningful,Independent,Moderate,1
Single_AI_Biased,1041,9,1,1,4,Very meaningful,Independent,Moderate,1
Single_AI_Biased,1041,14,1,1,4,Very meaningful,Independent,Moderate,0.5
Single_AI_Biased,1044,4,0.5,0.5,3,Very meaningful,Independent,Extremely liberal,0.8
Single_AI_Biased,1044,12,0.6,0.19999999999999996,3,Very meaningful,Independent,Extremely liberal,0.7
Single_AI_Biased,1044,13,0.9,0.9,3,Very meaningful,Independent,Extremely liberal,0.9
Single_AI_Biased,1047,1,1,0.7,3,Not meaningful at all,Somewhat Republican,Conservative,0.5
Single_AI_Biased,1047,9,0.5,0.5,3,Not meaningful at all,Somewhat Republican,Conservative,1
Single_AI_Biased,1047,16,0,0.8,3,Not meaningful at all,Somewhat Republican,Conservative,0.8
Single_AI_Biased,1050,2,0.8,1,1,Not meaningful at all,Independent,Extremely liberal,1
Single_AI_Biased,1050,9,1,1,1,Not meaningful at all,Independent,Extremely liberal,1
Single_AI_Biased,1050,13,1,1,1,Not meaningful at all,Independent,Extremely liberal,0.8
Single_AI_Biased,1053,1,0.7,0.7,3,Very meaningful,Somewhat Democrat,Moderate,0.5
Single_AI_Biased,1053,12,0.9,0.9,3,Very meaningful,Somewhat Democrat,Moderate,1
Single_AI_Biased,1053,17,0,0,3,Very meaningful,Somewhat Democrat,Moderate,0.8
Single_AI_Biased,1062,2,0.7,0.9,5,Moderately meaningful,Somewhat Republican,Slightly conservative,0.9
Single_AI_Biased,1062,9,0.30000000000000004,0.8,5,Moderately meaningful,Somewhat Republican,Slightly conservative,1
Single_AI_Biased,1062,18,0.7,0.6,5,Moderately meaningful,Somewhat Republican,Slightly conservative,0.5
Single_AI_Biased,1065,2,0.8,0.9,4,Very meaningful,Independent,Moderate,1
Single_AI_Biased,1065,12,0.19999999999999996,0.9,4,Very meaningful,Independent,Moderate,1
Single_AI_Biased,1065,18,1,0.7,4,Very meaningful,Independent,Moderate,0.5
Single_AI_Biased,1077,2,1,1,2,Slightly meaningful,Independent,Moderate,1
Single_AI_Biased,1077,7,0.8,0.5,2,Slightly meaningful,Independent,Moderate,0.0999999999999999
Single_AI_Biased,1077,13,1,1,2,Slightly meaningful,Independent,Moderate,0.5
Single_AI_Biased,1083,6,0.5,0.7,3,Moderately meaningful,Strong Democrat,Liberal,1
Single_AI_Biased,1083,12,0.5,0.5,3,Moderately meaningful,Strong Democrat,Liberal,0.7
Single_AI_Biased,1083,15,0.5,0.30000000000000004,3,Moderately meaningful,Strong Democrat,Liberal,0.5
Single_AI_Biased,1089,1,0.8,0.7,3,Moderately meaningful,Independent,Slightly conservative,0.5
Single_AI_Biased,1089,10,0.19999999999999996,0.19999999999999996,3,Moderately meaningful,Independent,Slightly conservative,1
Single_AI_Biased,1089,14,0.5,0.7,3,Moderately meaningful,Independent,Slightly conservative,0.8
Single_AI_Biased,1092,2,0.8,0.9,5,Extremely meaningful,Somewhat Republican,Slightly conservative,0.9
Single_AI_Biased,1092,11,0.19999999999999996,0.09999999999999998,5,Extremely meaningful,Somewhat Republican,Slightly conservative,0.5
Single_AI_Biased,1092,13,0.7,1,5,Extremely meaningful,Somewhat Republican,Slightly conservative,0.8
Single_AI_Biased,1095,4,0.7,0.9,4,Very meaningful,Somewhat Democrat,Slightly liberal,1
Single_AI_Biased,1095,7,0.09999999999999998,0.09999999999999998,4,Very meaningful,Somewhat Democrat,Slightly liberal,0.0999999999999999
Single_AI_Biased,1095,15,0.9,0.9,4,Very meaningful,Somewhat Democrat,Slightly liberal,0.5
Single_AI_Biased,1098,4,0.09999999999999998,0.8,1,Not meaningful at all,Strong Democrat,Liberal,1
Single_AI_Biased,1098,10,1,0.09999999999999998,1,Not meaningful at all,Strong Democrat,Liberal,0
Single_AI_Biased,1098,13,0.5,0.8,1,Not meaningful at all,Strong Democrat,Liberal,0.8
Single_AI_Biased,1113,3,0.30000000000000004,0,4,Very meaningful,Strong Republican,Extremely conservative,0
Single_AI_Biased,1113,12,0.7,1,4,Very meaningful,Strong Republican,Extremely conservative,0.7
Single_AI_Biased,1113,17,0.19999999999999996,0.5,4,Very meaningful,Strong Republican,Extremely conservative,0.1999999999999999
Single_AI_Biased,1116,4,0.30000000000000004,0.9,5,Extremely meaningful,Strong Republican,Extremely conservative,0.7
Single_AI_Biased,1116,12,0.19999999999999996,0.9,5,Extremely meaningful,Strong Republican,Extremely conservative,1
Single_AI_Biased,1116,18,0.8,0.5,5,Extremely meaningful,Strong Republican,Extremely conservative,0.7
Single_AI_Biased,1122,3,0,0,4,Extremely meaningful,Independent,Moderate,0
Single_AI_Biased,1122,8,0.5,1,4,Extremely meaningful,Independent,Moderate,1
Single_AI_Biased,1122,17,0,0.19999999999999996,4,Extremely meaningful,Independent,Moderate,0.3
Single_AI_Biased,1131,2,0.5,0.9,5,Very meaningful,Independent,Liberal,0.8
Single_AI_Biased,1131,8,0.7,1,5,Very meaningful,Independent,Liberal,1
Single_AI_Biased,1131,15,0.19999999999999996,0,5,Very meaningful,Independent,Liberal,0
Single_AI_Biased,1134,5,0.6,1,3,Moderately meaningful,Strong Democrat,Extremely liberal,0.8
Single_AI_Biased,1134,7,0.30000000000000004,0.09999999999999998,3,Moderately meaningful,Strong Democrat,Extremely liberal,0.1999999999999999
Single_AI_Biased,1134,15,0.8,0.7,3,Moderately meaningful,Strong Democrat,Extremely liberal,0.1999999999999999
Single_AI_Biased,1137,4,0.19999999999999996,0,4,Slightly meaningful,Somewhat Republican,Slightly conservative,1
Single_AI_Biased,1137,9,0.9,0,4,Slightly meaningful,Somewhat Republican,Slightly conservative,1
Single_AI_Biased,1137,16,0.30000000000000004,0,4,Slightly meaningful,Somewhat Republican,Slightly conservative,0.7
Single_AI_Biased,1140,5,1,0.7,3,Moderately meaningful,Somewhat Republican,Conservative,0.8
Single_AI_Biased,1140,12,0.8,0.8,3,Moderately meaningful,Somewhat Republican,Conservative,0.8
Single_AI_Biased,1140,18,1,0.7,3,Moderately meaningful,Somewhat Republican,Conservative,0.5
Single_AI_Biased,1143,5,0.8,0.8,3,Moderately meaningful,Strong Democrat,Slightly liberal,0.7
Single_AI_Biased,1143,12,1,1,3,Moderately meaningful,Strong Democrat,Slightly liberal,0.8
Single_AI_Biased,1143,16,0.30000000000000004,0.8,3,Moderately meaningful,Strong Democrat,Slightly liberal,0.7
Single_AI_Biased,1155,3,0.9,1,2,Slightly meaningful,Independent,Liberal,1
Single_AI_Biased,1155,10,1,0.9,2,Slightly meaningful,Independent,Liberal,1
Single_AI_Biased,1155,13,0.5,0.5,2,Slightly meaningful,Independent,Liberal,0.8
Single_AI_Biased,1158,3,1,1,4,Extremely meaningful,Strong Democrat,Liberal,0
Single_AI_Biased,1158,10,1,1,4,Extremely meaningful,Strong Democrat,Liberal,1
Single_AI_Biased,1158,14,1,1,4,Extremely meaningful,Strong Democrat,Liberal,1
Single_AI_Biased,1161,1,0.7,1,1,Not meaningful at all,Strong Democrat,Liberal,0.5
Single_AI_Biased,1161,12,0.30000000000000004,0.5,1,Not meaningful at all,Strong Democrat,Liberal,0.5
Single_AI_Biased,1161,18,1,0.8,1,Not meaningful at all,Strong Democrat,Liberal,0.5
Single_AI_Biased,1164,5,0.8,1,5,Extremely meaningful,Strong Democrat,Liberal,1
Single_AI_Biased,1164,11,0.19999999999999996,0,5,Extremely meaningful,Strong Democrat,Liberal,0
Single_AI_Biased,1164,17,0.19999999999999996,0,5,Extremely meaningful,Strong Democrat,Liberal,0.5
Single_AI_Biased,1167,1,0.8,0.6,4,Moderately meaningful,Independent,Slightly liberal,0.5
Single_AI_Biased,1167,7,0.6,0.19999999999999996,4,Moderately meaningful,Independent,Slightly liberal,0.5
Single_AI_Biased,1167,17,0.8,0.19999999999999996,4,Moderately meaningful,Independent,Slightly liberal,0.5
Single_AI_Biased,1173,5,0.6,0.5,3,Slightly meaningful,Strong Republican,Extremely conservative,0.7
Single_AI_Biased,1173,10,0.09999999999999998,0.8,3,Slightly meaningful,Strong Republican,Extremely conservative,1
Single_AI_Biased,1173,17,0.30000000000000004,0.19999999999999996,3,Slightly meaningful,Strong Republican,Extremely conservative,0.5
Single_AI_Biased,1176,5,1,1,4,Moderately meaningful,Somewhat Republican,Slightly conservative,0.8
Single_AI_Biased,1176,10,0.9,0,4,Moderately meaningful,Somewhat Republican,Slightly conservative,1
Single_AI_Biased,1176,18,0.7,0.5,4,Moderately meaningful,Somewhat Republican,Slightly conservative,0.5
Single_AI_Biased,1179,6,0.5,0.8,3,Moderately meaningful,Independent,Moderate,1
Single_AI_Biased,1179,7,1,1,3,Moderately meaningful,Independent,Moderate,0.5
Single_AI_Biased,1179,18,0.8,0.5,3,Moderately meaningful,Independent,Moderate,0.5
Single_AI_Biased,1182,4,0.09999999999999998,0.9,4,Very meaningful,Independent,Moderate,1
Single_AI_Biased,1182,11,0.9,0.09999999999999998,4,Very meaningful,Independent,Moderate,0
Single_AI_Biased,1182,14,0.5,0.9,4,Very meaningful,Independent,Moderate,0.9
Single_AI_Biased,1185,6,0.5,0.9,4,Very meaningful,Independent,Moderate,1
Single_AI_Biased,1185,9,0.9,0.9,4,Very meaningful,Independent,Moderate,1
Single_AI_Biased,1185,18,1,0.6,4,Very meaningful,Independent,Moderate,0.5
Single_AI_Biased,1188,6,0.5,0.7,4,Very meaningful,Independent,Moderate,1
Single_AI_Biased,1188,11,0,0,4,Very meaningful,Independent,Moderate,0
Single_AI_Biased,1188,16,0.19999999999999996,0.5,4,Very meaningful,Independent,Moderate,0.8
Single_AI_Biased,1194,2,0.30000000000000004,0.8,4,Moderately meaningful,Somewhat Democrat,Slightly liberal,1
Single_AI_Biased,1194,10,0.8,0.9,4,Moderately meaningful,Somewhat Democrat,Slightly liberal,1
Single_AI_Biased,1194,13,0.8,1,4,Moderately meaningful,Somewhat Democrat,Slightly liberal,0.8
Single_AI_Biased,1197,5,0.7,1,2,Slightly meaningful,Strong Democrat,Liberal,0.7
Single_AI_Biased,1197,8,0.5,0.8,2,Slightly meaningful,Strong Democrat,Liberal,0.5
Single_AI_Biased,1197,14,0.5,0.19999999999999996,2,Slightly meaningful,Strong Democrat,Liberal,0.5
Single_AI_Biased,1203,2,0.5,0.9,4,Very meaningful,Strong Democrat,Liberal,1
Single_AI_Biased,1203,7,0.30000000000000004,0,4,Very meaningful,Strong Democrat,Liberal,0
Single_AI_Biased,1203,14,0.19999999999999996,0.5,4,Very meaningful,Strong Democrat,Liberal,0.8
Single_AI_Biased,1206,2,0.8,0.9,2,Slightly meaningful,Somewhat Democrat,Moderate,0.9
Single_AI_Biased,1206,11,0.09999999999999998,0.09999999999999998,2,Slightly meaningful,Somewhat Democrat,Moderate,0
Single_AI_Biased,1206,15,0.9,0.9,2,Slightly meaningful,Somewhat Democrat,Moderate,0.5
Single_AI_Biased,1212,5,0.5,0.5,5,Extremely meaningful,Independent,Moderate,0.7
Single_AI_Biased,1212,12,0.7,1,5,Extremely meaningful,Independent,Moderate,0.7
Single_AI_Biased,1212,15,0.8,0.09999999999999998,5,Extremely meaningful,Independent,Moderate,0.3
Single_AI_Biased,1215,4,0.8,1,2,Slightly meaningful,Independent,Moderate,0.7
Single_AI_Biased,1215,11,0,0,2,Slightly meaningful,Independent,Moderate,0
Single_AI_Biased,1215,15,0.5,0.5,2,Slightly meaningful,Independent,Moderate,0.5
Single_AI_Biased,1221,3,0.09999999999999998,0,4,Very meaningful,Strong Republican,Moderate,0
Single_AI_Biased,1221,11,0.9,1,4,Very meaningful,Strong Republican,Moderate,0.5
Single_AI_Biased,1221,13,1,1,4,Very meaningful,Strong Republican,Moderate,0.8
Single_AI_Biased,1224,5,0.6,0.6,5,Extremely meaningful,Independent,Moderate,0.8
Single_AI_Biased,1224,8,0.9,0.9,5,Extremely meaningful,Independent,Moderate,1
Single_AI_Biased,1224,13,0.9,0.9,5,Extremely meaningful,Independent,Moderate,0.3
Single_AI_Biased,1227,6,0.30000000000000004,1,2,Slightly meaningful,Somewhat Republican,Extremely conservative,1
Single_AI_Biased,1227,8,0.5,1,2,Slightly meaningful,Somewhat Republican,Extremely conservative,1
Single_AI_Biased,1227,15,0.5,0,2,Slightly meaningful,Somewhat Republican,Extremely conservative,0.5
Single_AI_Biased,1230,1,0.9,0.8,3,Moderately meaningful,Independent,Liberal,0.5
Single_AI_Biased,1230,9,0.9,0.9,3,Moderately meaningful,Independent,Liberal,1
Single_AI_Biased,1230,14,0.5,0.7,3,Moderately meaningful,Independent,Liberal,0.8
Single_AI_Biased,1239,2,0.7,0.8,4,Moderately meaningful,Somewhat Republican,Slightly conservative,1
Single_AI_Biased,1239,10,0.09999999999999998,0,4,Moderately meaningful,Somewhat Republican,Slightly conservative,0
Single_AI_Biased,1239,18,0.8,0.7,4,Moderately meaningful,Somewhat Republican,Slightly conservative,0.5
Single_AI_Biased,1242,4,0.5,0.7,3,Moderately meaningful,Somewhat Democrat,Liberal,1
Single_AI_Biased,1242,7,0.5,0.30000000000000004,3,Moderately meaningful,Somewhat Democrat,Liberal,0.0999999999999999
Single_AI_Biased,1242,18,0.8,0.8,3,Moderately meaningful,Somewhat Democrat,Liberal,0.8
Single_AI_Biased,1248,6,0.8,0.9,4,Extremely meaningful,Somewhat Republican,Slightly conservative,1
Single_AI_Biased,1248,8,0.8,0.9,4,Extremely meaningful,Somewhat Republican,Slightly conservative,1
Single_AI_Biased,1248,15,0.8,0.8,4,Extremely meaningful,Somewhat Republican,Slightly conservative,0.3
Single_AI_Biased,1251,3,0.09999999999999998,0,4,Moderately meaningful,Strong Democrat,Slightly liberal,0.0999999999999999
Single_AI_Biased,1251,7,0.8,0.30000000000000004,4,Moderately meaningful,Strong Democrat,Slightly liberal,1
Single_AI_Biased,1251,14,0.9,0.9,4,Moderately meaningful,Strong Democrat,Slightly liberal,0.9
Single_AI_Biased,1254,6,0.19999999999999996,1,4,Very meaningful,Strong Democrat,Liberal,0.8
Single_AI_Biased,1254,11,0,0,4,Very meaningful,Strong Democrat,Liberal,0.1999999999999999
Single_AI_Biased,1254,14,0.5,1,4,Very meaningful,Strong Democrat,Liberal,0.9
Single_AI_Biased,1257,1,0.5,0.5,3,Moderately meaningful,Independent,Slightly conservative,0.7
Single_AI_Biased,1257,11,0.8,1,3,Moderately meaningful,Independent,Slightly conservative,0.1999999999999999
Single_AI_Biased,1257,13,0.5,1,3,Moderately meaningful,Independent,Slightly conservative,0.8
Single_AI_Biased,1260,3,0.7,0.30000000000000004,2,Moderately meaningful,Strong Democrat,Liberal,0
Single_AI_Biased,1260,11,0.9,0.7,2,Moderately meaningful,Strong Democrat,Liberal,0
Single_AI_Biased,1260,13,0.5,0.7,2,Moderately meaningful,Strong Democrat,Liberal,0.8
Single_AI_Biased,1263,2,0.19999999999999996,0.5,3,Moderately meaningful,Somewhat Republican,Slightly conservative,1
Single_AI_Biased,1263,8,0.8,0.9,3,Moderately meaningful,Somewhat Republican,Slightly conservative,0.5
Single_AI_Biased,1263,14,0.19999999999999996,0.5,3,Moderately meaningful,Somewhat Republican,Slightly conservative,0.7
Single_AI_Biased,1266,3,0.4,0,4,Slightly meaningful,Somewhat Democrat,Moderate,0
Single_AI_Biased,1266,10,0.8,1,4,Slightly meaningful,Somewhat Democrat,Moderate,1
Single_AI_Biased,1266,18,1,0.7,4,Slightly meaningful,Somewhat Democrat,Moderate,0.5
Single_AI_Biased,1281,5,1,0.7,4,Moderately meaningful,Independent,Slightly conservative,0.7
Single_AI_Biased,1281,12,0.8,0.9,4,Moderately meaningful,Independent,Slightly conservative,1
Single_AI_Biased,1281,16,0.19999999999999996,0.8,4,Moderately meaningful,Independent,Slightly conservative,0.5
Single_AI_Biased,1287,1,0.7,0.7,1,Slightly meaningful,Somewhat Democrat,Moderate,0.8
Single_AI_Biased,1287,11,0,0,1,Slightly meaningful,Somewhat Democrat,Moderate,0
Single_AI_Biased,1287,17,0.5,0.5,1,Slightly meaningful,Somewhat Democrat,Moderate,0.3
Single_AI_Biased,1290,6,0.5,0.9,3,Very meaningful,Somewhat Democrat,Liberal,1
Single_AI_Biased,1290,10,0.09999999999999998,1,3,Very meaningful,Somewhat Democrat,Liberal,1
Single_AI_Biased,1290,13,0.5,0.9,3,Very meaningful,Somewhat Democrat,Liberal,0.9
Single_AI_Biased,1293,1,0.8,0.6,4,Moderately meaningful,Independent,Moderate,1
Single_AI_Biased,1293,7,1,0.09999999999999998,4,Moderately meaningful,Independent,Moderate,0.1999999999999999
Single_AI_Biased,1293,17,0.09999999999999998,0.19999999999999996,4,Moderately meaningful,Independent,Moderate,0.5
Single_AI_Biased,1299,4,0.4,0.5,4,Very meaningful,Strong Republican,Conservative,0.7
Single_AI_Biased,1299,11,1,1,4,Very meaningful,Strong Republican,Conservative,0
Single_AI_Biased,1299,18,1,0.5,4,Very meaningful,Strong Republican,Conservative,0.5
Single_AI_Biased,1302,4,0.5,0.5,1,Not meaningful at all,Strong Republican,Conservative,1
Single_AI_Biased,1302,8,0.5,0.5,1,Not meaningful at all,Strong Republican,Conservative,1
Single_AI_Biased,1302,14,0.5,0.9,1,Not meaningful at all,Strong Republican,Conservative,1
Single_AI_Biased,1305,5,0.7,0.8,2,Slightly meaningful,Independent,Extremely liberal,0.7
Single_AI_Biased,1305,11,0,0,2,Slightly meaningful,Independent,Extremely liberal,0.0999999999999999
Single_AI_Biased,1305,13,0.8,1,2,Slightly meaningful,Independent,Extremely liberal,0.8
Single_AI_Biased,1308,1,0.8,0.7,4,Moderately meaningful,Strong Democrat,Extremely liberal,0.5
Single_AI_Biased,1308,11,0,0.19999999999999996,4,Moderately meaningful,Strong Democrat,Extremely liberal,0.5
Single_AI_Biased,1308,16,0.8,0.5,4,Moderately meaningful,Strong Democrat,Extremely liberal,0.7
Single_AI_Biased,1314,2,0.5,0.8,5,Moderately meaningful,Strong Republican,Conservative,0.8
Single_AI_Biased,1314,10,1,1,5,Moderately meaningful,Strong Republican,Conservative,1
Single_AI_Biased,1314,16,0.5,1,5,Moderately meaningful,Strong Republican,Conservative,0.8
Single_AI_Biased,1317,4,0.09999999999999998,0.5,4,Very meaningful,Somewhat Republican,Moderate,0.8
Single_AI_Biased,1317,8,0.7,0.7,4,Very meaningful,Somewhat Republican,Moderate,1
Single_AI_Biased,1317,18,0.8,0.8,4,Very meaningful,Somewhat Republican,Moderate,0.5
Single_AI_Biased,1329,3,0.19999999999999996,0.09999999999999998,4,Moderately meaningful,Independent,Slightly conservative,0.9
Single_AI_Biased,1329,11,0.19999999999999996,0.09999999999999998,4,Moderately meaningful,Independent,Slightly conservative,0
Single_AI_Biased,1329,17,0.19999999999999996,0.5,4,Moderately meaningful,Independent,Slightly conservative,0.1999999999999999
Single_AI_Biased,1332,1,0.8,1,2,Not meaningful at all,Somewhat Republican,Slightly liberal,0.5
Single_AI_Biased,1332,11,0.8,1,2,Not meaningful at all,Somewhat Republican,Slightly liberal,0.3
Single_AI_Biased,1332,15,0.30000000000000004,0.09999999999999998,2,Not meaningful at all,Somewhat Republican,Slightly liberal,0
Single_AI_Biased,1341,3,0.5,0.09999999999999998,3,Moderately meaningful,Strong Democrat,Extremely liberal,0
Single_AI_Biased,1341,9,1,1,3,Moderately meaningful,Strong Democrat,Extremely liberal,1
Single_AI_Biased,1341,16,0.09999999999999998,1,3,Moderately meaningful,Strong Democrat,Extremely liberal,1
Single_AI_Biased,1353,4,0.30000000000000004,0,4,Very meaningful,Somewhat Republican,Conservative,0.5
Single_AI_Biased,1353,9,0.8,1,4,Very meaningful,Somewhat Republican,Conservative,1
Single_AI_Biased,1353,18,0.7,0.6,4,Very meaningful,Somewhat Republican,Conservative,0.5
Single_AI_Biased,1356,2,0.30000000000000004,0.19999999999999996,2,Slightly meaningful,Somewhat Republican,Slightly conservative,0.9
Single_AI_Biased,1356,7,0.30000000000000004,0.30000000000000004,2,Slightly meaningful,Somewhat Republican,Slightly conservative,0.0999999999999999
Single_AI_Biased,1356,13,0.8,0.9,2,Slightly meaningful,Somewhat Republican,Slightly conservative,0.8
Single_AI_Biased,1362,4,0.19999999999999996,0.8,3,Moderately meaningful,Strong Democrat,Liberal,1
Single_AI_Biased,1362,10,0.09999999999999998,0,3,Moderately meaningful,Strong Democrat,Liberal,1
Single_AI_Biased,1362,14,0.30000000000000004,0.9,3,Moderately meaningful,Strong Democrat,Liberal,0.9
Single_AI_Biased,1365,3,0.19999999999999996,0.19999999999999996,5,Extremely meaningful,Somewhat Republican,Conservative,1
Single_AI_Biased,1365,12,0.8,0.9,5,Extremely meaningful,Somewhat Republican,Conservative,1
Single_AI_Biased,1365,15,0.09999999999999998,0.09999999999999998,5,Extremely meaningful,Somewhat Republican,Conservative,0.5
Single_AI_Biased,1368,3,0.09999999999999998,0.09999999999999998,4,Very meaningful,Strong Republican,Moderate,0
Single_AI_Biased,1368,10,0.09999999999999998,0,4,Very meaningful,Strong Republican,Moderate,1
Single_AI_Biased,1368,13,1,1,4,Very meaningful,Strong Republican,Moderate,0.8
Single_AI_Biased,1374,4,0.7,0.9,4,Moderately meaningful,Somewhat Republican,Slightly conservative,1
Single_AI_Biased,1374,9,0.7,0.8,4,Moderately meaningful,Somewhat Republican,Slightly conservative,1
Single_AI_Biased,1374,18,0.9,0.6,4,Moderately meaningful,Somewhat Republican,Slightly conservative,0.7
Single_AI_Biased,1377,1,1,1,4,Moderately meaningful,Strong Democrat,Extremely liberal,0.5
Single_AI_Biased,1377,10,0.5,0.9,4,Moderately meaningful,Strong Democrat,Extremely liberal,1
Single_AI_Biased,1377,15,0.5,0.8,4,Moderately meaningful,Strong Democrat,Extremely liberal,0.5
Single_AI_Biased,1383,2,1,1,3,Slightly meaningful,Somewhat Republican,Slightly conservative,0.9
Single_AI_Biased,1383,10,0.7,0.19999999999999996,3,Slightly meaningful,Somewhat Republican,Slightly conservative,0
Single_AI_Biased,1383,13,0.8,1,3,Slightly meaningful,Somewhat Republican,Slightly conservative,0.8
Single_AI_Biased,1386,5,0.7,1,2,Moderately meaningful,Strong Democrat,Extremely liberal,1
Single_AI_Biased,1386,10,0.8,0,2,Moderately meaningful,Strong Democrat,Extremely liberal,0.9
Single_AI_Biased,1386,14,0.5,0.8,2,Moderately meaningful,Strong Democrat,Extremely liberal,1
Single_AI_Biased,1395,3,0.30000000000000004,0,3,Moderately meaningful,Strong Democrat,Extremely liberal,0
Single_AI_Biased,1395,12,0.8,0.5,3,Moderately meaningful,Strong Democrat,Extremely liberal,0.5
Single_AI_Biased,1395,18,1,0.5,3,Moderately meaningful,Strong Democrat,Extremely liberal,0.5
Single_AI_Biased,1398,3,0.19999999999999996,0,4,Extremely meaningful,Strong Republican,Extremely conservative,0
Single_AI_Biased,1398,12,0.5,0.9,4,Extremely meaningful,Strong Republican,Extremely conservative,0.5
Single_AI_Biased,1398,13,0.9,1,4,Extremely meaningful,Strong Republican,Extremely conservative,0.8
Single_AI_Biased,1401,1,0.8,0.6,3,Very meaningful,Strong Democrat,Moderate,0.5
Single_AI_Biased,1401,9,1,1,3,Very meaningful,Strong Democrat,Moderate,0.8
Single_AI_Biased,1401,18,0.5,0.5,3,Very meaningful,Strong Democrat,Moderate,0.5
Single_AI_Biased,1404,3,0.5,0.09999999999999998,3,Moderately meaningful,Independent,Conservative,0
Single_AI_Biased,1404,10,0.8,0.09999999999999998,3,Moderately meaningful,Independent,Conservative,0.8
Single_AI_Biased,1404,14,0.5,0.8,3,Moderately meaningful,Independent,Conservative,0.9
Single_AI_Biased,1407,4,0.6,0.9,5,Very meaningful,Somewhat Republican,Slightly conservative,1
Single_AI_Biased,1407,12,0.6,0.9,5,Very meaningful,Somewhat Republican,Slightly conservative,1
Single_AI_Biased,1407,16,0.4,0.9,5,Very meaningful,Somewhat Republican,Slightly conservative,1
Single_AI_Biased,1410,2,0.19999999999999996,0.9,5,Extremely meaningful,Independent,Slightly liberal,0.8
Single_AI_Biased,1410,8,0.9,0.9,5,Extremely meaningful,Independent,Slightly liberal,1
Single_AI_Biased,1410,15,0.8,0.09999999999999998,5,Extremely meaningful,Independent,Slightly liberal,0.3
Single_AI_Biased,1416,3,0.19999999999999996,0,4,Very meaningful,Somewhat Democrat,Slightly liberal,0
Single_AI_Biased,1416,12,0.5,1,4,Very meaningful,Somewhat Democrat,Slightly liberal,0.5
Single_AI_Biased,1416,15,0,0,4,Very meaningful,Somewhat Democrat,Slightly liberal,0.3
Single_AI_Biased,1419,6,0,0.9,4,Extremely meaningful,Somewhat Democrat,Slightly liberal,1
Single_AI_Biased,1419,10,0.19999999999999996,1,4,Extremely meaningful,Somewhat Democrat,Slightly liberal,0.5
Single_AI_Biased,1419,13,1,1,4,Extremely meaningful,Somewhat Democrat,Slightly liberal,0.8
Single_AI_Biased,1422,4,0.09999999999999998,0.9,4,Very meaningful,Strong Democrat,Liberal,1
Single_AI_Biased,1422,8,0.5,0.9,4,Very meaningful,Strong Democrat,Liberal,0.5
Single_AI_Biased,1422,13,0.6,0.9,4,Very meaningful,Strong Democrat,Liberal,0.9
Single_AI_Biased,1428,3,0.30000000000000004,0,4,Slightly meaningful,Strong Democrat,Liberal,0
Single_AI_Biased,1428,9,1,1,4,Slightly meaningful,Strong Democrat,Liberal,1
Single_AI_Biased,1428,14,1,1,4,Slightly meaningful,Strong Democrat,Liberal,1
Single_AI_Biased,1434,5,0.5,0.5,3,Very meaningful,Independent,Liberal,0.8
Single_AI_Biased,1434,11,0.5,1,3,Very meaningful,Independent,Liberal,0.5
Single_AI_Biased,1434,17,0.5,0.8,3,Very meaningful,Independent,Liberal,0.5
Single_AI_Biased,1446,3,0.5,0.19999999999999996,4,Very meaningful,Somewhat Democrat,Slightly liberal,0
Single_AI_Biased,1446,7,0.30000000000000004,0.30000000000000004,4,Very meaningful,Somewhat Democrat,Slightly liberal,0
Single_AI_Biased,1446,14,0.7,0.7,4,Very meaningful,Somewhat Democrat,Slightly liberal,0.9
Single_AI_Biased,1455,5,1,1,4,Moderately meaningful,Strong Republican,Conservative,0.8
Single_AI_Biased,1455,9,1,1,4,Moderately meaningful,Strong Republican,Conservative,0.8
Single_AI_Biased,1455,17,0.8,0.9,4,Moderately meaningful,Strong Republican,Conservative,0.1999999999999999
Single_AI_Biased,1458,4,0.5,0.9,5,Very meaningful,Independent,Extremely liberal,1
Single_AI_Biased,1458,8,0.7,0.9,5,Very meaningful,Independent,Extremely liberal,1
Single_AI_Biased,1458,14,0.5,0.8,5,Very meaningful,Independent,Extremely liberal,0.8
Single_AI_Biased,1461,6,0.30000000000000004,0.7,4,Moderately meaningful,Somewhat Democrat,Liberal,1
Single_AI_Biased,1461,8,0.19999999999999996,0.9,4,Moderately meaningful,Somewhat Democrat,Liberal,0.8
Single_AI_Biased,1461,17,0.09999999999999998,0,4,Moderately meaningful,Somewhat Democrat,Liberal,0.0999999999999999
Single_AI_Biased,1467,2,0.30000000000000004,0.30000000000000004,2,Slightly meaningful,Strong Democrat,Extremely liberal,0.9
Single_AI_Biased,1467,7,0.7,0.5,2,Slightly meaningful,Strong Democrat,Extremely liberal,0.9
Single_AI_Biased,1467,14,0.5,0.7,2,Slightly meaningful,Strong Democrat,Extremely liberal,0.8
Single_AI_Biased,1473,1,1,0.6,5,Extremely meaningful,Independent,Moderate,0.5
Single_AI_Biased,1473,8,0.7,0.9,5,Extremely meaningful,Independent,Moderate,1
Single_AI_Biased,1473,16,0.09999999999999998,1,5,Extremely meaningful,Independent,Moderate,0.7
Single_AI_Biased,1476,5,0.6,0.6,2,Not meaningful at all,Independent,Liberal,0.7
Single_AI_Biased,1476,10,0.5,0.8,2,Not meaningful at all,Independent,Liberal,1
Single_AI_Biased,1476,13,0.8,0.8,2,Not meaningful at all,Independent,Liberal,0.8
Single_AI_Biased,1485,2,0.30000000000000004,0.8,2,Slightly meaningful,Independent,Slightly conservative,0.9
Single_AI_Biased,1485,11,0.8,0.9,2,Slightly meaningful,Independent,Slightly conservative,0
Single_AI_Biased,1485,18,0.6,0.7,2,Slightly meaningful,Independent,Slightly conservative,0.5
Single_AI_Biased,1491,5,1,0.8,3,Moderately meaningful,Independent,Moderate,0.7
Single_AI_Biased,1491,7,0.5,0.30000000000000004,3,Moderately meaningful,Independent,Moderate,0.0999999999999999
Single_AI_Biased,1491,16,0.5,0.8,3,Moderately meaningful,Independent,Moderate,0.7
Single_AI_Biased,1494,4,0.5,0.7,4,Very meaningful,Independent,Moderate,1
Single_AI_Biased,1494,7,0.5,0.19999999999999996,4,Very meaningful,Independent,Moderate,0.0999999999999999
Single_AI_Biased,1494,16,0.30000000000000004,0.8,4,Very meaningful,Independent,Moderate,1
Single_AI_Biased,1497,3,0.09999999999999998,0,3,Moderately meaningful,Somewhat Democrat,Liberal,0
Single_AI_Biased,1497,10,0.7,0.8,3,Moderately meaningful,Somewhat Democrat,Liberal,0.8
Single_AI_Biased,1497,17,0.19999999999999996,0.09999999999999998,3,Moderately meaningful,Somewhat Democrat,Liberal,0.5
Single_AI_Biased,1500,1,0.7,0.6,5,Extremely meaningful,Somewhat Republican,Slightly conservative,0.5
Single_AI_Biased,1500,9,1,1,5,Extremely meaningful,Somewhat Republican,Slightly conservative,1
Single_AI_Biased,1500,16,1,1,5,Extremely meaningful,Somewhat Republican,Slightly conservative,0.7
Single_AI_Biased,1509,3,0.19999999999999996,0.09999999999999998,4,Moderately meaningful,Strong Republican,Conservative,0
Single_AI_Biased,1509,10,0.09999999999999998,0.09999999999999998,4,Moderately meaningful,Strong Republican,Conservative,1
Single_AI_Biased,1509,18,0.8,0.7,4,Moderately meaningful,Strong Republican,Conservative,0.5
Single_AI_Biased,1512,3,0.30000000000000004,0.09999999999999998,2,Moderately meaningful,Somewhat Democrat,Liberal,0
Single_AI_Biased,1512,10,0.5,0.19999999999999996,2,Moderately meaningful,Somewhat Democrat,Liberal,1
Single_AI_Biased,1512,15,0.8,0.9,2,Moderately meaningful,Somewhat Democrat,Liberal,0
Single_AI_Biased,1518,1,0.9,0.6,5,Extremely meaningful,Strong Republican,Conservative,0.5
Single_AI_Biased,1518,9,0.09999999999999998,0.9,5,Extremely meaningful,Strong Republican,Conservative,1
Single_AI_Biased,1518,14,0.6,0.9,5,Extremely meaningful,Strong Republican,Conservative,0.9
Single_AI_Biased,1527,4,0.7,0.9,4,Very meaningful,Strong Democrat,Liberal,1
Single_AI_Biased,1527,10,0.8,0.9,4,Very meaningful,Strong Democrat,Liberal,1
Single_AI_Biased,1527,16,0.7,0.9,4,Very meaningful,Strong Democrat,Liberal,0.7
Single_AI_Biased,1536,4,1,1,4,Slightly meaningful,Somewhat Republican,Conservative,1
Single_AI_Biased,1536,8,0.7,1,4,Slightly meaningful,Somewhat Republican,Conservative,1
Single_AI_Biased,1536,13,0.7,1,4,Slightly meaningful,Somewhat Republican,Conservative,0.8
Single_AI_Biased,1539,5,0.6,1,3,Moderately meaningful,Independent,Slightly liberal,0.5
Single_AI_Biased,1539,9,1,0.8,3,Moderately meaningful,Independent,Slightly liberal,1
Single_AI_Biased,1539,18,0.8,1,3,Moderately meaningful,Independent,Slightly liberal,0.5
Single_AI_Biased,1545,3,0.9,0.09999999999999998,5,Extremely meaningful,Strong Democrat,Extremely liberal,0
Single_AI_Biased,1545,12,0.8,1,5,Extremely meaningful,Strong Democrat,Extremely liberal,0.5
Single_AI_Biased,1545,17,0.5,0.09999999999999998,5,Extremely meaningful,Strong Democrat,Extremely liberal,0.1999999999999999
Single_AI_Biased,1551,3,0.5,0.19999999999999996,4,Very meaningful,Strong Republican,Extremely liberal,1
Single_AI_Biased,1551,10,1,1,4,Very meaningful,Strong Republican,Extremely liberal,1
Single_AI_Biased,1551,15,0.9,0.7,4,Very meaningful,Strong Republican,Extremely liberal,0.3
Single_AI_Biased,1554,1,0.8,0.6,4,Very meaningful,Somewhat Democrat,Slightly liberal,0.5
Single_AI_Biased,1554,12,0.8,0.9,4,Very meaningful,Somewhat Democrat,Slightly liberal,1
Single_AI_Biased,1554,18,0.7,0.6,4,Very meaningful,Somewhat Democrat,Slightly liberal,0.5
Single_AI_Biased,1557,1,0.8,1,3,Moderately meaningful,Independent,Slightly conservative,0.5
Single_AI_Biased,1557,10,0.9,0,3,Moderately meaningful,Independent,Slightly conservative,1
Single_AI_Biased,1557,14,0.8,1,3,Moderately meaningful,Independent,Slightly conservative,0.8
Single_AI_Biased,1560,4,0.30000000000000004,0.09999999999999998,3,Moderately meaningful,Independent,Slightly liberal,1
Single_AI_Biased,1560,12,0.5,0.9,3,Moderately meaningful,Independent,Slightly liberal,0.7
Single_AI_Biased,1560,14,0.4,0.9,3,Moderately meaningful,Independent,Slightly liberal,0.9
Single_AI_Biased,1563,2,0.8,1,5,Extremely meaningful,Independent,Moderate,0.9
Single_AI_Biased,1563,12,0.5,0.5,5,Extremely meaningful,Independent,Moderate,0.7
Single_AI_Biased,1563,14,0.8,1,5,Extremely meaningful,Independent,Moderate,1
Single_AI_Biased,1566,5,0.5,0.5,1,Not meaningful at all,Somewhat Democrat,Slightly liberal,0.7
Single_AI_Biased,1566,9,1,1,1,Not meaningful at all,Somewhat Democrat,Slightly liberal,1
Single_AI_Biased,1566,16,0.9,1,1,Not meaningful at all,Somewhat Democrat,Slightly liberal,0.7
Single_AI_Biased,1572,5,0.7,0.8,4,Very meaningful,Independent,Moderate,0.7
Single_AI_Biased,1572,12,0,0.8,4,Very meaningful,Independent,Moderate,1
Single_AI_Biased,1572,14,0.19999999999999996,0.7,4,Very meaningful,Independent,Moderate,0.8
Single_AI_Biased,1575,6,0.8,1,5,Extremely meaningful,Independent,Slightly conservative,1
Single_AI_Biased,1575,8,0.8,0.9,5,Extremely meaningful,Independent,Slightly conservative,1
Single_AI_Biased,1575,13,0.8,1,5,Extremely meaningful,Independent,Slightly conservative,0.9
Single_AI_Biased,1578,3,0.19999999999999996,0.09999999999999998,4,Very meaningful,Independent,Moderate,0
Single_AI_Biased,1578,9,0.9,1,4,Very meaningful,Independent,Moderate,1
Single_AI_Biased,1578,13,0.9,1,4,Very meaningful,Independent,Moderate,0.8
Single_AI_Biased,1584,6,0.4,0.5,5,Extremely meaningful,Independent,Liberal,1
Single_AI_Biased,1584,9,0.9,1,5,Extremely meaningful,Independent,Liberal,1
Single_AI_Biased,1584,17,0.4,0,5,Extremely meaningful,Independent,Liberal,0.1999999999999999
Single_AI_Biased,1590,2,0.8,1,5,Very meaningful,Independent,Slightly conservative,0.8
Single_AI_Biased,1590,8,0.8,0.5,5,Very meaningful,Independent,Slightly conservative,1
Single_AI_Biased,1590,17,0.30000000000000004,0.09999999999999998,5,Very meaningful,Independent,Slightly conservative,0.0999999999999999
Single_AI_Biased,1599,6,0.9,0.9,3,Very meaningful,Strong Republican,Extremely conservative,1
Single_AI_Biased,1599,10,0.9,1,3,Very meaningful,Strong Republican,Extremely conservative,1
Single_AI_Biased,1599,16,1,1,3,Very meaningful,Strong Republican,Extremely conservative,0.7
Single_AI_Biased,1602,2,0.30000000000000004,0.7,3,Slightly meaningful,Independent,Moderate,0.8
Single_AI_Biased,1602,10,0.9,0.9,3,Slightly meaningful,Independent,Moderate,1
Single_AI_Biased,1602,15,0.8,0.8,3,Slightly meaningful,Independent,Moderate,0
Single_AI_Biased,1608,1,0.6,0.5,5,Very meaningful,Independent,Slightly conservative,1
Single_AI_Biased,1608,7,0.9,0.5,5,Very meaningful,Independent,Slightly conservative,0.7
Single_AI_Biased,1608,16,0.4,0.9,5,Very meaningful,Independent,Slightly conservative,0.8
Single_AI_Biased,1611,4,0.30000000000000004,0.4,2,Slightly meaningful,Independent,Moderate,1
Single_AI_Biased,1611,8,0.5,0.7,2,Slightly meaningful,Independent,Moderate,1
Single_AI_Biased,1611,14,0.6,0.7,2,Slightly meaningful,Independent,Moderate,1
Single_AI_Biased,1632,4,0.9,1,3,Moderately meaningful,Somewhat Republican,Conservative,1
Single_AI_Biased,1632,7,1,0.8,3,Moderately meaningful,Somewhat Republican,Conservative,0.0999999999999999
Single_AI_Biased,1632,18,1,0.5,3,Moderately meaningful,Somewhat Republican,Conservative,0.5
Single_AI_Biased,1635,2,0.7,0.9,4,Extremely meaningful,Somewhat Republican,Slightly conservative,0.8
Single_AI_Biased,1635,11,1,1,4,Extremely meaningful,Somewhat Republican,Slightly conservative,0.5
Single_AI_Biased,1635,13,0.30000000000000004,1,4,Extremely meaningful,Somewhat Republican,Slightly conservative,0.8
Single_AI_Biased,1641,2,0.5,0.8,4,Moderately meaningful,Somewhat Democrat,Liberal,1
Single_AI_Biased,1641,11,0.30000000000000004,0.5,4,Moderately meaningful,Somewhat Democrat,Liberal,0.5
Single_AI_Biased,1641,18,1,0.6,4,Moderately meaningful,Somewhat Democrat,Liberal,0.5
Single_AI_Biased,1644,2,0.19999999999999996,0.9,5,Very meaningful,Somewhat Democrat,Liberal,0.9
Single_AI_Biased,1644,9,1,1,5,Very meaningful,Somewhat Democrat,Liberal,1
Single_AI_Biased,1644,14,0.5,0.8,5,Very meaningful,Somewhat Democrat,Liberal,0.8
Single_AI_Biased,1647,6,0.5,0.9,4,Very meaningful,Somewhat Republican,Conservative,1
Single_AI_Biased,1647,12,0.5,0.9,4,Very meaningful,Somewhat Republican,Conservative,1
Single_AI_Biased,1647,17,0.5,0.7,4,Very meaningful,Somewhat Republican,Conservative,0.1999999999999999
Single_AI_Biased,1650,3,0.5,0.09999999999999998,5,Extremely meaningful,Somewhat Republican,Slightly conservative,0
Single_AI_Biased,1650,9,0.9,1,5,Extremely meaningful,Somewhat Republican,Slightly conservative,1
Single_AI_Biased,1650,15,0.9,0,5,Extremely meaningful,Somewhat Republican,Slightly conservative,0
Single_AI_Biased,1653,1,1,1,1,Not meaningful at all,Somewhat Democrat,Slightly liberal,0.5
Single_AI_Biased,1653,7,0.9,0.8,1,Not meaningful at all,Somewhat Democrat,Slightly liberal,0.1999999999999999
Single_AI_Biased,1653,17,0.5,0.5,1,Not meaningful at all,Somewhat Democrat,Slightly liberal,0.5
Single_AI_Biased,1656,4,0.09999999999999998,0.5,3,Very meaningful,Independent,Moderate,1
Single_AI_Biased,1656,8,0.8,0.9,3,Very meaningful,Independent,Moderate,1
Single_AI_Biased,1656,13,0.8,0.9,3,Very meaningful,Independent,Moderate,0.0999999999999999
Single_AI_Biased,1659,5,0.7,0.7,4,Very meaningful,Strong Republican,Conservative,1
Single_AI_Biased,1659,9,1,1,4,Very meaningful,Strong Republican,Conservative,1
Single_AI_Biased,1659,16,0.09999999999999998,0.9,4,Very meaningful,Strong Republican,Conservative,0.8
Single_AI_Biased,1662,6,0.5,0.7,3,Moderately meaningful,Independent,Extremely liberal,1
Single_AI_Biased,1662,7,0.5,0.19999999999999996,3,Moderately meaningful,Independent,Extremely liberal,0.0999999999999999
Single_AI_Biased,1662,15,0.8,0.30000000000000004,3,Moderately meaningful,Independent,Extremely liberal,0.1999999999999999
Single_AI_Biased,1665,2,0.8,0.7,4,Very meaningful,Strong Democrat,Liberal,0.9
Single_AI_Biased,1665,12,0.5,0.19999999999999996,4,Very meaningful,Strong Democrat,Liberal,0.7
Single_AI_Biased,1665,17,0.30000000000000004,0.19999999999999996,4,Very meaningful,Strong Democrat,Liberal,0.3
Single_AI_Biased,1668,1,0.7,0.7,2,Slightly meaningful,Somewhat Democrat,Moderate,0.5
Single_AI_Biased,1668,9,1,1,2,Slightly meaningful,Somewhat Democrat,Moderate,1
Single_AI_Biased,1668,18,1,0.8,2,Slightly meaningful,Somewhat Democrat,Moderate,0.5
Single_AI_Biased,1671,5,0.7,1,5,Extremely meaningful,Somewhat Republican,Slightly conservative,0.7
Single_AI_Biased,1671,12,0.4,0.8,5,Extremely meaningful,Somewhat Republican,Slightly conservative,0.7
Single_AI_Biased,1671,16,0.7,1,5,Extremely meaningful,Somewhat Republican,Slightly conservative,0.5
Single_AI_Biased,1677,3,0.8,0.09999999999999998,4,Moderately meaningful,Somewhat Democrat,Slightly liberal,0
Single_AI_Biased,1677,9,0.9,0.9,4,Moderately meaningful,Somewhat Democrat,Slightly liberal,1
Single_AI_Biased,1677,14,0.19999999999999996,0.8,4,Moderately meaningful,Somewhat Democrat,Slightly liberal,0.9
Single_AI_Biased,1680,6,0.5,0.9,5,Very meaningful,Strong Republican,Conservative,1
Single_AI_Biased,1680,7,0.5,0,5,Very meaningful,Strong Republican,Conservative,0
Single_AI_Biased,1680,16,0.5,0.9,5,Very meaningful,Strong Republican,Conservative,0.5
Single_AI_Biased,1689,3,0.5,0,5,Very meaningful,Strong Democrat,Extremely liberal,1
Single_AI_Biased,1689,11,0.09999999999999998,0.8,5,Very meaningful,Strong Democrat,Extremely liberal,0.5
Single_AI_Biased,1689,18,1,0.6,5,Very meaningful,Strong Democrat,Extremely liberal,0.5
Single_AI_Biased,1698,4,0.5,0.9,5,Extremely meaningful,Strong Democrat,Liberal,1
Single_AI_Biased,1698,12,0.5,0.9,5,Extremely meaningful,Strong Democrat,Liberal,0.5
Single_AI_Biased,1698,18,1,0.6,5,Extremely meaningful,Strong Democrat,Liberal,0.8
Single_AI_Biased,1701,5,0.9,0.8,5,Very meaningful,Somewhat Republican,Slightly conservative,0.8
Single_AI_Biased,1701,7,0.9,0,5,Very meaningful,Somewhat Republican,Slightly conservative,0
Single_AI_Biased,1701,18,1,0.5,5,Very meaningful,Somewhat Republican,Slightly conservative,0.5
Single_AI_Biased,1704,5,0.8,0.6,5,Extremely meaningful,Independent,Conservative,0.7
Single_AI_Biased,1704,11,0,0,5,Extremely meaningful,Independent,Conservative,0.5
Single_AI_Biased,1704,14,0.5,0.8,5,Extremely meaningful,Independent,Conservative,1
Single_AI_Biased,1710,2,0.7,0.8,3,Moderately meaningful,Somewhat Democrat,Liberal,1
Single_AI_Biased,1710,7,0.19999999999999996,0.09999999999999998,3,Moderately meaningful,Somewhat Democrat,Liberal,0.9
Single_AI_Biased,1710,18,1,0.8,3,Moderately meaningful,Somewhat Democrat,Liberal,0.8
Single_AI_Biased,1719,1,1,1,4,Very meaningful,Independent,Slightly liberal,0.5
Single_AI_Biased,1719,10,0.5,0.9,4,Very meaningful,Independent,Slightly liberal,1
Single_AI_Biased,1719,14,0.5,0.8,4,Very meaningful,Independent,Slightly liberal,0.8
Single_AI_Biased,1722,5,0.8,0.6,3,Very meaningful,Strong Democrat,Liberal,0.8
Single_AI_Biased,1722,11,0,0,3,Very meaningful,Strong Democrat,Liberal,0.1999999999999999
Single_AI_Biased,1722,16,1,1,3,Very meaningful,Strong Democrat,Liberal,0.8
Single_AI_Biased,1725,4,0.30000000000000004,0,2,Slightly meaningful,Independent,Moderate,1
Single_AI_Biased,1725,11,0,0,2,Slightly meaningful,Independent,Moderate,0
Single_AI_Biased,1725,17,0.7,0,2,Slightly meaningful,Independent,Moderate,0.1999999999999999
Single_AI_Biased,1728,3,0.8,0,5,Very meaningful,Somewhat Republican,Moderate,0.9
Single_AI_Biased,1728,11,0.9,1,5,Very meaningful,Somewhat Republican,Moderate,0.8
Single_AI_Biased,1728,16,0.19999999999999996,0.9,5,Very meaningful,Somewhat Republican,Moderate,0.8
Single_AI_Biased,1734,4,0.5,0.8,4,Extremely meaningful,Somewhat Republican,Slightly conservative,1
Single_AI_Biased,1734,12,0.5,0.19999999999999996,4,Extremely meaningful,Somewhat Republican,Slightly conservative,0.7
Single_AI_Biased,1734,18,0.8,0.6,4,Extremely meaningful,Somewhat Republican,Slightly conservative,0.5
Single_AI_Biased,1737,4,0.8,0.8,4,Moderately meaningful,Strong Democrat,Extremely liberal,0.8
Single_AI_Biased,1737,9,0.9,1,4,Moderately meaningful,Strong Democrat,Extremely liberal,1
Single_AI_Biased,1737,18,0.7,0.5,4,Moderately meaningful,Strong Democrat,Extremely liberal,0.5
Single_AI_Biased,1740,3,0.9,1,1,Slightly meaningful,Somewhat Republican,Slightly conservative,0.9
Single_AI_Biased,1740,8,0.5,0.9,1,Slightly meaningful,Somewhat Republican,Slightly conservative,1
Single_AI_Biased,1740,15,0.5,0.9,1,Slightly meaningful,Somewhat Republican,Slightly conservative,0.8
Single_AI_Biased,1743,1,0.7,0.6,4,Extremely meaningful,Somewhat Republican,Moderate,0.5
Single_AI_Biased,1743,11,1,0.09999999999999998,4,Extremely meaningful,Somewhat Republican,Moderate,0.5
Single_AI_Biased,1743,15,0.5,0.09999999999999998,4,Extremely meaningful,Somewhat Republican,Moderate,0.1999999999999999
Single_AI_Biased,1752,2,0.7,0.9,5,Extremely meaningful,Somewhat Republican,Slightly conservative,1
Single_AI_Biased,1752,12,0.8,0.8,5,Extremely meaningful,Somewhat Republican,Slightly conservative,0.1999999999999999
Single_AI_Biased,1752,14,0.19999999999999996,0.7,5,Extremely meaningful,Somewhat Republican,Slightly conservative,0.8
Single_AI_Biased,1755,4,0.8,1,4,Very meaningful,Somewhat Republican,Slightly conservative,1
Single_AI_Biased,1755,8,0.30000000000000004,1,4,Very meaningful,Somewhat Republican,Slightly conservative,1
Single_AI_Biased,1755,13,1,1,4,Very meaningful,Somewhat Republican,Slightly conservative,0.8
Single_AI_Biased,1758,1,0.8,0.5,4,Moderately meaningful,Strong Democrat,Liberal,0.5
Single_AI_Biased,1758,12,0.6,1,4,Moderately meaningful,Strong Democrat,Liberal,1
Single_AI_Biased,1758,13,0.5,1,4,Moderately meaningful,Strong Democrat,Liberal,0.8
Single_AI_Biased,1761,1,0.9,0.5,5,Very meaningful,Somewhat Republican,Slightly conservative,0.5
Single_AI_Biased,1761,7,0.7,0,5,Very meaningful,Somewhat Republican,Slightly conservative,0.0999999999999999
Single_AI_Biased,1761,15,0.4,0.5,5,Very meaningful,Somewhat Republican,Slightly conservative,0.3
Single_AI_Biased,1767,1,1,0.9,3,Moderately meaningful,Somewhat Republican,Moderate,0.5
Single_AI_Biased,1767,8,0.5,0.5,3,Moderately meaningful,Somewhat Republican,Moderate,0.8
Single_AI_Biased,1767,15,0.5,0.6,3,Moderately meaningful,Somewhat Republican,Moderate,0
Single_AI_Biased,1770,4,0.5,1,5,Extremely meaningful,Independent,Moderate,1
Single_AI_Biased,1770,10,0.5,0,5,Extremely meaningful,Independent,Moderate,1
Single_AI_Biased,1770,17,0.5,0,5,Extremely meaningful,Independent,Moderate,0.1999999999999999
Single_AI_Biased,1776,5,0.5,0.5,5,Extremely meaningful,Strong Democrat,Slightly conservative,1
Single_AI_Biased,1776,9,1,1,5,Extremely meaningful,Strong Democrat,Slightly conservative,1
Single_AI_Biased,1776,17,0.5,0,5,Extremely meaningful,Strong Democrat,Slightly conservative,0.8
Single_AI_Biased,1782,1,0.7,0.6,4,Very meaningful,Strong Democrat,Extremely liberal,0.8
Single_AI_Biased,1782,7,0.9,0.9,4,Very meaningful,Strong Democrat,Extremely liberal,0.0999999999999999
Single_AI_Biased,1782,16,0.5,1,4,Very meaningful,Strong Democrat,Extremely liberal,1
Single_AI_Biased,1785,3,0.09999999999999998,0,3,Moderately meaningful,Somewhat Republican,Conservative,0
Single_AI_Biased,1785,8,0.6,0.19999999999999996,3,Moderately meaningful,Somewhat Republican,Conservative,1
Single_AI_Biased,1785,15,0.7,0.5,3,Moderately meaningful,Somewhat Republican,Conservative,0
Single_AI_Biased,1788,2,0.7,0.9,4,Very meaningful,Strong Democrat,Slightly liberal,1
Single_AI_Biased,1788,7,0.8,0.19999999999999996,4,Very meaningful,Strong Democrat,Slightly liberal,0
Single_AI_Biased,1788,18,0.8,0.6,4,Very meaningful,Strong Democrat,Slightly liberal,0.5
Single_AI_Biased,1791,4,0.7,0.8,4,Very meaningful,Somewhat Democrat,Liberal,1
Single_AI_Biased,1791,12,1,1,4,Very meaningful,Somewhat Democrat,Liberal,0.8
Single_AI_Biased,1791,13,0.8,1,4,Very meaningful,Somewhat Democrat,Liberal,0.8
Single_AI_Biased,1794,2,0.6,0.5,4,Moderately meaningful,Independent,Slightly conservative,1
Single_AI_Biased,1794,12,0.4,0.8,4,Moderately meaningful,Independent,Slightly conservative,1
Single_AI_Biased,1794,16,0.5,0.8,4,Moderately meaningful,Independent,Slightly conservative,1
Single_AI_Biased,1797,2,0.4,0.8,3,Moderately meaningful,Somewhat Republican,Slightly conservative,1
Single_AI_Biased,1797,9,1,1,3,Moderately meaningful,Somewhat Republican,Slightly conservative,1
Single_AI_Biased,1797,14,0.5,1,3,Moderately meaningful,Somewhat Republican,Slightly conservative,0.8
Single_AI_Biased,1809,3,0.9,0.30000000000000004,5,Moderately meaningful,Strong Democrat,Liberal,0
Single_AI_Biased,1809,11,1,1,5,Moderately meaningful,Strong Democrat,Liberal,0.5
Single_AI_Biased,1809,14,0.5,0.9,5,Moderately meaningful,Strong Democrat,Liberal,0.9
Single_AI_Biased,1812,6,0.5,0.7,4,Very meaningful,Somewhat Democrat,Slightly liberal,1
Single_AI_Biased,1812,10,0.19999999999999996,0.7,4,Very meaningful,Somewhat Democrat,Slightly liberal,1
Single_AI_Biased,1812,17,0.19999999999999996,0.09999999999999998,4,Very meaningful,Somewhat Democrat,Slightly liberal,0.0999999999999999
Single_AI_Biased,1815,3,0.8,0.09999999999999998,5,Very meaningful,Somewhat Republican,Conservative,1
Single_AI_Biased,1815,12,0.8,0.9,5,Very meaningful,Somewhat Republican,Conservative,0.7
Single_AI_Biased,1815,14,0.5,0.9,5,Very meaningful,Somewhat Republican,Conservative,1
Single_AI_Biased,1821,6,0.19999999999999996,0.5,3,Moderately meaningful,Independent,Moderate,1
Single_AI_Biased,1821,11,1,1,3,Moderately meaningful,Independent,Moderate,0
Single_AI_Biased,1821,13,0.5,1,3,Moderately meaningful,Independent,Moderate,0.9
Single_AI_Biased,1824,4,0.30000000000000004,0.9,3,Moderately meaningful,Somewhat Republican,Moderate,1
Single_AI_Biased,1824,12,0.30000000000000004,0.9,3,Moderately meaningful,Somewhat Republican,Moderate,1
Single_AI_Biased,1824,15,0.9,1,3,Moderately meaningful,Somewhat Republican,Moderate,0.5
Single_AI_Biased,1827,3,0.5,0.30000000000000004,4,Very meaningful,Independent,Moderate,0.9
Single_AI_Biased,1827,11,0.8,0.7,4,Very meaningful,Independent,Moderate,0.5
Single_AI_Biased,1827,16,0.5,1,4,Very meaningful,Independent,Moderate,1
Single_AI_Biased,1830,5,0.6,0.6,3,Very meaningful,Strong Democrat,Liberal,0.7
Single_AI_Biased,1830,11,0,0,3,Very meaningful,Strong Democrat,Liberal,0
Single_AI_Biased,1830,13,0.5,0.9,3,Very meaningful,Strong Democrat,Liberal,0.9
Single_AI_Biased,1836,1,0.7,0.6,3,Moderately meaningful,Strong Democrat,Extremely liberal,0.5
Single_AI_Biased,1836,10,0.9,0,3,Moderately meaningful,Strong Democrat,Extremely liberal,0.1999999999999999
Single_AI_Biased,1836,16,0.5,0.9,3,Moderately meaningful,Strong Democrat,Extremely liberal,1
Single_AI_Biased,1839,5,0.9,0.5,5,Extremely meaningful,Somewhat Republican,Moderate,1
Single_AI_Biased,1839,7,0.5,1,5,Extremely meaningful,Somewhat Republican,Moderate,1
Single_AI_Biased,1839,13,0,1,5,Extremely meaningful,Somewhat Republican,Moderate,0.9
Single_AI_Biased,1845,5,0.8,0.7,3,Slightly meaningful,Independent,Slightly liberal,0.8
Single_AI_Biased,1845,9,0.9,1,3,Slightly meaningful,Independent,Slightly liberal,1
Single_AI_Biased,1845,17,0.19999999999999996,0.30000000000000004,3,Slightly meaningful,Independent,Slightly liberal,0.5
Single_AI_Biased,1848,2,0.6,0.8,3,Moderately meaningful,Strong Democrat,Liberal,1
Single_AI_Biased,1848,8,0.7,0.8,3,Moderately meaningful,Strong Democrat,Liberal,0.8
Single_AI_Biased,1848,15,0.6,0.5,3,Moderately meaningful,Strong Democrat,Liberal,0.5
Single_AI_Biased,1854,2,0.8,1,4,Very meaningful,Strong Democrat,Moderate,0.9
Single_AI_Biased,1854,7,0.5,0.09999999999999998,4,Very meaningful,Strong Democrat,Moderate,1
Single_AI_Biased,1854,17,0.5,0.5,4,Very meaningful,Strong Democrat,Moderate,0.5
Single_AI_Biased,1857,6,0.7,0.9,4,Very meaningful,Somewhat Democrat,Extremely liberal,1
Single_AI_Biased,1857,9,1,1,4,Very meaningful,Somewhat Democrat,Extremely liberal,1
Single_AI_Biased,1857,13,0.6,0.9,4,Very meaningful,Somewhat Democrat,Extremely liberal,0.7
Single_AI_Biased,1860,3,0.30000000000000004,0,2,Moderately meaningful,Independent,Moderate,0
Single_AI_Biased,1860,11,0,0,2,Moderately meaningful,Independent,Moderate,0.1999999999999999
Single_AI_Biased,1860,18,1,0.5,2,Moderately meaningful,Independent,Moderate,0.8
Single_AI_Biased,1863,4,0.8,0.9,4,Very meaningful,Strong Republican,Conservative,1
Single_AI_Biased,1863,7,0.9,0.8,4,Very meaningful,Strong Republican,Conservative,0.5
Single_AI_Biased,1863,16,0.5,0.09999999999999998,4,Very meaningful,Strong Republican,Conservative,0.5
Single_AI_Biased,1869,5,0.9,0.6,5,Extremely meaningful,Somewhat Republican,Slightly conservative,0.7
Single_AI_Biased,1869,7,0.7,0.8,5,Extremely meaningful,Somewhat Republican,Slightly conservative,0.5
Single_AI_Biased,1869,18,1,0.5,5,Extremely meaningful,Somewhat Republican,Slightly conservative,0.7
Single_AI_Biased,1872,6,0.19999999999999996,0.9,1,Slightly meaningful,Somewhat Democrat,Liberal,1
Single_AI_Biased,1872,10,1,1,1,Slightly meaningful,Somewhat Democrat,Liberal,1
Single_AI_Biased,1872,13,1,1,1,Slightly meaningful,Somewhat Democrat,Liberal,0.8
Single_AI_Biased,1878,1,0.8,0.5,5,Extremely meaningful,Strong Democrat,Extremely liberal,0.5
Single_AI_Biased,1878,11,1,1,5,Extremely meaningful,Strong Democrat,Extremely liberal,0.5
Single_AI_Biased,1878,15,0.5,0,5,Extremely meaningful,Strong Democrat,Extremely liberal,0
Single_AI_Biased,1884,2,0.5,0.9,4,Very meaningful,Somewhat Republican,Slightly conservative,1
Single_AI_Biased,1884,9,0.19999999999999996,0.9,4,Very meaningful,Somewhat Republican,Slightly conservative,0.8
Single_AI_Biased,1884,15,0.19999999999999996,0.09999999999999998,4,Very meaningful,Somewhat Republican,Slightly conservative,0.5
Single_AI_Biased,1887,4,0.30000000000000004,0.30000000000000004,2,Slightly meaningful,Independent,Slightly liberal,1
Single_AI_Biased,1887,12,0.7,0.8,2,Slightly meaningful,Independent,Slightly liberal,0.8
Single_AI_Biased,1887,15,0.5,0.9,2,Slightly meaningful,Independent,Slightly liberal,0
Single_AI_Biased,1890,5,0.8,1,4,Extremely meaningful,Independent,Liberal,0.8
Single_AI_Biased,1890,11,0,0,4,Extremely meaningful,Independent,Liberal,0
Single_AI_Biased,1890,17,0.09999999999999998,0,4,Extremely meaningful,Independent,Liberal,0.0999999999999999
Single_AI_Biased,1902,2,0.8,1,4,Extremely meaningful,Somewhat Republican,Conservative,1
Single_AI_Biased,1902,7,0.7,0.09999999999999998,4,Extremely meaningful,Somewhat Republican,Conservative,0.0999999999999999
Single_AI_Biased,1902,13,0.9,1,4,Extremely meaningful,Somewhat Republican,Conservative,0.7
Single_AI_Biased,1905,2,0.4,0.8,3,Slightly meaningful,Strong Democrat,Extremely liberal,0.9
Single_AI_Biased,1905,10,0.9,1,3,Slightly meaningful,Strong Democrat,Extremely liberal,1
Single_AI_Biased,1905,17,0.4,0.09999999999999998,3,Slightly meaningful,Strong Democrat,Extremely liberal,0.1999999999999999
Single_AI_Biased,1908,4,0.5,0.19999999999999996,3,Moderately meaningful,Somewhat Democrat,Liberal,1
Single_AI_Biased,1908,11,0.5,0.19999999999999996,3,Moderately meaningful,Somewhat Democrat,Liberal,0
Single_AI_Biased,1908,16,0.5,0.9,3,Moderately meaningful,Somewhat Democrat,Liberal,0.5
Single_AI_Biased,1917,1,0.8,1,3,Slightly meaningful,Independent,Conservative,0.5
Single_AI_Biased,1917,9,0.9,0.9,3,Slightly meaningful,Independent,Conservative,1
Single_AI_Biased,1917,17,0.8,0.9,3,Slightly meaningful,Independent,Conservative,0.5
Single_AI_Biased,1920,1,1,0.7,4,Very meaningful,Independent,Moderate,0.5
Single_AI_Biased,1920,8,0.8,0.9,4,Very meaningful,Independent,Moderate,0.7
Single_AI_Biased,1920,16,0.8,0.8,4,Very meaningful,Independent,Moderate,0.5
Single_AI_Biased,1923,3,0.19999999999999996,0.09999999999999998,5,Moderately meaningful,Independent,Slightly liberal,0.9
Single_AI_Biased,1923,7,0.5,0.19999999999999996,5,Moderately meaningful,Independent,Slightly liberal,0.0999999999999999
Single_AI_Biased,1923,14,0.30000000000000004,0.7,5,Moderately meaningful,Independent,Slightly liberal,0.9
Single_AI_Biased,1926,5,0.6,0.5,4,Very meaningful,Strong Republican,Conservative,1
Single_AI_Biased,1926,9,0.30000000000000004,0.8,4,Very meaningful,Strong Republican,Conservative,1
Single_AI_Biased,1926,14,0.7,0.9,4,Very meaningful,Strong Republican,Conservative,0.9
Single_AI_Biased,1929,1,0.8,0.6,4,Moderately meaningful,Somewhat Democrat,Slightly liberal,0.5
Single_AI_Biased,1929,9,0.9,1,4,Moderately meaningful,Somewhat Democrat,Slightly liberal,1
Single_AI_Biased,1929,17,0.4,0.09999999999999998,4,Moderately meaningful,Somewhat Democrat,Slightly liberal,0.5
Single_AI_Biased,1935,4,0.7,1,4,Very meaningful,Strong Democrat,Extremely liberal,1
Single_AI_Biased,1935,8,0.30000000000000004,1,4,Very meaningful,Strong Democrat,Extremely liberal,0.7
Single_AI_Biased,1935,14,0.5,1,4,Very meaningful,Strong Democrat,Extremely liberal,0.9
Single_AI_Biased,1944,4,0.5,1,3,Moderately meaningful,Somewhat Republican,Conservative,1
Single_AI_Biased,1944,7,0.9,0.09999999999999998,3,Moderately meaningful,Somewhat Republican,Conservative,0
Single_AI_Biased,1944,18,0.5,0.5,3,Moderately meaningful,Somewhat Republican,Conservative,0.5
Single_AI_Biased,1947,1,0.9,0.8,5,Very meaningful,Strong Democrat,Liberal,0.5
Single_AI_Biased,1947,11,0,0,5,Very meaningful,Strong Democrat,Liberal,0
Single_AI_Biased,1947,17,0.6,0,5,Very meaningful,Strong Democrat,Liberal,0.8
Single_AI_Biased,1956,5,0.8,0.7,3,Slightly meaningful,Somewhat Democrat,Slightly liberal,1
Single_AI_Biased,1956,9,0.9,0.9,3,Slightly meaningful,Somewhat Democrat,Slightly liberal,1
Single_AI_Biased,1956,13,0.8,0.9,3,Slightly meaningful,Somewhat Democrat,Slightly liberal,0.8
Single_AI_Biased,1965,5,0.6,0.6,4,Moderately meaningful,Somewhat Democrat,Slightly liberal,0.7
Single_AI_Biased,1965,10,0.5,0.8,4,Moderately meaningful,Somewhat Democrat,Slightly liberal,0.9
Single_AI_Biased,1965,15,0.8,0,4,Moderately meaningful,Somewhat Democrat,Slightly liberal,0.5
Single_AI_Biased,1971,4,0.7,0.8,4,Moderately meaningful,Strong Democrat,Extremely liberal,1
Single_AI_Biased,1971,10,0.09999999999999998,0.9,4,Moderately meaningful,Strong Democrat,Extremely liberal,1
Single_AI_Biased,1971,16,0,0.9,4,Moderately meaningful,Strong Democrat,Extremely liberal,1
Single_AI_Biased,1977,5,1,0.6,3,Moderately meaningful,Strong Republican,Conservative,0.7
Single_AI_Biased,1977,8,0.9,0.9,3,Moderately meaningful,Strong Republican,Conservative,1
Single_AI_Biased,1977,13,0.5,1,3,Moderately meaningful,Strong Republican,Conservative,0.8
Single_AI_Biased,1980,5,1,0.9,3,Very meaningful,Independent,Slightly liberal,0.8
Single_AI_Biased,1980,11,0.5,0.09999999999999998,3,Very meaningful,Independent,Slightly liberal,0
Single_AI_Biased,1980,15,0.7,0.19999999999999996,3,Very meaningful,Independent,Slightly liberal,0.3
Single_AI_Biased,1983,4,0.9,1,5,Moderately meaningful,Independent,Moderate,1
Single_AI_Biased,1983,8,0.5,0.8,5,Moderately meaningful,Independent,Moderate,1
Single_AI_Biased,1983,18,1,0.6,5,Moderately meaningful,Independent,Moderate,0.5
Single_AI_Biased,1989,5,0.7,1,3,Very meaningful,Independent,Liberal,0.8
Single_AI_Biased,1989,9,0.30000000000000004,1,3,Very meaningful,Independent,Liberal,1
Single_AI_Biased,1989,15,0.8,0.5,3,Very meaningful,Independent,Liberal,0.1999999999999999
Single_AI_Biased,1992,5,0.8,1,3,Moderately meaningful,Strong Republican,Extremely conservative,0.5
Single_AI_Biased,1992,12,0.5,0.9,3,Moderately meaningful,Strong Republican,Extremely conservative,0.7
Single_AI_Biased,1992,17,0.30000000000000004,0.9,3,Moderately meaningful,Strong Republican,Extremely conservative,0.7
Single_AI_Biased,1995,5,0.8,1,4,Moderately meaningful,Strong Democrat,Liberal,0.8
Single_AI_Biased,1995,7,0.5,0.30000000000000004,4,Moderately meaningful,Strong Democrat,Liberal,0.0999999999999999
Single_AI_Biased,1995,16,0.8,0.9,4,Moderately meaningful,Strong Democrat,Liberal,1
Single_AI_Biased,1998,2,0.8,0.9,4,Very meaningful,Somewhat Republican,Slightly conservative,0.9
Single_AI_Biased,1998,12,0.5,0.7,4,Very meaningful,Somewhat Republican,Slightly conservative,0.7
Single_AI_Biased,1998,16,0.7,0.8,4,Very meaningful,Somewhat Republican,Slightly conservative,0.8
Single_AI_Biased,2001,5,0.8,0.6,4,Very meaningful,Strong Republican,Conservative,0.7
Single_AI_Biased,2001,7,1,0.9,4,Very meaningful,Strong Republican,Conservative,0.5
Single_AI_Biased,2001,13,0.9,1,4,Very meaningful,Strong Republican,Conservative,0.8
Single_AI_Biased,2004,4,0,0.9,4,Very meaningful,Strong Democrat,Extremely liberal,1
Single_AI_Biased,2004,10,0,0,4,Very meaningful,Strong Democrat,Extremely liberal,1
Single_AI_Biased,2004,18,1,0.6,4,Very meaningful,Strong Democrat,Extremely liberal,0.8
Single_AI_Biased,2007,2,0.5,0.7,3,Not meaningful at all,Strong Democrat,Extremely liberal,1
Single_AI_Biased,2007,10,0,1,3,Not meaningful at all,Strong Democrat,Extremely liberal,0.8
Single_AI_Biased,2007,13,0.8,0.8,3,Not meaningful at all,Strong Democrat,Extremely liberal,0.8
Single_AI_Biased,2019,4,0.09999999999999998,1,4,Very meaningful,Strong Republican,Extremely conservative,1
Single_AI_Biased,2019,7,0.7,0,4,Very meaningful,Strong Republican,Extremely conservative,0.0999999999999999
Single_AI_Biased,2019,17,0.30000000000000004,0.5,4,Very meaningful,Strong Republican,Extremely conservative,0.5
Single_AI_Biased,2022,5,0.7,1,3,Moderately meaningful,Independent,Conservative,1
Single_AI_Biased,2022,11,0,0,3,Moderately meaningful,Independent,Conservative,0
Single_AI_Biased,2022,14,0.5,0.8,3,Moderately meaningful,Independent,Conservative,0.9
Single_AI_Biased,2025,2,0.5,0.8,3,Moderately meaningful,Independent,Moderate,1
Single_AI_Biased,2025,11,0,0,3,Moderately meaningful,Independent,Moderate,0
Single_AI_Biased,2025,15,0.09999999999999998,0.09999999999999998,3,Moderately meaningful,Independent,Moderate,0.1999999999999999
Single_AI_Biased,2028,4,0.7,0.9,4,Very meaningful,Independent,Slightly liberal,1
Single_AI_Biased,2028,11,1,0.30000000000000004,4,Very meaningful,Independent,Slightly liberal,0.5
Single_AI_Biased,2028,18,0.7,0.5,4,Very meaningful,Independent,Slightly liberal,0.5
Single_AI_Biased,2031,6,0.5,0.7,3,Moderately meaningful,Strong Democrat,Extremely liberal,1
Single_AI_Biased,2031,7,0.4,0.30000000000000004,3,Moderately meaningful,Strong Democrat,Extremely liberal,0.1999999999999999
Single_AI_Biased,2031,16,0.4,0.7,3,Moderately meaningful,Strong Democrat,Extremely liberal,1
Single_AI_Biased,2034,5,0.6,0.5,3,Very meaningful,Somewhat Republican,Conservative,0.8
Single_AI_Biased,2034,10,0.5,1,3,Very meaningful,Somewhat Republican,Conservative,1
Single_AI_Biased,2034,16,0.19999999999999996,0.9,3,Very meaningful,Somewhat Republican,Conservative,1
Single_AI_Biased,2037,4,0.30000000000000004,1,4,Moderately meaningful,Somewhat Democrat,Liberal,1
Single_AI_Biased,2037,8,0.5,0.5,4,Moderately meaningful,Somewhat Democrat,Liberal,1
Single_AI_Biased,2037,14,0.9,0.9,4,Moderately meaningful,Somewhat Democrat,Liberal,0.8
Single_AI_Biased,2040,4,0.4,0.19999999999999996,4,Moderately meaningful,Somewhat Republican,Slightly conservative,0.8
Single_AI_Biased,2040,12,0.5,0.9,4,Moderately meaningful,Somewhat Republican,Slightly conservative,1
Single_AI_Biased,2040,13,0.5,1,4,Moderately meaningful,Somewhat Republican,Slightly conservative,0.8
Single_AI_Biased,2046,5,0.7,1,3,Very meaningful,Independent,Slightly conservative,1
Single_AI_Biased,2046,10,0.7,0.09999999999999998,3,Very meaningful,Independent,Slightly conservative,0
Single_AI_Biased,2046,15,0,0,3,Very meaningful,Independent,Slightly conservative,0.3
Single_AI_Biased,2049,5,0.9,0.7,2,Slightly meaningful,Strong Republican,Slightly conservative,1
Single_AI_Biased,2049,10,0.7,0.09999999999999998,2,Slightly meaningful,Strong Republican,Slightly conservative,1
Single_AI_Biased,2049,15,0.6,0.8,2,Slightly meaningful,Strong Republican,Slightly conservative,0.1999999999999999
Single_AI_Biased,2052,6,0.5,0.9,4,Very meaningful,Strong Democrat,Extremely liberal,1
Single_AI_Biased,2052,9,1,1,4,Very meaningful,Strong Democrat,Extremely liberal,1
Single_AI_Biased,2052,14,0.5,1,4,Very meaningful,Strong Democrat,Extremely liberal,0.9
Single_AI_Biased,2055,3,0.8,0,4,Extremely meaningful,Independent,Moderate,0.9
Single_AI_Biased,2055,11,0,0,4,Extremely meaningful,Independent,Moderate,0
Single_AI_Biased,2055,17,0.09999999999999998,0.09999999999999998,4,Extremely meaningful,Independent,Moderate,0.1999999999999999
Single_AI_Biased,2070,3,0.7,0.09999999999999998,5,Very meaningful,Independent,NA,0
Single_AI_Biased,2070,9,0.5,0.9,5,Very meaningful,Independent,NA,1
Single_AI_Biased,2070,16,0.5,0.9,5,Very meaningful,Independent,NA,0.7
Single_AI_Biased,2073,4,0.19999999999999996,0.9,4,Moderately meaningful,Strong Democrat,Liberal,1
Single_AI_Biased,2073,10,0.8,0.09999999999999998,4,Moderately meaningful,Strong Democrat,Liberal,1
Single_AI_Biased,2073,16,0.8,0.9,4,Moderately meaningful,Strong Democrat,Liberal,0.5
Single_AI_Biased,2076,3,0.8,0.8,2,Slightly meaningful,Somewhat Republican,Slightly conservative,0.9
Single_AI_Biased,2076,12,0.8,0.8,2,Slightly meaningful,Somewhat Republican,Slightly conservative,1
Single_AI_Biased,2076,17,0.19999999999999996,0.19999999999999996,2,Slightly meaningful,Somewhat Republican,Slightly conservative,0.5
Single_AI_Biased,2082,1,1,1,4,Moderately meaningful,Strong Republican,Conservative,0.5
Single_AI_Biased,2082,11,0.7,0.09999999999999998,4,Moderately meaningful,Strong Republican,Conservative,0
Single_AI_Biased,2082,13,0.9,1,4,Moderately meaningful,Strong Republican,Conservative,0.9
Single_AI_Biased,2085,3,0.5,0.19999999999999996,2,Moderately meaningful,Somewhat Democrat,Liberal,0
Single_AI_Biased,2085,10,0.9,1,2,Moderately meaningful,Somewhat Democrat,Liberal,1
Single_AI_Biased,2085,13,0.8,0.8,2,Moderately meaningful,Somewhat Democrat,Liberal,0.8
Single_AI_Biased,2088,2,0.19999999999999996,0.5,5,Extremely meaningful,Independent,Moderate,1
Single_AI_Biased,2088,10,0.9,1,5,Extremely meaningful,Independent,Moderate,1
Single_AI_Biased,2088,14,1,1,5,Extremely meaningful,Independent,Moderate,0.8
Single_AI_Biased,2097,5,1,0.9,2,Slightly meaningful,Strong Republican,Conservative,0.6
Single_AI_Biased,2097,11,0.9,1,2,Slightly meaningful,Strong Republican,Conservative,0.5
Single_AI_Biased,2097,18,1,0.8,2,Slightly meaningful,Strong Republican,Conservative,0.5
Single_AI_Biased,2100,6,0.5,0.8,3,Slightly meaningful,Somewhat Democrat,Slightly liberal,1
Single_AI_Biased,2100,7,0.5,0.7,3,Slightly meaningful,Somewhat Democrat,Slightly liberal,0.0999999999999999
Single_AI_Biased,2100,16,0.5,0.8,3,Slightly meaningful,Somewhat Democrat,Slightly liberal,0.7
Single_AI_Biased,2106,4,0.9,0.9,3,Moderately meaningful,Independent,Moderate,1
Single_AI_Biased,2106,12,0.8,0.5,3,Moderately meaningful,Independent,Moderate,0.7
Single_AI_Biased,2106,16,0.8,0.9,3,Moderately meaningful,Independent,Moderate,0.8
Single_AI_Biased,2109,5,1,1,2,Extremely meaningful,Strong Republican,Extremely conservative,0.7
Single_AI_Biased,2109,12,0.9,0.9,2,Extremely meaningful,Strong Republican,Extremely conservative,0.5
Single_AI_Biased,2109,14,0.5,0.5,2,Extremely meaningful,Strong Republican,Extremely conservative,0.8
Single_AI_Biased,2115,3,0.30000000000000004,0,5,Very meaningful,Somewhat Republican,Conservative,0
Single_AI_Biased,2115,12,0.30000000000000004,0.8,5,Very meaningful,Somewhat Republican,Conservative,0.7
Single_AI_Biased,2115,13,0.9,0.9,5,Very meaningful,Somewhat Republican,Conservative,0.8
Single_AI_Biased,2121,2,0.7,0.9,4,Slightly meaningful,Strong Democrat,Liberal,0.9
Single_AI_Biased,2121,8,0.4,0.19999999999999996,4,Slightly meaningful,Strong Democrat,Liberal,1
Single_AI_Biased,2121,14,0,0.30000000000000004,4,Slightly meaningful,Strong Democrat,Liberal,0.9
Single_AI_Biased,2124,3,0.8,0.09999999999999998,4,Very meaningful,Independent,Moderate,0
Single_AI_Biased,2124,7,0.30000000000000004,0,4,Very meaningful,Independent,Moderate,0.5
Single_AI_Biased,2124,18,0.6,0.5,4,Very meaningful,Independent,Moderate,0.5
Single_AI_Biased,2127,1,0.7,0.6,4,Very meaningful,Independent,Moderate,0.5
Single_AI_Biased,2127,9,0.5,0.8,4,Very meaningful,Independent,Moderate,1
Single_AI_Biased,2127,16,0.30000000000000004,0.8,4,Very meaningful,Independent,Moderate,0.7
Single_AI_Biased,2130,1,0.8,1,4,Very meaningful,Strong Republican,Extremely conservative,0.7
Single_AI_Biased,2130,7,0.8,0.5,4,Very meaningful,Strong Republican,Extremely conservative,0.1999999999999999
Single_AI_Biased,2130,13,1,0.9,4,Very meaningful,Strong Republican,Extremely conservative,0.8
Single_AI_Biased,2133,1,0.7,0.8,2,Slightly meaningful,Independent,Moderate,0.5
Single_AI_Biased,2133,9,0.6,0.9,2,Slightly meaningful,Independent,Moderate,1
Single_AI_Biased,2133,17,0.19999999999999996,0.19999999999999996,2,Slightly meaningful,Independent,Moderate,0.1999999999999999
Single_AI_Biased,2136,1,0.5,1,3,Very meaningful,Independent,Moderate,0.7
Single_AI_Biased,2136,10,0.19999999999999996,0.9,3,Very meaningful,Independent,Moderate,1
Single_AI_Biased,2136,14,0.5,0.5,3,Very meaningful,Independent,Moderate,0.8
Single_AI_Biased,2139,6,0.19999999999999996,0.9,4,Moderately meaningful,Somewhat Democrat,Slightly liberal,1
Single_AI_Biased,2139,9,1,1,4,Moderately meaningful,Somewhat Democrat,Slightly liberal,1
Single_AI_Biased,2139,17,0.19999999999999996,0.19999999999999996,4,Moderately meaningful,Somewhat Democrat,Slightly liberal,0.1999999999999999
Single_AI_Biased,2142,2,0.7,0.7,3,Slightly meaningful,Independent,Liberal,1
Single_AI_Biased,2142,7,0.4,0.30000000000000004,3,Slightly meaningful,Independent,Liberal,0
Single_AI_Biased,2142,16,0.4,0.7,3,Slightly meaningful,Independent,Liberal,0.8
Single_AI_Biased,2148,6,0.5,0.7,2,Not meaningful at all,Independent,Extremely liberal,1
Single_AI_Biased,2148,7,0.7,0.7,2,Not meaningful at all,Independent,Extremely liberal,0.5
Single_AI_Biased,2148,15,0.5,0.5,2,Not meaningful at all,Independent,Extremely liberal,0.0999999999999999
Single_AI_Biased,2157,2,1,1,5,Extremely meaningful,Strong Democrat,Extremely liberal,1
Single_AI_Biased,2157,10,0.9,1,5,Extremely meaningful,Strong Democrat,Extremely liberal,1
Single_AI_Biased,2157,13,0,0.8,5,Extremely meaningful,Strong Democrat,Extremely liberal,0.8
Single_AI_Biased,2160,5,1,0.7,1,Moderately meaningful,Independent,Slightly conservative,0.7
Single_AI_Biased,2160,9,0.5,0.8,1,Moderately meaningful,Independent,Slightly conservative,1
Single_AI_Biased,2160,15,0.7,0.5,1,Moderately meaningful,Independent,Slightly conservative,0
Single_AI_Biased,2163,3,0.09999999999999998,0,3,Moderately meaningful,Strong Republican,Conservative,0
Single_AI_Biased,2163,7,0.7,0.5,3,Moderately meaningful,Strong Republican,Conservative,0
Single_AI_Biased,2163,14,0.7,0.8,3,Moderately meaningful,Strong Republican,Conservative,0.9
Single_AI_Biased,2166,2,0.6,0.7,4,Moderately meaningful,Somewhat Democrat,Slightly liberal,0.9
Single_AI_Biased,2166,12,0.7,0.9,4,Moderately meaningful,Somewhat Democrat,Slightly liberal,0.5
Single_AI_Biased,2166,14,1,1,4,Moderately meaningful,Somewhat Democrat,Slightly liberal,0.9
Single_AI_Biased,2172,3,0.5,0.09999999999999998,4,Moderately meaningful,Strong Republican,Conservative,0.9
Single_AI_Biased,2172,8,0.8,0.5,4,Moderately meaningful,Strong Republican,Conservative,1
Single_AI_Biased,2172,16,0.19999999999999996,0.9,4,Moderately meaningful,Strong Republican,Conservative,0.7
Single_AI_Biased,2175,6,0.30000000000000004,0.5,4,Very meaningful,Somewhat Republican,Slightly conservative,1
Single_AI_Biased,2175,10,0.7,0.9,4,Very meaningful,Somewhat Republican,Slightly conservative,1
Single_AI_Biased,2175,15,0.8,0,4,Very meaningful,Somewhat Republican,Slightly conservative,0
Single_AI_Biased,2178,1,1,0.8,4,Moderately meaningful,Somewhat Democrat,Slightly liberal,0.7
Single_AI_Biased,2178,7,0.7,0.30000000000000004,4,Moderately meaningful,Somewhat Democrat,Slightly liberal,0
Single_AI_Biased,2178,15,0.5,0.8,4,Moderately meaningful,Somewhat Democrat,Slightly liberal,0.3
Single_AI_Biased,2181,2,0.19999999999999996,0.5,3,Moderately meaningful,Somewhat Republican,Slightly conservative,0.9
Single_AI_Biased,2181,10,1,1,3,Moderately meaningful,Somewhat Republican,Slightly conservative,0.9
Single_AI_Biased,2181,16,0.30000000000000004,0.8,3,Moderately meaningful,Somewhat Republican,Slightly conservative,1
Single_AI_Biased,2184,3,0.30000000000000004,0,5,Extremely meaningful,Somewhat Democrat,Liberal,0.9
Single_AI_Biased,2184,9,0.9,1,5,Extremely meaningful,Somewhat Democrat,Liberal,1
Single_AI_Biased,2184,13,0.19999999999999996,1,5,Extremely meaningful,Somewhat Democrat,Liberal,0.8
Single_AI_Biased,2193,2,0.8,0.7,1,Not meaningful at all,Strong Democrat,Liberal,0.8
Single_AI_Biased,2193,9,1,1,1,Not meaningful at all,Strong Democrat,Liberal,1
Single_AI_Biased,2193,14,0.30000000000000004,0.8,1,Not meaningful at all,Strong Democrat,Liberal,0.3
Single_AI_Biased,2202,3,0.09999999999999998,0,5,Extremely meaningful,Independent,Moderate,0
Single_AI_Biased,2202,11,0,0,5,Extremely meaningful,Independent,Moderate,0
Single_AI_Biased,2202,18,1,0.7,5,Extremely meaningful,Independent,Moderate,0.5
Single_AI_Biased,2205,2,0.30000000000000004,0.19999999999999996,1,Moderately meaningful,Independent,Moderate,0.9
Single_AI_Biased,2205,8,0.7,0.8,1,Moderately meaningful,Independent,Moderate,0.8
Single_AI_Biased,2205,15,0.9,0.8,1,Moderately meaningful,Independent,Moderate,0.1999999999999999
Single_AI_Biased,2211,5,0.8,0.7,3,Moderately meaningful,Independent,Slightly conservative,0.7
Single_AI_Biased,2211,12,0.9,0.9,3,Moderately meaningful,Independent,Slightly conservative,0.8
Single_AI_Biased,2211,16,0.5,1,3,Moderately meaningful,Independent,Slightly conservative,1
Single_AI_Biased,2214,3,0.7,0,5,Moderately meaningful,Somewhat Republican,Conservative,0.9
Single_AI_Biased,2214,9,0.8,1,5,Moderately meaningful,Somewhat Republican,Conservative,1
Single_AI_Biased,2214,16,0.6,1,5,Moderately meaningful,Somewhat Republican,Conservative,0.8
Single_AI_Biased,2217,3,0.19999999999999996,0.09999999999999998,4,Moderately meaningful,Strong Democrat,Liberal,0
Single_AI_Biased,2217,8,0.7,0.8,4,Moderately meaningful,Strong Democrat,Liberal,0.5
Single_AI_Biased,2217,18,1,0.7,4,Moderately meaningful,Strong Democrat,Liberal,0.5
Single_AI_Biased,2220,5,0.7,1,5,Extremely meaningful,Somewhat Republican,Slightly conservative,0.8
Single_AI_Biased,2220,7,0.5,0,5,Extremely meaningful,Somewhat Republican,Slightly conservative,0.0999999999999999
Single_AI_Biased,2220,18,0.7,0.5,5,Extremely meaningful,Somewhat Republican,Slightly conservative,0.5
Single_AI_Biased,2223,1,0.7,0.5,3,Moderately meaningful,Independent,Extremely liberal,1
Single_AI_Biased,2223,8,0.5,0.5,3,Moderately meaningful,Independent,Extremely liberal,0.7
Single_AI_Biased,2223,14,0.8,0.9,3,Moderately meaningful,Independent,Extremely liberal,1
Single_AI_Biased,2229,4,0.19999999999999996,0.8,2,Not meaningful at all,Somewhat Republican,Slightly conservative,1
Single_AI_Biased,2229,11,0.09999999999999998,0.9,2,Not meaningful at all,Somewhat Republican,Slightly conservative,0.5
Single_AI_Biased,2229,15,0.5,0.19999999999999996,2,Not meaningful at all,Somewhat Republican,Slightly conservative,0
Single_AI_Biased,2232,4,0.09999999999999998,0.8,4,Very meaningful,Independent,Liberal,1
Single_AI_Biased,2232,9,0.9,0.9,4,Very meaningful,Independent,Liberal,1
Single_AI_Biased,2232,18,1,0.6,4,Very meaningful,Independent,Liberal,0.5
Single_AI_Biased,2235,1,1,0.8,2,Moderately meaningful,Independent,Moderate,0.5
Single_AI_Biased,2235,12,0.8,0.8,2,Moderately meaningful,Independent,Moderate,0.5
Single_AI_Biased,2235,18,0.7,0.7,2,Moderately meaningful,Independent,Moderate,0.5
Single_AI_Biased,2238,5,0.7,0.7,4,Very meaningful,Independent,Slightly liberal,1
Single_AI_Biased,2238,11,0,0.09999999999999998,4,Very meaningful,Independent,Slightly liberal,0.1999999999999999
Single_AI_Biased,2238,14,0.5,0.9,4,Very meaningful,Independent,Slightly liberal,0.9
Single_AI_Biased,2241,1,0.8,0.5,4,Very meaningful,Somewhat Republican,Slightly conservative,0.5
Single_AI_Biased,2241,7,0.8,0,4,Very meaningful,Somewhat Republican,Slightly conservative,0.9
Single_AI_Biased,2241,17,0.8,0.9,4,Very meaningful,Somewhat Republican,Slightly conservative,0.5
Single_AI_Biased,2244,5,0.7,0.5,3,Moderately meaningful,Independent,Conservative,0.7
Single_AI_Biased,2244,11,0.9,0.19999999999999996,3,Moderately meaningful,Independent,Conservative,0.1999999999999999
Single_AI_Biased,2244,14,0.5,0.5,3,Moderately meaningful,Independent,Conservative,1
Single_AI_Biased,2250,2,0.5,0.6,2,Slightly meaningful,Independent,Extremely liberal,0.8
Single_AI_Biased,2250,12,0.5,0.4,2,Slightly meaningful,Independent,Extremely liberal,0.7
Single_AI_Biased,2250,13,0.7,0.8,2,Slightly meaningful,Independent,Extremely liberal,0.9
Single_AI_Biased,2259,4,0.5,0.30000000000000004,2,Slightly meaningful,Strong Democrat,Liberal,1
Single_AI_Biased,2259,7,0.7,0.7,2,Slightly meaningful,Strong Democrat,Liberal,0
Single_AI_Biased,2259,16,0.5,0.8,2,Slightly meaningful,Strong Democrat,Liberal,0.8
Single_AI_Biased,2262,1,0.6,0.6,3,Moderately meaningful,Strong Republican,Moderate,0.5
Single_AI_Biased,2262,12,0.9,0.19999999999999996,3,Moderately meaningful,Strong Republican,Moderate,1
Single_AI_Biased,2262,16,0.09999999999999998,0.9,3,Moderately meaningful,Strong Republican,Moderate,0.8
Single_AI_Biased,2268,6,0.5,0.7,1,Not meaningful at all,Strong Republican,Extremely conservative,1
Single_AI_Biased,2268,9,0.5,0.7,1,Not meaningful at all,Strong Republican,Extremely conservative,1
Single_AI_Biased,2268,15,1,0.19999999999999996,1,Not meaningful at all,Strong Republican,Extremely conservative,0.5
Single_AI_Biased,2271,3,0.6,0,4,Moderately meaningful,Somewhat Democrat,Liberal,0.9
Single_AI_Biased,2271,7,0.5,0.19999999999999996,4,Moderately meaningful,Somewhat Democrat,Liberal,0.5
Single_AI_Biased,2271,15,0.5,0.8,4,Moderately meaningful,Somewhat Democrat,Liberal,0
Single_AI_Biased,2283,1,0.8,0.7,3,Slightly meaningful,Independent,Slightly liberal,0.5
Single_AI_Biased,2283,8,0.5,0.5,3,Slightly meaningful,Independent,Slightly liberal,0.5
Single_AI_Biased,2283,16,0.09999999999999998,1,3,Slightly meaningful,Independent,Slightly liberal,0.7
Single_AI_Biased,2289,2,0.30000000000000004,0.8,3,Moderately meaningful,Somewhat Republican,Conservative,0.9
Single_AI_Biased,2289,11,0.30000000000000004,1,3,Moderately meaningful,Somewhat Republican,Conservative,0.5
Single_AI_Biased,2289,18,0.8,0.7,3,Moderately meaningful,Somewhat Republican,Conservative,0.5
Single_AI_Biased,2292,3,0.30000000000000004,0.09999999999999998,2,Very meaningful,Independent,Slightly liberal,0
Single_AI_Biased,2292,11,0.7,0,2,Very meaningful,Independent,Slightly liberal,0
Single_AI_Biased,2292,17,0.30000000000000004,0.09999999999999998,2,Very meaningful,Independent,Slightly liberal,0.1999999999999999
Single_AI_Biased,2295,5,0.8,0.6,4,Moderately meaningful,Independent,Liberal,0.7
Single_AI_Biased,2295,12,0.19999999999999996,0.7,4,Moderately meaningful,Independent,Liberal,0.7
Single_AI_Biased,2295,13,0.9,1,4,Moderately meaningful,Independent,Liberal,0.8
Single_AI_Biased,2298,1,1,0.6,4,Very meaningful,Somewhat Republican,Slightly conservative,0.5
Single_AI_Biased,2298,10,0.5,0.9,4,Very meaningful,Somewhat Republican,Slightly conservative,1
Single_AI_Biased,2298,13,0.8,0.9,4,Very meaningful,Somewhat Republican,Slightly conservative,1
Single_AI_Biased,2304,1,0.8,0.8,3,Moderately meaningful,Independent,Slightly liberal,1
Single_AI_Biased,2304,12,1,0.9,3,Moderately meaningful,Independent,Slightly liberal,1
Single_AI_Biased,2304,14,0.9,0.8,3,Moderately meaningful,Independent,Slightly liberal,0.8
Single_AI_Biased,2307,2,0.8,0.7,4,Moderately meaningful,Independent,Moderate,0.9
Single_AI_Biased,2307,11,0.8,0.7,4,Moderately meaningful,Independent,Moderate,0.5
Single_AI_Biased,2307,14,0.19999999999999996,0.7,4,Moderately meaningful,Independent,Moderate,0.9
Single_AI_Biased,2310,5,0.6,0.6,5,Very meaningful,Strong Democrat,Extremely liberal,0.8
Single_AI_Biased,2310,8,0.8,1,5,Very meaningful,Strong Democrat,Extremely liberal,1
Single_AI_Biased,2310,18,1,0.5,5,Very meaningful,Strong Democrat,Extremely liberal,0.5
Single_AI_Biased,2313,2,0.7,0.9,5,Very meaningful,Somewhat Democrat,Slightly liberal,1
Single_AI_Biased,2313,12,0,1,5,Very meaningful,Somewhat Democrat,Slightly liberal,0.8
Single_AI_Biased,2313,16,0.7,0.8,5,Very meaningful,Somewhat Democrat,Slightly liberal,0.8
Single_AI_Biased,2319,6,0.5,0.8,3,Moderately meaningful,Somewhat Democrat,Slightly liberal,1
Single_AI_Biased,2319,11,0.5,0.8,3,Moderately meaningful,Somewhat Democrat,Slightly liberal,0.5
Single_AI_Biased,2319,18,0.8,0.6,3,Moderately meaningful,Somewhat Democrat,Slightly liberal,0.7
Single_AI_Biased,2337,3,0.7,0.09999999999999998,4,Very meaningful,Strong Republican,Conservative,0
Single_AI_Biased,2337,8,0.8,1,4,Very meaningful,Strong Republican,Conservative,1
Single_AI_Biased,2337,16,0,1,4,Very meaningful,Strong Republican,Conservative,0.8
Single_AI_Biased,2340,5,0.5,0.5,1,Not meaningful at all,Independent,Extremely conservative,1
Single_AI_Biased,2340,11,1,1,1,Not meaningful at all,Independent,Extremely conservative,0
Single_AI_Biased,2340,14,0.5,0.5,1,Not meaningful at all,Independent,Extremely conservative,0.9
Single_AI_Biased,2343,1,0.7,0.5,3,Slightly meaningful,Somewhat Republican,Moderate,0.5
Single_AI_Biased,2343,12,0.5,0.7,3,Slightly meaningful,Somewhat Republican,Moderate,0.7
Single_AI_Biased,2343,14,0.5,1,3,Slightly meaningful,Somewhat Republican,Moderate,0.8
Single_AI_Biased,2349,4,0.5,0.7,3,Moderately meaningful,Independent,Liberal,0.5
Single_AI_Biased,2349,12,0.7,0.8,3,Moderately meaningful,Independent,Liberal,0.5
Single_AI_Biased,2349,13,0.5,0.9,3,Moderately meaningful,Independent,Liberal,0.8
Single_AI_Biased,2352,2,0.5,0.8,3,Moderately meaningful,Somewhat Democrat,Extremely liberal,0.9
Single_AI_Biased,2352,9,1,1,3,Moderately meaningful,Somewhat Democrat,Extremely liberal,1
Single_AI_Biased,2352,17,0,0,3,Moderately meaningful,Somewhat Democrat,Extremely liberal,0.0999999999999999
Single_AI_Biased,2355,2,1,1,3,Moderately meaningful,Independent,Moderate,0.9
Single_AI_Biased,2355,8,0.5,1,3,Moderately meaningful,Independent,Moderate,1
Single_AI_Biased,2355,18,1,0.6,3,Moderately meaningful,Independent,Moderate,0.5
Single_AI_Biased,2358,2,0.7,1,2,Slightly meaningful,Somewhat Republican,Conservative,1
Single_AI_Biased,2358,12,0.8,1,2,Slightly meaningful,Somewhat Republican,Conservative,1
Single_AI_Biased,2358,15,1,0.8,2,Slightly meaningful,Somewhat Republican,Conservative,0.3
Single_AI_Biased,2361,5,0.8,0.8,2,Not meaningful at all,Strong Democrat,Extremely liberal,1
Single_AI_Biased,2361,12,0.7,0.8,2,Not meaningful at all,Strong Democrat,Extremely liberal,0.5
Single_AI_Biased,2361,17,0.19999999999999996,0.09999999999999998,2,Not meaningful at all,Strong Democrat,Extremely liberal,0.1999999999999999
Single_AI_Biased,2364,3,0.7,0.19999999999999996,2,Moderately meaningful,Somewhat Republican,Conservative,0
Single_AI_Biased,2364,8,0.7,0.5,2,Moderately meaningful,Somewhat Republican,Conservative,1
Single_AI_Biased,2364,16,0.30000000000000004,0.7,2,Moderately meaningful,Somewhat Republican,Conservative,1
Single_AI_Biased,2376,6,0.4,0.9,5,Very meaningful,Independent,Moderate,1
Single_AI_Biased,2376,7,0.8,0.19999999999999996,5,Very meaningful,Independent,Moderate,0.0999999999999999
Single_AI_Biased,2376,15,0.7,0.19999999999999996,5,Very meaningful,Independent,Moderate,0.1999999999999999
Single_AI_Biased,2379,3,0.09999999999999998,0,5,Extremely meaningful,Strong Democrat,Extremely liberal,1
Single_AI_Biased,2379,7,0,0.09999999999999998,5,Extremely meaningful,Strong Democrat,Extremely liberal,0.0999999999999999
Single_AI_Biased,2379,18,0.7,0.6,5,Extremely meaningful,Strong Democrat,Extremely liberal,0.5
Single_AI_Biased,2382,2,0.7,1,5,Extremely meaningful,Somewhat Democrat,Slightly liberal,1
Single_AI_Biased,2382,8,0.8,1,5,Extremely meaningful,Somewhat Democrat,Slightly liberal,1
Single_AI_Biased,2382,14,0.30000000000000004,0.5,5,Extremely meaningful,Somewhat Democrat,Slightly liberal,0.9
Single_AI_Biased,2385,1,1,0.7,3,Very meaningful,Independent,Moderate,0.5
Single_AI_Biased,2385,12,0.5,0.19999999999999996,3,Very meaningful,Independent,Moderate,0.8
Single_AI_Biased,2385,16,0,1,3,Very meaningful,Independent,Moderate,1
Single_AI_Biased,2388,1,1,0.8,3,Moderately meaningful,Strong Democrat,Extremely liberal,0.5
Single_AI_Biased,2388,7,0.6,0.19999999999999996,3,Moderately meaningful,Strong Democrat,Extremely liberal,0
Single_AI_Biased,2388,14,0.19999999999999996,0.8,3,Moderately meaningful,Strong Democrat,Extremely liberal,0.8
Single_AI_Biased,2391,5,0.8,1,3,Moderately meaningful,Somewhat Republican,Liberal,0.7
Single_AI_Biased,2391,9,1,1,3,Moderately meaningful,Somewhat Republican,Liberal,1
Single_AI_Biased,2391,15,0.5,0,3,Moderately meaningful,Somewhat Republican,Liberal,0.1999999999999999
Single_AI_Biased,2394,6,0.19999999999999996,0.7,3,Moderately meaningful,Independent,Slightly conservative,0.8
Single_AI_Biased,2394,9,1,0.9,3,Moderately meaningful,Independent,Slightly conservative,1
Single_AI_Biased,2394,17,0.19999999999999996,0.30000000000000004,3,Moderately meaningful,Independent,Slightly conservative,0.5
Single_AI_Biased,2400,3,0.8,0.30000000000000004,3,Very meaningful,Somewhat Republican,Slightly conservative,0.0999999999999999
Single_AI_Biased,2400,10,0.7,0.8,3,Very meaningful,Somewhat Republican,Slightly conservative,1
Single_AI_Biased,2400,17,0.5,0.7,3,Very meaningful,Somewhat Republican,Slightly conservative,0.7
Single_AI_Biased,2403,3,0.30000000000000004,0.30000000000000004,3,Moderately meaningful,Independent,Moderate,0
Single_AI_Biased,2403,11,0.8,0.19999999999999996,3,Moderately meaningful,Independent,Moderate,0
Single_AI_Biased,2403,13,0.5,0.5,3,Moderately meaningful,Independent,Moderate,0.8
Single_AI_Biased,2406,5,0.7,1,3,Moderately meaningful,Somewhat Democrat,Slightly liberal,0.8
Single_AI_Biased,2406,10,0.5,0.9,3,Moderately meaningful,Somewhat Democrat,Slightly liberal,1
Single_AI_Biased,2406,13,0.5,0.8,3,Moderately meaningful,Somewhat Democrat,Slightly liberal,0.8
Single_AI_Biased,2409,4,0.5,0.8,3,Moderately meaningful,Strong Democrat,Liberal,0.8
Single_AI_Biased,2409,12,0.5,0.7,3,Moderately meaningful,Strong Democrat,Liberal,0.8
Single_AI_Biased,2409,18,1,0.8,3,Moderately meaningful,Strong Democrat,Liberal,0.5
Single_AI_Biased,2418,4,0.30000000000000004,0.5,4,Moderately meaningful,Independent,Moderate,1
Single_AI_Biased,2418,9,0.19999999999999996,0.9,4,Moderately meaningful,Independent,Moderate,1
Single_AI_Biased,2418,14,0.7,0.9,4,Moderately meaningful,Independent,Moderate,0.8
Single_AI_Biased,2427,4,0.30000000000000004,1,4,Very meaningful,Independent,Moderate,0.8
Single_AI_Biased,2427,7,0.30000000000000004,0,4,Very meaningful,Independent,Moderate,0.0999999999999999
Single_AI_Biased,2427,17,0.5,0.09999999999999998,4,Very meaningful,Independent,Moderate,0.8
Single_AI_Biased,2436,2,0.19999999999999996,0.5,2,Slightly meaningful,Strong Democrat,Extremely liberal,0.9
Single_AI_Biased,2436,12,0.7,0.7,2,Slightly meaningful,Strong Democrat,Extremely liberal,0.7
Single_AI_Biased,2436,14,0.5,0.5,2,Slightly meaningful,Strong Democrat,Extremely liberal,0.8
Single_AI_Biased,2439,1,0.6,0.6,3,Moderately meaningful,Strong Democrat,Extremely liberal,0.5
Single_AI_Biased,2439,12,0.8,0.9,3,Moderately meaningful,Strong Democrat,Extremely liberal,0.7
Single_AI_Biased,2439,13,0.8,0.9,3,Moderately meaningful,Strong Democrat,Extremely liberal,0.9
Single_AI_Biased,2442,6,0.30000000000000004,0.7,2,Moderately meaningful,Independent,Slightly conservative,1
Single_AI_Biased,2442,9,0.8,0.8,2,Moderately meaningful,Independent,Slightly conservative,1
Single_AI_Biased,2442,16,0.09999999999999998,0.9,2,Moderately meaningful,Independent,Slightly conservative,0.5
Single_AI_Biased,2445,3,0.30000000000000004,0,5,Moderately meaningful,Somewhat Democrat,Liberal,0
Single_AI_Biased,2445,11,0,0.09999999999999998,5,Moderately meaningful,Somewhat Democrat,Liberal,0
Single_AI_Biased,2445,18,0.8,0.6,5,Moderately meaningful,Somewhat Democrat,Liberal,0.5
Single_AI_Biased,2448,2,0.9,1,4,Very meaningful,Somewhat Republican,Slightly conservative,1
Single_AI_Biased,2448,9,1,1,4,Very meaningful,Somewhat Republican,Slightly conservative,1
Single_AI_Biased,2448,18,0.6,0.5,4,Very meaningful,Somewhat Republican,Slightly conservative,0.5
Single_AI_Biased,2451,6,0.5,0.7,4,Moderately meaningful,Strong Democrat,Liberal,1
Single_AI_Biased,2451,10,0.19999999999999996,0,4,Moderately meaningful,Strong Democrat,Liberal,0
Single_AI_Biased,2451,15,0,0,4,Moderately meaningful,Strong Democrat,Liberal,0.5
Single_AI_Biased,2454,2,0.5,0.7,3,Very meaningful,Independent,Moderate,1
Single_AI_Biased,2454,12,0.7,0.19999999999999996,3,Very meaningful,Independent,Moderate,0.5
Single_AI_Biased,2454,13,0.5,0.8,3,Very meaningful,Independent,Moderate,0.7
Single_AI_Biased,2457,6,0.30000000000000004,1,5,Extremely meaningful,Strong Democrat,Extremely liberal,1
Single_AI_Biased,2457,7,0.30000000000000004,0,5,Extremely meaningful,Strong Democrat,Extremely liberal,0.1999999999999999
Single_AI_Biased,2457,18,0.8,0.6,5,Extremely meaningful,Strong Democrat,Extremely liberal,0.5
Single_AI_Biased,2460,5,1,0.8,2,Slightly meaningful,Independent,Extremely conservative,0.7
Single_AI_Biased,2460,11,0.7,0.19999999999999996,2,Slightly meaningful,Independent,Extremely conservative,0
Single_AI_Biased,2460,15,0.19999999999999996,0.7,2,Slightly meaningful,Independent,Extremely conservative,0.5
Single_AI_Biased,2472,6,0.30000000000000004,0.30000000000000004,2,Slightly meaningful,Somewhat Democrat,Slightly liberal,1
Single_AI_Biased,2472,10,0.8,0.9,2,Slightly meaningful,Somewhat Democrat,Slightly liberal,1
Single_AI_Biased,2472,13,0.8,0.9,2,Slightly meaningful,Somewhat Democrat,Slightly liberal,0.0999999999999999
Single_AI_Biased,2478,5,0.8,0.6,5,Very meaningful,Independent,Moderate,0.7
Single_AI_Biased,2478,8,1,1,5,Very meaningful,Independent,Moderate,1
Single_AI_Biased,2478,14,0,1,5,Very meaningful,Independent,Moderate,0.8
Single_AI_Biased,2481,6,0.8,0.8,2,Moderately meaningful,Somewhat Democrat,Extremely liberal,1
Single_AI_Biased,2481,8,0.7,0.9,2,Moderately meaningful,Somewhat Democrat,Extremely liberal,1
Single_AI_Biased,2481,17,0.5,0.30000000000000004,2,Moderately meaningful,Somewhat Democrat,Extremely liberal,0.1999999999999999
Single_AI_Biased,2484,1,0.8,0.5,4,Very meaningful,Independent,Slightly liberal,0.5
Single_AI_Biased,2484,12,0.6,0.9,4,Very meaningful,Independent,Slightly liberal,0.8
Single_AI_Biased,2484,16,0.5,0.9,4,Very meaningful,Independent,Slightly liberal,0.7
Single_AI_Biased,2487,1,1,0.5,5,Very meaningful,Strong Republican,Extremely conservative,0.5
Single_AI_Biased,2487,11,0.8,0.30000000000000004,5,Very meaningful,Strong Republican,Extremely conservative,0
Single_AI_Biased,2487,15,0.7,1,5,Very meaningful,Strong Republican,Extremely conservative,0.5
Single_AI_Biased,2496,4,0,0,1,Not meaningful at all,Strong Democrat,Extremely liberal,1
Single_AI_Biased,2496,8,0.5,0.7,1,Not meaningful at all,Strong Democrat,Extremely liberal,0.7
Single_AI_Biased,2496,14,0.5,0.5,1,Not meaningful at all,Strong Democrat,Extremely liberal,0.8
Single_AI_Biased,2505,2,0.09999999999999998,0.19999999999999996,4,Very meaningful,Somewhat Democrat,Liberal,0.9
Single_AI_Biased,2505,10,0.30000000000000004,0.8,4,Very meaningful,Somewhat Democrat,Liberal,1
Single_AI_Biased,2505,13,0.9,0.8,4,Very meaningful,Somewhat Democrat,Liberal,0.8
Single_AI_Biased,2508,5,1,0.8,4,Moderately meaningful,Somewhat Democrat,Liberal,0.6
Single_AI_Biased,2508,12,0.8,0.8,4,Moderately meaningful,Somewhat Democrat,Liberal,1
Single_AI_Biased,2508,17,0.19999999999999996,0.09999999999999998,4,Moderately meaningful,Somewhat Democrat,Liberal,0.7
Single_AI_Biased,2511,4,0.30000000000000004,1,3,Very meaningful,Strong Democrat,Extremely liberal,1
Single_AI_Biased,2511,10,1,1,3,Very meaningful,Strong Democrat,Extremely liberal,1
Single_AI_Biased,2511,18,0.7,0.5,3,Very meaningful,Strong Democrat,Extremely liberal,0.5
Single_AI_Biased,2514,1,1,1,3,Moderately meaningful,Strong Republican,Conservative,0.5
Single_AI_Biased,2514,10,0.5,1,3,Moderately meaningful,Strong Republican,Conservative,0
Single_AI_Biased,2514,17,0.5,0.5,3,Moderately meaningful,Strong Republican,Conservative,0.1999999999999999
Single_AI_Biased,2517,1,0.6,0.6,5,Very meaningful,Strong Democrat,Slightly liberal,0.5
Single_AI_Biased,2517,8,0.8,0.9,5,Very meaningful,Strong Democrat,Slightly liberal,1
Single_AI_Biased,2517,17,0.09999999999999998,0.09999999999999998,5,Very meaningful,Strong Democrat,Slightly liberal,0.1999999999999999
Single_AI_Biased,2520,2,0.8,1,3,Very meaningful,Independent,Moderate,1
Single_AI_Biased,2520,12,0,0.19999999999999996,3,Very meaningful,Independent,Moderate,0.8
Single_AI_Biased,2520,17,0.19999999999999996,0.19999999999999996,3,Very meaningful,Independent,Moderate,0.5
Single_AI_Biased,2523,5,0.5,0.5,3,Slightly meaningful,Somewhat Democrat,Slightly liberal,0.5
Single_AI_Biased,2523,12,0.30000000000000004,0.09999999999999998,3,Slightly meaningful,Somewhat Democrat,Slightly liberal,0.7
Single_AI_Biased,2523,15,0.9,0.5,3,Slightly meaningful,Somewhat Democrat,Slightly liberal,0.5
Single_AI_Biased,2526,1,0.5,0.5,4,Very meaningful,Somewhat Democrat,Liberal,0.5
Single_AI_Biased,2526,12,0.8,1,4,Very meaningful,Somewhat Democrat,Liberal,0.7
Single_AI_Biased,2526,14,0.5,0.5,4,Very meaningful,Somewhat Democrat,Liberal,0.8
Single_AI_Biased,2529,4,0.19999999999999996,1,4,Moderately meaningful,Independent,Conservative,1
Single_AI_Biased,2529,7,0.5,0.5,4,Moderately meaningful,Independent,Conservative,0.0999999999999999
Single_AI_Biased,2529,14,0.09999999999999998,0.9,4,Moderately meaningful,Independent,Conservative,1
Single_AI_Biased,2532,5,0.7,1,5,Very meaningful,Somewhat Democrat,Conservative,0.8
Single_AI_Biased,2532,11,0.9,0.9,5,Very meaningful,Somewhat Democrat,Conservative,0.5
Single_AI_Biased,2532,13,0.8,0.9,5,Very meaningful,Somewhat Democrat,Conservative,0.8
Single_AI_Biased,2544,2,0.9,1,4,Very meaningful,Strong Democrat,Extremely liberal,1
Single_AI_Biased,2544,8,0.9,1,4,Very meaningful,Strong Democrat,Extremely liberal,1
Single_AI_Biased,2544,17,0.8,0.09999999999999998,4,Very meaningful,Strong Democrat,Extremely liberal,0.5
Single_AI_Biased,2550,4,0.5,1,3,Moderately meaningful,Independent,Conservative,1
Single_AI_Biased,2550,9,1,1,3,Moderately meaningful,Independent,Conservative,0.8
Single_AI_Biased,2550,13,0.9,1,3,Moderately meaningful,Independent,Conservative,0.8
Single_AI_Biased,2556,4,0.8,0.5,4,Very meaningful,Somewhat Republican,Slightly conservative,0.7
Single_AI_Biased,2556,11,1,1,4,Very meaningful,Somewhat Republican,Slightly conservative,0.3
Single_AI_Biased,2556,13,0.5,0.9,4,Very meaningful,Somewhat Republican,Slightly conservative,0.9
Single_AI_Biased,2559,1,0.8,0.5,5,Extremely meaningful,Somewhat Republican,Conservative,0.5
Single_AI_Biased,2559,11,1,1,5,Extremely meaningful,Somewhat Republican,Conservative,0.3
Single_AI_Biased,2559,16,0.5,1,5,Extremely meaningful,Somewhat Republican,Conservative,1
Single_AI_Biased,2562,6,0.5,0.5,1,Slightly meaningful,Independent,Moderate,1
Single_AI_Biased,2562,11,0.09999999999999998,0.5,1,Slightly meaningful,Independent,Moderate,0.5
Single_AI_Biased,2562,14,0.5,0.8,1,Slightly meaningful,Independent,Moderate,0.9
Single_AI_Biased,2565,1,0.7,0.6,2,Slightly meaningful,Strong Republican,Conservative,0.5
Single_AI_Biased,2565,8,0.6,0.8,2,Slightly meaningful,Strong Republican,Conservative,0.7
Single_AI_Biased,2565,14,0.8,0.9,2,Slightly meaningful,Strong Republican,Conservative,0.9
Single_AI_Biased,2571,5,0.6,0.5,1,Not meaningful at all,Independent,Moderate,0.7
Single_AI_Biased,2571,9,1,1,1,Not meaningful at all,Independent,Moderate,1
Single_AI_Biased,2571,18,1,0.6,1,Not meaningful at all,Independent,Moderate,0.5
Single_AI_Biased,2580,2,0.5,0.8,4,Moderately meaningful,Somewhat Republican,Conservative,1
Single_AI_Biased,2580,10,0.5,0.8,4,Moderately meaningful,Somewhat Republican,Conservative,1
Single_AI_Biased,2580,14,0.5,0.5,4,Moderately meaningful,Somewhat Republican,Conservative,0.8
Single_AI_Biased,2586,4,0.19999999999999996,1,4,Moderately meaningful,Independent,Extremely liberal,1
Single_AI_Biased,2586,8,0.5,0.9,4,Moderately meaningful,Independent,Extremely liberal,1
Single_AI_Biased,2586,18,0.6,0.6,4,Moderately meaningful,Independent,Extremely liberal,0.5
Single_AI_Biased,2589,4,0.4,0.09999999999999998,4,Moderately meaningful,Strong Republican,Conservative,0.5
Single_AI_Biased,2589,9,0.8,1,4,Moderately meaningful,Strong Republican,Conservative,1
Single_AI_Biased,2589,15,0.30000000000000004,0.8,4,Moderately meaningful,Strong Republican,Conservative,0.3
Single_AI_Biased,2592,3,0.5,0.4,3,Moderately meaningful,Independent,Slightly conservative,0.9
Single_AI_Biased,2592,9,0.9,1,3,Moderately meaningful,Independent,Slightly conservative,1
Single_AI_Biased,2592,13,0.8,1,3,Moderately meaningful,Independent,Slightly conservative,0.9
Single_AI_Biased,2595,1,0.6,0.6,4,Very meaningful,Strong Republican,Extremely conservative,0.5
Single_AI_Biased,2595,8,0.5,0.8,4,Very meaningful,Strong Republican,Extremely conservative,1
Single_AI_Biased,2595,13,0.5,0.9,4,Very meaningful,Strong Republican,Extremely conservative,0.8
Single_AI_Biased,2601,2,0.8,1,5,Very meaningful,Somewhat Republican,Slightly liberal,1
Single_AI_Biased,2601,9,0.09999999999999998,1,5,Very meaningful,Somewhat Republican,Slightly liberal,1
Single_AI_Biased,2601,15,0.09999999999999998,0,5,Very meaningful,Somewhat Republican,Slightly liberal,0.3
Single_AI_Biased,2604,2,0.30000000000000004,0.5,2,Not meaningful at all,Independent,Liberal,0.9
Single_AI_Biased,2604,12,0.5,1,2,Not meaningful at all,Independent,Liberal,0.8
Single_AI_Biased,2604,17,0.7,0.5,2,Not meaningful at all,Independent,Liberal,0.5
Single_AI_Biased,2607,1,0.7,0.7,3,Moderately meaningful,Strong Republican,Conservative,0.7
Single_AI_Biased,2607,8,0.7,0.7,3,Moderately meaningful,Strong Republican,Conservative,1
Single_AI_Biased,2607,13,0.7,0.8,3,Moderately meaningful,Strong Republican,Conservative,0.8
Single_AI_Biased,2610,1,0.7,0.8,3,Very meaningful,Independent,Moderate,0.5
Single_AI_Biased,2610,10,0,0.09999999999999998,3,Very meaningful,Independent,Moderate,1
Single_AI_Biased,2610,17,0.30000000000000004,0,3,Very meaningful,Independent,Moderate,0.3
Single_AI_Biased,2619,2,0.5,0.8,3,Very meaningful,Somewhat Republican,Conservative,0.9
Single_AI_Biased,2619,11,0.30000000000000004,0.5,3,Very meaningful,Somewhat Republican,Conservative,0.5
Single_AI_Biased,2619,14,0.19999999999999996,0.7,3,Very meaningful,Somewhat Republican,Conservative,0.8
Single_AI_Biased,2622,3,0.19999999999999996,0,2,Slightly meaningful,Somewhat Democrat,Moderate,0
Single_AI_Biased,2622,10,0.19999999999999996,0,2,Slightly meaningful,Somewhat Democrat,Moderate,1
Single_AI_Biased,2622,16,0.5,1,2,Slightly meaningful,Somewhat Democrat,Moderate,0.8
Single_AI_Biased,2625,6,0.5,0.9,2,Slightly meaningful,Independent,Extremely liberal,1
Single_AI_Biased,2625,10,1,1,2,Slightly meaningful,Independent,Extremely liberal,0
Single_AI_Biased,2625,17,0.5,0.5,2,Slightly meaningful,Independent,Extremely liberal,0.5
Single_AI_Biased,2628,5,0.5,0.5,5,Extremely meaningful,Strong Democrat,Extremely liberal,0.7
Single_AI_Biased,2628,8,0.8,1,5,Extremely meaningful,Strong Democrat,Extremely liberal,0.7
Single_AI_Biased,2628,17,0,0,5,Extremely meaningful,Strong Democrat,Extremely liberal,0.5
Single_AI_Biased,2640,5,0.9,1,3,Moderately meaningful,Somewhat Republican,Slightly conservative,1
Single_AI_Biased,2640,8,0.7,0.5,3,Moderately meaningful,Somewhat Republican,Slightly conservative,1
Single_AI_Biased,2640,17,0.5,0.30000000000000004,3,Moderately meaningful,Somewhat Republican,Slightly conservative,0.1999999999999999
Single_AI_Biased,2643,6,0.5,0.9,5,Very meaningful,Somewhat Republican,Slightly conservative,1
Single_AI_Biased,2643,11,0.9,0.09999999999999998,5,Very meaningful,Somewhat Republican,Slightly conservative,0
Single_AI_Biased,2643,15,0.5,0.09999999999999998,5,Very meaningful,Somewhat Republican,Slightly conservative,0.3
Single_AI_Biased,2646,6,0.09999999999999998,0.8,4,Very meaningful,Strong Republican,Liberal,1
Single_AI_Biased,2646,10,0.09999999999999998,0.09999999999999998,4,Very meaningful,Strong Republican,Liberal,0
Single_AI_Biased,2646,13,0.9,0.9,4,Very meaningful,Strong Republican,Liberal,0.8
Single_AI_Biased,2652,4,0.19999999999999996,0.19999999999999996,5,Very meaningful,Somewhat Republican,Conservative,0.8
Single_AI_Biased,2652,11,0.8,0.7,5,Very meaningful,Somewhat Republican,Conservative,0.5
Single_AI_Biased,2652,16,0.19999999999999996,0.09999999999999998,5,Very meaningful,Somewhat Republican,Conservative,0.8
Single_AI_Biased,2655,4,0,0.7,3,Slightly meaningful,Independent,Moderate,1
Single_AI_Biased,2655,8,0.5,0.5,3,Slightly meaningful,Independent,Moderate,1
Single_AI_Biased,2655,16,0.7,0.9,3,Slightly meaningful,Independent,Moderate,1
Single_AI_Biased,2658,3,0.5,0.19999999999999996,4,Slightly meaningful,Independent,Slightly liberal,0.9
Single_AI_Biased,2658,7,0.19999999999999996,0.5,4,Slightly meaningful,Independent,Slightly liberal,0.5
Single_AI_Biased,2658,17,0.19999999999999996,0.19999999999999996,4,Slightly meaningful,Independent,Slightly liberal,0.5
Single_AI_Biased,2664,6,0.19999999999999996,0.19999999999999996,5,Very meaningful,Strong Democrat,Slightly conservative,1
Single_AI_Biased,2664,9,0.19999999999999996,0.19999999999999996,5,Very meaningful,Strong Democrat,Slightly conservative,1
Single_AI_Biased,2664,18,0.7,0.7,5,Very meaningful,Strong Democrat,Slightly conservative,0.5
Single_AI_Biased,2667,2,0.5,0.5,2,Slightly meaningful,Independent,Slightly liberal,0.9
Single_AI_Biased,2667,11,0,0,2,Slightly meaningful,Independent,Slightly liberal,0
Single_AI_Biased,2667,13,0.8,0.9,2,Slightly meaningful,Independent,Slightly liberal,1
Single_AI_Biased,2670,2,1,0.30000000000000004,5,Very meaningful,Strong Republican,Extremely liberal,1
Single_AI_Biased,2670,12,1,1,5,Very meaningful,Strong Republican,Extremely liberal,0.7
Single_AI_Biased,2670,13,0.30000000000000004,0.30000000000000004,5,Very meaningful,Strong Republican,Extremely liberal,0.8
Single_AI_Biased,2676,5,0.8,0.6,1,Not meaningful at all,Strong Democrat,Extremely liberal,0.7
Single_AI_Biased,2676,10,0.09999999999999998,0.30000000000000004,1,Not meaningful at all,Strong Democrat,Extremely liberal,1
Single_AI_Biased,2676,15,0.5,0.5,1,Not meaningful at all,Strong Democrat,Extremely liberal,0
Single_AI_Biased,2679,5,0.7,0.6,4,Moderately meaningful,Strong Democrat,Extremely liberal,1
Single_AI_Biased,2679,10,0.7,0.19999999999999996,4,Moderately meaningful,Strong Democrat,Extremely liberal,1
Single_AI_Biased,2679,18,0.7,0.7,4,Moderately meaningful,Strong Democrat,Extremely liberal,0.7
Single_AI_Biased,2688,4,0.5,0.9,5,Extremely meaningful,Independent,Extremely liberal,1
Single_AI_Biased,2688,8,0.7,1,5,Extremely meaningful,Independent,Extremely liberal,1
Single_AI_Biased,2688,16,0.19999999999999996,0.9,5,Extremely meaningful,Independent,Extremely liberal,1
Single_AI_Biased,2691,2,0.8,0.9,1,Very meaningful,Strong Democrat,Liberal,1
Single_AI_Biased,2691,9,1,1,1,Very meaningful,Strong Democrat,Liberal,1
Single_AI_Biased,2691,16,0.5,0.5,1,Very meaningful,Strong Democrat,Liberal,0.5
Single_AI_Biased,2697,6,0.30000000000000004,0.9,3,Moderately meaningful,Independent,Slightly liberal,1
Single_AI_Biased,2697,8,0.5,0.8,3,Moderately meaningful,Independent,Slightly liberal,1
Single_AI_Biased,2697,18,0.8,1,3,Moderately meaningful,Independent,Slightly liberal,0.5
Single_AI_Biased,2700,3,0.09999999999999998,0,2,Slightly meaningful,Somewhat Republican,Moderate,0.0999999999999999
Single_AI_Biased,2700,12,0.09999999999999998,0.5,2,Slightly meaningful,Somewhat Republican,Moderate,1
Single_AI_Biased,2700,18,0.7,0.7,2,Slightly meaningful,Somewhat Republican,Moderate,0.8
Single_AI_Biased,2703,5,0.6,0.7,5,Extremely meaningful,Strong Democrat,Extremely liberal,0.7
Single_AI_Biased,2703,7,0,0,5,Extremely meaningful,Strong Democrat,Extremely liberal,0.5
Single_AI_Biased,2703,14,0.5,1,5,Extremely meaningful,Strong Democrat,Extremely liberal,0.9
Single_AI_Biased,2718,5,0.6,0.5,2,Slightly meaningful,Somewhat Republican,Conservative,0.8
Single_AI_Biased,2718,9,0.09999999999999998,0,2,Slightly meaningful,Somewhat Republican,Conservative,1
Single_AI_Biased,2718,17,0.19999999999999996,0.19999999999999996,2,Slightly meaningful,Somewhat Republican,Conservative,0.8
Single_AI_Biased,2721,4,0.30000000000000004,0.9,2,Moderately meaningful,Somewhat Republican,Conservative,1
Single_AI_Biased,2721,7,0.8,0.09999999999999998,2,Moderately meaningful,Somewhat Republican,Conservative,0.0999999999999999
Single_AI_Biased,2721,15,0.4,0.5,2,Moderately meaningful,Somewhat Republican,Conservative,0.1999999999999999
Single_AI_Biased,2724,6,0.5,1,5,Very meaningful,Independent,Moderate,1
Single_AI_Biased,2724,11,0,0,5,Very meaningful,Independent,Moderate,0
Single_AI_Biased,2724,18,1,0.6,5,Very meaningful,Independent,Moderate,0.5
Single_AI_Biased,2727,2,0.7,0.9,4,Very meaningful,Independent,Extremely liberal,0.8
Single_AI_Biased,2727,7,0.09999999999999998,0,4,Very meaningful,Independent,Extremely liberal,0.0999999999999999
Single_AI_Biased,2727,18,1,0.7,4,Very meaningful,Independent,Extremely liberal,0.5
Single_AI_Biased,2730,3,0.5,0.09999999999999998,4,Very meaningful,Strong Republican,Extremely conservative,0.9
Single_AI_Biased,2730,7,1,0,4,Very meaningful,Strong Republican,Extremely conservative,1
Single_AI_Biased,2730,18,1,0.5,4,Very meaningful,Strong Republican,Extremely conservative,0.5
Single_AI_Biased,2733,3,0,0,2,Moderately meaningful,Somewhat Republican,Slightly conservative,0.9
Single_AI_Biased,2733,12,0.9,1,2,Moderately meaningful,Somewhat Republican,Slightly conservative,0.7
Single_AI_Biased,2733,16,0.19999999999999996,1,2,Moderately meaningful,Somewhat Republican,Slightly conservative,1
Single_AI_Biased,2739,2,0.19999999999999996,0.7,3,Moderately meaningful,Independent,Liberal,1
Single_AI_Biased,2739,10,0.7,1,3,Moderately meaningful,Independent,Liberal,1
Single_AI_Biased,2739,18,0.8,0.5,3,Moderately meaningful,Independent,Liberal,0.5
Single_AI_Biased,2748,4,0.9,0.7,5,Very meaningful,Strong Republican,Conservative,0.5
Single_AI_Biased,2748,12,0.7,0.09999999999999998,5,Very meaningful,Strong Republican,Conservative,1
Single_AI_Biased,2748,13,0.09999999999999998,0.09999999999999998,5,Very meaningful,Strong Republican,Conservative,0.8
Single_AI_Biased,2751,2,0.5,0.19999999999999996,2,Very meaningful,Strong Republican,Conservative,0.9
Single_AI_Biased,2751,8,0.7,0.8,2,Very meaningful,Strong Republican,Conservative,0.5
Single_AI_Biased,2751,15,0.5,0.8,2,Very meaningful,Strong Republican,Conservative,0.3
Single_AI_Biased,2754,1,0.8,0.7,4,Extremely meaningful,Independent,Moderate,0.5
Single_AI_Biased,2754,7,0.7,0.8,4,Extremely meaningful,Independent,Moderate,0.5
Single_AI_Biased,2754,18,0.7,0.6,4,Extremely meaningful,Independent,Moderate,0.7
Single_AI_Biased,2760,4,0.19999999999999996,0.5,4,Very meaningful,Somewhat Democrat,Slightly liberal,1
Single_AI_Biased,2760,10,0.09999999999999998,1,4,Very meaningful,Somewhat Democrat,Slightly liberal,0.9
Single_AI_Biased,2760,16,0.5,0.8,4,Very meaningful,Somewhat Democrat,Slightly liberal,1
Single_AI_Biased,2766,6,0.5,0.7,2,Moderately meaningful,Somewhat Democrat,Liberal,1
Single_AI_Biased,2766,10,0.8,0.9,2,Moderately meaningful,Somewhat Democrat,Liberal,0
Single_AI_Biased,2766,18,0.8,0.7,2,Moderately meaningful,Somewhat Democrat,Liberal,0.5
Single_AI_Biased,2772,6,0.5,0.9,5,Very meaningful,Strong Republican,Conservative,1
Single_AI_Biased,2772,11,0.9,0.09999999999999998,5,Very meaningful,Strong Republican,Conservative,0
Single_AI_Biased,2772,18,0.6,0.6,5,Very meaningful,Strong Republican,Conservative,0.5
Single_AI_Biased,2775,1,1,0.6,4,Very meaningful,Somewhat Republican,Conservative,0.5
Single_AI_Biased,2775,9,0.09999999999999998,0.09999999999999998,4,Very meaningful,Somewhat Republican,Conservative,1
Single_AI_Biased,2775,18,0.7,0.6,4,Very meaningful,Somewhat Republican,Conservative,0.5
Single_AI_Biased,2778,3,0.5,0.09999999999999998,4,Moderately meaningful,Somewhat Republican,Slightly conservative,0.9
Single_AI_Biased,2778,9,0.7,0.7,4,Moderately meaningful,Somewhat Republican,Slightly conservative,1
Single_AI_Biased,2778,16,0.30000000000000004,1,4,Moderately meaningful,Somewhat Republican,Slightly conservative,1
Single_AI_Biased,2784,1,1,0.8,3,Slightly meaningful,Somewhat Democrat,Liberal,0.5
Single_AI_Biased,2784,7,0.5,0.19999999999999996,3,Slightly meaningful,Somewhat Democrat,Liberal,0.1999999999999999
Single_AI_Biased,2784,16,0.5,0.8,3,Slightly meaningful,Somewhat Democrat,Liberal,1
Single_AI_Biased,2787,4,0.19999999999999996,0.9,4,Moderately meaningful,Independent,Slightly liberal,1
Single_AI_Biased,2787,9,0.30000000000000004,0.5,4,Moderately meaningful,Independent,Slightly liberal,1
Single_AI_Biased,2787,16,0.5,0.8,4,Moderately meaningful,Independent,Slightly liberal,1
Single_AI_Biased,2790,5,0.6,0.6,2,Slightly meaningful,Independent,Moderate,0.8
Single_AI_Biased,2790,9,0.9,1,2,Slightly meaningful,Independent,Moderate,1
Single_AI_Biased,2790,13,0.9,1,2,Slightly meaningful,Independent,Moderate,0
Single_AI_Biased,2796,5,1,0.6,3,Moderately meaningful,Somewhat Republican,Slightly conservative,1
Single_AI_Biased,2796,10,0.19999999999999996,0.5,3,Moderately meaningful,Somewhat Republican,Slightly conservative,1
Single_AI_Biased,2796,13,0.9,0.9,3,Moderately meaningful,Somewhat Republican,Slightly conservative,0.0999999999999999
Single_AI_Biased,2799,2,0.5,0.7,5,Very meaningful,Somewhat Democrat,Slightly conservative,0.9
Single_AI_Biased,2799,7,0.7,0.09999999999999998,5,Very meaningful,Somewhat Democrat,Slightly conservative,1
Single_AI_Biased,2799,14,0.19999999999999996,0.8,5,Very meaningful,Somewhat Democrat,Slightly conservative,1
Single_AI_Biased,2802,2,0.19999999999999996,0.5,4,Very meaningful,Strong Democrat,Liberal,1
Single_AI_Biased,2802,10,0.19999999999999996,0.09999999999999998,4,Very meaningful,Strong Democrat,Liberal,0.1999999999999999
Single_AI_Biased,2802,17,0.19999999999999996,0.09999999999999998,4,Very meaningful,Strong Democrat,Liberal,0.1999999999999999
Single_AI_Biased,2808,5,0.8,0.8,4,Very meaningful,Somewhat Republican,Slightly conservative,0.8
Single_AI_Biased,2808,7,0.30000000000000004,0.8,4,Very meaningful,Somewhat Republican,Slightly conservative,0.1999999999999999
Single_AI_Biased,2808,18,0.6,0.6,4,Very meaningful,Somewhat Republican,Slightly conservative,0.5
Single_AI_Biased,2814,4,0.8,0.8,2,Slightly meaningful,Strong Democrat,Extremely liberal,0.8
Single_AI_Biased,2814,12,0.5,0.7,2,Slightly meaningful,Strong Democrat,Extremely liberal,1
Single_AI_Biased,2814,13,0.8,0.8,2,Slightly meaningful,Strong Democrat,Extremely liberal,0.7
Single_AI_Biased,2817,4,0.30000000000000004,0.09999999999999998,5,Extremely meaningful,Strong Democrat,Extremely liberal,0.8
Single_AI_Biased,2817,9,0.9,0.30000000000000004,5,Extremely meaningful,Strong Democrat,Extremely liberal,1
Single_AI_Biased,2817,16,0.5,0.9,5,Extremely meaningful,Strong Democrat,Extremely liberal,0.7
Single_AI_Biased,2826,3,0.5,0.09999999999999998,3,Extremely meaningful,Somewhat Republican,Slightly conservative,0.9
Single_AI_Biased,2826,10,0.7,0.9,3,Extremely meaningful,Somewhat Republican,Slightly conservative,1
Single_AI_Biased,2826,16,0.8,1,3,Extremely meaningful,Somewhat Republican,Slightly conservative,1
Single_AI_Biased,2829,5,0.7,0.7,1,Not meaningful at all,Independent,Liberal,0.8
Single_AI_Biased,2829,11,0,0,1,Not meaningful at all,Independent,Liberal,0.5
Single_AI_Biased,2829,17,0.5,0.5,1,Not meaningful at all,Independent,Liberal,0.5
Single_AI_Biased,2838,6,0.30000000000000004,0.9,3,Very meaningful,Strong Republican,Conservative,1
Single_AI_Biased,2838,10,0.9,0.4,3,Very meaningful,Strong Republican,Conservative,1
Single_AI_Biased,2838,13,0.7,1,3,Very meaningful,Strong Republican,Conservative,0.8
Single_AI_Biased,2841,6,0.09999999999999998,1,4,Very meaningful,Independent,Moderate,1
Single_AI_Biased,2841,10,1,1,4,Very meaningful,Independent,Moderate,1
Single_AI_Biased,2841,13,0.8,1,4,Very meaningful,Independent,Moderate,0.8
Single_AI_Biased,2844,6,0.5,0.7,2,Slightly meaningful,Somewhat Democrat,Liberal,1
Single_AI_Biased,2844,7,0.5,0.30000000000000004,2,Slightly meaningful,Somewhat Democrat,Liberal,0.5
Single_AI_Biased,2844,18,1,0.7,2,Slightly meaningful,Somewhat Democrat,Liberal,0.5
Single_AI_Biased,2847,4,0.30000000000000004,1,5,Extremely meaningful,Somewhat Republican,Slightly conservative,1
Single_AI_Biased,2847,7,0.8,0,5,Extremely meaningful,Somewhat Republican,Slightly conservative,0
Single_AI_Biased,2847,18,1,0.5,5,Extremely meaningful,Somewhat Republican,Slightly conservative,0.5
Single_AI_Biased,2850,4,0.09999999999999998,0.8,4,Not meaningful at all,Somewhat Democrat,Liberal,1
Single_AI_Biased,2850,9,0.8,0.9,4,Not meaningful at all,Somewhat Democrat,Liberal,1
Single_AI_Biased,2850,13,0.6,0.8,4,Not meaningful at all,Somewhat Democrat,Liberal,0.9
Single_AI_Biased,2853,6,0.5,0.09999999999999998,3,Slightly meaningful,Somewhat Democrat,Slightly conservative,1
Single_AI_Biased,2853,12,0.5,0.09999999999999998,3,Slightly meaningful,Somewhat Democrat,Slightly conservative,0.8
Single_AI_Biased,2853,13,0.5,0.9,3,Slightly meaningful,Somewhat Democrat,Slightly conservative,0.8
Single_AI_Biased,2856,2,0.8,1,2,Moderately meaningful,Independent,Slightly conservative,1
Single_AI_Biased,2856,9,1,1,2,Moderately meaningful,Independent,Slightly conservative,1
Single_AI_Biased,2856,14,0.30000000000000004,0.30000000000000004,2,Moderately meaningful,Independent,Slightly conservative,0.9
Single_AI_Biased,2859,2,0.5,1,3,Very meaningful,Independent,Liberal,0.9
Single_AI_Biased,2859,12,0.09999999999999998,0.9,3,Very meaningful,Independent,Liberal,1
Single_AI_Biased,2859,17,0.19999999999999996,0,3,Very meaningful,Independent,Liberal,0.1999999999999999
Single_AI_Biased,2865,3,0.19999999999999996,0.09999999999999998,3,Moderately meaningful,Independent,Moderate,0.0999999999999999
Single_AI_Biased,2865,10,0.9,0.9,3,Moderately meaningful,Independent,Moderate,0
Single_AI_Biased,2865,18,1,0.6,3,Moderately meaningful,Independent,Moderate,0.5
Single_AI_Biased,2871,2,0.5,0.8,3,Slightly meaningful,Strong Democrat,Liberal,1
Single_AI_Biased,2871,9,0.9,1,3,Slightly meaningful,Strong Democrat,Liberal,1
Single_AI_Biased,2871,13,0.9,0.9,3,Slightly meaningful,Strong Democrat,Liberal,0.8
Single_AI_Biased,2877,1,0.8,0.5,4,Very meaningful,Independent,Moderate,0.5
Single_AI_Biased,2877,7,0.7,0.5,4,Very meaningful,Independent,Moderate,0.5
Single_AI_Biased,2877,18,0.8,0.5,4,Very meaningful,Independent,Moderate,0.7
Single_AI_Biased,2880,4,0.30000000000000004,0.7,1,Slightly meaningful,Somewhat Democrat,Moderate,1
Single_AI_Biased,2880,7,0.9,1,1,Slightly meaningful,Somewhat Democrat,Moderate,0
Single_AI_Biased,2880,16,0.7,0.9,1,Slightly meaningful,Somewhat Democrat,Moderate,0.7
Single_AI_Biased,2883,1,0.7,0.6,4,Very meaningful,Independent,Liberal,0.5
Single_AI_Biased,2883,7,0.5,0.09999999999999998,4,Very meaningful,Independent,Liberal,0
Single_AI_Biased,2883,14,1,0.9,4,Very meaningful,Independent,Liberal,0.9
Single_AI_Biased,2886,3,0,0,5,Extremely meaningful,Somewhat Republican,Extremely conservative,0
Single_AI_Biased,2886,8,0.5,1,5,Extremely meaningful,Somewhat Republican,Extremely conservative,1
Single_AI_Biased,2886,15,1,1,5,Extremely meaningful,Somewhat Republican,Extremely conservative,0.1999999999999999
Single_AI_Biased,2889,1,0.7,1,5,Extremely meaningful,Independent,Moderate,0.5
Single_AI_Biased,2889,12,0.5,0,5,Extremely meaningful,Independent,Moderate,0.7
Single_AI_Biased,2889,15,0,0.09999999999999998,5,Extremely meaningful,Independent,Moderate,0.5
Single_AI_Biased,2892,1,1,1,5,Very meaningful,Independent,Moderate,0.8
Single_AI_Biased,2892,12,0.6,0.5,5,Very meaningful,Independent,Moderate,0.7
Single_AI_Biased,2892,18,0.8,0.6,5,Very meaningful,Independent,Moderate,0.5
Single_AI_Biased,2901,4,0.8,1,4,Extremely meaningful,Independent,Moderate,1
Single_AI_Biased,2901,7,0.5,0.09999999999999998,4,Extremely meaningful,Independent,Moderate,0
Single_AI_Biased,2901,15,1,0.9,4,Extremely meaningful,Independent,Moderate,0
Single_AI_Biased,2904,6,0.19999999999999996,1,4,Very meaningful,Independent,Moderate,1
Single_AI_Biased,2904,12,0.5,0.09999999999999998,4,Very meaningful,Independent,Moderate,1
Single_AI_Biased,2904,14,0.30000000000000004,0.9,4,Very meaningful,Independent,Moderate,0.8
Single_AI_Biased,2907,4,0.30000000000000004,0.7,4,Moderately meaningful,Strong Democrat,Liberal,0.8
Single_AI_Biased,2907,8,0.7,0.9,4,Moderately meaningful,Strong Democrat,Liberal,1
Single_AI_Biased,2907,18,1,0.6,4,Moderately meaningful,Strong Democrat,Liberal,0.5
Single_AI_Biased,2910,4,0.09999999999999998,0.5,4,Moderately meaningful,Independent,Moderate,1
Single_AI_Biased,2910,10,0.09999999999999998,0.09999999999999998,4,Moderately meaningful,Independent,Moderate,1
Single_AI_Biased,2910,18,0.7,0.7,4,Moderately meaningful,Independent,Moderate,0.5
Single_AI_Biased,2916,5,0.7,0.6,5,Very meaningful,Independent,Slightly conservative,1
Single_AI_Biased,2916,8,0.7,1,5,Very meaningful,Independent,Slightly conservative,1
Single_AI_Biased,2916,15,0.8,0.09999999999999998,5,Very meaningful,Independent,Slightly conservative,0
Single_AI_Biased,2919,1,1,0.7,2,Slightly meaningful,Independent,Extremely liberal,0.6
Single_AI_Biased,2919,8,0.8,0.8,2,Slightly meaningful,Independent,Extremely liberal,0.5
Single_AI_Biased,2919,16,0.19999999999999996,0.09999999999999998,2,Slightly meaningful,Independent,Extremely liberal,0.1999999999999999
Single_AI_Biased,2922,2,0.7,0.9,4,Slightly meaningful,Independent,Moderate,1
Single_AI_Biased,2922,11,0,1,4,Slightly meaningful,Independent,Moderate,0.5
Single_AI_Biased,2922,13,0.5,1,4,Slightly meaningful,Independent,Moderate,0.9
Single_AI_Biased,2925,4,0.5,0.8,5,Very meaningful,Independent,Slightly liberal,1
Single_AI_Biased,2925,8,0.5,0.7,5,Very meaningful,Independent,Slightly liberal,0.7
Single_AI_Biased,2925,15,0.5,0.5,5,Very meaningful,Independent,Slightly liberal,0.1999999999999999
Single_AI_Biased,2931,6,0.5,0.9,5,Very meaningful,Somewhat Democrat,Slightly liberal,1
Single_AI_Biased,2931,11,0,0.09999999999999998,5,Very meaningful,Somewhat Democrat,Slightly liberal,0.5
Single_AI_Biased,2931,16,0.8,0.9,5,Very meaningful,Somewhat Democrat,Slightly liberal,1
Single_AI_Biased,2934,5,0.7,0.7,1,Slightly meaningful,Strong Democrat,Extremely liberal,0.7
Single_AI_Biased,2934,12,0.7,0.8,1,Slightly meaningful,Strong Democrat,Extremely liberal,0.8
Single_AI_Biased,2934,16,0.8,0.8,1,Slightly meaningful,Strong Democrat,Extremely liberal,0.8
Single_AI_Biased,2940,6,0.5,1,5,Extremely meaningful,Independent,Slightly conservative,1
Single_AI_Biased,2940,9,0.30000000000000004,1,5,Extremely meaningful,Independent,Slightly conservative,1
Single_AI_Biased,2940,16,0.19999999999999996,1,5,Extremely meaningful,Independent,Slightly conservative,1
Single_AI_Biased,2943,2,0.5,0.7,4,Very meaningful,Independent,Moderate,0.9
Single_AI_Biased,2943,10,0.7,1,4,Very meaningful,Independent,Moderate,1
Single_AI_Biased,2943,18,1,0.8,4,Very meaningful,Independent,Moderate,1
Single_AI_Biased,2946,1,1,0.8,3,Moderately meaningful,Strong Democrat,Liberal,0.5
Single_AI_Biased,2946,8,0.5,0.7,3,Moderately meaningful,Strong Democrat,Liberal,1
Single_AI_Biased,2946,17,0.19999999999999996,0.19999999999999996,3,Moderately meaningful,Strong Democrat,Liberal,0.1999999999999999
Single_AI_Biased,2955,1,0.8,0.6,4,Very meaningful,Somewhat Republican,Conservative,0.5
Single_AI_Biased,2955,7,0.9,0.9,4,Very meaningful,Somewhat Republican,Conservative,0
Single_AI_Biased,2955,15,0.9,1,4,Very meaningful,Somewhat Republican,Conservative,0
Single_AI_Biased,2958,2,1,1,5,Extremely meaningful,Somewhat Republican,Conservative,1
Single_AI_Biased,2958,7,0.8,0,5,Extremely meaningful,Somewhat Republican,Conservative,0.0999999999999999
Single_AI_Biased,2958,16,0.09999999999999998,1,5,Extremely meaningful,Somewhat Republican,Conservative,1
Single_AI_Biased,2961,3,0.30000000000000004,0.09999999999999998,2,Slightly meaningful,Strong Democrat,Liberal,0.0999999999999999
Single_AI_Biased,2961,11,0.09999999999999998,0.09999999999999998,2,Slightly meaningful,Strong Democrat,Liberal,0.1999999999999999
Single_AI_Biased,2961,15,0.5,0.19999999999999996,2,Slightly meaningful,Strong Democrat,Liberal,0.3
Single_AI_Biased,2967,1,0.7,1,1,Slightly meaningful,Independent,Moderate,0.7
Single_AI_Biased,2967,7,0.5,0.19999999999999996,1,Slightly meaningful,Independent,Moderate,0.5
Single_AI_Biased,2967,15,0.5,0.5,1,Slightly meaningful,Independent,Moderate,0.1999999999999999
Single_AI_Biased,2970,6,0.8,1,5,Extremely meaningful,Somewhat Republican,Moderate,1
Single_AI_Biased,2970,9,0.19999999999999996,1,5,Extremely meaningful,Somewhat Republican,Moderate,1
Single_AI_Biased,2970,17,0.19999999999999996,0,5,Extremely meaningful,Somewhat Republican,Moderate,0.1999999999999999
Dual_AI_Non_Biased,3009,6,0.09999999999999998,0.8,4,Very meaningful,Independent,Moderate,1
Dual_AI_Non_Biased,3009,11,0.09999999999999998,0.09999999999999998,4,Very meaningful,Independent,Moderate,0.1999999999999999
Dual_AI_Non_Biased,3009,16,0.7,0.09999999999999998,4,Very meaningful,Independent,Moderate,0.6
Dual_AI_Non_Biased,3039,3,0.5,0.09999999999999998,3,Moderately meaningful,Independent,Moderate,0
Dual_AI_Non_Biased,3039,9,1,1,3,Moderately meaningful,Independent,Moderate,1
Dual_AI_Non_Biased,3039,13,0.5,1,3,Moderately meaningful,Independent,Moderate,0.5
Dual_AI_Non_Biased,3057,6,0.5,0.19999999999999996,2,Slightly meaningful,Somewhat Republican,Conservative,1
Dual_AI_Non_Biased,3057,9,0.19999999999999996,0.30000000000000004,2,Slightly meaningful,Somewhat Republican,Conservative,1
Dual_AI_Non_Biased,3057,18,0.6,0.7,2,Slightly meaningful,Somewhat Republican,Conservative,0.5
Dual_AI_Non_Biased,3123,6,0.5,0.8,4,Very meaningful,Independent,Slightly liberal,1
Dual_AI_Non_Biased,3123,10,1,0.9,4,Very meaningful,Independent,Slightly liberal,0.45
Dual_AI_Non_Biased,3123,16,0.5,0.9,4,Very meaningful,Independent,Slightly liberal,0.75
Dual_AI_Non_Biased,3141,4,0,0.8,3,Very meaningful,Independent,Moderate,1
Dual_AI_Non_Biased,3141,12,0.7,0.8,3,Very meaningful,Independent,Moderate,1
Dual_AI_Non_Biased,3141,16,0.7,0.9,3,Very meaningful,Independent,Moderate,0.6
Dual_AI_Non_Biased,3180,2,0.8,0.7,3,Slightly meaningful,Somewhat Democrat,Slightly liberal,1
Dual_AI_Non_Biased,3180,11,0,0,3,Slightly meaningful,Somewhat Democrat,Slightly liberal,0.3
Dual_AI_Non_Biased,3180,13,1,1,3,Slightly meaningful,Somewhat Democrat,Slightly liberal,0.5
Dual_AI_Non_Biased,4074,2,1,1,4,Very meaningful,Strong Democrat,Moderate,1
Dual_AI_Non_Biased,4074,12,0,0.09999999999999998,4,Very meaningful,Strong Democrat,Moderate,0.5
Dual_AI_Non_Biased,4074,17,0.09999999999999998,0.19999999999999996,4,Very meaningful,Strong Democrat,Moderate,0.5
Dual_AI_Non_Biased,4095,2,1,1,5,Extremely meaningful,Strong Democrat,Liberal,1
Dual_AI_Non_Biased,4095,9,0.19999999999999996,1,5,Extremely meaningful,Strong Democrat,Liberal,1
Dual_AI_Non_Biased,4095,17,0.5,0.5,5,Extremely meaningful,Strong Democrat,Liberal,0.5
Dual_AI_Non_Biased,4272,3,0.09999999999999998,0,5,Very meaningful,Strong Republican,Conservative,0
Dual_AI_Non_Biased,4272,7,1,0.09999999999999998,5,Very meaningful,Strong Republican,Conservative,0
Dual_AI_Non_Biased,4272,15,0.5,0.8,5,Very meaningful,Strong Republican,Conservative,0.7
Dual_AI_Non_Biased,4404,3,0.09999999999999998,0.09999999999999998,2,Slightly meaningful,Independent,Liberal,0
Dual_AI_Non_Biased,4404,10,0,0.5,2,Slightly meaningful,Independent,Liberal,0.5499999999999999
Dual_AI_Non_Biased,4404,13,0.4,0.5,2,Slightly meaningful,Independent,Liberal,1
Dual_AI_Non_Biased,4455,2,0.9,1,2,Very meaningful,Independent,Slightly liberal,1
Dual_AI_Non_Biased,4455,9,0.9,0.9,2,Very meaningful,Independent,Slightly liberal,1
Dual_AI_Non_Biased,4455,14,0.5,0.9,2,Very meaningful,Independent,Slightly liberal,1
Dual_AI_Non_Biased,4668,4,0,0,3,Moderately meaningful,Independent,Moderate,1
Dual_AI_Non_Biased,4668,12,1,1,3,Moderately meaningful,Independent,Moderate,1
Dual_AI_Non_Biased,4668,13,1,1,3,Moderately meaningful,Independent,Moderate,0.5499999999999999
Dual_AI_Non_Biased,4788,2,0.5,0.8,5,Very meaningful,Somewhat Democrat,Slightly liberal,1
Dual_AI_Non_Biased,4788,11,0.5,0.9,5,Very meaningful,Somewhat Democrat,Slightly liberal,0.25
Dual_AI_Non_Biased,4788,14,0.7,0.9,5,Very meaningful,Somewhat Democrat,Slightly liberal,1
Dual_AI_Non_Biased,4797,6,0.5,0.8,4,Very meaningful,Strong Democrat,Extremely liberal,1
Dual_AI_Non_Biased,4797,10,0.19999999999999996,1,4,Very meaningful,Strong Democrat,Extremely liberal,0.09999999999999995
Dual_AI_Non_Biased,4797,15,0,0.09999999999999998,4,Very meaningful,Strong Democrat,Extremely liberal,0.5
Dual_AI_Non_Biased,4836,1,0.6,1,4,Very meaningful,Somewhat Republican,Conservative,0.9
Dual_AI_Non_Biased,4836,9,0.9,1,4,Very meaningful,Somewhat Republican,Conservative,1
Dual_AI_Non_Biased,4836,15,0.5,0.19999999999999996,4,Very meaningful,Somewhat Republican,Conservative,0
Dual_AI_Non_Biased,4899,5,0.6,0.5,4,Very meaningful,Independent,Moderate,0.85
Dual_AI_Non_Biased,4899,7,0.5,0,4,Very meaningful,Independent,Moderate,0
Dual_AI_Non_Biased,4899,15,0.5,0,4,Very meaningful,Independent,Moderate,0
Dual_AI_Non_Biased,4926,6,0.8,1,3,Very meaningful,Independent,Slightly liberal,1
Dual_AI_Non_Biased,4926,10,0.8,0.8,3,Very meaningful,Independent,Slightly liberal,0.09999999999999995
Dual_AI_Non_Biased,4926,15,1,0.7,3,Very meaningful,Independent,Slightly liberal,0.25
Dual_AI_Non_Biased,4947,5,0.6,0.5,4,Extremely meaningful,Strong Republican,Conservative,1
Dual_AI_Non_Biased,4947,8,0.5,0.8,4,Extremely meaningful,Strong Republican,Conservative,1
Dual_AI_Non_Biased,4947,15,0.19999999999999996,0.19999999999999996,4,Extremely meaningful,Strong Republican,Conservative,0.25
Dual_AI_Non_Biased,5139,2,0.8,0.9,3,Moderately meaningful,Strong Democrat,Liberal,1
Dual_AI_Non_Biased,5139,11,0.09999999999999998,0,3,Moderately meaningful,Strong Democrat,Liberal,0.1999999999999999
Dual_AI_Non_Biased,5139,15,0.7,0.5,3,Moderately meaningful,Strong Democrat,Liberal,0.25
Dual_AI_Non_Biased,5196,2,0.5,0.8,2,Slightly meaningful,Independent,Extremely liberal,1
Dual_AI_Non_Biased,5196,12,0.9,0.9,2,Slightly meaningful,Independent,Extremely liberal,1
Dual_AI_Non_Biased,5196,18,1,1,2,Slightly meaningful,Independent,Extremely liberal,0.5
Dual_AI_Non_Biased,5226,6,0.30000000000000004,0.9,4,Very meaningful,Independent,Liberal,1
Dual_AI_Non_Biased,5226,10,0.8,1,4,Very meaningful,Independent,Liberal,0.5499999999999999
Dual_AI_Non_Biased,5226,15,0.5,0.19999999999999996,4,Very meaningful,Independent,Liberal,0
Dual_AI_Non_Biased,5301,6,0.5,0.9,2,Not meaningful at all,Somewhat Republican,Conservative,1
Dual_AI_Non_Biased,5301,11,0.8,1,2,Not meaningful at all,Somewhat Republican,Conservative,0.1999999999999999
Dual_AI_Non_Biased,5301,17,0.5,0.5,2,Not meaningful at all,Somewhat Republican,Conservative,0.5
Dual_AI_Non_Biased,5418,2,0.8,0.9,3,Moderately meaningful,Somewhat Republican,Conservative,1
Dual_AI_Non_Biased,5418,12,0.19999999999999996,0.7,3,Moderately meaningful,Somewhat Republican,Conservative,1
Dual_AI_Non_Biased,5418,16,0.19999999999999996,0.7,3,Moderately meaningful,Somewhat Republican,Conservative,0.6
Dual_AI_Non_Biased,5430,1,0.6,0.6,4,Moderately meaningful,Independent,Moderate,0.6
Dual_AI_Non_Biased,5430,9,0.19999999999999996,0.9,4,Moderately meaningful,Independent,Moderate,1
Dual_AI_Non_Biased,5430,14,0.7,0.7,4,Moderately meaningful,Independent,Moderate,0.95
Dual_AI_Non_Biased,5442,4,0.30000000000000004,1,2,Moderately meaningful,Strong Republican,Extremely conservative,1
Dual_AI_Non_Biased,5442,7,1,0,2,Moderately meaningful,Strong Republican,Extremely conservative,1
Dual_AI_Non_Biased,5442,17,0.4,1,2,Moderately meaningful,Strong Republican,Extremely conservative,0.5
Dual_AI_Non_Biased,5541,1,0.8,0.5,4,Very meaningful,Strong Democrat,Liberal,0.65
Dual_AI_Non_Biased,5541,12,1,0,4,Very meaningful,Strong Democrat,Liberal,0.35
Dual_AI_Non_Biased,5541,13,1,1,4,Very meaningful,Strong Democrat,Liberal,1
Dual_AI_Non_Biased,5610,2,0.9,1,2,Moderately meaningful,Strong Democrat,Liberal,1
Dual_AI_Non_Biased,5610,9,1,1,2,Moderately meaningful,Strong Democrat,Liberal,1
Dual_AI_Non_Biased,5610,15,0.5,0,2,Moderately meaningful,Strong Democrat,Liberal,0
Dual_AI_Non_Biased,5820,4,0.19999999999999996,0.19999999999999996,3,Slightly meaningful,Somewhat Republican,Slightly conservative,1
Dual_AI_Non_Biased,5820,8,0.8,0.8,3,Slightly meaningful,Somewhat Republican,Slightly conservative,1
Dual_AI_Non_Biased,5820,17,0.8,0.8,3,Slightly meaningful,Somewhat Republican,Slightly conservative,0.5
Dual_AI_Non_Biased,5841,4,0.5,1,5,Extremely meaningful,Somewhat Republican,Conservative,1
Dual_AI_Non_Biased,5841,8,0.8,1,5,Extremely meaningful,Somewhat Republican,Conservative,1
Dual_AI_Non_Biased,5841,18,0.7,0.5,5,Extremely meaningful,Somewhat Republican,Conservative,0.5
Dual_AI_Non_Biased,5904,1,0.9,0.5,4,Very meaningful,Independent,Moderate,0.5
Dual_AI_Non_Biased,5904,7,0.09999999999999998,0.09999999999999998,4,Very meaningful,Independent,Moderate,0
Dual_AI_Non_Biased,5904,13,1,1,4,Very meaningful,Independent,Moderate,1
Dual_AI_Non_Biased,5973,5,0.6,1,5,Very meaningful,Strong Republican,Conservative,1
Dual_AI_Non_Biased,5973,7,0.8,0.19999999999999996,5,Very meaningful,Strong Republican,Conservative,0
Dual_AI_Non_Biased,5973,15,0.7,0.09999999999999998,5,Very meaningful,Strong Republican,Conservative,0
Dual_AI_Non_Biased,6021,2,0.5,0.9,1,Moderately meaningful,Independent,Extremely conservative,1
Dual_AI_Non_Biased,6021,12,0.9,0.9,1,Moderately meaningful,Independent,Extremely conservative,1
Dual_AI_Non_Biased,6021,18,0.6,0.6,1,Moderately meaningful,Independent,Extremely conservative,0.5
Dual_AI_Non_Biased,6135,4,0.4,1,5,Extremely meaningful,Strong Democrat,Liberal,1
Dual_AI_Non_Biased,6135,9,1,1,5,Extremely meaningful,Strong Democrat,Liberal,1
Dual_AI_Non_Biased,6135,14,0.5,1,5,Extremely meaningful,Strong Democrat,Liberal,1
Dual_AI_Non_Biased,6183,1,0.9,0.5,5,Extremely meaningful,Strong Democrat,Slightly liberal,0.6
Dual_AI_Non_Biased,6183,12,0.19999999999999996,1,5,Extremely meaningful,Strong Democrat,Slightly liberal,0.85
Dual_AI_Non_Biased,6183,14,0.5,1,5,Extremely meaningful,Strong Democrat,Slightly liberal,1
Dual_AI_Non_Biased,6240,3,0.19999999999999996,0,3,Moderately meaningful,Strong Republican,Conservative,0
Dual_AI_Non_Biased,6240,12,0.4,0.4,3,Moderately meaningful,Strong Republican,Conservative,1
Dual_AI_Non_Biased,6240,16,0.6,0.8,3,Moderately meaningful,Strong Republican,Conservative,0.5
Dual_AI_Non_Biased,6246,5,0.5,0.5,3,Slightly meaningful,Independent,Moderate,0.85
Dual_AI_Non_Biased,6246,11,1,1,3,Slightly meaningful,Independent,Moderate,0.24999999999999994
Dual_AI_Non_Biased,6246,15,0.5,0,3,Slightly meaningful,Independent,Moderate,0.25
Dual_AI_Non_Biased,6300,6,0.09999999999999998,0.8,4,Moderately meaningful,Strong Democrat,Extremely liberal,1
Dual_AI_Non_Biased,6300,7,0.30000000000000004,0.09999999999999998,4,Moderately meaningful,Strong Democrat,Extremely liberal,0.04999999999999995
Dual_AI_Non_Biased,6300,13,0.8,0.9,4,Moderately meaningful,Strong Democrat,Extremely liberal,0.5
Dual_AI_Non_Biased,6417,6,0.30000000000000004,0.8,5,Extremely meaningful,Strong Republican,Extremely conservative,1
Dual_AI_Non_Biased,6417,10,0.9,0.09999999999999998,5,Extremely meaningful,Strong Republican,Extremely conservative,0
Dual_AI_Non_Biased,6417,16,0.7,1,5,Extremely meaningful,Strong Republican,Extremely conservative,0.6
Dual_AI_Non_Biased,6492,5,1,0.7,2,Slightly meaningful,Independent,Conservative,0.5
Dual_AI_Non_Biased,6492,10,0.5,0.30000000000000004,2,Slightly meaningful,Independent,Conservative,0
Dual_AI_Non_Biased,6492,17,0.8,0.8,2,Slightly meaningful,Independent,Conservative,0.5
Dual_AI_Non_Biased,6537,3,0.09999999999999998,0,2,Not meaningful at all,Somewhat Republican,Slightly conservative,0.5
Dual_AI_Non_Biased,6537,10,0.9,1,2,Not meaningful at all,Somewhat Republican,Slightly conservative,0.95
Dual_AI_Non_Biased,6537,13,0.9,1,2,Not meaningful at all,Somewhat Republican,Slightly conservative,0.5
Dual_AI_Non_Biased,6564,6,0.5,0.30000000000000004,3,Moderately meaningful,Somewhat Republican,Slightly conservative,1
Dual_AI_Non_Biased,6564,12,0.5,0.7,3,Moderately meaningful,Somewhat Republican,Slightly conservative,0.5
Dual_AI_Non_Biased,6564,15,0.19999999999999996,0.19999999999999996,3,Moderately meaningful,Somewhat Republican,Slightly conservative,0
Dual_AI_Non_Biased,6570,4,0.30000000000000004,0.8,4,Very meaningful,Somewhat Republican,Extremely conservative,1
Dual_AI_Non_Biased,6570,11,1,1,4,Very meaningful,Somewhat Republican,Extremely conservative,0
Dual_AI_Non_Biased,6570,16,0.8,0.7,4,Very meaningful,Somewhat Republican,Extremely conservative,0.5
Dual_AI_Non_Biased,6612,5,0.8,1,4,Moderately meaningful,Independent,Slightly liberal,1
Dual_AI_Non_Biased,6612,8,0.5,0.5,4,Moderately meaningful,Independent,Slightly liberal,1
Dual_AI_Non_Biased,6612,13,0.9,1,4,Moderately meaningful,Independent,Slightly liberal,1
Dual_AI_Non_Biased,6744,3,0.19999999999999996,0.09999999999999998,3,Moderately meaningful,Somewhat Republican,Conservative,0
Dual_AI_Non_Biased,6744,8,0.7,0.9,3,Moderately meaningful,Somewhat Republican,Conservative,1
Dual_AI_Non_Biased,6744,14,0.9,0.9,3,Moderately meaningful,Somewhat Republican,Conservative,1
Dual_AI_Non_Biased,6768,6,0.5,0.5,2,Moderately meaningful,Strong Democrat,Liberal,1
Dual_AI_Non_Biased,6768,12,0.5,0.19999999999999996,2,Moderately meaningful,Strong Democrat,Liberal,0.9
Dual_AI_Non_Biased,6768,18,0.6,0.6,2,Moderately meaningful,Strong Democrat,Liberal,0.5
Dual_AI_Non_Biased,6948,6,0.7,0.8,3,Slightly meaningful,Somewhat Democrat,Slightly liberal,0.9
Dual_AI_Non_Biased,6948,9,0.8,0.8,3,Slightly meaningful,Somewhat Democrat,Slightly liberal,1
Dual_AI_Non_Biased,6948,17,0.5,0.5,3,Slightly meaningful,Somewhat Democrat,Slightly liberal,0.5
Dual_AI_Non_Biased,7008,3,0.09999999999999998,0,2,Moderately meaningful,Strong Democrat,Moderate,0
Dual_AI_Non_Biased,7008,12,0.7,1,2,Moderately meaningful,Strong Democrat,Moderate,1
Dual_AI_Non_Biased,7008,14,0.5,0.9,2,Moderately meaningful,Strong Democrat,Moderate,1
Dual_AI_Non_Biased,7116,2,0.5,0.8,5,Moderately meaningful,Strong Republican,Conservative,1
Dual_AI_Non_Biased,7116,10,0.9,0,5,Moderately meaningful,Strong Republican,Conservative,0.1999999999999999
Dual_AI_Non_Biased,7116,16,0.8,1,5,Moderately meaningful,Strong Republican,Conservative,0.75
Dual_AI_Non_Biased,7224,2,0.8,1,4,Very meaningful,Strong Democrat,Extremely liberal,1
Dual_AI_Non_Biased,7224,7,0.5,0,4,Very meaningful,Strong Democrat,Extremely liberal,0.04999999999999995
Dual_AI_Non_Biased,7224,18,0.8,0.6,4,Very meaningful,Strong Democrat,Extremely liberal,0.5
Dual_AI_Non_Biased,7233,3,0.30000000000000004,0.19999999999999996,2,Slightly meaningful,Somewhat Democrat,Liberal,0.5
Dual_AI_Non_Biased,7233,11,0.19999999999999996,0.7,2,Slightly meaningful,Somewhat Democrat,Liberal,0.3
Dual_AI_Non_Biased,7233,14,0.6,0.8,2,Slightly meaningful,Somewhat Democrat,Liberal,1
Dual_AI_Non_Biased,7284,6,0.19999999999999996,0.9,5,Extremely meaningful,Somewhat Republican,Slightly conservative,1
Dual_AI_Non_Biased,7284,11,0.19999999999999996,0.9,5,Extremely meaningful,Somewhat Republican,Slightly conservative,0.1999999999999999
Dual_AI_Non_Biased,7284,13,0.8,1,5,Extremely meaningful,Somewhat Republican,Slightly conservative,1
Dual_AI_Non_Biased,7326,3,0.5,0.5,3,Slightly meaningful,Independent,Slightly liberal,0.5
Dual_AI_Non_Biased,7326,7,0.5,0.5,3,Slightly meaningful,Independent,Slightly liberal,0
Dual_AI_Non_Biased,7326,15,0.5,0.30000000000000004,3,Slightly meaningful,Independent,Slightly liberal,0
Dual_AI_Non_Biased,7464,1,0.6,0.6,4,Moderately meaningful,Independent,Moderate,0.5
Dual_AI_Non_Biased,7464,8,0.30000000000000004,0.09999999999999998,4,Moderately meaningful,Independent,Moderate,1
Dual_AI_Non_Biased,7464,15,0.30000000000000004,0.19999999999999996,4,Moderately meaningful,Independent,Moderate,0.8
Dual_AI_Non_Biased,7470,6,0.5,0.7,1,Moderately meaningful,Independent,NA,1
Dual_AI_Non_Biased,7470,8,0.5,0.4,1,Moderately meaningful,Independent,NA,1
Dual_AI_Non_Biased,7470,17,0.19999999999999996,0.09999999999999998,1,Moderately meaningful,Independent,NA,0.5
Dual_AI_Opposition,2991,2,0.30000000000000004,0.7,0,,Strong Republican,Conservative,1
Dual_AI_Opposition,2991,9,0.7,0.7,0,,Strong Republican,Conservative,0.9
Dual_AI_Opposition,2991,13,0.30000000000000004,0.7,0,,Strong Republican,Conservative,0.8
Dual_AI_Balanced,2994,3,0.19999999999999996,0,4,Very meaningful,Independent,Slightly liberal,0.5
Dual_AI_Balanced,2994,8,0.7,0.9,4,Very meaningful,Independent,Slightly liberal,0.9
Dual_AI_Balanced,2994,17,0.7,0.5,4,Very meaningful,Independent,Slightly liberal,0.4
Dual_AI_Opposition,3033,4,0.19999999999999996,1,4,Very meaningful,Somewhat Republican,Slightly conservative,1
Dual_AI_Opposition,3033,10,0.5,0,4,Very meaningful,Somewhat Republican,Slightly conservative,1
Dual_AI_Opposition,3033,13,0.7,1,4,Very meaningful,Somewhat Republican,Slightly conservative,0.95
Dual_AI_Balanced,3042,5,0.8,0.8,3,Very meaningful,Independent,Moderate,0.85
Dual_AI_Balanced,3042,10,0.5,0.9,3,Very meaningful,Independent,Moderate,1
Dual_AI_Balanced,3042,17,0.5,0.8,3,Very meaningful,Independent,Moderate,0.4
Dual_AI_Balanced,3090,1,1,0.6,3,Moderately meaningful,Independent,Slightly liberal,0.5
Dual_AI_Balanced,3090,12,0.9,0.8,3,Moderately meaningful,Independent,Slightly liberal,1
Dual_AI_Balanced,3090,17,0.09999999999999998,0,3,Moderately meaningful,Independent,Slightly liberal,0.3999999999999999
Dual_AI_Balanced,3126,4,0.8,1,2,Very meaningful,Independent,Conservative,1
Dual_AI_Balanced,3126,11,0.9,1,2,Very meaningful,Independent,Conservative,0.04999999999999995
Dual_AI_Balanced,3126,16,0.5,1,2,Very meaningful,Independent,Conservative,0.75
Dual_AI_Balanced,3132,6,0.19999999999999996,0,5,Extremely meaningful,Independent,Moderate,1
Dual_AI_Balanced,3132,11,0.09999999999999998,1,5,Extremely meaningful,Independent,Moderate,0.25
Dual_AI_Balanced,3132,17,0.5,0.5,5,Extremely meaningful,Independent,Moderate,0.35
Dual_AI_Opposition,3183,2,0.8,1,4,Moderately meaningful,Somewhat Democrat,Liberal,0.95
Dual_AI_Opposition,3183,10,0.5,0,4,Moderately meaningful,Somewhat Democrat,Liberal,0.75
Dual_AI_Opposition,3183,13,0.9,1,4,Moderately meaningful,Somewhat Democrat,Liberal,0.9
Dual_AI_Opposition,3189,6,0.30000000000000004,0.9,5,Very meaningful,Strong Democrat,Liberal,0.9
Dual_AI_Opposition,3189,7,0.8,0.09999999999999998,5,Very meaningful,Strong Democrat,Liberal,0.5
Dual_AI_Opposition,3189,18,0.7,0.6,5,Very meaningful,Strong Democrat,Liberal,0.5
Dual_AI_Opposition,3198,1,0.7,0.5,4,Very meaningful,Strong Republican,Conservative,0.65
Dual_AI_Opposition,3198,12,1,0.9,4,Very meaningful,Strong Republican,Conservative,0.8
Dual_AI_Opposition,3198,17,0.4,0.09999999999999998,4,Very meaningful,Strong Republican,Conservative,0.1999999999999999
Dual_AI_Opposition,3204,1,0.5,0.5,5,Extremely meaningful,Strong Republican,Extremely liberal,0.5
Dual_AI_Opposition,3204,12,1,0.9,5,Extremely meaningful,Strong Republican,Extremely liberal,0.75
Dual_AI_Opposition,3204,14,0,1,5,Extremely meaningful,Strong Republican,Extremely liberal,0.9
Dual_AI_Opposition,3216,2,0.30000000000000004,0.30000000000000004,2,Slightly meaningful,Strong Democrat,Liberal,0.8
Dual_AI_Opposition,3216,8,0.5,0.6,2,Slightly meaningful,Strong Democrat,Liberal,0.65
Dual_AI_Opposition,3216,18,0.9,0.8,2,Slightly meaningful,Strong Democrat,Liberal,0.5
Dual_AI_Balanced,3219,6,0.30000000000000004,0.6,2,Slightly meaningful,Independent,Liberal,1
Dual_AI_Balanced,3219,12,0.7,0.8,2,Slightly meaningful,Independent,Liberal,0.85
Dual_AI_Balanced,3219,18,0.7,0.7,2,Slightly meaningful,Independent,Liberal,0.5
Dual_AI_Balanced,3234,1,0.6,0.7,4,Very meaningful,Independent,Moderate,0.5
Dual_AI_Balanced,3234,10,0.9,0.9,4,Very meaningful,Independent,Moderate,0.5499999999999999
Dual_AI_Balanced,3234,14,0.19999999999999996,0.9,4,Very meaningful,Independent,Moderate,0.8500000000000001
Dual_AI_Opposition,3249,6,0.30000000000000004,0.19999999999999996,2,Moderately meaningful,Strong Democrat,Extremely liberal,1
Dual_AI_Opposition,3249,12,0.7,0.8,2,Moderately meaningful,Strong Democrat,Extremely liberal,0.6
Dual_AI_Opposition,3249,17,0.5,0.5,2,Moderately meaningful,Strong Democrat,Extremely liberal,0.65
Dual_AI_Opposition,3252,5,0.5,0.5,1,Slightly meaningful,Somewhat Republican,Slightly conservative,0.75
Dual_AI_Opposition,3252,8,0.5,0.5,1,Slightly meaningful,Somewhat Republican,Slightly conservative,1
Dual_AI_Opposition,3252,14,0.5,0.5,1,Slightly meaningful,Somewhat Republican,Slightly conservative,0.9
Dual_AI_Opposition,3309,4,0.19999999999999996,0.19999999999999996,3,Moderately meaningful,Somewhat Republican,Moderate,0.6
Dual_AI_Opposition,3309,10,0.5,0.09999999999999998,3,Moderately meaningful,Somewhat Republican,Moderate,0.9
Dual_AI_Opposition,3309,15,0.7,0.5,3,Moderately meaningful,Somewhat Republican,Moderate,0.5
Dual_AI_Opposition,3318,6,0.5,0.8,1,Not meaningful at all,Somewhat Republican,Slightly conservative,0.9
Dual_AI_Opposition,3318,7,0.9,0.5,1,Not meaningful at all,Somewhat Republican,Slightly conservative,0.04999999999999995
Dual_AI_Opposition,3318,17,0.5,0.5,1,Not meaningful at all,Somewhat Republican,Slightly conservative,0.1999999999999999
Dual_AI_Balanced,3339,6,0.30000000000000004,0.8,3,Slightly meaningful,Independent,Moderate,1
Dual_AI_Balanced,3339,10,0.5,0.5,3,Slightly meaningful,Independent,Moderate,0.6
Dual_AI_Balanced,3339,13,0.6,0.9,3,Slightly meaningful,Independent,Moderate,0.85
Dual_AI_Balanced,3348,4,0.5,0.19999999999999996,2,Slightly meaningful,Independent,Moderate,1
Dual_AI_Balanced,3348,7,0.5,0.19999999999999996,2,Slightly meaningful,Independent,Moderate,0.6
Dual_AI_Balanced,3348,16,0.5,0.7,2,Slightly meaningful,Independent,Moderate,0.7
Dual_AI_Opposition,3360,1,1,0.5,3,Moderately meaningful,Somewhat Democrat,Slightly liberal,0.5
Dual_AI_Opposition,3360,10,0.9,1,3,Moderately meaningful,Somewhat Democrat,Slightly liberal,1
Dual_AI_Opposition,3360,16,0.5,0.9,3,Moderately meaningful,Somewhat Democrat,Slightly liberal,0.75
Dual_AI_Opposition,3363,2,0.7,1,5,Very meaningful,Strong Republican,Extremely conservative,0.95
Dual_AI_Opposition,3363,7,0.8,0.09999999999999998,5,Very meaningful,Strong Republican,Extremely conservative,0
Dual_AI_Opposition,3363,15,0.5,0.09999999999999998,5,Very meaningful,Strong Republican,Extremely conservative,0.4
Dual_AI_Balanced,3375,1,0.8,0.5,5,Very meaningful,Independent,Conservative,0.5
Dual_AI_Balanced,3375,11,0.7,0.9,5,Very meaningful,Independent,Conservative,0.09999999999999995
Dual_AI_Balanced,3375,15,0.5,0.5,5,Very meaningful,Independent,Conservative,0.1999999999999999
Dual_AI_Balanced,3387,6,0.5,0.9,5,Extremely meaningful,Independent,Slightly conservative,1
Dual_AI_Balanced,3387,12,0.5,0.9,5,Extremely meaningful,Independent,Slightly conservative,0.75
Dual_AI_Balanced,3387,15,0.5,0.5,5,Extremely meaningful,Independent,Slightly conservative,0.24999999999999994
Dual_AI_Opposition,3393,6,0.7,1,5,Extremely meaningful,Strong Democrat,Extremely liberal,1
Dual_AI_Opposition,3393,7,0.9,1,5,Extremely meaningful,Strong Democrat,Extremely liberal,0.5
Dual_AI_Opposition,3393,18,0.6,0.5,5,Extremely meaningful,Strong Democrat,Extremely liberal,0.6
Dual_AI_Balanced,3408,2,0.8,0.8,3,Moderately meaningful,Independent,Moderate,0.9
Dual_AI_Balanced,3408,9,0.30000000000000004,0.8,3,Moderately meaningful,Independent,Moderate,0.9
Dual_AI_Balanced,3408,18,0.8,1,3,Moderately meaningful,Independent,Moderate,0.9
Dual_AI_Opposition,3417,6,0.19999999999999996,0.9,4,Very meaningful,Somewhat Democrat,Liberal,1
Dual_AI_Opposition,3417,8,0.5,0.8,4,Very meaningful,Somewhat Democrat,Liberal,0.85
Dual_AI_Opposition,3417,13,0.9,1,4,Very meaningful,Somewhat Democrat,Liberal,0.9
Dual_AI_Opposition,3429,4,0.5,1,3,Very meaningful,Strong Democrat,Liberal,0.9
Dual_AI_Opposition,3429,9,0.9,1,3,Very meaningful,Strong Democrat,Liberal,1
Dual_AI_Opposition,3429,13,0.7,0.9,3,Very meaningful,Strong Democrat,Liberal,0.95
Dual_AI_Opposition,3537,5,0.7,0.6,3,Moderately meaningful,Strong Democrat,Extremely liberal,0.9
Dual_AI_Opposition,3537,12,0.5,0.9,3,Moderately meaningful,Strong Democrat,Extremely liberal,0.6
Dual_AI_Opposition,3537,13,0.8,1,3,Moderately meaningful,Strong Democrat,Extremely liberal,0.8
Dual_AI_Balanced,3555,6,0.5,0.8,4,Moderately meaningful,Independent,Extremely liberal,1
Dual_AI_Balanced,3555,9,0.8,1,4,Moderately meaningful,Independent,Extremely liberal,0.75
Dual_AI_Balanced,3555,14,0.5,0.9,4,Moderately meaningful,Independent,Extremely liberal,1
Dual_AI_Balanced,3594,1,0.8,0.6,4,Very meaningful,Independent,Slightly liberal,0.6
Dual_AI_Balanced,3594,12,0.8,0.9,4,Very meaningful,Independent,Slightly liberal,0.8
Dual_AI_Balanced,3594,18,0.8,0.7,4,Very meaningful,Independent,Slightly liberal,0.5
Dual_AI_Opposition,3624,3,0.5,0.09999999999999998,3,Moderately meaningful,Somewhat Republican,Conservative,0.45
Dual_AI_Opposition,3624,9,0.09999999999999998,0.9,3,Moderately meaningful,Somewhat Republican,Conservative,1
Dual_AI_Opposition,3624,16,0.5,0.9,3,Moderately meaningful,Somewhat Republican,Conservative,0.9
Dual_AI_Balanced,3636,4,0.19999999999999996,0.7,2,Slightly meaningful,Independent,Moderate,1
Dual_AI_Balanced,3636,8,0.5,0.5,2,Slightly meaningful,Independent,Moderate,0.75
Dual_AI_Balanced,3636,16,0.5,0.8,2,Slightly meaningful,Independent,Moderate,0.75
Dual_AI_Opposition,3675,2,0.5,0.5,2,Slightly meaningful,Somewhat Republican,Moderate,0.8500000000000001
Dual_AI_Opposition,3675,12,0.30000000000000004,0.19999999999999996,2,Slightly meaningful,Somewhat Republican,Moderate,0.5
Dual_AI_Opposition,3675,15,0.4,0.5,2,Slightly meaningful,Somewhat Republican,Moderate,0.5
Dual_AI_Opposition,3693,5,0.8,1,1,Not meaningful at all,Strong Democrat,Liberal,0.7
Dual_AI_Opposition,3693,11,0.9,1,1,Not meaningful at all,Strong Democrat,Liberal,0.55
Dual_AI_Opposition,3693,15,0.5,0.5,1,Not meaningful at all,Strong Democrat,Liberal,0
Dual_AI_Balanced,3702,5,0.5,1,2,Very meaningful,Independent,Slightly conservative,0.8
Dual_AI_Balanced,3702,12,0.8,0.19999999999999996,2,Very meaningful,Independent,Slightly conservative,0.5
Dual_AI_Balanced,3702,17,0.09999999999999998,0,2,Very meaningful,Independent,Slightly conservative,0.5
Dual_AI_Opposition,3708,4,0.9,1,1,Not meaningful at all,Strong Republican,Conservative,1
Dual_AI_Opposition,3708,11,1,1,1,Not meaningful at all,Strong Republican,Conservative,0.09999999999999995
Dual_AI_Opposition,3708,16,0.5,1,1,Not meaningful at all,Strong Republican,Conservative,0.85
Dual_AI_Opposition,3711,3,0.5,0,5,Extremely meaningful,Somewhat Republican,Liberal,0.45
Dual_AI_Opposition,3711,8,0.8,1,5,Extremely meaningful,Somewhat Republican,Liberal,1
Dual_AI_Opposition,3711,17,0.5,0.09999999999999998,5,Extremely meaningful,Somewhat Republican,Liberal,0.1999999999999999
Dual_AI_Balanced,3747,3,0.5,0.30000000000000004,3,Slightly meaningful,Independent,Extremely liberal,0
Dual_AI_Balanced,3747,11,0.09999999999999998,0.09999999999999998,3,Slightly meaningful,Independent,Extremely liberal,0.25
Dual_AI_Balanced,3747,16,0.9,0.9,3,Slightly meaningful,Independent,Extremely liberal,0.75
Dual_AI_Opposition,3753,1,0.8,0.6,1,Not meaningful at all,Strong Democrat,Liberal,0.65
Dual_AI_Opposition,3753,7,0.5,0.8,1,Not meaningful at all,Strong Democrat,Liberal,0.5
Dual_AI_Opposition,3753,13,0.9,0.9,1,Not meaningful at all,Strong Democrat,Liberal,0.8
Dual_AI_Opposition,3777,1,0.8,0.6,1,Not meaningful at all,Strong Republican,Extremely conservative,0.5
Dual_AI_Opposition,3777,8,0.9,1,1,Not meaningful at all,Strong Republican,Extremely conservative,1
Dual_AI_Opposition,3777,17,0.9,1,1,Not meaningful at all,Strong Republican,Extremely conservative,0.24999999999999994
Dual_AI_Balanced,3789,2,0.4,0.8,1,Not meaningful at all,Independent,Moderate,1
Dual_AI_Balanced,3789,8,0.8,0.6,1,Not meaningful at all,Independent,Moderate,1
Dual_AI_Balanced,3789,15,0.4,0.4,1,Not meaningful at all,Independent,Moderate,0.25
Dual_AI_Balanced,3837,5,1,1,3,Moderately meaningful,Independent,Moderate,0.85
Dual_AI_Balanced,3837,8,0.5,0.5,3,Moderately meaningful,Independent,Moderate,0.75
Dual_AI_Balanced,3837,17,0.5,0.5,3,Moderately meaningful,Independent,Moderate,0.35
Dual_AI_Opposition,3894,4,0.5,0.9,5,Very meaningful,Somewhat Republican,Conservative,1
Dual_AI_Opposition,3894,8,0.8,1,5,Very meaningful,Somewhat Republican,Conservative,1
Dual_AI_Opposition,3894,17,0.5,0.19999999999999996,5,Very meaningful,Somewhat Republican,Conservative,0.04999999999999995
Dual_AI_Opposition,3939,4,0.7,0.9,4,Extremely meaningful,Somewhat Republican,Slightly conservative,1
Dual_AI_Opposition,3939,7,0.5,0.30000000000000004,4,Extremely meaningful,Somewhat Republican,Slightly conservative,0.1499999999999999
Dual_AI_Opposition,3939,14,0.19999999999999996,0.8,4,Extremely meaningful,Somewhat Republican,Slightly conservative,0.8
Dual_AI_Opposition,3945,5,1,0.8,2,Slightly meaningful,Somewhat Republican,Extremely conservative,1
Dual_AI_Opposition,3945,12,0.7,1,2,Slightly meaningful,Somewhat Republican,Extremely conservative,0.75
Dual_AI_Opposition,3945,17,0.7,0.19999999999999996,2,Slightly meaningful,Somewhat Republican,Extremely conservative,0.5499999999999999
Dual_AI_Opposition,3963,1,1,0.6,4,Extremely meaningful,Strong Republican,Conservative,0.5
Dual_AI_Opposition,3963,10,0.30000000000000004,0.9,4,Extremely meaningful,Strong Republican,Conservative,1
Dual_AI_Opposition,3963,13,0.5,0.9,4,Extremely meaningful,Strong Republican,Conservative,0.8
Dual_AI_Opposition,3975,1,0.6,0.6,4,Extremely meaningful,Strong Republican,Conservative,0.6
Dual_AI_Opposition,3975,12,0,0.8,4,Extremely meaningful,Strong Republican,Conservative,0.75
Dual_AI_Opposition,3975,14,0.5,0.9,4,Extremely meaningful,Strong Republican,Conservative,0.8500000000000001
Dual_AI_Opposition,3984,5,0.8,0.8,3,Moderately meaningful,Strong Republican,Moderate,0.75
Dual_AI_Opposition,3984,11,0.09999999999999998,0.09999999999999998,3,Moderately meaningful,Strong Republican,Moderate,0
Dual_AI_Opposition,3984,18,1,0.7,3,Moderately meaningful,Strong Republican,Moderate,0.8
Dual_AI_Opposition,4014,6,0.7,1,2,Moderately meaningful,Somewhat Republican,Slightly conservative,1
Dual_AI_Opposition,4014,10,0.5,0.8,2,Moderately meaningful,Somewhat Republican,Slightly conservative,0.6
Dual_AI_Opposition,4014,15,0.5,0.5,2,Moderately meaningful,Somewhat Republican,Slightly conservative,0.75
Dual_AI_Balanced,4017,1,1,0.8,4,Very meaningful,Independent,Moderate,0.5
Dual_AI_Balanced,4017,10,0.09999999999999998,0.09999999999999998,4,Very meaningful,Independent,Moderate,1
Dual_AI_Balanced,4017,13,0.5,0.5,4,Very meaningful,Independent,Moderate,0.85
Dual_AI_Opposition,4032,4,0,0.7,5,Extremely meaningful,Strong Democrat,Liberal,0.9
Dual_AI_Opposition,4032,10,0.9,0,5,Extremely meaningful,Strong Democrat,Liberal,1
Dual_AI_Opposition,4032,15,0,0,5,Extremely meaningful,Strong Democrat,Liberal,0
Dual_AI_Balanced,4035,2,0.8,1,4,Extremely meaningful,Independent,Moderate,0.9
Dual_AI_Balanced,4035,7,0.30000000000000004,0.09999999999999998,4,Extremely meaningful,Independent,Moderate,0.29999999999999993
Dual_AI_Balanced,4035,14,0.5,0.5,4,Extremely meaningful,Independent,Moderate,0.8500000000000001
Dual_AI_Balanced,4071,5,1,1,4,Moderately meaningful,Independent,Slightly liberal,0.7
Dual_AI_Balanced,4071,8,0.5,0.5,4,Moderately meaningful,Independent,Slightly liberal,0.75
Dual_AI_Balanced,4071,18,1,1,4,Moderately meaningful,Independent,Slightly liberal,0.6
Dual_AI_Balanced,4098,6,0.5,0.5,1,Slightly meaningful,Independent,Moderate,1
Dual_AI_Balanced,4098,9,0.5,0.6,1,Slightly meaningful,Independent,Moderate,0.85
Dual_AI_Balanced,4098,17,0.5,0.5,1,Slightly meaningful,Independent,Moderate,0.4
Dual_AI_Balanced,4104,1,0.5,0.6,3,Moderately meaningful,Independent,Conservative,0.5
Dual_AI_Balanced,4104,8,0.5,0.5,3,Moderately meaningful,Independent,Conservative,1
Dual_AI_Balanced,4104,14,0.5,0.8,3,Moderately meaningful,Independent,Conservative,0.9
Dual_AI_Balanced,4155,1,1,0.8,2,Slightly meaningful,Independent,Extremely conservative,0.75
Dual_AI_Balanced,4155,12,0.5,0.5,2,Slightly meaningful,Independent,Extremely conservative,0.7
Dual_AI_Balanced,4155,17,0.7,0.9,2,Slightly meaningful,Independent,Extremely conservative,0.35
Dual_AI_Balanced,4173,3,0.30000000000000004,0.19999999999999996,4,Very meaningful,Independent,Moderate,0.45
Dual_AI_Balanced,4173,10,0,0,4,Very meaningful,Independent,Moderate,1
Dual_AI_Balanced,4173,16,0.5,1,4,Very meaningful,Independent,Moderate,0.5
Dual_AI_Opposition,4179,6,0.30000000000000004,1,5,Very meaningful,Somewhat Democrat,Liberal,1
Dual_AI_Opposition,4179,8,1,0.5,5,Very meaningful,Somewhat Democrat,Liberal,0.5
Dual_AI_Opposition,4179,18,0.8,0.5,5,Very meaningful,Somewhat Democrat,Liberal,0.5
Dual_AI_Balanced,4194,6,0.19999999999999996,1,5,Extremely meaningful,Independent,Slightly liberal,1
Dual_AI_Balanced,4194,12,0.7,1,5,Extremely meaningful,Independent,Slightly liberal,0.4
Dual_AI_Balanced,4194,16,0.30000000000000004,1,5,Extremely meaningful,Independent,Slightly liberal,0.6
Dual_AI_Balanced,4200,6,0.19999999999999996,0.8,3,Very meaningful,Independent,Moderate,0.75
Dual_AI_Balanced,4200,9,0.8,0.9,3,Very meaningful,Independent,Moderate,1
Dual_AI_Balanced,4200,13,0.8,0.9,3,Very meaningful,Independent,Moderate,0.55
Dual_AI_Balanced,4230,4,0.5,0.5,1,Not meaningful at all,Independent,Extremely liberal,1
Dual_AI_Balanced,4230,12,0.7,0.7,1,Not meaningful at all,Independent,Extremely liberal,0.75
Dual_AI_Balanced,4230,16,0.8,0.8,1,Not meaningful at all,Independent,Extremely liberal,0.5
Dual_AI_Balanced,4257,5,0.5,0.5,5,Extremely meaningful,Independent,Moderate,0.75
Dual_AI_Balanced,4257,12,0.8,1,5,Extremely meaningful,Independent,Moderate,1
Dual_AI_Balanced,4257,14,0.19999999999999996,0.5,5,Extremely meaningful,Independent,Moderate,0.8500000000000001
Dual_AI_Opposition,4293,1,0.8,0.7,3,Slightly meaningful,Strong Republican,Conservative,0.75
Dual_AI_Opposition,4293,12,0.19999999999999996,0.5,3,Slightly meaningful,Strong Republican,Conservative,0.9
Dual_AI_Opposition,4293,17,0.9,0.9,3,Slightly meaningful,Strong Republican,Conservative,0.35
Dual_AI_Opposition,4296,4,0.7,1,4,Very meaningful,Strong Republican,Extremely conservative,1
Dual_AI_Opposition,4296,8,0.7,0.7,4,Very meaningful,Strong Republican,Extremely conservative,1
Dual_AI_Opposition,4296,15,1,0.7,4,Very meaningful,Strong Republican,Extremely conservative,0.4
Dual_AI_Opposition,4299,6,0.6,1,5,Moderately meaningful,Strong Democrat,Extremely liberal,1
Dual_AI_Opposition,4299,12,0.8,0.09999999999999998,5,Moderately meaningful,Strong Democrat,Extremely liberal,0.6
Dual_AI_Opposition,4299,14,0.5,1,5,Moderately meaningful,Strong Democrat,Extremely liberal,0.95
Dual_AI_Balanced,4314,2,0.5,0.9,3,Moderately meaningful,Independent,Moderate,1
Dual_AI_Balanced,4314,9,0.9,0.9,3,Moderately meaningful,Independent,Moderate,1
Dual_AI_Balanced,4314,16,0.09999999999999998,0.9,3,Moderately meaningful,Independent,Moderate,0.85
Dual_AI_Balanced,4341,1,1,0.8,3,Moderately meaningful,Independent,Liberal,0.75
Dual_AI_Balanced,4341,8,0.5,0.5,3,Moderately meaningful,Independent,Liberal,1
Dual_AI_Balanced,4341,16,0.5,0.8,3,Moderately meaningful,Independent,Liberal,0.5
Dual_AI_Opposition,4359,1,1,0.7,2,Slightly meaningful,Strong Democrat,Liberal,0.5
Dual_AI_Opposition,4359,10,1,1,2,Slightly meaningful,Strong Democrat,Liberal,0.09999999999999995
Dual_AI_Opposition,4359,15,0.5,0.5,2,Slightly meaningful,Strong Democrat,Liberal,0.09999999999999995
Dual_AI_Opposition,4395,1,0.8,0.5,3,Moderately meaningful,Somewhat Republican,Slightly conservative,0.5
Dual_AI_Opposition,4395,7,1,1,3,Moderately meaningful,Somewhat Republican,Slightly conservative,0.09999999999999995
Dual_AI_Opposition,4395,13,1,1,3,Moderately meaningful,Somewhat Republican,Slightly conservative,0.65
Dual_AI_Opposition,4407,1,0.6,0.5,3,Moderately meaningful,Somewhat Republican,Conservative,0.5
Dual_AI_Opposition,4407,10,0.19999999999999996,0,3,Moderately meaningful,Somewhat Republican,Conservative,1
Dual_AI_Opposition,4407,15,0,1,3,Moderately meaningful,Somewhat Republican,Conservative,0.6
Dual_AI_Balanced,4425,3,0.30000000000000004,0.8,4,Very meaningful,Independent,Slightly conservative,0.85
Dual_AI_Balanced,4425,9,0.30000000000000004,0.8,4,Very meaningful,Independent,Slightly conservative,0.9
Dual_AI_Balanced,4425,13,0.6,1,4,Very meaningful,Independent,Slightly conservative,0.9
Dual_AI_Opposition,4431,2,0.19999999999999996,0.09999999999999998,1,Not meaningful at all,Somewhat Democrat,Slightly liberal,1
Dual_AI_Opposition,4431,11,0,0,1,Not meaningful at all,Somewhat Democrat,Slightly liberal,0.5
Dual_AI_Opposition,4431,14,0.19999999999999996,0.19999999999999996,1,Not meaningful at all,Somewhat Democrat,Slightly liberal,0.8
Dual_AI_Balanced,4446,3,0.5,0.5,1,Not meaningful at all,Independent,Slightly liberal,0.04999999999999995
Dual_AI_Balanced,4446,7,0.5,0.5,1,Not meaningful at all,Independent,Slightly liberal,0.09999999999999995
Dual_AI_Balanced,4446,16,0.5,0.5,1,Not meaningful at all,Independent,Slightly liberal,0.85
Dual_AI_Opposition,4458,4,0.5,0.5,1,Not meaningful at all,Strong Democrat,Liberal,1
Dual_AI_Opposition,4458,10,0.30000000000000004,0.09999999999999998,1,Not meaningful at all,Strong Democrat,Liberal,1
Dual_AI_Opposition,4458,17,0,0,1,Not meaningful at all,Strong Democrat,Liberal,0.75
Dual_AI_Balanced,4470,2,0.7,0.8,4,Moderately meaningful,Independent,Slightly liberal,1
Dual_AI_Balanced,4470,10,0.9,0,4,Moderately meaningful,Independent,Slightly liberal,0.5
Dual_AI_Balanced,4470,16,0.5,0.9,4,Moderately meaningful,Independent,Slightly liberal,0.65
Dual_AI_Balanced,4500,6,0.30000000000000004,0.5,2,Slightly meaningful,Independent,Slightly conservative,1
Dual_AI_Balanced,4500,8,0.5,0.19999999999999996,2,Slightly meaningful,Independent,Slightly conservative,1
Dual_AI_Balanced,4500,15,0.09999999999999998,0.19999999999999996,2,Slightly meaningful,Independent,Slightly conservative,0.24999999999999994
Dual_AI_Opposition,4533,3,0.5,0.30000000000000004,1,Moderately meaningful,Strong Democrat,Liberal,0.45
Dual_AI_Opposition,4533,11,0.30000000000000004,0.30000000000000004,1,Moderately meaningful,Strong Democrat,Liberal,0.8
Dual_AI_Opposition,4533,13,0.6,0.7,1,Moderately meaningful,Strong Democrat,Liberal,0.8500000000000001
Dual_AI_Opposition,4545,1,1,1,1,Not meaningful at all,Strong Democrat,Extremely liberal,0.85
Dual_AI_Opposition,4545,7,0.30000000000000004,0.19999999999999996,1,Not meaningful at all,Strong Democrat,Extremely liberal,0.5
Dual_AI_Opposition,4545,15,0.5,0.30000000000000004,1,Not meaningful at all,Strong Democrat,Extremely liberal,0.35
Dual_AI_Balanced,4554,2,0.9,0.9,3,Moderately meaningful,Independent,Moderate,0.8
Dual_AI_Balanced,4554,11,1,1,3,Moderately meaningful,Independent,Moderate,0.09999999999999995
Dual_AI_Balanced,4554,16,0,0,3,Moderately meaningful,Independent,Moderate,0.5
Dual_AI_Opposition,4578,4,0.7,0.9,3,Very meaningful,Strong Republican,Conservative,1
Dual_AI_Opposition,4578,11,1,0.09999999999999998,3,Very meaningful,Strong Republican,Conservative,0
Dual_AI_Opposition,4578,17,0.09999999999999998,0.09999999999999998,3,Very meaningful,Strong Republican,Conservative,0.1499999999999999
Dual_AI_Opposition,4587,5,0.6,1,4,Extremely meaningful,Strong Democrat,Liberal,0.7
Dual_AI_Opposition,4587,10,1,0,4,Extremely meaningful,Strong Democrat,Liberal,1
Dual_AI_Opposition,4587,18,1,0.5,4,Extremely meaningful,Strong Democrat,Liberal,0.5
Dual_AI_Balanced,4629,2,0.19999999999999996,0.8,4,Moderately meaningful,Independent,Moderate,1
Dual_AI_Balanced,4629,10,0.8,0.9,4,Moderately meaningful,Independent,Moderate,0.5
Dual_AI_Balanced,4629,16,0.5,0.9,4,Moderately meaningful,Independent,Moderate,0.6
Dual_AI_Opposition,4662,3,0.09999999999999998,0,3,Very meaningful,Strong Republican,Conservative,0
Dual_AI_Opposition,4662,7,0.8,0.30000000000000004,3,Very meaningful,Strong Republican,Conservative,0
Dual_AI_Opposition,4662,15,1,1,3,Very meaningful,Strong Republican,Conservative,0.4
Dual_AI_Balanced,4665,4,0.30000000000000004,1,4,Very meaningful,Independent,Moderate,1
Dual_AI_Balanced,4665,7,0.7,0,4,Very meaningful,Independent,Moderate,0.04999999999999995
Dual_AI_Balanced,4665,13,1,1,4,Very meaningful,Independent,Moderate,0.9
Dual_AI_Opposition,4671,4,0.5,0.9,2,Moderately meaningful,Somewhat Democrat,Liberal,1
Dual_AI_Opposition,4671,7,0.5,0.19999999999999996,2,Moderately meaningful,Somewhat Democrat,Liberal,0.5
Dual_AI_Opposition,4671,15,0.4,0.30000000000000004,2,Moderately meaningful,Somewhat Democrat,Liberal,0.04999999999999995
Dual_AI_Balanced,4737,5,1,0.7,4,Moderately meaningful,Independent,Slightly liberal,0.85
Dual_AI_Balanced,4737,10,0.8,1,4,Moderately meaningful,Independent,Slightly liberal,0.5499999999999999
Dual_AI_Balanced,4737,18,1,0.7,4,Moderately meaningful,Independent,Slightly liberal,0.65
Dual_AI_Opposition,4740,1,0.7,0.6,3,Very meaningful,Strong Democrat,Extremely liberal,0.6
Dual_AI_Opposition,4740,8,0.30000000000000004,0.9,3,Very meaningful,Strong Democrat,Extremely liberal,0.75
Dual_AI_Opposition,4740,14,0.30000000000000004,0.9,3,Very meaningful,Strong Democrat,Extremely liberal,0.8500000000000001
Dual_AI_Opposition,4746,3,0.19999999999999996,0.09999999999999998,4,Very meaningful,Strong Republican,Extremely conservative,0.04999999999999995
Dual_AI_Opposition,4746,12,0.7,0.9,4,Very meaningful,Strong Republican,Extremely conservative,0.7
Dual_AI_Opposition,4746,18,1,0.5,4,Very meaningful,Strong Republican,Extremely conservative,0.5
Dual_AI_Opposition,4749,2,0.5,0.8,4,Moderately meaningful,Strong Democrat,Liberal,0.9
Dual_AI_Opposition,4749,10,0.09999999999999998,0,4,Moderately meaningful,Strong Democrat,Liberal,0.1999999999999999
Dual_AI_Opposition,4749,16,0.5,0.9,4,Moderately meaningful,Strong Democrat,Liberal,0.6
Dual_AI_Balanced,4764,3,0.30000000000000004,0.09999999999999998,4,Moderately meaningful,Independent,Liberal,0
Dual_AI_Balanced,4764,7,0.5,0.19999999999999996,4,Moderately meaningful,Independent,Liberal,0.09999999999999995
Dual_AI_Balanced,4764,16,0.30000000000000004,0.9,4,Moderately meaningful,Independent,Liberal,0.75
Dual_AI_Balanced,4773,2,0.19999999999999996,0.9,4,Very meaningful,Independent,Slightly conservative,1
Dual_AI_Balanced,4773,10,1,0,4,Very meaningful,Independent,Slightly conservative,0.75
Dual_AI_Balanced,4773,16,0.19999999999999996,1,4,Very meaningful,Independent,Slightly conservative,0.9
Dual_AI_Opposition,4812,6,0.8,0.9,4,Very meaningful,Strong Democrat,Extremely liberal,0.75
Dual_AI_Opposition,4812,7,0.9,1,4,Very meaningful,Strong Democrat,Extremely liberal,0.5
Dual_AI_Opposition,4812,14,0.7,0.9,4,Very meaningful,Strong Democrat,Extremely liberal,0.9
Dual_AI_Opposition,4821,6,0,0.6,4,Slightly meaningful,Strong Democrat,Extremely liberal,1
Dual_AI_Opposition,4821,8,0.7,0.9,4,Slightly meaningful,Strong Democrat,Extremely liberal,1
Dual_AI_Opposition,4821,14,0.8,0.9,4,Slightly meaningful,Strong Democrat,Extremely liberal,0.8
Dual_AI_Balanced,4833,2,0.09999999999999998,0.8,3,Extremely meaningful,Independent,Slightly liberal,0.95
Dual_AI_Balanced,4833,7,0.30000000000000004,0.09999999999999998,3,Extremely meaningful,Independent,Slightly liberal,0.29999999999999993
Dual_AI_Balanced,4833,17,0.4,0.9,3,Extremely meaningful,Independent,Slightly liberal,0.7
Dual_AI_Balanced,4845,1,0.7,0.7,4,Very meaningful,Independent,Slightly conservative,0.75
Dual_AI_Balanced,4845,7,0.8,0.19999999999999996,4,Very meaningful,Independent,Slightly conservative,0.09999999999999995
Dual_AI_Balanced,4845,13,0.5,0.8,4,Very meaningful,Independent,Slightly conservative,0.8
Dual_AI_Balanced,4848,2,0.7,0.8,4,Extremely meaningful,Independent,Moderate,0.7
Dual_AI_Balanced,4848,12,0.30000000000000004,0.8,4,Extremely meaningful,Independent,Moderate,0.75
Dual_AI_Balanced,4848,18,0.9,0.8,4,Extremely meaningful,Independent,Moderate,0.5
Dual_AI_Balanced,4851,5,1,0.6,4,Very meaningful,Independent,Slightly conservative,0.85
Dual_AI_Balanced,4851,10,0.09999999999999998,0,4,Very meaningful,Independent,Slightly conservative,1
Dual_AI_Balanced,4851,18,1,0.8,4,Very meaningful,Independent,Slightly conservative,0.8
Dual_AI_Opposition,4860,2,0.8,1,3,Very meaningful,Strong Republican,Extremely conservative,0.95
Dual_AI_Opposition,4860,10,1,1,3,Very meaningful,Strong Republican,Extremely conservative,1
Dual_AI_Opposition,4860,16,0.5,0.9,3,Very meaningful,Strong Republican,Extremely conservative,0.6
Dual_AI_Balanced,4863,5,1,0.5,4,Very meaningful,Independent,Extremely conservative,0.7
Dual_AI_Balanced,4863,7,0.8,0.09999999999999998,4,Very meaningful,Independent,Extremely conservative,0.29999999999999993
Dual_AI_Balanced,4863,17,0.9,1,4,Very meaningful,Independent,Extremely conservative,0.35
Dual_AI_Opposition,4920,4,0.5,0.7,4,Moderately meaningful,Strong Democrat,Slightly liberal,0.75
Dual_AI_Opposition,4920,10,0.30000000000000004,0,4,Moderately meaningful,Strong Democrat,Slightly liberal,0.6
Dual_AI_Opposition,4920,13,0.5,1,4,Moderately meaningful,Strong Democrat,Slightly liberal,0.8
Dual_AI_Opposition,4932,1,0.8,0.5,4,Slightly meaningful,Strong Democrat,Liberal,0.5
Dual_AI_Opposition,4932,11,0.7,0.9,4,Slightly meaningful,Strong Democrat,Liberal,0.4
Dual_AI_Opposition,4932,16,0.19999999999999996,0.9,4,Slightly meaningful,Strong Democrat,Liberal,0.85
Dual_AI_Balanced,4935,4,0.7,0.9,2,Moderately meaningful,Independent,Liberal,1
Dual_AI_Balanced,4935,12,0.19999999999999996,0.7,2,Moderately meaningful,Independent,Liberal,0.85
Dual_AI_Balanced,4935,17,0.09999999999999998,0.09999999999999998,2,Moderately meaningful,Independent,Liberal,0.4
Dual_AI_Balanced,4956,6,0.30000000000000004,0.8,3,Slightly meaningful,Independent,Slightly liberal,0.85
Dual_AI_Balanced,4956,9,0.8,0.9,3,Slightly meaningful,Independent,Slightly liberal,1
Dual_AI_Balanced,4956,16,0.30000000000000004,1,3,Slightly meaningful,Independent,Slightly liberal,0.9
Dual_AI_Balanced,4962,3,0.6,0.9,3,Moderately meaningful,Independent,Moderate,0.45
Dual_AI_Balanced,4962,9,1,1,3,Moderately meaningful,Independent,Moderate,0.9
Dual_AI_Balanced,4962,16,0,1,3,Moderately meaningful,Independent,Moderate,0.75
Dual_AI_Balanced,4977,6,0.30000000000000004,0.8,4,Very meaningful,Independent,Slightly conservative,1
Dual_AI_Balanced,4977,7,0.8,0.09999999999999998,4,Very meaningful,Independent,Slightly conservative,0
Dual_AI_Balanced,4977,14,0.19999999999999996,0.8,4,Very meaningful,Independent,Slightly conservative,0.9
Dual_AI_Opposition,4989,6,0.5,1,3,Moderately meaningful,Somewhat Democrat,Liberal,1
Dual_AI_Opposition,4989,7,0.30000000000000004,0.09999999999999998,3,Moderately meaningful,Somewhat Democrat,Liberal,0.5
Dual_AI_Opposition,4989,13,0.9,1,3,Moderately meaningful,Somewhat Democrat,Liberal,0.8
Dual_AI_Balanced,4992,4,0.5,0.7,2,Moderately meaningful,Independent,Moderate,0.75
Dual_AI_Balanced,4992,11,0.5,0.5,2,Moderately meaningful,Independent,Moderate,0.25
Dual_AI_Balanced,4992,13,0.5,0.8,2,Moderately meaningful,Independent,Moderate,0.55
Dual_AI_Balanced,5001,4,0.30000000000000004,0.8,4,Very meaningful,Independent,Slightly liberal,1
Dual_AI_Balanced,5001,8,0.7,0.8,4,Very meaningful,Independent,Slightly liberal,0.9
Dual_AI_Balanced,5001,17,0.19999999999999996,0.19999999999999996,4,Very meaningful,Independent,Slightly liberal,0.65
Dual_AI_Balanced,5019,3,0.7,0.19999999999999996,4,Very meaningful,Independent,Moderate,0
Dual_AI_Balanced,5019,8,0.7,0.9,4,Very meaningful,Independent,Moderate,1
Dual_AI_Balanced,5019,16,0.5,1,4,Very meaningful,Independent,Moderate,0.75
Dual_AI_Balanced,5022,5,0.6,1,3,Moderately meaningful,Independent,Liberal,0.85
Dual_AI_Balanced,5022,7,0.5,0.09999999999999998,3,Moderately meaningful,Independent,Liberal,0.04999999999999995
Dual_AI_Balanced,5022,16,0.7,0.9,3,Moderately meaningful,Independent,Liberal,1
Dual_AI_Opposition,5043,2,0.8,0.9,2,Moderately meaningful,Somewhat Republican,Conservative,1
Dual_AI_Opposition,5043,10,0.09999999999999998,0,2,Moderately meaningful,Somewhat Republican,Conservative,1
Dual_AI_Opposition,5043,18,0.7,1,2,Moderately meaningful,Somewhat Republican,Conservative,0.65
Dual_AI_Balanced,5082,4,0.19999999999999996,0.5,3,Moderately meaningful,Independent,Liberal,1
Dual_AI_Balanced,5082,10,0.19999999999999996,0.09999999999999998,3,Moderately meaningful,Independent,Liberal,0.6
Dual_AI_Balanced,5082,18,0.7,0.8,3,Moderately meaningful,Independent,Liberal,0.5
Dual_AI_Balanced,5085,4,0.30000000000000004,0.9,4,Very meaningful,Independent,Moderate,1
Dual_AI_Balanced,5085,10,0,0,4,Very meaningful,Independent,Moderate,1
Dual_AI_Balanced,5085,17,0.5,0.5,4,Very meaningful,Independent,Moderate,0.25
Dual_AI_Opposition,5100,4,0.5,0.8,1,Not meaningful at all,Somewhat Republican,Slightly conservative,1
Dual_AI_Opposition,5100,7,0.5,0.7,1,Not meaningful at all,Somewhat Republican,Slightly conservative,0.1999999999999999
Dual_AI_Opposition,5100,17,0.5,0.5,1,Not meaningful at all,Somewhat Republican,Slightly conservative,0.1999999999999999
Dual_AI_Opposition,5124,4,0.30000000000000004,0.9,5,Extremely meaningful,Somewhat Republican,Conservative,1
Dual_AI_Opposition,5124,7,0.9,0.9,5,Extremely meaningful,Somewhat Republican,Conservative,0.44999999999999996
Dual_AI_Opposition,5124,13,0.5,0.9,5,Extremely meaningful,Somewhat Republican,Conservative,0.65
Dual_AI_Balanced,5130,6,0.30000000000000004,0.8,4,Moderately meaningful,Independent,Conservative,1
Dual_AI_Balanced,5130,9,0.9,1,4,Moderately meaningful,Independent,Conservative,1
Dual_AI_Balanced,5130,14,0.5,0.7,4,Moderately meaningful,Independent,Conservative,0.95
Dual_AI_Opposition,5157,5,0.8,1,1,Slightly meaningful,Strong Democrat,Extremely liberal,0.6499999999999999
Dual_AI_Opposition,5157,11,0,0,1,Slightly meaningful,Strong Democrat,Extremely liberal,0.6
Dual_AI_Opposition,5157,14,0.6,0.5,1,Slightly meaningful,Strong Democrat,Extremely liberal,0.8
Dual_AI_Balanced,5184,6,0.30000000000000004,0.7,2,Slightly meaningful,Independent,Slightly liberal,1
Dual_AI_Balanced,5184,7,0.30000000000000004,0,2,Slightly meaningful,Independent,Slightly liberal,0.09999999999999995
Dual_AI_Balanced,5184,14,0.5,0.4,2,Slightly meaningful,Independent,Slightly liberal,1
Dual_AI_Opposition,5208,5,0.6,0.5,1,Not meaningful at all,Strong Democrat,Extremely liberal,0.7
Dual_AI_Opposition,5208,9,1,1,1,Not meaningful at all,Strong Democrat,Extremely liberal,1
Dual_AI_Opposition,5208,16,0.8,1,1,Not meaningful at all,Strong Democrat,Extremely liberal,1
Dual_AI_Opposition,5247,3,0.30000000000000004,0.19999999999999996,2,Slightly meaningful,Strong Democrat,Extremely liberal,0.45
Dual_AI_Opposition,5247,11,0.09999999999999998,0.19999999999999996,2,Slightly meaningful,Strong Democrat,Extremely liberal,0.4
Dual_AI_Opposition,5247,13,0.7,0.7,2,Slightly meaningful,Strong Democrat,Extremely liberal,0.8
Dual_AI_Balanced,5262,2,0.5,0.8,3,Moderately meaningful,Independent,Moderate,1
Dual_AI_Balanced,5262,12,0.30000000000000004,0.8,3,Moderately meaningful,Independent,Moderate,0.7
Dual_AI_Balanced,5262,14,0.5,0.5,3,Moderately meaningful,Independent,Moderate,0.95
Dual_AI_Balanced,5274,4,0.5,1,2,Slightly meaningful,Independent,Extremely conservative,1
Dual_AI_Balanced,5274,8,0.5,1,2,Slightly meaningful,Independent,Extremely conservative,1
Dual_AI_Balanced,5274,16,0,1,2,Slightly meaningful,Independent,Extremely conservative,0.9
Dual_AI_Opposition,5325,1,1,0.5,5,Very meaningful,Strong Republican,Conservative,0.5
Dual_AI_Opposition,5325,7,0.19999999999999996,0.09999999999999998,5,Very meaningful,Strong Republican,Conservative,0.09999999999999995
Dual_AI_Opposition,5325,18,0.8,0.6,5,Very meaningful,Strong Republican,Conservative,0.5
Dual_AI_Opposition,5346,2,0.8,0.9,4,Very meaningful,Strong Democrat,Liberal,0.95
Dual_AI_Opposition,5346,12,0.6,0.9,4,Very meaningful,Strong Democrat,Liberal,0.9
Dual_AI_Opposition,5346,13,1,1,4,Very meaningful,Strong Democrat,Liberal,0.9
Dual_AI_Balanced,5352,3,0.19999999999999996,0.09999999999999998,4,Very meaningful,Independent,Moderate,0.45
Dual_AI_Balanced,5352,8,0.8,0.9,4,Very meaningful,Independent,Moderate,0.75
Dual_AI_Balanced,5352,17,0.19999999999999996,0.09999999999999998,4,Very meaningful,Independent,Moderate,0.35
Dual_AI_Balanced,5361,6,0.30000000000000004,0.9,4,Very meaningful,Independent,Slightly liberal,1
Dual_AI_Balanced,5361,8,0.8,0.9,4,Very meaningful,Independent,Slightly liberal,0.85
Dual_AI_Balanced,5361,14,0.7,0.9,4,Very meaningful,Independent,Slightly liberal,0.8500000000000001
Dual_AI_Balanced,5403,3,0.30000000000000004,0.09999999999999998,3,Slightly meaningful,Independent,Liberal,0
Dual_AI_Balanced,5403,9,1,1,3,Slightly meaningful,Independent,Liberal,0.85
Dual_AI_Balanced,5403,14,0.5,0.7,3,Slightly meaningful,Independent,Liberal,0.9
Dual_AI_Opposition,5415,5,0.6,0.6,1,Not meaningful at all,Strong Democrat,Extremely liberal,0.7
Dual_AI_Opposition,5415,9,0.9,0.9,1,Not meaningful at all,Strong Democrat,Extremely liberal,1
Dual_AI_Opposition,5415,17,0.09999999999999998,0.19999999999999996,1,Not meaningful at all,Strong Democrat,Extremely liberal,0.55
Dual_AI_Opposition,5421,4,0.7,1,5,Extremely meaningful,Strong Republican,Extremely conservative,1
Dual_AI_Opposition,5421,9,0,0.09999999999999998,5,Extremely meaningful,Strong Republican,Extremely conservative,1
Dual_AI_Opposition,5421,18,0.7,0.5,5,Extremely meaningful,Strong Republican,Extremely conservative,0.5
Dual_AI_Balanced,5439,6,0.9,1,2,Slightly meaningful,Independent,Moderate,0.85
Dual_AI_Balanced,5439,11,0.8,1,2,Slightly meaningful,Independent,Moderate,0.25
Dual_AI_Balanced,5439,15,1,1,2,Slightly meaningful,Independent,Moderate,0.25
Dual_AI_Opposition,5463,2,0.5,0.5,1,Slightly meaningful,Strong Democrat,Liberal,0.9
Dual_AI_Opposition,5463,8,0.7,0.7,1,Slightly meaningful,Strong Democrat,Liberal,1
Dual_AI_Opposition,5463,15,0.5,0.5,1,Slightly meaningful,Strong Democrat,Liberal,0.24999999999999994
Dual_AI_Balanced,5472,2,1,1,1,Slightly meaningful,Independent,Slightly conservative,0.9
Dual_AI_Balanced,5472,10,1,1,1,Slightly meaningful,Independent,Slightly conservative,0.6
Dual_AI_Balanced,5472,16,0.9,1,1,Slightly meaningful,Independent,Slightly conservative,0.6
Dual_AI_Balanced,5478,2,0.09999999999999998,0.09999999999999998,5,Slightly meaningful,Independent,Moderate,0.95
Dual_AI_Balanced,5478,8,0.9,1,5,Slightly meaningful,Independent,Moderate,0.75
Dual_AI_Balanced,5478,14,0.09999999999999998,0.09999999999999998,5,Slightly meaningful,Independent,Moderate,0.8500000000000001
Dual_AI_Opposition,5481,3,0.19999999999999996,0,5,Extremely meaningful,Somewhat Democrat,Slightly liberal,0
Dual_AI_Opposition,5481,12,0,1,5,Extremely meaningful,Somewhat Democrat,Slightly liberal,0.7
Dual_AI_Opposition,5481,14,0.5,1,5,Extremely meaningful,Somewhat Democrat,Slightly liberal,0.9
Dual_AI_Balanced,5499,3,0.30000000000000004,0,4,Very meaningful,Independent,Moderate,0.5499999999999999
Dual_AI_Balanced,5499,7,0.5,0.30000000000000004,4,Very meaningful,Independent,Moderate,0.35
Dual_AI_Balanced,5499,16,0.30000000000000004,0.9,4,Very meaningful,Independent,Moderate,0.6
Dual_AI_Opposition,5502,2,0.6,0.9,2,Slightly meaningful,Somewhat Republican,Extremely conservative,0.95
Dual_AI_Opposition,5502,7,0.8,0.8,2,Slightly meaningful,Somewhat Republican,Extremely conservative,0.49999999999999994
Dual_AI_Opposition,5502,17,0.7,0.7,2,Slightly meaningful,Somewhat Republican,Extremely conservative,0.1499999999999999
Dual_AI_Balanced,5508,6,0.09999999999999998,0.8,3,Moderately meaningful,Independent,Extremely conservative,1
Dual_AI_Balanced,5508,11,1,1,3,Moderately meaningful,Independent,Extremely conservative,0.25
Dual_AI_Balanced,5508,17,0.19999999999999996,0.19999999999999996,3,Moderately meaningful,Independent,Extremely conservative,0.35
Dual_AI_Balanced,5535,3,0.30000000000000004,0.09999999999999998,4,Very meaningful,Independent,Slightly liberal,0
Dual_AI_Balanced,5535,10,0.09999999999999998,0.5,4,Very meaningful,Independent,Slightly liberal,0.95
Dual_AI_Balanced,5535,13,0.4,0.8,4,Very meaningful,Independent,Slightly liberal,0.8
Dual_AI_Balanced,5565,3,0.09999999999999998,0.09999999999999998,1,Not meaningful at all,Independent,Extremely conservative,0.45
Dual_AI_Balanced,5565,9,1,1,1,Not meaningful at all,Independent,Extremely conservative,1
Dual_AI_Balanced,5565,13,1,1,1,Not meaningful at all,Independent,Extremely conservative,0.8500000000000001
Dual_AI_Opposition,5568,4,0.09999999999999998,0.09999999999999998,3,Moderately meaningful,Strong Republican,Conservative,1
Dual_AI_Opposition,5568,8,0.7,1,3,Moderately meaningful,Strong Republican,Conservative,1
Dual_AI_Opposition,5568,14,0.8,1,3,Moderately meaningful,Strong Republican,Conservative,0.8
Dual_AI_Opposition,5571,2,0.6,0.6,4,Slightly meaningful,Strong Republican,Conservative,0.9
Dual_AI_Opposition,5571,9,1,1,4,Slightly meaningful,Strong Republican,Conservative,0.9
Dual_AI_Opposition,5571,16,0.4,1,4,Slightly meaningful,Strong Republican,Conservative,1
Dual_AI_Opposition,5589,5,1,0.8,2,Moderately meaningful,Somewhat Democrat,Liberal,0.75
Dual_AI_Opposition,5589,9,0.9,1,2,Moderately meaningful,Somewhat Democrat,Liberal,1
Dual_AI_Opposition,5589,17,0.5,0.30000000000000004,2,Moderately meaningful,Somewhat Democrat,Liberal,0.5
Dual_AI_Opposition,5601,6,0.19999999999999996,0.5,4,Moderately meaningful,Strong Democrat,Extremely liberal,1
Dual_AI_Opposition,5601,8,0.5,0.8,4,Moderately meaningful,Strong Democrat,Extremely liberal,0.75
Dual_AI_Opposition,5601,13,0.9,0.9,4,Moderately meaningful,Strong Democrat,Extremely liberal,0.9
Dual_AI_Opposition,5652,1,1,0.8,3,Very meaningful,Strong Democrat,Liberal,0.65
Dual_AI_Opposition,5652,12,0.7,0.8,3,Very meaningful,Strong Democrat,Liberal,0.9
Dual_AI_Opposition,5652,16,0.7,0.9,3,Very meaningful,Strong Democrat,Liberal,0.5
Dual_AI_Balanced,5667,2,0.5,0.5,2,Slightly meaningful,Independent,Liberal,0.95
Dual_AI_Balanced,5667,7,0.5,0.5,2,Slightly meaningful,Independent,Liberal,0.65
Dual_AI_Balanced,5667,13,0.8,0.8,2,Slightly meaningful,Independent,Liberal,0.8
Dual_AI_Balanced,5682,3,0.7,0.09999999999999998,4,Slightly meaningful,Independent,Moderate,0.45
Dual_AI_Balanced,5682,8,0.5,0.9,4,Slightly meaningful,Independent,Moderate,0.75
Dual_AI_Balanced,5682,17,0.09999999999999998,0.19999999999999996,4,Slightly meaningful,Independent,Moderate,0.5
Dual_AI_Balanced,5700,6,0.30000000000000004,0.8,4,Very meaningful,Independent,Liberal,1
Dual_AI_Balanced,5700,9,0.9,1,4,Very meaningful,Independent,Liberal,0.9
Dual_AI_Balanced,5700,18,1,0.8,4,Very meaningful,Independent,Liberal,0.65
Dual_AI_Balanced,5712,6,0,0,1,Moderately meaningful,Independent,Slightly conservative,1
Dual_AI_Balanced,5712,12,0.7,0.7,1,Moderately meaningful,Independent,Slightly conservative,0.9
Dual_AI_Balanced,5712,18,0.5,0.5,1,Moderately meaningful,Independent,Slightly conservative,0.6
Dual_AI_Balanced,5721,2,0.19999999999999996,1,5,Extremely meaningful,Independent,Moderate,0.8
Dual_AI_Balanced,5721,11,0.8,0.8,5,Extremely meaningful,Independent,Moderate,0.35
Dual_AI_Balanced,5721,18,0.7,0.5,5,Extremely meaningful,Independent,Moderate,0.5
Dual_AI_Balanced,5739,4,0.5,0.5,1,Not meaningful at all,Independent,Moderate,1
Dual_AI_Balanced,5739,7,0.5,0.5,1,Not meaningful at all,Independent,Moderate,0.29999999999999993
Dual_AI_Balanced,5739,17,0.5,0.5,1,Not meaningful at all,Independent,Moderate,0.6
Dual_AI_Balanced,5757,4,0.5,0.9,2,Slightly meaningful,Independent,Moderate,1
Dual_AI_Balanced,5757,12,0.5,0.8,2,Slightly meaningful,Independent,Moderate,0.9
Dual_AI_Balanced,5757,13,1,1,2,Slightly meaningful,Independent,Moderate,0.95
Dual_AI_Balanced,5760,2,0.09999999999999998,0.5,3,Slightly meaningful,Independent,Moderate,1
Dual_AI_Balanced,5760,9,1,1,3,Slightly meaningful,Independent,Moderate,1
Dual_AI_Balanced,5760,16,0.19999999999999996,0.9,3,Slightly meaningful,Independent,Moderate,0.85
Dual_AI_Balanced,5790,1,0.8,0.8,5,Extremely meaningful,Independent,Moderate,0.9
Dual_AI_Balanced,5790,10,0.09999999999999998,0,5,Extremely meaningful,Independent,Moderate,1
Dual_AI_Balanced,5790,13,0.9,1,5,Extremely meaningful,Independent,Moderate,0.8500000000000001
Dual_AI_Balanced,5796,1,0.7,0.7,3,Moderately meaningful,Independent,Slightly liberal,0.75
Dual_AI_Balanced,5796,11,0,0,3,Moderately meaningful,Independent,Slightly liberal,0.25
Dual_AI_Balanced,5796,15,0.5,0.7,3,Moderately meaningful,Independent,Slightly liberal,0.09999999999999995
Dual_AI_Opposition,5802,2,0.7,0.8,4,Very meaningful,Somewhat Republican,Moderate,0.9
Dual_AI_Opposition,5802,9,0.7,0.9,4,Very meaningful,Somewhat Republican,Moderate,1
Dual_AI_Opposition,5802,13,0.4,0.8,4,Very meaningful,Somewhat Republican,Moderate,0.8500000000000001
Dual_AI_Balanced,5811,3,0.19999999999999996,0.09999999999999998,3,Moderately meaningful,Independent,Moderate,0.49999999999999994
Dual_AI_Balanced,5811,10,0,0,3,Moderately meaningful,Independent,Moderate,1
Dual_AI_Balanced,5811,14,0.5,0.8,3,Moderately meaningful,Independent,Moderate,0.7
Dual_AI_Opposition,5817,2,0,0.19999999999999996,3,Not meaningful at all,Strong Democrat,Liberal,1
Dual_AI_Opposition,5817,10,0.5,1,3,Not meaningful at all,Strong Democrat,Liberal,0.85
Dual_AI_Opposition,5817,14,0.8,0.5,3,Not meaningful at all,Strong Democrat,Liberal,0.6
Dual_AI_Opposition,5847,4,0.9,1,4,Very meaningful,Somewhat Democrat,Moderate,1
Dual_AI_Opposition,5847,11,0.09999999999999998,0.9,4,Very meaningful,Somewhat Democrat,Moderate,0.5
Dual_AI_Opposition,5847,13,1,1,4,Very meaningful,Somewhat Democrat,Moderate,0.9
Dual_AI_Balanced,5877,6,0.9,1,2,Moderately meaningful,Independent,Moderate,0.9
Dual_AI_Balanced,5877,8,1,1,2,Moderately meaningful,Independent,Moderate,0.85
Dual_AI_Balanced,5877,15,0.9,1,2,Moderately meaningful,Independent,Moderate,0.24999999999999994
Dual_AI_Balanced,5910,2,0.7,0.9,2,Moderately meaningful,Independent,Moderate,0.95
Dual_AI_Balanced,5910,7,0.9,0.8,2,Moderately meaningful,Independent,Moderate,0.29999999999999993
Dual_AI_Balanced,5910,17,0.4,0.7,2,Moderately meaningful,Independent,Moderate,0.5
Dual_AI_Balanced,5919,4,0.19999999999999996,0.7,3,Very meaningful,Independent,Moderate,0.85
Dual_AI_Balanced,5919,7,0.09999999999999998,0,3,Very meaningful,Independent,Moderate,0.7
Dual_AI_Balanced,5919,16,0.5,0.8,3,Very meaningful,Independent,Moderate,0.85
Dual_AI_Balanced,5937,1,1,0.7,4,Moderately meaningful,Independent,Moderate,0.5
Dual_AI_Balanced,5937,11,0.8,0.19999999999999996,4,Moderately meaningful,Independent,Moderate,0.15
Dual_AI_Balanced,5937,17,0.5,0.5,4,Moderately meaningful,Independent,Moderate,0.35
Dual_AI_Opposition,5955,3,0.19999999999999996,0.19999999999999996,1,Not meaningful at all,Strong Democrat,Extremely liberal,0
Dual_AI_Opposition,5955,11,0.09999999999999998,0.19999999999999996,1,Not meaningful at all,Strong Democrat,Extremely liberal,0.65
Dual_AI_Opposition,5955,13,0.9,0.9,1,Not meaningful at all,Strong Democrat,Extremely liberal,1
Dual_AI_Balanced,5958,2,0.30000000000000004,0.5,2,Moderately meaningful,Independent,Slightly liberal,0.9
Dual_AI_Balanced,5958,7,0.09999999999999998,0.09999999999999998,2,Moderately meaningful,Independent,Slightly liberal,0.25
Dual_AI_Balanced,5958,18,1,0.6,2,Moderately meaningful,Independent,Slightly liberal,0.5
Dual_AI_Opposition,5976,5,0.8,1,1,Not meaningful at all,Somewhat Democrat,Moderate,0.7
Dual_AI_Opposition,5976,11,0,0,1,Not meaningful at all,Somewhat Democrat,Moderate,0.5
Dual_AI_Opposition,5976,17,0.5,0.5,1,Not meaningful at all,Somewhat Democrat,Moderate,0.5
Dual_AI_Opposition,5979,4,0.30000000000000004,1,2,Moderately meaningful,Somewhat Democrat,Slightly liberal,0.9
Dual_AI_Opposition,5979,8,0.9,0.5,2,Moderately meaningful,Somewhat Democrat,Slightly liberal,0.6
Dual_AI_Opposition,5979,15,0.7,0.9,2,Moderately meaningful,Somewhat Democrat,Slightly liberal,0
Dual_AI_Opposition,5985,1,0.8,0.7,3,Moderately meaningful,Somewhat Democrat,Slightly liberal,0.75
Dual_AI_Opposition,5985,9,0.09999999999999998,0.9,3,Moderately meaningful,Somewhat Democrat,Slightly liberal,1
Dual_AI_Opposition,5985,15,0.5,0.19999999999999996,3,Moderately meaningful,Somewhat Democrat,Slightly liberal,0
Dual_AI_Opposition,6027,2,0.7,0.9,3,Moderately meaningful,Strong Democrat,Extremely liberal,0.95
Dual_AI_Opposition,6027,11,0.19999999999999996,0.9,3,Moderately meaningful,Strong Democrat,Extremely liberal,0.55
Dual_AI_Opposition,6027,17,0.19999999999999996,0.5,3,Moderately meaningful,Strong Democrat,Extremely liberal,0.5
Dual_AI_Opposition,6063,6,0.30000000000000004,0.9,2,Slightly meaningful,Somewhat Democrat,Slightly liberal,1
Dual_AI_Opposition,6063,12,0.8,0.9,2,Slightly meaningful,Somewhat Democrat,Slightly liberal,0.5
Dual_AI_Opposition,6063,15,0.09999999999999998,0.09999999999999998,2,Slightly meaningful,Somewhat Democrat,Slightly liberal,0
Dual_AI_Opposition,6081,2,0.30000000000000004,0.8,5,Extremely meaningful,Strong Democrat,Liberal,0.95
Dual_AI_Opposition,6081,12,0.7,0.9,5,Extremely meaningful,Strong Democrat,Liberal,1
Dual_AI_Opposition,6081,13,0.9,1,5,Extremely meaningful,Strong Democrat,Liberal,0.8
Dual_AI_Opposition,6084,6,0.5,0.7,3,Moderately meaningful,Strong Democrat,Liberal,0.75
Dual_AI_Opposition,6084,11,0.30000000000000004,0.19999999999999996,3,Moderately meaningful,Strong Democrat,Liberal,0.5
Dual_AI_Opposition,6084,14,0.5,0.9,3,Moderately meaningful,Strong Democrat,Liberal,0.65
Dual_AI_Balanced,6099,4,0.5,0.30000000000000004,4,Moderately meaningful,Independent,Slightly liberal,0.85
Dual_AI_Balanced,6099,10,0.5,0.09999999999999998,4,Moderately meaningful,Independent,Slightly liberal,0.5499999999999999
Dual_AI_Balanced,6099,16,0,0.7,4,Moderately meaningful,Independent,Slightly liberal,0.75
Dual_AI_Opposition,6129,4,0.5,1,5,Extremely meaningful,Somewhat Republican,Conservative,1
Dual_AI_Opposition,6129,11,0.5,0,5,Extremely meaningful,Somewhat Republican,Conservative,0.09999999999999995
Dual_AI_Opposition,6129,16,0.5,1,5,Extremely meaningful,Somewhat Republican,Conservative,1
Dual_AI_Balanced,6144,1,0.6,0.6,4,Very meaningful,Independent,Conservative,0.75
Dual_AI_Balanced,6144,11,0.8,0.9,4,Very meaningful,Independent,Conservative,0.24999999999999994
Dual_AI_Balanced,6144,16,0.09999999999999998,0.09999999999999998,4,Very meaningful,Independent,Conservative,0.9
Dual_AI_Balanced,6168,3,0.19999999999999996,0.09999999999999998,3,Moderately meaningful,Independent,Extremely liberal,0
Dual_AI_Balanced,6168,8,0.8,0.8,3,Moderately meaningful,Independent,Extremely liberal,0.75
Dual_AI_Balanced,6168,16,0.8,0.9,3,Moderately meaningful,Independent,Extremely liberal,0.65
Dual_AI_Opposition,6222,2,0.4,0.6,2,Moderately meaningful,Strong Democrat,Liberal,0.9
Dual_AI_Opposition,6222,12,0.6,0.8,2,Moderately meaningful,Strong Democrat,Liberal,0.8
Dual_AI_Opposition,6222,14,0.5,0.8,2,Moderately meaningful,Strong Democrat,Liberal,1
Dual_AI_Opposition,6243,1,0.5,0.6,2,Moderately meaningful,Somewhat Democrat,Liberal,0.5
Dual_AI_Opposition,6243,10,0,0,2,Moderately meaningful,Somewhat Democrat,Liberal,0.7
Dual_AI_Opposition,6243,15,0,0,2,Moderately meaningful,Somewhat Democrat,Liberal,0.1999999999999999
Dual_AI_Opposition,6294,3,0.19999999999999996,0,1,Moderately meaningful,Somewhat Republican,Conservative,0
Dual_AI_Opposition,6294,7,0.9,0.9,1,Moderately meaningful,Somewhat Republican,Conservative,0
Dual_AI_Opposition,6294,17,0.5,0.09999999999999998,1,Moderately meaningful,Somewhat Republican,Conservative,0.5
Dual_AI_Opposition,6345,1,1,1,4,Very meaningful,Strong Democrat,Extremely liberal,0.5
Dual_AI_Opposition,6345,12,0.30000000000000004,0.9,4,Very meaningful,Strong Democrat,Extremely liberal,0.8
Dual_AI_Opposition,6345,13,0.5,0.9,4,Very meaningful,Strong Democrat,Extremely liberal,0.8
Dual_AI_Balanced,6357,3,0.5,0.19999999999999996,5,Very meaningful,Independent,Moderate,0.45
Dual_AI_Balanced,6357,10,0.5,0,5,Very meaningful,Independent,Moderate,1
Dual_AI_Balanced,6357,17,0.5,0.5,5,Very meaningful,Independent,Moderate,0.5
Dual_AI_Opposition,6372,2,0.30000000000000004,1,4,Slightly meaningful,Somewhat Democrat,Slightly liberal,1
Dual_AI_Opposition,6372,11,0,0,4,Slightly meaningful,Somewhat Democrat,Slightly liberal,0.44999999999999996
Dual_AI_Opposition,6372,16,0.5,0,4,Slightly meaningful,Somewhat Democrat,Slightly liberal,0.1999999999999999
Dual_AI_Opposition,6381,2,0.7,1,1,Not meaningful at all,Strong Republican,Conservative,1
Dual_AI_Opposition,6381,7,1,1,1,Not meaningful at all,Strong Republican,Conservative,0.1999999999999999
Dual_AI_Opposition,6381,13,1,1,1,Not meaningful at all,Strong Republican,Conservative,0.65
Dual_AI_Opposition,6423,2,0.5,0.5,1,Not meaningful at all,Strong Democrat,Liberal,0.9
Dual_AI_Opposition,6423,11,0,0,1,Not meaningful at all,Strong Democrat,Liberal,0.55
Dual_AI_Opposition,6423,17,0.5,0.5,1,Not meaningful at all,Strong Democrat,Liberal,0.5
Dual_AI_Opposition,6429,1,0.8,0.6,3,Moderately meaningful,Somewhat Republican,Moderate,0.5
Dual_AI_Opposition,6429,7,0.9,0.8,3,Moderately meaningful,Somewhat Republican,Moderate,0.04999999999999995
Dual_AI_Opposition,6429,13,0.9,1,3,Moderately meaningful,Somewhat Republican,Moderate,0.55
Dual_AI_Opposition,6438,2,0.7,0.9,5,Very meaningful,Somewhat Democrat,Slightly liberal,0.9
Dual_AI_Opposition,6438,9,0.8,1,5,Very meaningful,Somewhat Democrat,Slightly liberal,1
Dual_AI_Opposition,6438,14,0.5,0.8,5,Very meaningful,Somewhat Democrat,Slightly liberal,0.75
Dual_AI_Opposition,6495,4,0.5,1,5,Moderately meaningful,Strong Republican,Conservative,1
Dual_AI_Opposition,6495,8,0.9,1,5,Moderately meaningful,Strong Republican,Conservative,1
Dual_AI_Opposition,6495,17,0.8,0.5,5,Moderately meaningful,Strong Republican,Conservative,0.5
Dual_AI_Balanced,6525,6,0.19999999999999996,0.7,3,Moderately meaningful,Independent,Moderate,1
Dual_AI_Balanced,6525,11,0.7,0.7,3,Moderately meaningful,Independent,Moderate,0.25
Dual_AI_Balanced,6525,16,0.30000000000000004,0.9,3,Moderately meaningful,Independent,Moderate,0.65
Dual_AI_Opposition,6579,2,0.8,0.9,1,Not meaningful at all,Strong Republican,Extremely conservative,0.95
Dual_AI_Opposition,6579,9,0,0.09999999999999998,1,Not meaningful at all,Strong Republican,Extremely conservative,0.9
Dual_AI_Opposition,6579,16,0,0,1,Not meaningful at all,Strong Republican,Extremely conservative,1
Dual_AI_Opposition,6582,5,0.8,0.5,4,Very meaningful,Strong Democrat,Extremely liberal,0.7
Dual_AI_Opposition,6582,12,0.9,1,4,Very meaningful,Strong Democrat,Extremely liberal,1
Dual_AI_Opposition,6582,17,0,0,4,Very meaningful,Strong Democrat,Extremely liberal,0.5
Dual_AI_Opposition,6633,6,0.30000000000000004,0.7,2,Slightly meaningful,Strong Democrat,Liberal,0.75
Dual_AI_Opposition,6633,8,0.7,0.8,2,Slightly meaningful,Strong Democrat,Liberal,0.5
Dual_AI_Opposition,6633,18,0.8,0.8,2,Slightly meaningful,Strong Democrat,Liberal,0.7
Dual_AI_Balanced,6657,4,0.7,0.8,4,Moderately meaningful,Independent,Moderate,0.85
Dual_AI_Balanced,6657,12,0.19999999999999996,0.5,4,Moderately meaningful,Independent,Moderate,0.5
Dual_AI_Balanced,6657,17,0.19999999999999996,0.09999999999999998,4,Moderately meaningful,Independent,Moderate,0.29999999999999993
Dual_AI_Opposition,6666,3,0.30000000000000004,0.4,3,Not meaningful at all,Strong Democrat,Liberal,0
Dual_AI_Opposition,6666,9,0.8,0.8,3,Not meaningful at all,Strong Democrat,Liberal,1
Dual_AI_Opposition,6666,14,0.5,0.8,3,Not meaningful at all,Strong Democrat,Liberal,0.9
Dual_AI_Opposition,6672,1,0.7,0.7,1,Slightly meaningful,Strong Democrat,Liberal,0.5
Dual_AI_Opposition,6672,8,0.5,0.8,1,Slightly meaningful,Strong Democrat,Liberal,0.5
Dual_AI_Opposition,6672,16,1,1,1,Slightly meaningful,Strong Democrat,Liberal,0.65
Dual_AI_Balanced,6714,2,0.7,0.8,2,Slightly meaningful,Independent,Moderate,1
Dual_AI_Balanced,6714,7,0.19999999999999996,0.19999999999999996,2,Slightly meaningful,Independent,Moderate,0
Dual_AI_Balanced,6714,13,0.7,0.8,2,Slightly meaningful,Independent,Moderate,0.8
Dual_AI_Opposition,6741,2,1,1,5,Moderately meaningful,Strong Democrat,Extremely liberal,0.95
Dual_AI_Opposition,6741,12,0.30000000000000004,0.8,5,Moderately meaningful,Strong Democrat,Extremely liberal,1
Dual_AI_Opposition,6741,13,1,1,5,Moderately meaningful,Strong Democrat,Extremely liberal,0.9
Dual_AI_Balanced,6780,3,0.30000000000000004,0.09999999999999998,4,Very meaningful,Independent,Slightly liberal,0.95
Dual_AI_Balanced,6780,10,0.19999999999999996,0.30000000000000004,4,Very meaningful,Independent,Slightly liberal,0.95
Dual_AI_Balanced,6780,18,0.9,0.7,4,Very meaningful,Independent,Slightly liberal,0.65
Dual_AI_Opposition,6789,1,1,1,3,Moderately meaningful,Strong Democrat,Liberal,0.75
Dual_AI_Opposition,6789,12,0.5,0.8,3,Moderately meaningful,Strong Democrat,Liberal,0.75
Dual_AI_Opposition,6789,16,1,1,3,Moderately meaningful,Strong Democrat,Liberal,0.6
Dual_AI_Opposition,6795,6,0.5,0.7,3,Moderately meaningful,Strong Democrat,Slightly liberal,1
Dual_AI_Opposition,6795,7,0.5,0.09999999999999998,3,Moderately meaningful,Strong Democrat,Slightly liberal,0.5
Dual_AI_Opposition,6795,17,0.5,0.19999999999999996,3,Moderately meaningful,Strong Democrat,Slightly liberal,0.5
Dual_AI_Opposition,6804,2,1,1,1,Not meaningful at all,Somewhat Democrat,Extremely liberal,1
Dual_AI_Opposition,6804,11,0,0,1,Not meaningful at all,Somewhat Democrat,Extremely liberal,0.6
Dual_AI_Opposition,6804,17,0.19999999999999996,0.09999999999999998,1,Not meaningful at all,Somewhat Democrat,Extremely liberal,0.8
Dual_AI_Balanced,6813,1,0.6,0.5,4,Extremely meaningful,Independent,Slightly conservative,0.5
Dual_AI_Balanced,6813,12,0.7,1,4,Extremely meaningful,Independent,Slightly conservative,0.85
Dual_AI_Balanced,6813,15,0.19999999999999996,0.09999999999999998,4,Extremely meaningful,Independent,Slightly conservative,0.35
Dual_AI_Opposition,6825,2,0.8,0.9,4,Very meaningful,Strong Republican,Conservative,0.95
Dual_AI_Opposition,6825,8,0.8,0.9,4,Very meaningful,Strong Republican,Conservative,1
Dual_AI_Opposition,6825,14,0.5,0.9,4,Very meaningful,Strong Republican,Conservative,0.95
Dual_AI_Opposition,6852,3,0.7,0.09999999999999998,4,Very meaningful,Strong Democrat,Liberal,0
Dual_AI_Opposition,6852,9,0.9,1,4,Very meaningful,Strong Democrat,Liberal,1
Dual_AI_Opposition,6852,14,0.5,0.9,4,Very meaningful,Strong Democrat,Liberal,0.8
Dual_AI_Balanced,6858,2,0.9,1,4,Very meaningful,Independent,Moderate,1
Dual_AI_Balanced,6858,10,0.8,1,4,Very meaningful,Independent,Moderate,0.9
Dual_AI_Balanced,6858,16,0.5,1,4,Very meaningful,Independent,Moderate,0.85
Dual_AI_Opposition,6912,4,0.19999999999999996,0.8,1,Not meaningful at all,Strong Democrat,Extremely liberal,0.8
Dual_AI_Opposition,6912,9,0.5,0.7,1,Not meaningful at all,Strong Democrat,Extremely liberal,1
Dual_AI_Opposition,6912,17,0.30000000000000004,0.30000000000000004,1,Not meaningful at all,Strong Democrat,Extremely liberal,0.8
Dual_AI_Opposition,6918,5,1,0.7,3,Moderately meaningful,Somewhat Republican,Conservative,1
Dual_AI_Opposition,6918,9,0.8,0.8,3,Moderately meaningful,Somewhat Republican,Conservative,1
Dual_AI_Opposition,6918,17,0.8,0.19999999999999996,3,Moderately meaningful,Somewhat Republican,Conservative,0.1999999999999999
Dual_AI_Opposition,6924,3,0.19999999999999996,0,2,Slightly meaningful,Somewhat Republican,Conservative,0.9
Dual_AI_Opposition,6924,12,0.19999999999999996,1,2,Slightly meaningful,Somewhat Republican,Conservative,0.9
Dual_AI_Opposition,6924,17,0.7,0.5,2,Slightly meaningful,Somewhat Republican,Conservative,0.5
Dual_AI_Opposition,6939,1,0.7,1,3,Moderately meaningful,Strong Democrat,Liberal,0.75
Dual_AI_Opposition,6939,9,1,1,3,Moderately meaningful,Strong Democrat,Liberal,1
Dual_AI_Opposition,6939,17,0,0,3,Moderately meaningful,Strong Democrat,Liberal,0.5
Dual_AI_Balanced,6957,1,0.8,0.6,5,Very meaningful,Independent,NA,0.6
Dual_AI_Balanced,6957,10,0,0,5,Very meaningful,Independent,NA,0.1999999999999999
Dual_AI_Balanced,6957,13,1,1,5,Very meaningful,Independent,NA,0.9
Dual_AI_Balanced,6972,2,0.09999999999999998,0.19999999999999996,2,Slightly meaningful,Independent,Liberal,0.95
Dual_AI_Balanced,6972,12,0.5,0.9,2,Slightly meaningful,Independent,Liberal,0.85
Dual_AI_Balanced,6972,17,0.5,0.5,2,Slightly meaningful,Independent,Liberal,0.5
Dual_AI_Opposition,6975,2,0.9,1,3,Moderately meaningful,Somewhat Republican,Slightly conservative,1
Dual_AI_Opposition,6975,11,0,0,3,Moderately meaningful,Somewhat Republican,Slightly conservative,0.09999999999999995
Dual_AI_Opposition,6975,17,0.5,0.19999999999999996,3,Moderately meaningful,Somewhat Republican,Slightly conservative,0.1999999999999999
Dual_AI_Opposition,7020,1,1,1,3,Moderately meaningful,Strong Democrat,Extremely liberal,0.5
Dual_AI_Opposition,7020,8,0.8,0.9,3,Moderately meaningful,Strong Democrat,Extremely liberal,0.6
Dual_AI_Opposition,7020,18,1,0.8,3,Moderately meaningful,Strong Democrat,Extremely liberal,0.6
Dual_AI_Balanced,7023,6,0.5,0.7,3,Slightly meaningful,Independent,Slightly conservative,0.9
Dual_AI_Balanced,7023,12,0.8,0.5,3,Slightly meaningful,Independent,Slightly conservative,0.7
Dual_AI_Balanced,7023,14,0.8,0.8,3,Slightly meaningful,Independent,Slightly conservative,0.95
Dual_AI_Balanced,7029,1,0.8,1,3,Moderately meaningful,Independent,Slightly liberal,0.5
Dual_AI_Balanced,7029,8,0.5,0.5,3,Moderately meaningful,Independent,Slightly liberal,0.75
Dual_AI_Balanced,7029,13,0.8,0.9,3,Moderately meaningful,Independent,Slightly liberal,0.75
Dual_AI_Balanced,7032,2,0.19999999999999996,0.9,5,Very meaningful,Independent,Slightly liberal,0.9
Dual_AI_Balanced,7032,9,1,1,5,Very meaningful,Independent,Slightly liberal,1
Dual_AI_Balanced,7032,14,0.5,0.9,5,Very meaningful,Independent,Slightly liberal,0.8
Dual_AI_Opposition,7071,5,1,1,3,Moderately meaningful,Strong Democrat,Slightly liberal,0.7
Dual_AI_Opposition,7071,8,0.5,0.8,3,Moderately meaningful,Strong Democrat,Slightly liberal,0.5
Dual_AI_Opposition,7071,18,1,0.7,3,Moderately meaningful,Strong Democrat,Slightly liberal,0.5
Dual_AI_Opposition,7086,6,0.09999999999999998,0.7,3,Very meaningful,Strong Republican,Slightly conservative,1
Dual_AI_Opposition,7086,9,0.7,0.5,3,Very meaningful,Strong Republican,Slightly conservative,0.85
Dual_AI_Opposition,7086,13,0.5,0.5,3,Very meaningful,Strong Republican,Slightly conservative,0.8
Dual_AI_Balanced,7122,1,0.8,0.5,4,Very meaningful,Independent,Slightly liberal,0.5
Dual_AI_Balanced,7122,9,1,1,4,Very meaningful,Independent,Slightly liberal,0.9
Dual_AI_Balanced,7122,13,0.8,1,4,Very meaningful,Independent,Slightly liberal,0.8
Dual_AI_Opposition,7149,6,0.5,0.19999999999999996,2,Slightly meaningful,Somewhat Republican,Slightly conservative,1
Dual_AI_Opposition,7149,12,0.4,0.8,2,Slightly meaningful,Somewhat Republican,Slightly conservative,0.65
Dual_AI_Opposition,7149,13,0.7,0.4,2,Slightly meaningful,Somewhat Republican,Slightly conservative,0.75
Dual_AI_Balanced,7203,3,0.5,0.30000000000000004,2,Slightly meaningful,Independent,Moderate,0
Dual_AI_Balanced,7203,7,0.5,0.30000000000000004,2,Slightly meaningful,Independent,Moderate,0.29999999999999993
Dual_AI_Balanced,7203,16,0.6,0.8,2,Slightly meaningful,Independent,Moderate,0.85
Dual_AI_Opposition,7245,3,0,0,5,Extremely meaningful,Strong Democrat,Slightly liberal,0
Dual_AI_Opposition,7245,11,0,1,5,Extremely meaningful,Strong Democrat,Slightly liberal,0.5
Dual_AI_Opposition,7245,16,0.19999999999999996,0.09999999999999998,5,Extremely meaningful,Strong Democrat,Slightly liberal,0.35
Dual_AI_Opposition,7278,5,0.8,0.6,3,Very meaningful,Strong Democrat,Extremely liberal,0.7
Dual_AI_Opposition,7278,12,0.7,1,3,Very meaningful,Strong Democrat,Extremely liberal,1
Dual_AI_Opposition,7278,14,0.19999999999999996,0.9,3,Very meaningful,Strong Democrat,Extremely liberal,0.9
Dual_AI_Balanced,7305,3,0.7,0.09999999999999998,3,Moderately meaningful,Independent,Slightly conservative,0
Dual_AI_Balanced,7305,10,0.9,0.8,3,Moderately meaningful,Independent,Slightly conservative,0.95
Dual_AI_Balanced,7305,13,0.30000000000000004,0.9,3,Moderately meaningful,Independent,Slightly conservative,0.9
Dual_AI_Balanced,7311,3,0.5,0.09999999999999998,4,Very meaningful,Independent,Extremely liberal,0
Dual_AI_Balanced,7311,7,0.5,0.19999999999999996,4,Very meaningful,Independent,Extremely liberal,0.35
Dual_AI_Balanced,7311,17,0.7,0.5,4,Very meaningful,Independent,Extremely liberal,0.5
Dual_AI_Opposition,7329,6,0.4,0.9,5,Extremely meaningful,Strong Democrat,Extremely liberal,1
Dual_AI_Opposition,7329,12,0.6,1,5,Extremely meaningful,Strong Democrat,Extremely liberal,1
Dual_AI_Opposition,7329,15,0,0,5,Extremely meaningful,Strong Democrat,Extremely liberal,0.15
Dual_AI_Opposition,7338,3,0.30000000000000004,0.09999999999999998,3,Moderately meaningful,Somewhat Republican,Slightly conservative,0
Dual_AI_Opposition,7338,10,0.19999999999999996,0.09999999999999998,3,Moderately meaningful,Somewhat Republican,Slightly conservative,1
Dual_AI_Opposition,7338,15,0.30000000000000004,0.19999999999999996,3,Moderately meaningful,Somewhat Republican,Slightly conservative,0.3
Dual_AI_Balanced,7356,3,0.09999999999999998,0,1,Slightly meaningful,Independent,Moderate,0.45
Dual_AI_Balanced,7356,7,0.5,0.8,1,Slightly meaningful,Independent,Moderate,0.35
Dual_AI_Balanced,7356,15,0.30000000000000004,0.19999999999999996,1,Slightly meaningful,Independent,Moderate,0.25
Dual_AI_Opposition,7371,6,0.09999999999999998,0.09999999999999998,4,Moderately meaningful,Somewhat Republican,Moderate,1
Dual_AI_Opposition,7371,9,0.9,0.9,4,Moderately meaningful,Somewhat Republican,Moderate,0.9
Dual_AI_Opposition,7371,13,1,0.9,4,Moderately meaningful,Somewhat Republican,Moderate,0.95
Dual_AI_Opposition,7422,1,0.8,0.6,5,Moderately meaningful,Strong Republican,Extremely conservative,0.65
Dual_AI_Opposition,7422,8,0.5,0.9,5,Moderately meaningful,Strong Republican,Extremely conservative,1
Dual_AI_Opposition,7422,16,0.5,0.9,5,Moderately meaningful,Strong Republican,Extremely conservative,1
Dual_AI_Balanced,7431,6,0.5,0.5,3,Very meaningful,Independent,Moderate,1
Dual_AI_Balanced,7431,8,0.8,0.5,3,Very meaningful,Independent,Moderate,0.75
Dual_AI_Balanced,7431,15,1,0,3,Very meaningful,Independent,Moderate,0.24999999999999994
Dual_AI_Balanced,7440,4,0.19999999999999996,0.8,3,Moderately meaningful,Independent,Slightly liberal,1
Dual_AI_Balanced,7440,10,0.5,0,3,Moderately meaningful,Independent,Slightly liberal,0.6
Dual_AI_Balanced,7440,14,0.8,0.5,3,Moderately meaningful,Independent,Slightly liberal,1
Dual_AI_Opposition,7443,2,0.19999999999999996,0.7,3,Very meaningful,Strong Democrat,Liberal,1
Dual_AI_Opposition,7443,9,1,1,3,Very meaningful,Strong Democrat,Liberal,1
Dual_AI_Opposition,7443,13,0.7,0.9,3,Very meaningful,Strong Democrat,Liberal,0.9
Dual_AI_Balanced,7452,6,0.5,1,5,Very meaningful,Independent,Slightly conservative,1
Dual_AI_Balanced,7452,12,0.4,0.9,5,Very meaningful,Independent,Slightly conservative,0.9
Dual_AI_Balanced,7452,18,1,0.5,5,Very meaningful,Independent,Slightly conservative,0.5
